name,kind,city,region,country,date_granted,grant,date_opened,address,lat,lon,image_file,wikipedia_url,notes,section,source_page
Curepipe,public,Curepipe,Africa,Mauritius,"Feb 26, 1914","$8,765",,,,,Curepipe_carnegie_library_(11291448586).jpg,,,,List of Carnegie libraries in Africa
Victoria,public,Victoria,Africa,Seychelles,"Aug 6, 1907","$9,740",,,,,,,,,List of Carnegie libraries in Africa
Barberton,public,Barberton,Africa,South Africa,"Dec 22, 1911","$4,385",,,,,,,,,List of Carnegie libraries in Africa
Benoni,public,Benoni,Africa,South Africa,"Dec 8, 1913","$13,330",,,,,,,,,List of Carnegie libraries in Africa
Germiston,public,Germiston,Africa,South Africa,"Mar 16, 1915","$26,470",,,,,,,Currently used as a restaurant,,List of Carnegie libraries in Africa
Harrismith,public,Harrismith,Africa,South Africa,"Nov 14, 1907","$9,825",,,,,,,,,List of Carnegie libraries in Africa
Hopetown,public,Hopetown,Africa,South Africa,"Mar 21, 1908","$4,850",,,,,,,,,List of Carnegie libraries in Africa
Krugersdorp,public,Krugersdorp,Africa,South Africa,"May 3, 1917","$15,840",,,,,,,,,List of Carnegie libraries in Africa
Moorreesburg,public,Moorreesburg,Africa,South Africa,"Aug 21, 1911","$7,290",,"On Church Street, between the Dutch Reformed Church and Townhall.",,,Carnegie_library_002.jpg,,Currently used as a tourist information bureau for visitors to the town.,,List of Carnegie libraries in Africa
Muizenberg,public,Muizenberg,Africa,South Africa,"Jun 25, 1909","$7,800",,Main Road,,,Old_Police_Station_186_Main_Road_Muizenberg_Cape_Town_-_Side_view_-_adjoining_to_the_right_is_the_Od_Magistrate's_Court.JPG,,"Became a police station, now a police museum",,List of Carnegie libraries in Africa
Newcastle,public,Newcastle,Africa,South Africa,"Dec 8, 1913","$7,290",,,,,,,,,List of Carnegie libraries in Africa
Potchefstroom,public,Potchefstroom,Africa,South Africa,"Apr 30, 1912","$12,175",,,,,Carnegie_Library_Potchefstroom-001.jpg,,,,List of Carnegie libraries in Africa
Standerton,public,Standerton,Africa,South Africa,"Dec 22, 1911","$7,300",,,,,,,,,List of Carnegie libraries in Africa
Vryheid,public,Vryheid,Africa,South Africa,"Oct 15, 1906","$7,300",,,,,,,,,List of Carnegie libraries in Africa
Anniston,public,Anniston,Alabama,United States,"May 15, 1916","$20,000",,Wilmer Ave. & E 10th St.,33.6572000,-85.8284083,"Anniston,_Alabama_Carnegie_library.png",,Open 1918–1965,Public libraries,List of Carnegie libraries in Alabama
Avondale,public,Avondale,Alabama,United States,"Dec 13, 1907","$10,000",,,,,,,Open 1908–1961,Public libraries,List of Carnegie libraries in Alabama
Bessemer,public,Bessemer,Alabama,United States,"Feb 13, 1906","$10,000",,321 18th St. N,33.4022833,-86.9546833,,,,Public libraries,List of Carnegie libraries in Alabama
Decatur,public,Decatur,Alabama,United States,"Feb 12, 1903","$12,000",,207 Church St. NE,34.6125306,-86.982000,,,Open 1904–1976,Public libraries,List of Carnegie libraries in Alabama
Ensley,public,Ensley,Alabama,United States,"Mar 25, 1905","$10,000",,Corner of Avenue H and 18th St.,,,,,Open 1906–1955,Public libraries,List of Carnegie libraries in Alabama
Eufaula Carnegie Library,public,Eufaula,Alabama,United States,"Feb 2, 1903","$10,000",,217 N Eufaula Ave.,31.8967972,-85.1456528,Eufaula_Carnegie_Library.JPG,https://en.wikipedia.org/wiki/Eufaula_Carnegie_Library,Contributing building in Seth Lore and Irwinton Historic District,Public libraries,List of Carnegie libraries in Alabama
Gadsden,public,Gadsden,Alabama,United States,"Nov 18, 1903","$10,000",,701 Forrest Ave.,34.0225472,-86.0454583,,,Open 1906–1964,Public libraries,List of Carnegie libraries in Alabama
Huntsville,public,Huntsville,Alabama,United States,"May 8, 1914","$12,500",,,,,,https://en.wikipedia.org/wiki/Huntsville_Madison_County_Public_Library,Open 1916–1966,Public libraries,List of Carnegie libraries in Alabama
Montgomery,public,Montgomery,Alabama,United States,"Feb 13, 1901","$50,000",,100 S Lawrence St.,32.3768639,-86.3062333,Carnegie_Library_Montgomery.jpg,,,Public libraries,List of Carnegie libraries in Alabama
Selma,public,Selma,Alabama,United States,"Apr 13, 1903","$11,800",,912 Selma Avenue,32.4082083,-87.0218194,Carnegie_Library_Selma.jpg,,,Public libraries,List of Carnegie libraries in Alabama
Talladega,public,Talladega,Alabama,United States,"Feb 13, 1906","$12,500",,200 South St. E,33.4337861,-86.099833,Talladega_Public_Library_Talladega_Alabama_USA.jpg,,,Public libraries,List of Carnegie libraries in Alabama
Troy,public,Troy,Alabama,United States,"Apr 6, 1908","$10,000",,306 E Academy St.,31.8099500,-85.969111,Troy_Alabama_Carnegie_Library.jpg,,,Public libraries,List of Carnegie libraries in Alabama
Union Springs,public,Union Springs,Alabama,United States,"Jan 6, 1911","$7,000",,103 Prairie St. N,32.1412611,-85.7161056,,,,Public libraries,List of Carnegie libraries in Alabama
West End,public,West End,Alabama,United States,"Feb 1, 1909","$10,000",,Tuscaloosa Ave. SW & 13th St. SW,33.4935944,-86.8535333,,,Open 1912–1962,Public libraries,List of Carnegie libraries in Alabama
Alabama Agricultural and Mechanical University,academic,Normal,Alabama,United States,"Mar 10, 1904","$16,540",,Buchanan Way,34.7847417,-86.5693750,AAMU_Carnegie_Library_Dec10.jpg,https://en.wikipedia.org/wiki/Alabama_Agricultural_and_Mechanical_University,,Academic libraries,List of Carnegie libraries in Alabama
Alabama Polytechnic Institute,academic,Auburn,Alabama,United States,"Mar 27, 1905","$30,000",,W. Thatch Avenue,32.6038500,-85.4836556,Mary_E._Martin_Hall_-_Auburn_University_-_IMG_2800.JPG,https://en.wikipedia.org/wiki/Auburn_University,"Now Martin Hall, houses offices",Academic libraries,List of Carnegie libraries in Alabama
Judson College,academic,Marion,Alabama,United States,"Mar 12, 1906","$12,500",,,,,,https://en.wikipedia.org/wiki/Judson_College_(Alabama),"Now Bean Hall, houses Alabama Women's Hall of Fame",Academic libraries,List of Carnegie libraries in Alabama
Talladega College,academic,Talladega,Alabama,United States,"Jan 16, 1904","$15,000",,,,,"Carnegie_Library,_Talladega_College.jpg",https://en.wikipedia.org/wiki/Talladega_College,Burned in 1963,Academic libraries,List of Carnegie libraries in Alabama
Tuskegee University,academic,Tuskegee,Alabama,United States,"Dec 20, 1900","$20,000",,,,,Carnegie_Library_Tuskegee_University.jpg,https://en.wikipedia.org/wiki/Tuskegee_University,"Open 1901–1932, now houses offices",Academic libraries,List of Carnegie libraries in Alabama
Phoenix,public,Phoenix,Arizona,United States,"Apr 26, 1902","$25,000",,1101 W Washington St.,33.4476722,-112.0869972,P-Phoenix_Carnegie_Library_and_Library_Park-1907.jpg,https://en.wikipedia.org/wiki/Phoenix_Carnegie_Library_and_Library_Park,"Closed after serving as the Phoenix Public Library from 1908 to 1953. Now the Carnegie Center, a multi-service center which includes the Arizona State Library. [1]",Carnegie libraries,List of Carnegie libraries in Arizona
Prescott,public,Prescott,Arizona,United States,"Jul 4, 1899","$4,000",,125 E Gurley St.,34.5416722,-112.4675889,OldPublicLibraryPrescott422.jpg,"https://en.wikipedia.org/wiki/Carnegie_Library_(Prescott,_Arizona)","Open from November 24, 1903, until 1975. The building is now home to several private businesses. [2]",Carnegie libraries,List of Carnegie libraries in Arizona
Tucson,public,Tucson,Arizona,United States,"Oct 27, 1899","$25,000",,200 S 6th Ave.,32.2191917,-110.9691556,Pcplold.jpg,,"Served as the Tucson Public Library from 1901 to 1991. In 1991, it became the Tucson Children's Museum. [3]",Carnegie libraries,List of Carnegie libraries in Arizona
Yuma,public,Yuma,Arizona,United States,"Sep 14, 1917","$10,000",,350 S 3rd Ave.,32.7206139,-114.6240639,,,"Opened February 24, 1921. Although heavily renovated in the 1950s and again in 2008, the original Carnegie library still stands as a branch library for the Yuma County Library District. [4]",Carnegie libraries,List of Carnegie libraries in Arizona
Eureka Springs,public,Eureka Springs,Arkansas,United States,"Apr 23, 1906","$15,500",,194 Spring St.,36.4075806,-93.7366333,Carnegie_Public_Library_in_Eureka_Springs_AR.jpg,,"Construction began in 1910 after the building site was donated by R.C. Kerens, prominent investor in the nearby Crescent Hotel. The design for the building was prepared by St. Louis architect George W. Hellmuth. The building was completed in 1912, and was originally open only three afternoons a week as the library depended on memberships and contributions for income. By 1920 the library was open six days a week, and a year later the building was supplied with electrical lighting. This library continues to serve the community.",Carnegie libraries,List of Carnegie libraries in Arkansas
Fort Smith,public,Fort Smith,Arkansas,United States,"Mar 24, 1906","$25,000",,318 N. 13th St.,35.385611,-94.4158111,,,"After opening on January 30, 1908, this building housed the Fort Smith Public Library until November 1970, when the library moved to a new building on South 8th Street. KFSM-TV then adapted the building as a television studio until 2019, when the station moved to a purpose-built facility in Johnson. The building was purchased at auction by University of Arkansas–Fort Smith professor and preservationist Diana Sims in 2024 for $149,000 to restore it to its library-era state. [2] [3] [4] [5]",Carnegie libraries,List of Carnegie libraries in Arkansas
Little Rock,public,Little Rock,Arkansas,United States,"Mar 24, 1906","$88,100",,W. 7th St. and S. Louisiana St.,34.7422083,-92.2730639,"Little_Rock,_Arkansas_Carnegie_library.jpg",,"Opening on February 1, 1910, this building was razed in 1964.",Carnegie libraries,List of Carnegie libraries in Arkansas
Morrilton,public,Morrilton,Arkansas,United States,"Sep 20, 1915","$10,000",,101 W. Church St.,35.1511306,-92.7454556,Morrilton_Library.JPG,https://en.wikipedia.org/wiki/Conway_County_Library,"Opened in October 1916, this library continues to serve the community as the Conway County Library. [6]",Carnegie libraries,List of Carnegie libraries in Arkansas
Alameda,public,Alameda,California,United States,"Oct 3, 1899","$35,000",,"2264 Santa Clara Ave, Alameda, CA 94105",37.76583,-122.24361,"Alameda_Free_Library_(Alameda,_CA).JPG",https://en.wikipedia.org/wiki/Alameda_Free_Library,"Opened in 1903, this Wilcox and Curtis Neoclassical building served as a public library until 1998. It has been vacant since.",Public libraries,List of Carnegie libraries in California
Alturas,public,Alturas,California,United States,"Nov 20, 1908","$10,000",,"201 S. Court St, Alturas, CA 96101",41.48417,-120.54083,Alturas_Carnegie_Library.jpg,,"This building, designed by F. J. DeLongchamps, opened in 1918 and served as a library until 1947. It now houses law offices.",Public libraries,List of Carnegie libraries in California
Anaheim,public,Anaheim,California,United States,"Feb 6, 1907","$10,000",,"241 S. Anaheim Blvd, Anaheim, CA 92805",33.83417,-117.91361,Anaheim_Public_Library_(Carnegie_Library).JPG,"https://en.wikipedia.org/wiki/Carnegie_Library_(Anaheim,_California)","A John C. Austin work, this building opened in 1909. It was a library until 1963, and it has been home to the Anaheim Museum since 1987.",Public libraries,List of Carnegie libraries in California
Antioch,public,Antioch,California,United States,"Jun 1, 1915","$2,500",,"519 F St, Antioch, CA 94505",38.01444,-121.81250,,,This Francis Reid Neoclassical design was Antioch's library from its opening in 1916 until 1967. It is now a church.,Public libraries,List of Carnegie libraries in California
Auburn,public,Auburn,California,United States,"Mar 9, 1907","$10,000",,"175 Almond St, Auburn, CA 95603",38.89972,-121.07194,Auburn_Public_Library_2012-09-16_17-07-11.jpg,"https://en.wikipedia.org/wiki/Auburn_Public_Library_(Auburn,_California)","From May 26, 1909, to 1968, this Allen D. Fellows Classical Revival building was the Auburn library. It is now an arts center.",Public libraries,List of Carnegie libraries in California
Azusa,public,Azusa,California,United States,"Dec 24, 1908","$10,000",,"213 E Foothill Blvd, Azusa, CA 91702",34.13500,-117.90556,,,This Norman F. Marsh design was the library in Azusa from 1910 to 1959. The building was razed in 1959 and a new City Hall erected on its site.,Public libraries,List of Carnegie libraries in California
Bayliss District,public,Bayliss,California,United States,"Jan 5, 1916","$4,000",,"7830 County Rd 39, Glenn, CA 95943",39.58278,-122.04667,Bayliss_Carnegie_Library_(April_2023)-3563.jpg,,"Bayliss sought a grant in conjunction with rural parts of Glenn County, hence its unusual name. Opened in 1917, this W. H. Weeks design continues to operate as one of the most rural Carnegie libraries in the country.",Public libraries,List of Carnegie libraries in California
Beaumont,public,Beaumont,California,United States,"Apr 28, 1913","$10,000",,"125 E 8th St, Beamont, CA 92223",33.93222,-116.98111,Bldflag.jpg,https://en.wikipedia.org/wiki/Beaumont_Library_District,"Opened in 1914, this Neoclassical design by E. L. Hopkins has always served the Beaumont area as a library. An addition was added to the library in 1966 and a community room was finally added in 1981.",Public libraries,List of Carnegie libraries in California
Berkeley,public,Berkeley,California,United States,"Feb 12, 1903","$40,000",,Shattuck Ave. and Kittridge St.,37.86806,-122.26861,,,"A 1905 John Galen Howard design, this library served the Berkeley area for only 24 years before it was razed in 1929—the first Carnegie library to be demolished in California.",Public libraries,List of Carnegie libraries in California
Biggs,public,Biggs,California,United States,"Apr 23, 1906","$5,000",,"464 B St, Biggs, CA 95917",39.41333,-121.71028,Building_on_6th_and_B_Street_in_Biggs-L1003954.jpg,,,Public libraries,List of Carnegie libraries in California
Calexico,public,Calexico,California,United States,"Mar 16, 1915","$10,000",,"420 Heber Ave, Calexico, CA 92231",32.66944,-115.49250,"Carnegie_Library,_Calexico,_California.jpg",https://en.wikipedia.org/wiki/Calexico_Carnegie_Library,"Now in the Calexico Public Library system, after several years of idleness being completely restored and reopened as a computer lab.",Public libraries,List of Carnegie libraries in California
Chico,public,Chico,California,United States,"Jan 7, 1904","$10,000",,"141 Salem St, Chico, CA 95928",39.72917,-121.84222,"Chico_Museum,_California_-_panoramio.jpg",,Now housing the Chico Museum.,Public libraries,List of Carnegie libraries in California
Chula Vista,public,Chula Vista,California,United States,"Mar 31, 1916","$10,000",,,,,,,Vacated in 1955. Destroyed in 1960.,Public libraries,List of Carnegie libraries in California
Clovis,public,Clovis,California,United States,"Mar 11, 1914","$7,000",,"325 Pollasky Ave, Clovis, CA 93612",36.82583,-119.70167,,,Now home to the Clovis Chamber of Commerce.,Public libraries,List of Carnegie libraries in California
Coalinga,public,Coalinga,California,United States,"Jan 27, 1912","$20,000",,,,,,,"Demolished in 1955. Designed by architects Swartz, Hotchkin and Swartz, in a Mediterranean Revival style, as one of the three high school district California Carnegies. The new Coalinga Library is on the site.",Public libraries,List of Carnegie libraries in California
Colton,public,Colton,California,United States,"Apr 10, 1906","$10,000",,"380 N La Cadena Dr, Colton, CA 92324",34.06861,-117.32361,Colton_Area_Museum.jpg,https://en.wikipedia.org/wiki/Colton_Carnegie_Library,"Now the Colton Museum. Designed by architect Franklin P. Burnham, a temple style Classical Revival building, with pediment and columns, two fireplaces and skylight above a central rotunda. It served as both library and community center. In 1982 it was carefully restored to house the museum.",Public libraries,List of Carnegie libraries in California
Colusa,public,Colusa,California,United States,"Jan 19, 1905","$10,000",,"260 6th St, Colusa, CA 95932",39.21361,-122.00972,"Colusa,_California_police_department_from_SE_2.JPG",https://en.wikipedia.org/wiki/Colusa_Carnegie_Library,Now houses the Colusa Police Department,Public libraries,List of Carnegie libraries in California
Concord,public,Concord,California,United States,"Jun 1, 1915","$2,500",,,,,,,Demolished in 1959.,Public libraries,List of Carnegie libraries in California
Corning,public,Corning,California,United States,"Aug 11, 1913","$10,000",,"618 4th St, Corning, CA 96021",39.92889,-122.18111,,,,Public libraries,List of Carnegie libraries in California
Corona,public,Corona,California,United States,"Mar 25, 1905","$11,500",,,,,,"https://en.wikipedia.org/wiki/Andrew_Carnegie_Library_(Corona,_California)","Demolished in 1978, the year after being listed on the NRHP",Public libraries,List of Carnegie libraries in California
Covina,public,Covina,California,United States,"Apr 11, 1905","$9,000",,,,,,,Demolished in 1962.,Public libraries,List of Carnegie libraries in California
Dinuba,public,Dinuba,California,United States,"Mar 16, 1915","$8,000",,,,,,,Demolished in 1975.,Public libraries,List of Carnegie libraries in California
Dixon,public,Dixon,California,United States,"Nov 21, 1911","$10,000",,"135 E B St, Dixon, CA 95620",38.44667,-121.82194,"Dixon_Carnegie_Library,_135_E._B_St.,_Dixon,_CA_5-4-2013_6-50-34_PM.JPG",,"Now the Dixon Unified School District Library. Dixon is one of only three California communities to obtain a Carnegie library as a high school district rather than city or county. Designed by architects Parker and Kenyon, in the Mission Revival-Classical Revival style, and designated as historically significant by the Dixon city council in 1988.",Public libraries,List of Carnegie libraries in California
Eagle Rock,public,Eagle Rock,California,United States,"Mar 11, 1914","$7,500",,"2225 Colorado Blvd, Los Angeles, CA 90041",34.13944,-118.21472,2007September_formerEagleRockBranchLibrary.jpg,https://en.wikipedia.org/wiki/Center_for_the_Arts_Eagle_Rock,"The building is now Center for the Arts Eagle Rock. Designed by architect W.E. Kleinpell, in the Mission Revival - Spanish Colonial Revival styles and opened in 1915. In 1923 it became a branch library when Eagle Rock was annexed by Los Angeles.",Public libraries,List of Carnegie libraries in California
East San Diego,public,East San Diego,California,United States,"Jun 1, 1915","$10,000",,,,,,,Demolished in 1964.,Public libraries,List of Carnegie libraries in California
El Centro,public,El Centro,California,United States,"Feb 13, 1909","$10,000",,"539 State St, El Centro, CA 92243",32.79139,-115.55583,,,"El Centro Public Library. Extensive earthquake damage in the late 1920s necessitated drastic strengthening procedures with steel banding; with successive additions, the Classical Revival building was plastered over to create a Modern look. Closed due to damage it sustained during the 2010 Baja California earthquake, it was demolished in 2016.",Public libraries,List of Carnegie libraries in California
Escondido,public,Escondido,California,United States,"Jun 29, 1908","$7,500",,,,,,,"Demolished in 1956. Designed by the Los Angeles architectural firm of Van Trees and Millar Inc., in the Classical Revival style, and one of the few to display the name ""Carnegie Library."" The new Escondido Public Library building is on the site.",Public libraries,List of Carnegie libraries in California
Eureka,public,Eureka,California,United States,"Oct 3, 1901","$20,000",,"636 F St, Eureka, CA 95501",40.80056,-124.16444,Morris_Graves_Museum_-_Carnegie_Library_Building.jpg,"https://en.wikipedia.org/wiki/Carnegie_Free_Library_(Eureka,_California)","Restored by the Humboldt Arts Council, now used as The Morris Graves Museum of Art.",Public libraries,List of Carnegie libraries in California
Exeter,public,Exeter,California,United States,"May 8, 1914","$5,000",,"309 S E St., Exeter, CA 93221",36.29361,-119.13889,2009-0725-CA-ExeterPublicLibrary.jpg,https://en.wikipedia.org/wiki/Exeter_Public_Library,Present day Exeter community center.,Public libraries,List of Carnegie libraries in California
Ferndale,public,Ferndale,California,United States,"Mar 21, 1908","$8,000",,"807 Main St, Ferndale, CA 95536",40.57972,-124.25972,Ferndale_CA_Public_Library.jpg,https://en.wikipedia.org/wiki/Ferndale_Public_Library,"Designed by architect Warren Skellings, in a bold Classical Revival style. The only Carnegie Grant Library in northwestern California still functioning as a library",Public libraries,List of Carnegie libraries in California
Fresno,public,Fresno,California,United States,"Feb 14, 1901","$30,000",,"1330 Broadway Street, Fresno CA 93721",,,Fresno_Carnegie_Library_Front_View.jpg,,Demolished in 1959. The Fresno Carnegie Library was one of the earliest and costliest of the Carnegies. Architects Copeland and Dole of New York designed the large building in the Classical Revival style.,Public libraries,List of Carnegie libraries in California
Fullerton,public,Fullerton,California,United States,"Dec 8, 1905","$10,000",,,,,,,"Demolished in 1942. Designed by architects Hunt and Eager, in the Mission Revival-Spanish Colonial Revival styles. Another library built on site and it now houses the Fullerton Museum Center.",Public libraries,List of Carnegie libraries in California
Gilroy,public,Gilroy,California,United States,"Mar 12, 1906","$10,000",,"195 5th St, Gilroy, CA 95020",37.00778,-121.57167,USA-Gilroy-Carnegie_Library-1.jpg,https://en.wikipedia.org/wiki/Gilroy_Free_Library,"Formerly the Gilroy Free Library, now the Gilroy Historical Museum. The building is virtually unchanged. Designed by architect W. H. Weeks, one of his seven ""classic Carnegies"" of the Greek temple style, with pediments and columns.",Public libraries,List of Carnegie libraries in California
Glendale,public,Glendale,California,United States,"Aug 11, 1911","$12,500",,,,,,,"Demolished in 1977. Architect Paul Tuttle designed the building in the Classical Revival style; a 1940 WPA project added wings to each side. New Glendale Public Library building was built nearby and the old library demolished once the new, larger building was open.",Public libraries,List of Carnegie libraries in California
Grass Valley,public,Grass Valley,California,United States,"Jan 6, 1915","$15,000",,"207 Mill St, Grass Valley, CA 95945",39.21667,-121.06306,GrassValley_CARoyceLibarary.JPG,https://en.wikipedia.org/wiki/Grass_Valley_Public_Library,"Designed by architect William Mooser, its Classical Revival red brick facade is highlighted with numerous white pilasters.",Public libraries,List of Carnegie libraries in California
Gridley,public,Gridley,California,United States,"Jan 2, 1913","$7,000",,"519 Kentucky St, Gridley, CA 95966",39.36361,-121.69667,,,"Now a private office. Designed by Chico architect Chester Cole, in the Classical Revival style.",Public libraries,List of Carnegie libraries in California
Hanford,public,Hanford,California,United States,"Mar 20, 1903","$12,500",,"109 East Eighth St, Hanford, CA 93230",36.32750,-119.64528,Carnegie_090907_2.JPG,https://en.wikipedia.org/wiki/Hanford_Carnegie_Museum,The Hanford Carnegie Museum since 1974. Designed by the McDougall Bros. and one of California's few in the Richardson Romanesque style.,Public libraries,List of Carnegie libraries in California
Hayward,public,Hayward,California,United States,"Feb 20, 1906","$11,750",,,,,,,Demolished in 1949.,Public libraries,List of Carnegie libraries in California
Healdsburg,public,Healdsburg,California,United States,"Aug 31, 1909","$10,000",,"221 Matheson St, Healdsburg, CA 95448",38.61111,-122.86722,"Healdsburg_Carnegie_Library,_221_Matheson_St.,_Healdsburg,_CA_7-3-2010_4-29-17_PM.JPG",,"Replaced in 1988 by a new library building a few blocks away. Now serves as the Healdsburg History Museum. Classical Revival (Type B), reinforced concrete faced with a 1/2"" layer of textured white concrete, scored to resemble stone blocks.",Public libraries,List of Carnegie libraries in California
Hemet,public,Hemet,California,United States,"Nov 30, 1910","$10,000",,,,,,,"Demolished in 1969. Designed by architect S. L. Pillar, in the Classical Revival with a large raised open loggia. The new Hemet Public Library was built in 1971 on the site.",Public libraries,List of Carnegie libraries in California
Hollister,public,Hollister,California,United States,"Apr 16, 1910","$10,000",,"375 Fifth St, Hollister, CA 95023",36.85111,-121.40333,Hollistor_City_Hall.jpg,https://en.wikipedia.org/wiki/Hollister_Carnegie_Library,"Now the Hollister City Hall. Designed by architect William Binder. The low, one story Classical Revival style building is constructed of concrete scored to resemble granite block.",Public libraries,List of Carnegie libraries in California
Hollywood,public,Hollywood,California,United States,"Feb 28, 1906","$10,000",,,,,,,"Demolished in 1958. Designed by architects Marsh and Russell, one of only two California Carnegie libraries in the Tudor Revival style. In 1910 when Hollywood was annexed to Los Angeles, it became a branch library.",Public libraries,List of Carnegie libraries in California
Huntington Beach,public,Huntington Beach,California,United States,"Feb 13, 1913","$10,000",,,,,,,"Demolished in 1951. Designed by architects Tuttle and Hopkins, in an elaborate Classical Revival style, in red brick with white elements. The new Huntington Beach Public Library was built on site in 1951.",Public libraries,List of Carnegie libraries in California
Imperial,public,Imperial,California,United States,"Jan 23, 1909","$10,000",,,,,,,Designed by W. H. Weeks; heavily damaged by the 1940 El Centro earthquake and subsequently torn down.,Public libraries,List of Carnegie libraries in California
Inglewood,public,Inglewood,California,United States,"Nov 9, 1916","$10,000",,101 S Grevillea Ave,33.96167,-118.35472,"Inglewood_Public_Library,_circa_1950.jpg",,"Designed by an unknown architect in the Mission Revival and Spanish Colonial Revival styles. It was severely damaged in the 1933 Long Beach earthquake, and the city voted funds to rebuild and enlarge it. Demolished in 1967; the new Inglewood Public Library was built across Manchester Boulevard and completed in 1973. A temporary library existed on Queen Street.",Public libraries,List of Carnegie libraries in California
Lakeport,public,Lakeport,California,United States,"Nov 17, 1914","$8,000",,"200 Park St, Lakeport, CA 95453",39.04306,-122.91389,Carnegie_Library_Lakeport_California.jpg,https://en.wikipedia.org/wiki/Lakeport_Carnegie_Library,"Houses University of California, Davis scientists for Clear Lake research. Designed by architects Ward and Blohme, in an austere Classical Revival style in the city park on the shores of the lake.",Public libraries,List of Carnegie libraries in California
Lincoln,public,Lincoln,California,United States,"Dec 13, 1907","$6,000",,"590 5th St, Lincoln, CA 95648",38.89194,-121.29111,Lincoln_(California)_Public_Library.jpg,,"The Lincoln Public Library. Built in the Mediterranean Revival - Classical Revival style, with the brick and terra cotta products of notable Gladding, McBean Pottery.",Public libraries,List of Carnegie libraries in California
Livermore,public,Livermore,California,United States,"Aug 5, 1909","$10,000",,"2155 3rd St, Livermore, CA 94550",37.67944,-121.76861,Livermore_Carnegie_Library_Front_View.JPG,https://en.wikipedia.org/wiki/Livermore_Carnegie_Library_and_Park,"Now a museum, the Livermore Heritage Guild History Center. The Classical Revival building, designed by W. H. Weeks, is an example of the library as ""temple in the park,"" with its pedimented central portico supported by Greek Ionic columns and located in the center of Carnegie Park. The building's distinctive yellow brick came from the nearby Carnegie Brick Works.",Public libraries,List of Carnegie libraries in California
Lodi,public,Lodi,California,United States,"Dec 13, 1907","$9,000",,"305 W Pine St, Lodi, CA 95240",38.13444,-121.27639,"Carnegie_building_in_Lodi,_California.jpg",,"Now the ""Carnegie Forum and City Council Chambers"". The temple style Classical Revival Lodi Carnegie is notable for the incorporation of brick in the formed columns, triangular area within the pediment, and finely detailed trim.",Public libraries,List of Carnegie libraries in California
Lompoc,public,Lompoc,California,United States,"Dec 13, 1909","$10,000",,"200 South H St, Lompoc, CA 93436",34.63694,-120.45750,Lompoc_Museum.jpg,,"Now the Lompoc Museum, an historical and archeological museum. Designed by W. H. Weeks in the Classic Revival ""temple style,"" and designated Lompoc Historical Landmark No. 1.",Public libraries,List of Carnegie libraries in California
Long Beach,public,Long Beach,California,United States,"Jan 19, 1905","$30,000",,,,,,,"In 1972 the Classical Revival style library was damaged by fire, and in 1973 demolished for a new Long Beach Public Library.",Public libraries,List of Carnegie libraries in California
Los Angeles Arroyo Seco,public,Los Angeles,California,United States,"Jan 31, 1911","$210,000",,,,,,,"Designed by architect Frederick Ashley, in the Classical Revival style. Demolished in 1959.",Public libraries,List of Carnegie libraries in California
Los Angeles Boyle Heights,public,Los Angeles,California,United States,"Jan 31, 1911",—,,,,,,,"Designed by architect W.J. Dodd, in the Classical Revival style. Demolished in 1974.",Public libraries,List of Carnegie libraries in California
Los Angeles Cahuenga Branch,public,Los Angeles,California,United States,"Jan 31, 1911",—,,"4591 W Santa Monica Blvd, Los Angeles, CA 90029",34.09083,-118.28889,Cahuenga_branch_los_angeles_public_library.jpg,https://en.wikipedia.org/wiki/Cahuenga_Branch,"Designed by architect C.H. Russell, in the Italian Renaissance Revival style.",Public libraries,List of Carnegie libraries in California
Los Angeles Lincoln Heights,public,Los Angeles,California,United States,"Jan 31, 1911",—,,"2530 Workman St, Los Angeles, CA 90031",34.07611,-118.21389,"Lincoln_Heights_Branch_Library,_Los_Angeles.JPG",https://en.wikipedia.org/wiki/Lincoln_Heights_Branch,,Public libraries,List of Carnegie libraries in California
Los Angeles Vermont Square,public,Los Angeles,California,United States,"Jan 31, 1911",—,,"1201 W 48th St, Los Angeles, CA 90037",33.99972,-118.29583,"Vermont_Square_Branch_Library,_Los_Angeles.JPG",https://en.wikipedia.org/wiki/Vermont_Square_Branch,,Public libraries,List of Carnegie libraries in California
Los Angeles Vernon,public,Los Angeles,California,United States,"Jan 31, 1911",—,,,,,,,"Designed by architects Kysor and Biggar, in the Classical Revival style. The Vernon open air reading room could be converted into a closed room by means of a sliding sash. Demolished in 1974.",Public libraries,List of Carnegie libraries in California
Los Gatos,public,Los Gatos,California,United States,"Oct 17, 1901","$10,400",,,,,,,Demolished in 1954.,Public libraries,List of Carnegie libraries in California
Mill Valley,public,Mill Valley,California,United States,"Jan 18, 1910","$10,000",,"52 Lovell Ave, Mill Valley, CA 94941",37.90611,-122.55000,,,Now a private residence.,Public libraries,List of Carnegie libraries in California
Monrovia,public,Monrovia,California,United States,"Jan 19, 1905","$10,000",,,,,,,Demolished in 1956.,Public libraries,List of Carnegie libraries in California
Monterey,public,Monterey,California,United States,"Dec 24, 1907","$10,000",,"425 Van Buren St, Monterey, CA 93930",36.60000,-121.89722,MIIS_Monterey.jpg,,Now the offices of the Monterey Institute of International Studies. Designed by W. H. Weeks in the Mission Revival style.,Public libraries,List of Carnegie libraries in California
National City,public,National City,California,United States,"Feb 13, 1909","$10,000",,,,,,,Demolished in 1954. It is the site of the National City Civic Center.,Public libraries,List of Carnegie libraries in California
Nevada City,public,Nevada City,California,United States,"Mar 20, 1904","$10,000",,"211 N Pine St, Nevada City, CA 95959",,,Nevada_City_Free_Public_Library.jpg,https://en.wikipedia.org/wiki/Doris_Foley_Library_for_Historical_Research,"Now the Doris Foley Library for Historical Research, in the Nevada County Library System. Designed by architect: W. H. Weeks, in the Romanesque Revival style, constructed of dark gray ""man-made"" cast stone, and rough and smooth concrete blocks fabricated at the site. It is part of the historic downtown district placed on the National Register of Historic Places in 1985, and was added in its own right in 1990.",Public libraries,List of Carnegie libraries in California
Newman,public,Newman,California,United States,"Nov 17, 1914","$8,000",,"1209 Main St, Newman, CA 95360",,,,,"Now the Newman Museum, the first pioneer museum in Stanislaus County when it opened in the library basement in 1941, and which now occupies the whole building. Designed by Antioch architect Francis Reid, essentially Classical Revival style with Colonial elements in a tall, red brick building.",Public libraries,List of Carnegie libraries in California
Oakdale,public,Oakdale,California,United States,"May 15, 1916","$7,000",,"315 West F St, Oakdale, CA 95361",,,,,"In 1916 Sadie Haslam, one of the founding members of the Oakdale's Women's Improvement Club, donated the land to Stanislaus County to be used as library. Designed by Stockton architect and engineer Hugh Y. Davis in Mission/Spanish Colonial Revival style, the building's upper floor housed the Oakdale Library from 1917 to 1976, while the bottom floor was used for court proceeding. The building was sold in 1976 for private use and is currently private offices.",Public libraries,List of Carnegie libraries in California
Oakland Main,public,Oakland,California,United States,"Aug 23, 1899","$190,000",,"659 14th St, Oakland, CA 94612",,,African_American_Museum_and_Library_at_Oakland_(2008).jpg,https://en.wikipedia.org/wiki/African_American_Museum_and_Library_at_Oakland,Oakland Main Library 1902–1951. Charles Greene Branch 1951–1994. Now housing the African American Museum and Library at Oakland.,Public libraries,List of Carnegie libraries in California
Oakland Golden Gate,public,Oakland,California,United States,"Aug 23, 1899",—,,"5606 San Pablo Ave, Oakland, CA 94608",,,Oakland_Public_Library_Golden_Gate_Branch_2009.jpg,,,Public libraries,List of Carnegie libraries in California
Oakland Melrose,public,Oakland,California,United States,"Aug 23, 1899",—,,"4805 Foothill Blvd, Oakland, CA 94601",,,"Oakland_Free_Library-Melrose_Branch_(Oakland,_CA).JPG",,,Public libraries,List of Carnegie libraries in California
Oakland Miller,public,Oakland,California,United States,"Aug 23, 1899",—,,"1449 Miller Avenue, Oakland, CA 94601",,,"Oakland_Free_Library-23rd_Ave._Branch_(Oakland,_CA).JPG",,"23rd Avenue Branch 1918–1966, Ina Coolbrith Branch 1966–1972, and Latin American Branch 1972–1976. No longer a library since the 1990s, the building was destroyed by fire on 23 February 2018.",Public libraries,List of Carnegie libraries in California
Oakland Temescal,public,Oakland,California,United States,"Aug 23, 1899",—,,"5205 Telegraph Ave, Oakland, CA 94609",,,"Oakland_Free_Library-Alden_Branch_(Oakland,_CA).JPG",,"Named the Alden Branch Library 1918–1948, Temescal Branch Library 1948–present.",Public libraries,List of Carnegie libraries in California
Ontario,public,Ontario,California,United States,"Jun 8, 1905","$12,000",,,,,,,Designed by architect F. P. Burnham in the Classical Revival style. Condemned and demolished in 1959.,Public libraries,List of Carnegie libraries in California
Orange,public,Orange,California,United States,"Mar 9, 1907","$10,000",,"407 E Chapman Ave, Orange, CA 92866",,,,,Demolished in 1961. Site used for larger library which has since been demolished.,Public libraries,List of Carnegie libraries in California
Orland,public,Orland,California,United States,"Nov 3, 1913","$8,000",,"912 3rd St, Orland, CA 95963",,,,,"Designed by W. H. Weeks, now a community center.",Public libraries,List of Carnegie libraries in California
Orosi,public,Orosi,California,United States,"Sep 14, 1917","$3,000",,"12646 Ave 416, Orosi, CA 93647",,,2009-0725-CA-Orosi-library.jpg,https://en.wikipedia.org/wiki/Orosi_Branch_Library,"The last Carnegie library to be completed in California. Now the Orosi/Cutler Branch Library. It is one of only three wood frame (non-masonry) California Carnegies, designed by architect: Ernest J. Kump in the American Craftsman Bungalow style.",Public libraries,List of Carnegie libraries in California
Oroville,public,Oroville,California,United States,"May 2, 1911","$10,000",,"1675 Montgomery St, Oroville, CA 95965",,,"Oroville,_California_law_library_from_NW_1.JPG",https://en.wikipedia.org/wiki/Oroville_Carnegie_Library,Designed by W. H. Weeks; now the Butte County Public Law Library,Public libraries,List of Carnegie libraries in California
Oxnard,public,Oxnard,California,United States,"Feb 13, 1906","$12,000",,"424 South C St, Oxnard, CA 93030",,,"Carneige_Art_Museum,_Oxnard.jpg",https://en.wikipedia.org/wiki/Carnegie_Art_Museum,"Carnegie Art Museum. Designed by Los Angeles architect F.P. Burnham, with four wide pedimented porticos, each supported by six Doric columns, the Oxnard Carnegie gives the impression of a temple on a hill. Designated a Ventura County landmark, and in 1971 was the first California Carnegie to be placed on the National Register of Historic Places.",Public libraries,List of Carnegie libraries in California
Pacific Grove,public,Pacific Grove,California,United States,"Mar 12, 1906","$10,000",,"550 Central Ave, Pacific Grove, CA 93950",,,Pacific_Grove_400.jpg,,"The Pacific Improvement Company donated the land for the new library. The building was designed by the McDougall Brothers in the Mission style. The cornerstone was laid on November 9, 1907, and the Pacific Grove Carnegie Library officially opened on May 12, 1908.",Public libraries,List of Carnegie libraries in California
Palo Alto,public,Palo Alto,California,United States,"Feb 20, 1903","$10,000",,,,,,,Demolished in 1967 to make room for a new city hall.,Public libraries,List of Carnegie libraries in California
Paso Robles,public,Paso Robles,California,United States,"Dec 13, 1906","$10,000",,"Paso Robles City Park, 800 12th St, Paso Robles, CA 93446",35.62611,-120.69000,Paso_Robles_Carnegie.jpg,,"The building, designed by W. H. Weeks, has housed the El Paso de Robles Area Historical Society Museum since 1998. In 1906 the Board of Library trustees ""ladies"" correspondence with Andrew Carnegie resulted a letter offering that if the Paso Robles City Council agreed to provide a suitable site and maintain the Free Public Library, he would be glad to give six thousand dollars to erect the building.",Public libraries,List of Carnegie libraries in California
Patterson,public,Patterson,California,United States,"Jun 6, 1917","$3,000",,"355 W Las Palmas Ave, Patterson, CA 95363",,,Patterson_Branch_Library.JPG,,,Public libraries,List of Carnegie libraries in California
Petaluma,public,Petaluma,California,United States,"Jan 13, 1903","$12,500",,"20 4th St, Petaluma, CA 94952",,,"Free_Public_Library_of_Petaluma,_20_Fourth_St.,_Petaluma,_CA_5-31-2010_6-56-02_PM.JPG",https://en.wikipedia.org/wiki/Free_Public_Library_of_Petaluma,Now houses the Petaluma Historical Library & Museum,Public libraries,List of Carnegie libraries in California
Pomona,public,Pomona,California,United States,"Jan 23, 1902","$25,000",,"380 North Main Street, Pomona (former site)",,,"Exterior_view_of_the_Pomona_Public_Library,_shown_from_the_right,_ca.1900_(CHS-5275).jpg",,"Designed by the Burnham & Bliesner architecture firm and C. E. Wolfe, a local architect, in the Classical Revival style. It opened in 1903, was expanded in 1912 with second Carnegie grant, and in 1939 by the Works Progress Administration. Closed and demolished in 1965. Later the main Pomona First Federal Savings & Loan (U.S. Bank) office built on site, since closed, and is home of the American Museum of Ceramic Art.",Public libraries,List of Carnegie libraries in California
Porterville,public,Porterville,California,United States,"Feb 6, 1907","$10,000",,,,,,,Condemned as unsafe and demolished in 1949.,Public libraries,List of Carnegie libraries in California
Redding,public,Redding,California,United States,"Mar 20, 1903","$10,000",,,,,,,Demolished in 1965.,Public libraries,List of Carnegie libraries in California
Redwood City,public,Redwood City,California,United States,"Feb 20, 1904","$16,000",,,,,,,Demolished in 1950.,Public libraries,List of Carnegie libraries in California
Richmond,public,Richmond,California,United States,"Jan 14, 1909","$17,500",,"400 Nevin Ave, Richmond, CA 94801",,,Richmond_carnegie_library.jpg,,Designed by W. H. Weeks; now the Richmond Museum.,Public libraries,List of Carnegie libraries in California
Riverbank,public,Riverbank,California,United States,"Jun 6, 1917","$3,000",,"3237 Santa Fe St, Riverbank, CA 95367",,,Riverbank_Carnegie_Library.jpg,,Now the Riverbank Historic Museum.,Public libraries,List of Carnegie libraries in California
Riverside,public,Riverside,California,United States,"Aug 16, 1901","$52,500",,,,,"Exterior_view_of_the_Riverside_Public_Library,_ca.1910_(CHS-5278).jpg",,"Demolished in 1964. California's first Mission Revival style Carnegie, was designed by Burnham and Bliesner who won an architectural competition. The current Riverside Public Library is adjacent to the site of the elaborate original.",Public libraries,List of Carnegie libraries in California
Roseville,public,Roseville,California,United States,"Apr 25, 1911","$10,000",,"557 Lincoln St, Roseville, CA 95678",,,"Carnegie_Library_(Roseville,_California),_facade,_oblique_view.jpg",,"Designed by W. H. Weeks, now a museum.",Public libraries,List of Carnegie libraries in California
Sacramento,public,Sacramento,California,United States,"Feb 26, 1914","$100,000",,"828 I St, Sacramento, CA 95814",,,Sacramento_City_Library.JPG,https://en.wikipedia.org/wiki/Sacramento_City_Library,"Part of the Central branch, Sacramento Public Library system.",Public libraries,List of Carnegie libraries in California
Salinas,public,Salinas,California,United States,"Mar 9, 1907","$10,000",,,,,,,Demolished in 1961.,Public libraries,List of Carnegie libraries in California
San Anselmo,public,San Anselmo,California,United States,"Jan 14, 1914","$10,000",,"110 Tunstead Ave, San Anselmo, CA 94960",,,,,"Built in 1915, San Anselmo's Carnegie library is adjacent to the Town Hall to which it is connected by a wisteria-covered arbor replicating the library's carved rafters and contributing to an Old California aspect. The Spanish Revival style is also carried out in the red tile roof and use of decorative tile and arched windows. Expanded in 1960. Architects: Mitchell and Hodges.",Public libraries,List of Carnegie libraries in California
San Bernardino,public,San Bernardino,California,United States,"Mar 14, 1902","$27,600",,,,,,,Demolished in 1958. Architects Burnham and Bliesner won a competition with plans for a grand Classical Revival style building. A new library was completed in 1960 on its former site.,Public libraries,List of Carnegie libraries in California
San Diego,public,San Diego,California,United States,"Jul 7, 1899","$60,000",,,,,"05709-San_Diego-1905-Carnegie_Library,_San_Diego,_Cal.-Brück_&_Sohn_Kunstverlag.jpg",,"Demolished in 1952. San Diego received California's first Carnegie grant in 1899, with a large well detailed Classical Revival library building opening in 1902. The San Diego Public Library system continues elsewhere.",Public libraries,List of Carnegie libraries in California
San Francisco Main,public,San Francisco,California,United States,"Jun 20, 1901","$375,000 [3]",,"Civic Center, 200 Larkin St, San Francisco, CA 94102",,,Americana_1920_Libraries_-_San_Francisco_Public_Library.jpg,,"Open 1917–1995. [4] Now housing the Asian Art Museum of San Francisco. The original grant of $750,000 was divided so that ""[a]bout half (not more, I think less) of this sum should be expended on the central library and the remainder on branch libraries."" Main library grant was supplemented by a $780,000 bond issue. [3]: 6, 9",Public libraries,List of Carnegie libraries in California
San Francisco Chinatown,public,San Francisco,California,United States,"Jun 20, 1901",—,,"1135 Powell St, San Francisco, CA 94108",,,San_Francisco_Public_Library_Chinatown_(36826034965).jpg,,"Originally North Beach branch, opened 1921. Designed by G. Albert Lansburgh. [3]: 9, 12",Public libraries,List of Carnegie libraries in California
San Francisco Golden Gate Valley,public,San Francisco,California,United States,"Jun 20, 1901",—,,"1801 Green St, San Francisco, CA 94123",,,Golden_Gate_Valley_Branch_(27589851925).jpg,,"Opened 1918. Designed by Ernest Coxhead. [3]: 9, 12",Public libraries,List of Carnegie libraries in California
San Francisco Mission,public,San Francisco,California,United States,"Jun 20, 1901",—,,"3359 24th St, San Francisco, CA 94110",,,"Mission_Library,_San_Francisco.jpg",,"Opened 1915. Designed by G. Albert Lansburgh. [3]: 9, 11",Public libraries,List of Carnegie libraries in California
San Francisco Noe Valley,public,San Francisco,California,United States,"Jun 20, 1901",—,,"451 Jersey St, San Francisco, CA 94114",,,Noe_Valley_Library.jpg,,"Opened 1916. Designed by John W. Reid Jr. [3]: 9, 11",Public libraries,List of Carnegie libraries in California
San Francisco Presidio,public,San Francisco,California,United States,"Jun 20, 1901",—,,"3150 Sacramento St, San Francisco, CA 94115",,,Presidio_Branch_(27589850595).jpg,,"Opened 1921. Designed by G. Albert Lansburgh. [3]: 9, 12 Today the branch library also houses the city's only Library for the Blind. San Francisco's seventh and last Carnegie branch is centered on a generous lot which extends through its city block uphill from Sacramento to Clay, with landscaping directed by John McLaren of Golden Gate Park. The brick Classical Revival building was designed by G. Albert Lansburgh, and is on San Francisco's ""List of Architecturally Significant Buildings.""",Public libraries,List of Carnegie libraries in California
San Francisco Richmond,public,San Francisco,California,United States,"Jun 20, 1901",—,,"351 9th Ave, San Francisco, CA 94118",,,The_Richmond_Branch_(4498292138).jpg,,"First Carnegie branch to open in San Francisco, 1914. Designed by Bliss and Faville. [3]: 9, 11",Public libraries,List of Carnegie libraries in California
San Francisco Sunset,public,San Francisco,California,United States,"Jun 20, 1901",—,,"1305 18th Ave, San Francisco, 94122",,,Sunset_Branch_Library_(4504043356).jpg,,"Opened 1918. Designed by G. Albert Lansburgh. [3]: 9, 12",Public libraries,List of Carnegie libraries in California
San Jose Main,public,San Jose,California,United States,"Mar 8, 1901","$57,000",,,,,San_Jose_Main_Carnegie_Library.jpg,https://en.wikipedia.org/wiki/Main_San_Jos%C3%A9_Carnegie_Library,Demolished in 1960.,Public libraries,List of Carnegie libraries in California
San Jose East,public,San Jose,California,United States,"Mar 8, 1901",—,,"1102 E Santa Clara St, San Jose, CA 95116",,,East_San_Jose_Carnegie_Library.jpg,https://en.wikipedia.org/wiki/East_San_Jose_Carnegie_Branch_Library,,Public libraries,List of Carnegie libraries in California
San Leandro,public,San Leandro,California,United States,"Dec 13, 1907","$12,000",,,,,,,Designed by W. H. Weeks; demolished in 1959.,Public libraries,List of Carnegie libraries in California
San Luis Obispo,public,San Luis Obispo,California,United States,"Feb 12, 1903","$10,000",,"696 Monterey St, San Luis Obispo, CA 93401",,,SLO_historical_museum.jpg,https://en.wikipedia.org/wiki/San_Luis_Obispo_Carnegie_Library,"Designed by W. H. Weeks; now San Luis Obispo County History Center and Museum, downtown on Mission Plaza.",Public libraries,List of Carnegie libraries in California
San Mateo,public,San Mateo,California,United States,"Apr 20, 1905","$12,500",,,,,,,Demolished circa 1968.,Public libraries,List of Carnegie libraries in California
San Pedro,public,San Pedro,California,United States,"Mar 25, 1905","$10,375",,,,,,,"Designed by architects Edelsvard and Saffell, as well as H. V.Bradbeer, in the Classical Revival style. Demolished in 1966",Public libraries,List of Carnegie libraries in California
San Rafael,public,San Rafael,California,United States,"Dec 20, 1904","$25,000",,"1100 E St, San Rafael, CA 94901",,,,,Wing of current San Rafael Public Library building.,Public libraries,List of Carnegie libraries in California
Sanger,public,Sanger,California,United States,"Nov 17, 1914","$10,000",,,,,,,Demolished in 1969.,Public libraries,List of Carnegie libraries in California
Santa Ana,public,Santa Ana,California,United States,"Jan 22, 1902","$15,000",,,,,,,"Designed by architects Bither, Dennis and Farwell, in the Mission Revival style. Demolished in 1960.",Public libraries,List of Carnegie libraries in California
Santa Barbara,public,Santa Barbara,California,United States,"May 8, 1914","$50,000",,"40 E Anapamu St, Santa Barbara, CA 93101",,,Santa_Barbara_library.jpg,,Santa Barbara Public Library,Public libraries,List of Carnegie libraries in California
Santa Cruz Main,public,Santa Cruz,California,United States,"Feb 15, 1902","$29,000",,224 Church St,,,Santa_Cruz_Library.jpg,,"The 1904 Richardsonian Romanesque -style Santa Cruz Main, designed by W. H. Weeks, was the scene of a 1910 visit by Andrew Carnegie, a festive civic event. Demolished in 1966 and replaced by the current building.",Public libraries,List of Carnegie libraries in California
Santa Cruz East Cliff,public,Santa Cruz,California,United States,"Feb 15, 1902",—,,"1305 E Cliff Dr, Santa Cruz, CA 95062",,,Santa_Cruz_Museum_Exterior.jpg,,"Designed by W. H. Weeks, now the Santa Cruz Museum of Natural History.",Public libraries,List of Carnegie libraries in California
Santa Cruz Eastside,public,Santa Cruz,California,United States,"Feb 15, 1902",—,,,,,,,Demolished in 1968.,Public libraries,List of Carnegie libraries in California
Santa Cruz Garfield Park,public,Santa Cruz,California,United States,"Feb 15, 1902",—,,"705 Woodrow Ave, Santa Cruz, CA 95060",,,Garfield_Park_Library.jpg,,"Santa Cruz Library branch, designed by W. H. Weeks.",Public libraries,List of Carnegie libraries in California
Santa Maria,public,Santa Maria,California,United States,"Jan 8, 1908","$10,000",,420 S. Broadway Street,,,Santa_Maria_Public_Library_-_Carnegie_Library.jpg,,Demolished in 1969.,Public libraries,List of Carnegie libraries in California
Santa Monica Main,public,Santa Monica,California,United States,"Apr 13, 1903","$25,000",,,,,"Santa_Monica_Public_Library,_503_Santa_Monica_Boulevard_-_1904.jpg",,"Designed by architects Marsh and Russell, in the Classical Revival style. Demolished in 1974.",Public libraries,List of Carnegie libraries in California
Santa Monica Ocean Park,public,Santa Monica,California,United States,"Apr 13, 1903",—,,"2601 Main St, Santa Monica, CA 90405",,,Ocean_Park_Public_Library.jpg,,"Addition added to rear, active branch of Santa Monica Public Library.",Public libraries,List of Carnegie libraries in California
Santa Rosa,public,Santa Rosa,California,United States,"Mar 14, 1902","$26,900",,,,,,,Condemned as unsafe in 1960. Demolished in 1964.,Public libraries,List of Carnegie libraries in California
Sebastopol,public,Sebastopol,California,United States,"Nov 21, 1911","$7,500",,,,,,,Demolished in 1976. Another library constructed on site.,Public libraries,List of Carnegie libraries in California
Selma,public,Selma,California,United States,"Mar 14, 1905","$6,000",,,,,,,Demolished in 1952.,Public libraries,List of Carnegie libraries in California
Sonoma,public,Sonoma,California,United States,"Apr 25, 1911","$6,000",,"453 1st St E, Sonoma, CA 95476",,,,,Now the Sonoma Visitor Center.,Public libraries,List of Carnegie libraries in California
South Pasadena,public,South Pasadena,California,United States,"Dec 13, 1906","$18,600–1906, $6600–1916",,"1100 Oxley Str, South Pasadena, CA 91030",,,South_Pasadena_Public_Library.jpg,,South Pasadena Public Library. One of the few visited by Carnegie on his 1910 trip to California. Designated a South Pasadena Cultural Heritage Landmark in 1972.,Public libraries,List of Carnegie libraries in California
South San Francisco,public,South San Francisco,California,United States,"May 8, 1914","$10,000",,"306 Walnut Ave, South San Francisco, CA 94080",,,SSF_Grand_Avenue_library_front.JPG,,Grand Avenue Branch of the South San Francisco Public Library; 1916 addition designed by W. H. Weeks,Public libraries,List of Carnegie libraries in California
St. Helena,public,St. Helena,California,United States,"Dec 13, 1906","$8,362",,"1360 Oak Avenue, St. Helena, CA 94574",,,"St._Helena_Public_Library,_1360_Oak_Ave.,_St._Helena,_CA_10-16-2011_1-07-10_PM.JPG",,"Public library from 1908 to 1978, now a community center.",Public libraries,List of Carnegie libraries in California
Tulare,public,Tulare,California,United States,"Dec 30, 1904","$10,000",,,,,,,Demolished circa 1970.,Public libraries,List of Carnegie libraries in California
Turlock,public,Turlock,California,United States,"Jun 1, 1915","$9,200",,"250 N Broadway Ave, Turlock, CA 95380",,,Turlock_Carnegie_Library2.jpg,,"Destroyed by fire but walls still standing. Historic building is being restored, within the context of a new, larger addition. Now the Carnegie Arts Center.",Public libraries,List of Carnegie libraries in California
Ukiah City,public,Ukiah City,California,United States,"May 2, 1911","$8,000",,"320 S State St, Ukiah, CA 95482",,,,,,Public libraries,List of Carnegie libraries in California
Upland,public,Upland,California,United States,"May 2, 1911","$10,000",,"123 East D St, Upland, CA 91786",,,,"https://en.wikipedia.org/wiki/Carnegie_Library_(Upland,_California)","Designed by Los Angeles architect Homer Glidden, in the Classical Revival style. Now a community center.",Public libraries,List of Carnegie libraries in California
Vacaville,public,Vacaville,California,United States,"Mar 14, 1905","$12,500",,"300 Main St, Vacaville, CA 95688",,,,,,Public libraries,List of Carnegie libraries in California
Vallejo,public,Vallejo,California,United States,"Dec 27, 1902","$20,000",,,,,,,Demolished in 1969.,Public libraries,List of Carnegie libraries in California
Visalia,public,Visalia,California,United States,"Feb 2, 1903","$10,000",,,,,,,Demolished in 1936. Replaced with a WPA-built building which is now used as the children's library.,Public libraries,List of Carnegie libraries in California
Walnut Creek,public,Walnut Creek,California,United States,"Jun 1, 1915","$2,500",,,,,,,Demolished in 1961.,Public libraries,List of Carnegie libraries in California
Watsonville,public,Watsonville,California,United States,"Apr 23, 1903","$12,000",,,,,,,Designed by W. H. Weeks; demolished 1975.,Public libraries,List of Carnegie libraries in California
Watts,public,Watts,California,United States,"Jan 9, 1913","$10,000",,9901 Grandee Avenue,,,,,Was replaced by newer library on different site in 1960.,Public libraries,List of Carnegie libraries in California
Whittier,public,Whittier,California,United States,"Dec 30, 1904","$12,500",,Northeast corner of Greenleaf Ave. and Bailey St.,,,,,Demolished in 1959.,Public libraries,List of Carnegie libraries in California
Willits,public,Willits,California,United States,"Dec 8, 1913","$8,000",,"85 E Commercial St, Willits, CA 95490",,,Willits_Carnegie_Library_-_Willits_California.JPG,,Now Willits Community Television,Public libraries,List of Carnegie libraries in California
Willows,public,Willows,California,United States,"Feb 12, 1910","$10,000",,"336 W Walnut St, Willows, CA 95988",,,,,Now the Willows Museum.,Public libraries,List of Carnegie libraries in California
Woodland,public,Woodland,California,United States,"Feb 20, 1903","$22,000",,"250 First St., Woodland, CA 95695",,,Woodland_Public_Library.jpg,https://en.wikipedia.org/wiki/Woodland_Public_Library,"Designed by architects Dodge and Dolliver, in the Mission Revival Style; 1915 addition designed by W. H. Weeks. From 1915 until 1979 the building housed distinct city and Yolo County public libraries.",Public libraries,List of Carnegie libraries in California
Yolo,public,Yolo,California,United States,"Sep 14, 1917","$3,000",,"37750 Sacramento St, Yolo, CA 95697",,,"Yolo_Branch_Library_-_Yolo,_CA.jpg",https://en.wikipedia.org/wiki/Yolo_Branch_Library,"Designed by architect W. H. Weeks, as a modest low wood frame American Craftsman Bungalow.",Public libraries,List of Carnegie libraries in California
Yreka,public,Yreka,California,United States,"Mar 14, 1913","$8,000",,"412 West Miner St, Yreka, CA 96097",,,Carnegie_Library_Yreka.jpg,,The building is currently vacant. It is likely to be redeveloped to include public and office spaces.,Public libraries,List of Carnegie libraries in California
Mills College Margaret Carnegie Library Building,academic,Oakland,California,United States,"Apr 18, 1905","$20,000",,"The Oval, Mills College, Oakland, CA 94613",,,Mills_College_Small.jpg,https://en.wikipedia.org/wiki/Mills_College,"Academic library from 1906 to 1989, now administrative offices and upstairs reading room. The Mills College Margaret Carnegie Library Building, named in honor of Andrew Carnegie's daughter, is the only California Carnegie designed by renowned architect Julia Morgan, in the Spanish Colonial Revival style.",Academic libraries,List of Carnegie libraries in California
Claremont/ Pomona College,academic,Claremont,California,United States,"Mar 15, 1905","$40,000",,"Pomona College, Claremont, CA 91711",,,"Carnegie_Library,_Claremont_CA.jpg",https://en.wikipedia.org/wiki/Pomona_College,"Building has housed Pomona College offices and classrooms since 1953. Carnegie funded only two academic libraries in California, with terms different than for public libraries. The college was offered $40,000 on condition that it raise an equal endowment for maintenance. Designed by Franklin P. Burnham in a Classical Revival temple style, using reinforced concrete in an imposing exterior. It served students and public until a 1914 L.A. County Library Claremont branch opened.",Academic libraries,List of Carnegie libraries in California
Amherstburg Public Library,public,Amherstburg,Ontario,Canada,"April 8, 1911","10,000",1913,232 Sandwich St.,42.103056,-83.109392,,,by architect Charles Howard Crane [5],Alphabetical listing,List of Carnegie libraries in Canada
Aylmer Public Library,public,Aylmer,Ontario,Canada,"November 21, 1911","8,000",1913,Centre St. and Sydenham St.,42.772122,-80.984354,,,by architect William Austin Mahoney [6] Closed around 1979. [7],Alphabetical listing,List of Carnegie libraries in Canada
Ayr Public Library,public,Ayr,Ontario,Canada,"December 24, 1909","5,200","October 31, 1911 [8]",92 Stanley St.,43.285780,-80.449888,,,by architect William Edward Binning [9] Closed in 2004; a new library was built nearby.,Alphabetical listing,List of Carnegie libraries in Canada
Barrie Public Library,public,Barrie,Ontario,Canada,"July 23, 1914","15,000",June 1917 [10],37 Mulcaster St.,44.390258,-79.685362,,https://en.wikipedia.org/wiki/Barrie_Public_Library,"by architect Alfred Hirschfelder Chapman [11] Closed in 1996, this building is now the MacLaren Arts Centre.",Alphabetical listing,List of Carnegie libraries in Canada
Beaverton Public Library,public,Beaverton,Ontario,Canada,"April 28, 1910","7,000","December 5, 1913 [12]",401 Simcoe St.,44.429055,-79.152703,,,by architect William Edward Binning [9],Alphabetical listing,List of Carnegie libraries in Canada
Berlin Public Library,public,Berlin,Ontario,Canada,"March 14, 1902","40,900","January 8, 1904 [13]",Queen St. and Weber St.,43.451948,-80.487503,,https://en.wikipedia.org/wiki/Kitchener_Public_Library#History,by architect Charles Knechtel [14] Building demolished in 1962.,Alphabetical listing,List of Carnegie libraries in Canada
Bracebridge Public Library,public,Bracebridge,Ontario,Canada,"March 24, 1906","10,000",January 1908 [15],94 Manitoba St.,45.041753,-79.311901,,,by architect George Martel Miller [16],Alphabetical listing,List of Carnegie libraries in Canada
Brampton Public Library,public,Brampton,Ontario,Canada,"April 11, 1902","12,500",1907,55 Queen St. E,43.6871,-79.758517,,https://en.wikipedia.org/wiki/Brampton_Library,by architect Alexander Frank Wickson [17] Closed in 1974; designated as a heritage building in 1982.,Alphabetical listing,List of Carnegie libraries in Canada
Brantford Public Library,public,Brantford,Ontario,Canada,"April 11, 1902","48,000 [18]","July 4, 1904 [19]",73 George St.,43.140883,-80.262456,,https://en.wikipedia.org/wiki/County_of_Brant_Public_Library,"by architects Stewart, Stewart & Taylor [20] Closed in the 1990s, now home to the Brantford campus of Wilfrid Laurier University.",Alphabetical listing,List of Carnegie libraries in Canada
Brockville Public Library,public,Brockville,Ontario,Canada,"April 13, 1903","17,500","August 13, 1904 [21]",23 Buell St.,44.589384,-75.686768,,https://en.wikipedia.org/wiki/Robert_Henry_Lindsay#Brockville_Library,by architect Benjamin Dillon [22],Alphabetical listing,List of Carnegie libraries in Canada
Brussels Public Library,public,Brussels,Ontario,Canada,"March 13, 1909","7,000","January 14, 1910 [23]",402 Turnberry St.,43.743353,-81.250428,,,by architect William J Ireland [24],Alphabetical listing,List of Carnegie libraries in Canada
Calgary Public Library,public,Calgary,Alberta,Canada,,"80,000","January 2, 1912",1221 2nd St. SW,51.040603,-114.068351,,https://en.wikipedia.org/wiki/Calgary_Public_Library,Known as Memorial Park Library since 1977.,Alphabetical listing,List of Carnegie libraries in Canada
Campbellford Public Library,public,Campbellford,Ontario,Canada,"January 6, 1911","8,000",November 1912,98 Bridge St. E,44.308068,-77.794994,,,by architect William Austin Mahoney [6],Alphabetical listing,List of Carnegie libraries in Canada
Chatham Public Library,public,Chatham,Ontario,Canada,"February 13, 1902","19,000","September 14, 1903",,,,,,by architect T.J. Wilson [20] The first Carnegie library opened in Canada. Destroyed by 1983.,Alphabetical listing,List of Carnegie libraries in Canada
Clinton Public Library,public,Clinton,Ontario,Canada,"January 6, 1915","4,900",1905,23 Albert St.,43.618066,-81.539583,,"https://en.wikipedia.org/wiki/Clinton_Branch,_Huron_County_Library","Addition by architect J. Ades Fowler The Clinton library is the only Carnegie library in Canada which was funded as an addition to an existing building, which was built in 1900. [25]",Alphabetical listing,List of Carnegie libraries in Canada
Collingwood Public Library,public,Collingwood,Ontario,Canada,"August 16, 1901","14,500",1904,Maple St. and Second St.,44.500591,-80.220087,,,by architect William Stewart [26] Destroyed by fire in 1963. [27],Alphabetical listing,List of Carnegie libraries in Canada
Cornwall Public Library,public,Cornwall,Ontario,Canada,"December 21, 1901","8,000",1904,Second St. and Sydney St.,45.018924,-74.726613,,,Demolished in 1956.,Alphabetical listing,List of Carnegie libraries in Canada
Dawson City Public Library,public,Dawson City,Yukon,Canada,1902,"25,000","August 16, 1904 [28]",Queen St. and 4th Ave.,64.060605,-139.430481,,,"By architect Robert Moncrieff [29] By 1920, the population was too small to support the library, which had been extensively damaged by fire and water. This was the northernmost Carnegie library ever built. It has been a Freemason hall since the 1930s. [30]",Alphabetical listing,List of Carnegie libraries in Canada
Dresden Public Library,public,Dresden,Ontario,Canada,"November 27, 1906","8,000",1913 [31],187 Brown St.,42.589871,-82.180672,,,"* by architect Arthur M Piper [32] This is the only remaining Carnegie building in the Municipality of Chatham-Kent still operating as a library. It was built in 1913 with a donation of $8,000 received from Andrew Carnegie in 1906. In the 1980s the building was designated an historic site under the Ontario Heritage Act. It remained unchanged for many years until after the amalgamation of the County of Kent and City of Chatham. In 2000, the townspeople of Dresden celebrated the grand opening of the refurbished library. [33]",Alphabetical listing,List of Carnegie libraries in Canada
Dundas Public Library,public,Dundas,Ontario,Canada,"December 30, 1904","12,000",1910 [34],10 King St. W,43.266033,-79.954691,,https://en.wikipedia.org/wiki/Hamilton_Public_Library_(Ontario)#History,"by architect Alfred Hirschfelder Chapman [11] Closed in 1979, this building is now home to the Dundas Art & Craft Organization. [34]",Alphabetical listing,List of Carnegie libraries in Canada
Durham Public Library,public,Durham,Ontario,Canada,"January 6, 1911","8,000",July 1912 [31],240 Garafraxa St. N,44.180166,-80.819536,,,by architect William Austin Mahoney [6],Alphabetical listing,List of Carnegie libraries in Canada
Edmonton Public Library,public,Edmonton,Alberta,Canada,1913 [35],"75,000","August 30, 1923",MacDonald Dr. west of 100th St.,53.540278,-113.490833,,https://en.wikipedia.org/wiki/Edmonton_Public_Library,The building was demolished in 1969; AGT Tower was erected on the former library's site.,Alphabetical listing,List of Carnegie libraries in Canada
Elmira Public Library,public,Elmira,Ontario,Canada,"March 18, 1911","7,000","December 26, 1913",65 Arthur St. S,43.597068,-80.558674,,,by architect William Austin Mahoney [6],Alphabetical listing,List of Carnegie libraries in Canada
Elora Public Library,public,Elora,Ontario,Canada,"March 23, 1909","6,400",1909,144 Geddes St.,43.683886,-80.430897,,,by architect W.F. Sheppard [20],Alphabetical listing,List of Carnegie libraries in Canada
Essex Public Library,public,Essex,Ontario,Canada,"January 6, 1911","6,000",,18 Gordon Ave.,42.174616,-82.820791,,,by architect James Carlisle Pennington [36] Now home to the Essex and Community Historical Research Society.,Alphabetical listing,List of Carnegie libraries in Canada
Exeter Public Library,public,Exeter,Ontario,Canada,"January 2, 1913","8,000",1915,Main St. and Sanders St.,43.347270,-81.480577,,,by architect William Austin Mahoney [6] A newer library was built in 2002. [37],Alphabetical listing,List of Carnegie libraries in Canada
Fergus Public Library,public,Fergus,Ontario,Canada,"January 29, 1908","7,000",1910,190 Saint Andrew St. W,43.704951,-80.378522,,,by architect William Austin Mahoney [6],Alphabetical listing,List of Carnegie libraries in Canada
Forest Public Library,public,Forest,Ontario,Canada,"May 16, 1911","5,000",1912 [38],,,,,,by architect William Austin Mahoney. [6] Closed in 1986.,Alphabetical listing,List of Carnegie libraries in Canada
Fort Frances Public Library,public,Fort Frances,Ontario,Canada,"May 8, 1914","10,000","January 15, 1915 [39]",363 Church St.,48.608761,-93.393739,,,by architect William Austin Mahoney [6],Alphabetical listing,List of Carnegie libraries in Canada
Fort William (Thunder Bay) Public Library,public,Fort William,Ontario,Canada,"November 20, 1908","50,000",1912 [40],216 Brodie St. S,48.381634,-89.246629,,https://en.wikipedia.org/wiki/Thunder_Bay_Public_Library#History,by architects Hood & Scott [20],Alphabetical listing,List of Carnegie libraries in Canada
Galt (Cambridge) Public Library,public,Cambridge,Ontario,Canada,"April 11, 1902","23,000",1903,34 Water St. N,43.360389,-80.315327,,,by architect Frederick William Mellish [41] Closed in 1969 and now owned by a private company.,Alphabetical listing,List of Carnegie libraries in Canada
Glencoe Public Library,public,Glencoe,Ontario,Canada,"November 11, 1914","5,000","February 1, 1923",Main St.,42.747486,-81.710371,,,Closed in 1993.,Alphabetical listing,List of Carnegie libraries in Canada
Goderich Public Library,public,Goderich,Ontario,Canada,"March 14, 1902","10,000","March 3, 1905 [31]",52 Montreal St.,43.741402,-81.713564,,"https://en.wikipedia.org/wiki/Goderich_Branch,_Huron_County_Library",by architect Joseph Ades Fowler [42],Alphabetical listing,List of Carnegie libraries in Canada
Grand Valley Public Library,public,Grand Valley,Ontario,Canada,"February 13, 1909","7,500","May 1, 1913 [43]",4 Amaranth St. E,43.899424,-80.313532,,,by architect George Gray [44] This building was completely destroyed by a tornado in 1985. [43] A new library was subsequently built in its place.,Alphabetical listing,List of Carnegie libraries in Canada
Gravenhurst Public Library,public,Gravenhurst,Ontario,Canada,"March 24, 1906","7,000",1923,275 Muskoka Rd. S,44.918330,-79.373426,,,"by architect Andrew Ferguson Closed in 2000, this building is now the Terence Haight Carnegie Centre (Gravenhurst Chamber of Commerce) [45]",Alphabetical listing,List of Carnegie libraries in Canada
Grimsby Public Library,public,Grimsby,Ontario,Canada,"January 6, 1911","8,000",1912,25 Adelaide St.,43.194536,-79.559408,,,by architect Arthur Edwin Nicholson [46] Now used as the Grimsby Archives.,Alphabetical listing,List of Carnegie libraries in Canada
Guelph Public Library,public,Guelph,Ontario,Canada,"October 17, 1901","14,500",1904,100 Norfolk St.,43.545441,-80.2524,,,by architect William Frye Colwill [47] Demolished in 1964 for new library.,Alphabetical listing,List of Carnegie libraries in Canada
Hamilton Public Library,public,Hamilton,Ontario,Canada,"March 23, 1909","100,000","May 5, 1913 [48]",55 Main St. W,43.255897,-79.871738,,https://en.wikipedia.org/wiki/Hamilton_Public_Library,"by architect Alfred W. Peene [49] After closing in 1980, this building is now the Unified Family Court.",Alphabetical listing,List of Carnegie libraries in Canada
Hanover Public Library,public,Hanover,Ontario,Canada,"May 15, 1906","10,000","October 3, 1911",451 10th Ave.,44.151754,-81.026359,,,by architect William Edward Binning [9],Alphabetical listing,List of Carnegie libraries in Canada
Harriston Public Library,public,Harriston,Ontario,Canada,"May 8, 1908","10,000",,88 Mill St.,43.911707,-80.868444,,,by architect William Edward Binning [9],Alphabetical listing,List of Carnegie libraries in Canada
Hespeler Public Library,public,Hespeler,Ontario,Canada,"January 18, 1910","14,280",1923,5 Tannery St. E,43.430746,-80.309492,,,by architect A.H. Cober [2],Alphabetical listing,List of Carnegie libraries in Canada
Ingersoll Public Library,public,Ingersoll,Ontario,Canada,"June 29, 1908","10,000","July 1, 1910 [50]",1 Charles St E,,,,,by architect Thomas Warren Nagle [51] Currently used as a wedding hall,Alphabetical listing,List of Carnegie libraries in Canada
Kemptville Public Library,public,Kemptville,Ontario,Canada,"April 23, 1906","3,000",1912,207 Prescott St.,45.014901,-75.644668,,,"by architect A. Stuart Allaster [52] Closed in 2010, now in private hands",Alphabetical listing,List of Carnegie libraries in Canada
Kenora Public Library,public,Kenora,Ontario,Canada,"May 21, 1913","15,000",1916 [53],24 Main St. S,49.768317,-94.489817,,,by architect John Manuel [20],Alphabetical listing,List of Carnegie libraries in Canada
Kincardine Public Library,public,Kincardine,Ontario,Canada,"April 10, 1906","5,000",1908,727 Queen St.,44.175764,-81.636264,,,by architect J.W. Drake [20],Alphabetical listing,List of Carnegie libraries in Canada
Kingsville Public Library,public,Kingsville,Ontario,Canada,"March 29, 1911","5,000",1913,28 Division St. S,42.036810,-82.739680,,,by architect William Austin Mahoney [6],Alphabetical listing,List of Carnegie libraries in Canada
Leamington Public Library,public,Leamington,Ontario,Canada,"March 21, 1910","10,000",1912 [54],northwest corner of Erie Street North and John Street,,,,,by architect John Alexander Maycock [55],Alphabetical listing,List of Carnegie libraries in Canada
Lethbridge Public Library,public,Lethbridge,Alberta,Canada,,"25,000","January 24, 1922",601 – 3rd Ave. S,49.695908,-112.838633,,https://en.wikipedia.org/wiki/Lethbridge_Public_Library,The library closed in 1974 but is now home to the Southern Alberta Art Gallery.,Alphabetical listing,List of Carnegie libraries in Canada
Lindsay Public Library,public,Lindsay,Ontario,Canada,"January 23, 1902","13,500","June 28, 1904",190 Kent St. W,44.354215,-78.740366,,,by architect George Martel Miller [16],Alphabetical listing,List of Carnegie libraries in Canada
Listowel Public Library,public,Listowel,Ontario,Canada,"November 25, 1903","10,000",1907,260 Main St. W,43.732217,-80.955108,,,by architect William Edward Binning [9],Alphabetical listing,List of Carnegie libraries in Canada
Lucknow Public Library,public,Lucknow,Ontario,Canada,"April 20, 1905","7,500","April 6, 1910 [56]",526 Campbell St.,43.958252,-81.508206,,,by architect Beaumont Jarvis [20],Alphabetical listing,List of Carnegie libraries in Canada
Markdale Public Library,public,Markdale,Ontario,Canada,August 1914,"7,000","June 24, 1915 [57]",21 Main St. E.,44.318933,-80.647567,,,by architect Julian Charles Forster [58] Closed in 2001; now the Daniel Pust Law firm; a new library was built nearby and renamed The Walter Harris Memorial Library,Alphabetical listing,List of Carnegie libraries in Canada
Merritton Public Library,public,Merritton,Ontario,Canada,"March 31, 1916","8,500",1924,344 Merritt St.,43.140365,-79.213573,,,by architect Arthur Edwin Nicholson [46] Closed; now the Chestnut Woods School of Montessori Education.,Alphabetical listing,List of Carnegie libraries in Canada
Midland Public Library,public,Midland,Ontario,Canada,"March 21, 1910","12,500",1915 [59],526 Hugel Ave.,44.749850,-79.886146,,,by architect William Austin Mahoney [6] Now the Olde Town Library - Home Decor/Antiques/Vintage and Cafe,Alphabetical listing,List of Carnegie libraries in Canada
Milverton Public Library,public,Milverton,Ontario,Canada,"December 24, 1908","7,000","June 10, 1910 [60]",27 Main St. S,43.564329,-80.923414,,,by architect J.A. Russell [20] Library moved to new location due to accessibility laws.,Alphabetical listing,List of Carnegie libraries in Canada
Mimico Public Library,public,"Mimico, Toronto",Ontario,Canada,"February 26, 1914","7,500","March 2, 1915",47 Station Rd.,43.614709,-79.493930,,https://en.wikipedia.org/wiki/Mimico_Centennial_Library,by architect Stephen Burwell Coon [61] Demolished in 1966 and replaced with Mimico Centennial Library,Alphabetical listing,List of Carnegie libraries in Canada
Mitchell Public Library,public,Mitchell,Ontario,Canada,"March 21, 1908","6,000",,105 Saint Andrew St.,43.466332,-81.196619,,,by architect William Edward Binning [9],Alphabetical listing,List of Carnegie libraries in Canada
Mount Forest Public Library,public,Mount Forest,Ontario,Canada,"April 10, 1909","6,000",December 1913 [62],118 Main St. N,43.982940,-80.737179,,,by architect George Gray [44],Alphabetical listing,List of Carnegie libraries in Canada
New Hamburg Public Library,public,New Hamburg,Ontario,Canada,"April 30, 1912","8,000",1915,145 Huron St.,43.378279,-80.712584,,,by architect James A. Russell [20],Alphabetical listing,List of Carnegie libraries in Canada
New Liskeard Public Library,public,New Liskeard,Ontario,Canada,"April 16, 1910","10,900",,50 Whitewood Ave.,47.508430,-79.672333,,,"by architect Henry Westlake Angus, [63] Known since 2004 as Temiskaming Shores Public Library - New Liskeard Branch",Alphabetical listing,List of Carnegie libraries in Canada
New Westminster Public Library,public,New Westminster,British Columbia,Canada,1902,"15,000",1905,Carnarvon St and Mackenzie St.,49.203617,-122.910050,,,"This library closed in 1958, when a new library opened on the same site. [64]",Alphabetical listing,List of Carnegie libraries in Canada
Niagara Falls Public Library,public,Niagara Falls,Ontario,Canada,"December 8, 1905","15,000",1910 [65],5017 Victoria Ave.,43.101568,-79.073178,,https://en.wikipedia.org/wiki/Niagara_Falls_Public_Library_(Ontario),by architect Charles Martin Borter [66] Closed in 1974. Occupied today by the Community Resource Centre.,Alphabetical listing,List of Carnegie libraries in Canada
North Battleford Public Library,public,North Battleford,Saskatchewan,Canada,1913,"15,000",1916,1 Railway Ave. E,52.772488,-108.299066,,,Now the Allen Sapp Gallery.,Alphabetical listing,List of Carnegie libraries in Canada
North Bay Public Library,public,North Bay,Ontario,Canada,"April 25, 1911","16,395",1914,200 McIntyre St E,,,,,by architect Henry Westlake Angus Demolished in 1972 [67],Alphabetical listing,List of Carnegie libraries in Canada
Norwich Public Library,public,Norwich,Ontario,Canada,"May 8, 1915","7,000",1915,21 Stover St. N,42.989110,-80.597959,,,by architect Edward Pollock [20] Now home to private businesses.,Alphabetical listing,List of Carnegie libraries in Canada
Norwood Public Library,public,Norwood,Ontario,Canada,"June 11, 1914","5,000",Feb 1924,2363 County Road 45,,,,,,Alphabetical listing,List of Carnegie libraries in Canada
Orangeville Public Library,public,Orangeville,Ontario,Canada,"June 2, 1904","12,500",1908 [68],144 Broadway,43.919464,-80.096049,,,by architect Beaumont Jarvis [20],Alphabetical listing,List of Carnegie libraries in Canada
Orillia Public Library,public,Orillia,Ontario,Canada,"April 10, 1909","13,500",1911,36 Mississaga St. W.,44.607765,-79.420802,,https://en.wikipedia.org/wiki/Orillia_Public_Library,by architect William Henry Croker [69] Closed in 2012 [70],Alphabetical listing,List of Carnegie libraries in Canada
Oshawa Public Library,public,Oshawa,Ontario,Canada,"November 24, 1906","14,000",1909,Athol St. and Simcoe St.,43.896600,-78.863149,,https://en.wikipedia.org/wiki/Oshawa_Public_Library,by architect John Merven Carrerre [71] Sold and demolished in 1956.,Alphabetical listing,List of Carnegie libraries in Canada
Ottawa Public Library — Main Branch,public,Ottawa,Ontario,Canada,"November 6, 1901","100,000","April 30, 1906",120 Metcalfe St.,45.420351,-75.695195,,https://en.wikipedia.org/wiki/Ottawa_Public_Library,by architect E.L. Horwood [20] Demolished in the fall of 1971; a new library was built at the same location.,Alphabetical listing,List of Carnegie libraries in Canada
Ottawa Public Library — Rosemount Branch,public,Ottawa,Ontario,Canada,"March 31, 1917","15,000","November 29, 1919 [72]",18 Rosemount Ave.,45.401646,-75.726227,,https://en.wikipedia.org/wiki/Ottawa_Public_Library,"Last Carnegie grant given in Canada. It is the oldest Ottawa Public Library branch that hasn't been rebuilt, although it was renovated between 2019-2021.",Alphabetical listing,List of Carnegie libraries in Canada
Owen Sound & North Grey Union Public Library,public,Owen Sound,Ontario,Canada,"June 2, 1904","25,000","February 3, 1914 [31]",824 1st Ave. W,44.5638804,-80.9448949,,https://en.wikipedia.org/wiki/Owen_Sound_%26_North_Grey_Union_Public_Library,by architect Julian Charles Forster [58],Alphabetical listing,List of Carnegie libraries in Canada
Palmerston Public Library,public,Palmerston,Ontario,Canada,"February 4, 1902","10,000",1903,265 Bell St.,43.833118,-80.849214,,,by architect William Frye Colwill [47] It has been speculated that the Carnegie Foundation would never have granted Palmerston its funding had it known the building would be used for several non-library purposes. [25],Alphabetical listing,List of Carnegie libraries in Canada
Paris Public Library,public,Paris,Ontario,Canada,"January 2, 1903","10,000","July 27, 1904 [31]",12 William St.,43.193564,-80.385943,,,by architect Alexander Frank Wickson [17],Alphabetical listing,List of Carnegie libraries in Canada
Parkhill Public Library,public,Parkhill,Ontario,Canada,"January 14, 1914","8,000","July 28, 1915 [31]",233 Main St.,43.162384,-81.684145,,,By architect William Austin Mahoney. [6] The building has operated as an art gallery since 2014.,Alphabetical listing,List of Carnegie libraries in Canada
Pembroke Public Library,public,Pembroke,Ontario,Canada,"December 24, 1907","14,000",1912,237 Victoria St.,45.825189,-77.113011,,https://en.wikipedia.org/wiki/Pembroke_Public_Library,"Notably designed by Francis Conroy Sullivan, a Canadian pupil of Frank Lloyd Wright [73]",Alphabetical listing,List of Carnegie libraries in Canada
Penetanguishene Public Library [27],public,Penetanguishene,Ontario,Canada,"December 13, 1907","13,000",1910,24 Simcoe St.,44.770047620586745,-79.932276145597,,,by architect Charles P. Baird. [27],Alphabetical listing,List of Carnegie libraries in Canada
Perth Public Library,public,Perth,Ontario,Canada,"February 13, 1906","10,000",,77 Gore St. E,44.899253,-76.248709,,,"by architect George Thomas Martin [74] After a 1980 fire, this corner building was restored and is now known as the McMillan Building.",Alphabetical listing,List of Carnegie libraries in Canada
Peterborough Public Library,public,Peterborough,Ontario,Canada,"March 21, 1908","30,000",1911,519 George St N,44.3093328,-78.320282,,https://en.wikipedia.org/wiki/Peterborough_Public_Library,by architect John E Belcher [75] [76] Now known as the Carnegie Wing of Peterborough City Hall. [77],Alphabetical listing,List of Carnegie libraries in Canada
Picton Public Library,public,Picton,Ontario,Canada,"February 13, 1906","12,500","December 14, 1907",208 Main St.,44.007310,-77.141553,,,"by architect Frank Peden, [78]",Alphabetical listing,List of Carnegie libraries in Canada
Port Elgin Public Library,public,Port Elgin,Ontario,Canada,"March 9, 1907","8,800",October 1908,708 Goderich St.,44.438516,-81.387177,,,by architect S.G. Kingsey [20],Alphabetical listing,List of Carnegie libraries in Canada
Port Hope Public Library,public,Port Hope,Ontario,Canada,"January 6, 1911","10,000",1913,31 Queen St.,43.949474,-78.292930,,https://en.wikipedia.org/wiki/Port_Hope_Public_Library,by architect William Austin Mahoney [6],Alphabetical listing,List of Carnegie libraries in Canada
Preston Public Library,public,Preston,Ontario,Canada,"February 13, 1909","12,000",1910,156 Argyle St. N,43.397160,-80.359124,,,"by architect William Edward Binning [9] This building was closed in 1973 when Preston, Galt, and Hespeler merged to form Cambridge library system.",Alphabetical listing,List of Carnegie libraries in Canada
Regina Public Library,public,Regina,Saskatchewan,Canada,1910,"50,000","May 11, 1912",1900 Lorne St.,50.448781,-104.613705,,https://en.wikipedia.org/wiki/Regina_Public_Library,Demolished and replaced in 1962.,Alphabetical listing,List of Carnegie libraries in Canada
Renfrew Public Library,public,Renfrew,Ontario,Canada,"March 16, 1915","16,000",,13 Railway Ave.,45.472864,-76.684528,,,by architects Joseph A. Humphris & Richard Hubert Millson [79],Alphabetical listing,List of Carnegie libraries in Canada
Saint John Public Library,public,Saint John,New Brunswick,Canada,,"50,000",1904,20 Hazen Ave.,45.275281,-66.063194,,https://en.wikipedia.org/wiki/Saint_John_Free_Public_Library,"Closed in 1983, this building is now home to the Saint John Arts Centre.",Alphabetical listing,List of Carnegie libraries in Canada
Sarnia Public Library,public,Sarnia,Ontario,Canada,"January 10, 1902","20,000","November 26, 1903",,,,,,by architect M.R. Burrowes Demolished in 1960.,Alphabetical listing,List of Carnegie libraries in Canada
Sault Ste. Marie Public Library,public,Sault Ste. Marie,Ontario,Canada,"December 14, 1901 1907","10,000 15,500",1903 1909,Queen St. and East St.,46.507738,-84.327670,,,"First building by architect H, Russell Halton [20] Second building by architect Edward Demar [80] The first library was destroyed by fire in 1907. Carnegie reluctantly donated for a second library in 1909.",Alphabetical listing,List of Carnegie libraries in Canada
Seaforth Public Library,public,Seaforth,Ontario,Canada,"July 20, 1908","10,000",April 1912,108 Main St. S,43.553172,-81.393463,,,"by architect John Finlayson Carnegie's secretary, James Bertram, who not only organized but decided upon many new library grants himself, [81] is buried outside Seaforth with his wife (a Seaforth native).",Alphabetical listing,List of Carnegie libraries in Canada
Selkirk Public Library,public,Selkirk,Manitoba,Canada,1908,"10,000",June 1909,Eaton Ave. and Eveline St.,50.142559,-96.870137,,,Designed by architect William Fingland Built by contractor H. Bird The building was declared structurally unsafe in 1959 and later demolished.,Alphabetical listing,List of Carnegie libraries in Canada
Shelburne Public Library,public,Shelburne,Ontario,Canada,"January 21, 1911","6,000",1912,201 Owen Sound St.,44.079324,-80.204945,,https://en.wikipedia.org/wiki/Shelburne_Public_Library_(Ontario),by architect J.A. McKennzie [20],Alphabetical listing,List of Carnegie libraries in Canada
Simcoe Public Library,public,Simcoe,Ontario,Canada,"January 31, 1910","10,000",1912,23 Argyle St.,42.837496,-80.302944,,,by architect Ralph K. Shepard [82] Closed in 1984; now occupied by a law firm.,Alphabetical listing,List of Carnegie libraries in Canada
Smiths Falls Public Library,public,Smiths Falls,Ontario,Canada,"January 23, 1902","11,000","February 25, 1904",81 Beckwith St. N,44.902693,-76.021417,,,"by architect G.M. Bayley [20] First library in Canada visited by Andrew Carnegie (April 28, 1906). [83]",Alphabetical listing,List of Carnegie libraries in Canada
St. Catharines Public Library,public,St. Catharines,Ontario,Canada,"December 31, 1901","25,000","January 2, 1905",59 Church St.,43.159116,-79.246243,,https://en.wikipedia.org/wiki/St._Catharines_Library,"by architect Sydney R. Badgley [20] Building demolished in 1977, replaced by Ontario Court of Justice building",Alphabetical listing,List of Carnegie libraries in Canada
St. Marys Public Library,public,St. Marys,Ontario,Canada,"March 8, 1904","10,000",July 1905,15 Church St. N,43.260248,-81.140737,,,by architect Joseph A. Humphris [84],Alphabetical listing,List of Carnegie libraries in Canada
St. Thomas Public Library,public,St. Thomas,Ontario,Canada,"March 20, 1903","27,000","February 6, 1906 [85]",9 Mondamin St.,42.779414,-81.193019,,,"by architect Neil R. Darrach [86] Closed in the early 1970s, this building now hosts the St. Thomas Planning Office.",Alphabetical listing,List of Carnegie libraries in Canada
Stirling Public Library,public,Stirling,Ontario,Canada,"April 13, 1914","5,000",,43 W Front St.,44.293222,-77.559399,,,by architect William Austin Mahoney [6],Alphabetical listing,List of Carnegie libraries in Canada
Stouffville Public Library,public,Stouffville,Ontario,Canada,"April 28, 1913","5,000",1923,7 Main St. E,43.974902,-79.231220,,https://en.wikipedia.org/wiki/Whitchurch%E2%80%93Stouffville_Public_Library,by architect Frederick Frank Saunders [87] Closed in 1974 as the library moved to a larger building.,Alphabetical listing,List of Carnegie libraries in Canada
Stratford Public Library,public,Stratford,Ontario,Canada,"December 14, 1901","15,000","September 19, 1903",19 Andrew St.,43.371039,-80.985721,,,by architect James A. Russell [20],Alphabetical listing,List of Carnegie libraries in Canada
Tavistock Public Library,public,Tavistock,Ontario,Canada,"April 13, 1914","7,500",1917,31 Maria St.,43.318840,-80.835270,,,by architect James A. Russell [88],Alphabetical listing,List of Carnegie libraries in Canada
Teeswater Public Library,public,Teeswater,Ontario,Canada,"April 8, 1907","10,000",1914 ?,2 Clinton St. S,43.998159,-81.286624,,,by architect William Edward Binning [9],Alphabetical listing,List of Carnegie libraries in Canada
Thorold Public Library,public,Thorold,Ontario,Canada,"April 26, 1902","10,000",April 1912 [89],1 Ormond St. S,43.124884,-79.198964,,,"by architect Arthur Edwin Nicholson [46] Heritage designation, now used as office space.",Alphabetical listing,List of Carnegie libraries in Canada
Tillsonburg Public Library,public,Tillsonburg,Ontario,Canada,"January 2, 1913","10,000",1915,Broadway St. and Washington Grande Ave.,42.862183,-80.729442,,,by architect William Austin Mahoney [6] Replaced in 1974 by a newer library on the same site.,Alphabetical listing,List of Carnegie libraries in Canada
Toronto Public Library — Beaches Branch,public,Toronto,Ontario,Canada,"August 8, 1908","15,000","December 6, 1916",2161 Queen St. E,43.670283,-79.298175,,https://en.wikipedia.org/wiki/Toronto_Public_Library,by architect Eden Smith [20],Alphabetical listing,List of Carnegie libraries in Canada
Toronto Public Library — Central Reference Branch,public,Toronto,Ontario,Canada,"January 23, 1903","275,000","September 8, 1909",214 College St.,43.658706,-79.396477,,,"by architect Alexander Frank Wickson, [17] Closed in 1977, this building is now the Koffler Student Centre at the University of Toronto.",Alphabetical listing,List of Carnegie libraries in Canada
Toronto Public Library — High Park Branch,public,Toronto,Ontario,Canada,"August 8, 1908","15,000","April 15, 1915",228 Roncesvalles Ave.,43.644722,-79.448466,,https://en.wikipedia.org/wiki/Toronto_Public_Library,by architect Eden Smith [20],Alphabetical listing,List of Carnegie libraries in Canada
Toronto Public Library — Queen & Lisgar Branch,public,Toronto,Ontario,Canada,"January 23, 1903","25,000","April 30, 1909",1115 Queen St. W,43.643258,-79.423427,,https://en.wikipedia.org/wiki/Toronto_Public_Library,"It served the community until 1964, when it was replaced by a new Parkdale Library. The building housed the offices of the Parkdale Branch of Toronto Public Health until September 2012. A $6.2 million renovation transformed the building into a 21st-century live arts hub and incubator and the permanent home of The Theatre Centre (http://www.theatrecentre.org). The renovation started in 2012. [90]",Alphabetical listing,List of Carnegie libraries in Canada
Toronto Public Library — Riverdale Branch,public,Toronto,Ontario,Canada,"January 23, 1903","25,000","October 19, 1910",370 Broadview Ave.,43.665901,-79.352794,,,,Alphabetical listing,List of Carnegie libraries in Canada
Toronto Public Library — Wychwood Branch,public,Toronto,Ontario,Canada,"August 8, 1908","20,000","October 31, 1916",1431 Bathurst St.,43.682011,-79.417821,,,by architect Eden Smith [20],Alphabetical listing,List of Carnegie libraries in Canada
Toronto Public Library — Yorkville Branch,public,Toronto,Ontario,Canada,"January 23, 1903","25,000","June 13, 1907",22 Yorkville Ave.,43.671810,-79.388624,,,,Alphabetical listing,List of Carnegie libraries in Canada
Toronto Junction Public Library,public,Toronto Junction,Ontario,Canada,"April 6, 1908","20,000","September 1, 1909",145 Annette St.,43.663589,-79.466221,,,by architect James Augustus Ellis [91] Renamed Annette St. Branch in 1962.,Alphabetical listing,List of Carnegie libraries in Canada
Vancouver Public Library,public,Vancouver,British Columbia,Canada,"March 25, 1901","50,000","October 1, 1903",401 Main St.,49.2812,-123.1,,https://en.wikipedia.org/wiki/Vancouver_Public_Library,"by architect George William Grant [92] Closed in 1957. Since 1980, it has been the Carnegie Community Centre, but there is still a branch library operating on the first floor.",Alphabetical listing,List of Carnegie libraries in Canada
Victoria Public Library,public,Victoria,British Columbia,Canada,,,1905,794 Yates St.,48.425999,-123.362201,,,by architects Thomas Hooper [93] and C. Elwood Watkins. Sold in 1980s to Westcoast Savings Credit Union and currently used as office space rented to commercial and institutional tenants. [94],Alphabetical listing,List of Carnegie libraries in Canada
Walkerton Public Library,public,Walkerton,Ontario,Canada,"March 29, 1911","10,000",,253 Durham St. E,44.133347,-81.149205,,,by architect George Gray [44],Alphabetical listing,List of Carnegie libraries in Canada
Wallaceburg Public Library,public,Wallaceburg,Ontario,Canada,"March 24, 1906","11,500","December 12, 1907",,,,,,by architect Arthur M Piper [32],Alphabetical listing,List of Carnegie libraries in Canada
Waterloo Public Library,public,Waterloo,Ontario,Canada,"July 18, 1902","10,000","November 1, 1905",40 Albert St.,43.466830,-80.524598,,https://en.wikipedia.org/wiki/Waterloo_Public_Library,by architect Charles John Moogk [95] Now the headquarters of Habitat for Humanity Canada.,Alphabetical listing,List of Carnegie libraries in Canada
Watford Public Library,public,Watford,Ontario,Canada,"May 17, 1912","6,000",,5317 Nauvoo Rd.,42.949930,-81.879985,,,by architect William Austin Mahoney [6],Alphabetical listing,List of Carnegie libraries in Canada
Welland Public Library,public,Welland,Ontario,Canada,"December 8, 1913","25,000",1923,140 King St.,42.989391,-79.251041,,,by architect Norman A. Kearns Now the Welland Museum.,Alphabetical listing,List of Carnegie libraries in Canada
Weston Public Library,public,"Weston, Toronto",Ontario,Canada,"January 2, 1913","10,000","December 29, 1914",2 King St.,43.701479,-79.520574,,,by architects Lindsay & Brydon [20] Now part of Toronto Public Library system.,Alphabetical listing,List of Carnegie libraries in Canada
Whitby Public Library,public,Whitby,Ontario,Canada,"April 8, 1911","10,000",1914,132 Dundas St. W,43.879570,-78.943344,,https://en.wikipedia.org/wiki/Whitby_Public_Library,"by architect William Austin Mahoney [6] Closed in 1973, this building is now used as a law office.",Alphabetical listing,List of Carnegie libraries in Canada
Winnipeg Public Library — William Avenue,public,Winnipeg,Manitoba,Canada,1904,"75,000","October 11, 1905",380 William Ave.,49.900702,-97.144695,,https://en.wikipedia.org/wiki/Winnipeg_Public_Library,"Designed by architect Samuel Hooper (1851-1911), it was built by the construction firm of Smith and Sharp. [96] Closed in 1994 and now home to the City of Winnipeg Archives.",Alphabetical listing,List of Carnegie libraries in Canada
Winnipeg Public Library — Cornish Branch,public,Winnipeg,Manitoba,Canada,1914,"30,000",,20 West Gate,49.878094,-97.159007,,,"Designed by architect Samuel Frank Peters (1847-1926), it was built by the National Construction Company. [97] The grant was jointly awarded for this branch and the Winnipeg — St. John's Branch.",Alphabetical listing,List of Carnegie libraries in Canada
Winnipeg Public Library — St. John's Branch,public,Winnipeg,Manitoba,Canada,1914,"28,800",,500 Salter St.,49.925302,-97.132972,,,"Designed by architect John Nelson Semmens (1879-1960), it was built by construction firm of Fraser and MacDonald. [98] The grant was jointly awarded for this branch and the Winnipeg — Cornish Branch.",Alphabetical listing,List of Carnegie libraries in Canada
Windsor Public Library,public,Windsor,Ontario,Canada,"February 13, 1901","27,000","October 16, 1903",Park St. and Victoria St.,42.31592,-83.04035,,https://en.wikipedia.org/wiki/Windsor_Public_Library,by architects John Scott & Co. First Carnegie library granted in Canada.,Alphabetical listing,List of Carnegie libraries in Canada
Woodstock Public Library,public,Woodstock,Ontario,Canada,"July 6, 1905","24,000",1909,449 Hunter St.,43.131102,-80.762525,,,by architect William Craven Vaux Chadwick [99],Alphabetical listing,List of Carnegie libraries in Canada
Alamosa,public,Alamosa,Colorado,United States,"Mar 21, 1908","$6,000",,,,,,,"Dedicated February 24, 1910, closed in 1961, demolished December 1962",Public libraries,List of Carnegie libraries in Colorado
Boulder,public,Boulder,Colorado,United States,"Feb 20, 1904","$15,000",,1125 Pine St.,,,Carnegie_Library_Boulder_CO.jpg,"https://en.wikipedia.org/wiki/Carnegie_Library_(Boulder,_Colorado)",Completed in 1906,Public libraries,List of Carnegie libraries in Colorado
Brush,public,Brush,Colorado,United States,"Jun 11, 1914","$6,000",,500 Clayton St.,,,"Brush,_Colorado_Carnegie_Library.JPG",,Completed in 1915,Public libraries,List of Carnegie libraries in Colorado
Cañon City,public,Cañon City,Colorado,United States,"Dec 14, 1901","$13,000",,516 Macon Ave.,,,Canon_City_Colorado_Old_Carnegie_Library.jpg,,Built in 1902,Public libraries,List of Carnegie libraries in Colorado
Old Colorado City Branch,public,Old Colorado City,Colorado,United States,Jan 1903,"$10,000",,2418 W. Pikes Peak Ave.,,,Old_Colorado_City_Carnegie_Library.jpg,https://en.wikipedia.org/wiki/Old_Colorado_City_Branch_Carnegie_Library,Completed in 1904,Public libraries,List of Carnegie libraries in Colorado
Colorado Springs,public,Colorado Springs,Colorado,United States,"Jan 2, 1903","$60,000",,21 W. Kiowa St.,,,Colorado_Springs_Public_Library-Carnegie_Building.JPG,https://en.wikipedia.org/wiki/Colorado_Springs_Public_Library-Carnegie_Building,Completed in 1905,Public libraries,List of Carnegie libraries in Colorado
Delta,public,Delta,Colorado,United States,"Feb 20, 1911","$6,500",,211 W. 6th St.,,,Delta_Carnegie_Library.JPG,,Completed in 1912,Public libraries,List of Carnegie libraries in Colorado
Denver Main Branch,public,Denver,Colorado,United States,"Mar 14, 1902","$360,000 [c]",,144 W. Colfax Ave.,,,McNichols_Civic_Center_Building.JPG,,"Dedicated February 1910, now the McNichols Civic Center",Public libraries,List of Carnegie libraries in Colorado
Denver Warren Branch,public,Denver,Colorado,United States,"Mar 14, 1902",,,3354 High St.,,,Warren_Branch_Library.JPG,,"Completed in 1913, now used for residential lofts",Public libraries,List of Carnegie libraries in Colorado
Denver Woodbury Branch,public,Denver,Colorado,United States,"Mar 14, 1902",,,3265 Federal Blvd.,,,"Woodbury_Branch_Library_(Denver,_Colorado).JPG",,Built in 1912,Public libraries,List of Carnegie libraries in Colorado
Denver Dickinson Branch,public,Denver,Colorado,United States,"Mar 14, 1902",,,1545 Hooker St.,,,Dickinson_Branch_Library.JPG,,"Completed in 1914, closed in 1954, now houses an architecture firm",Public libraries,List of Carnegie libraries in Colorado
Denver Decker Branch,public,Denver,Colorado,United States,"Mar 14, 1902",,,1501 S. Logan St.,,,"Decker_Branch_Library_(Denver,_Colorado).JPG",,Completed in 1913,Public libraries,List of Carnegie libraries in Colorado
"Denver John ""Thunderbird Man"" Emhoolah Jr. Branch",public,Denver,Colorado,United States,"Mar 14, 1902",,,675 Santa Fe Dr.,,,"Byers_Branch_Library_(Denver,_Colorado).JPG",,Completed in 1918,Public libraries,List of Carnegie libraries in Colorado
Denver Smiley Branch,public,Denver,Colorado,United States,"Mar 14, 1902",,,4501 W. 46th Ave.,,,"Smiley_Branch_Library_(Denver,_Colorado).JPG",,Completed in 1918,Public libraries,List of Carnegie libraries in Colorado
Denver Park Hill Branch,public,Denver,Colorado,United States,"Mar 14, 1902",,,4705 Montview Blvd.,,,Park_Hill_Branch_Library.JPG,,Built 1920 in Spanish Renaissance style,Public libraries,List of Carnegie libraries in Colorado
Denver Elyria Branch,public,Denver,Colorado,United States,"Mar 14, 1902",,,1901 E. 47th Ave.,,,Elyria_Branch_Library.JPG,,"Opened in 1923, closed in 1952, now a private residence",Public libraries,List of Carnegie libraries in Colorado
Durango,public,Durango,Colorado,United States,"Jan 16, 1906","$15,000",,1188 E. 2nd Ave.,,,City_of_Durango_Carnegie_Building.JPG,,"Completed in 1906, now houses city offices",Public libraries,List of Carnegie libraries in Colorado
Florence,public,Florence,Colorado,United States,"Feb 3, 1917","$10,000",,100 W. 2nd St.,,,"Florence,_Colorado_Carnegie_library.JPG",,Completed in 1919,Public libraries,List of Carnegie libraries in Colorado
Fort Collins,public,Fort Collins,Colorado,United States,"Jan 22, 1903","$12,500",,200 Mathews St.,,,Museum-front2.jpg,https://en.wikipedia.org/wiki/Fort_Collins_Museum_and_Discovery_Science_Center,"Completed in 1904, closed in 1976. Now houses a museum",Public libraries,List of Carnegie libraries in Colorado
Fort Morgan,public,Fort Morgan,Colorado,United States,"Nov 17, 1914","$10,000",,414 Main St.,,,,,"Completed in 1916, original building surrounded by a later addition",Public libraries,List of Carnegie libraries in Colorado
Grand Junction,public,Grand Junction,Colorado,United States,"Dec 21, 1899","$8,000",,7th St. and Grand Ave.,,,,,Completed in 1901; demolished,Public libraries,List of Carnegie libraries in Colorado
Idaho Springs,public,Idaho Springs,Colorado,United States,"Jun 1, 1903","$10,443",,219 14th Ave.,,,Carnegie_Library_(Idaho_Sps)_2016-07-12_1134.jpg,,Completed in 1904,Public libraries,List of Carnegie libraries in Colorado
Lamar,public,Lamar,Colorado,United States,"Feb 6, 1907","$12,000",,,,,,,"Completed in 1908, demolished in 1975",Public libraries,List of Carnegie libraries in Colorado
Leadville,public,Leadville,Colorado,United States,"Jun 21, 1901","$20,000",,102 E. 9th St.,,,Leadville_Heritage_Museum.jpeg,,"Completed in 1904, became the Leadville Heritage Museum in 1971",Public libraries,List of Carnegie libraries in Colorado
Littleton,public,Littleton,Colorado,United States,"Jan 6, 1915","$8,000",,2707 W. Main St.,,,Carnegie_Library_2015-06_812.jpg,,"Completed in 1917, now a restaurant",Public libraries,List of Carnegie libraries in Colorado
Longmont,public,Longmont,Colorado,United States,"Dec 13, 1907","$12,500",,457 Fourth Ave.,,,Longmont_Carnegie_Library.jpg,,"Completed in 1913, now houses city offices",Public libraries,List of Carnegie libraries in Colorado
Loveland,public,Loveland,Colorado,United States,"May 2, 1907","$10,000",,205 E. 6th St.,,,,,"Completed in 1908, demolished in 1964",Public libraries,List of Carnegie libraries in Colorado
Manitou,public,Manitou Springs,Colorado,United States,"Dec 13, 1909","$6,500",,701 Manitou Ave.,,,Manitou_Springs_Library.JPG,,Completed in 1911. Library services moved to another building in 2021 [1] while the Carnegie building is being updated.,Public libraries,List of Carnegie libraries in Colorado
Monte Vista,public,Monte Vista,Colorado,United States,"May 15, 1916","$10,000",,120 Jefferson St.,,,"Carnegie_Library_(Monte_Vista,_Colorado).JPG","https://en.wikipedia.org/wiki/Carnegie_Library_(Monte_Vista,_Colorado)",Opened June 1919,Public libraries,List of Carnegie libraries in Colorado
Pueblo,public,Pueblo,Colorado,United States,"Feb 4, 1902","$70,000",,100 E. Abriendo Ave.,,,,,"Completed in 1904, demolished c. 1965",Public libraries,List of Carnegie libraries in Colorado
Rocky Ford,public,Rocky Ford,Colorado,United States,"Dec 24, 1907","$10,000",,1005 Sycamore Ave.,,,"Rocky_Ford,_Colorado_Carnegie_library_from_N_1.JPG",,"Completed in 1909, now a museum",Public libraries,List of Carnegie libraries in Colorado
Salida,public,Salida,Colorado,United States,"Dec 23, 1905","$9,000",,405 E St.,,,NW_Corner_of_Library.jpg,,Completed in 1909,Public libraries,List of Carnegie libraries in Colorado
Silverton,public,Silverton,Colorado,United States,"Jan 19, 1905","$12,000",,1111 Reese St.,,,Silverton_(Colorado)_Public_Library.JPG,,Completed in 1906,Public libraries,List of Carnegie libraries in Colorado
Sterling,public,Sterling,Colorado,United States,"Dec 3, 1915","$12,500",,210 S. 4th St.,,,Sterling_Public_Library_(old).JPG,,"Completed in 1918, now a private residence.",Public libraries,List of Carnegie libraries in Colorado
Trinidad,public,Trinidad,Colorado,United States,"Mar 20, 1903","$15,000",,202 N. Animas St.,,,"Trinidad,_CO,_Public_Library_IMG_5020.JPG",,Completed in 1904,Public libraries,List of Carnegie libraries in Colorado
Bridgeport East Branch,public,Bridgeport,Connecticut,United States,"Apr 13, 1914","$50,000",,201 Jane St.,41.19033,-73.18236,,,"Designed by architect Edward Lippincott Tilton of New York City. [4] This neoclassical building opened July 26, 1918, and was closed in the 1980s. It was recently a church.",Carnegie libraries,List of Carnegie libraries in Connecticut
Bridgeport North Branch,public,Bridgeport,Connecticut,United States,"Apr 13, 1914","($50,000)",,3455 Madison Ave.,41.19345,-73.19791,,,"Designed by architect Edward Lippincott Tilton of New York City. [4] This Neo-Renaissance building opened July 25, 1918, and served as a library until 1995. It is currently for sale.",Carnegie libraries,List of Carnegie libraries in Connecticut
Derby Neck,public,Derby,Connecticut,United States,"Mar 12, 1906","$3,400",,307 Hawthorne Ave.,41.33147,-73.10092,,,"Designed by architect Henry Killam Murphy of New York City. Major expansions in 1972 and 2002 allowed this neoclassical design to be greatly enlarged. It opened January 5, 1907. [5]",Carnegie libraries,List of Carnegie libraries in Connecticut
Enfield,public,Enfield,Connecticut,United States,"Nov 9, 1910","$20,000",,159 Pearl St.,41.99490,-72.59019,"Pearl_Street_Branch_Library,_Thompsonville_CT.jpg",,"Designed by architects McLean & Wright of Boston. [6] Opened May 5, 1914, this building remains a branch of the larger Enfield central library.",Carnegie libraries,List of Carnegie libraries in Connecticut
New Haven Fair Haven Branch,public,New Haven,Connecticut,United States,"Mar 14, 1913","$60,000",,182 Grand Ave.,41.30957,-72.89431,,,"Designed by architect Leoni W. Robinson of New Haven. [7] Opened in 1916, this building underwent a major renovation in 1993.",Carnegie libraries,List of Carnegie libraries in Connecticut
New Haven Davenport Branch,public,New Haven,Connecticut,United States,"Mar 14, 1913","($60,000)",,265 Portsea St.,41.29736,-72.93497,,,Designed by architect Charles Scranton Palmer of New Haven. [8] This building was used as a library from 1922 until 1978 but is now a radio station.,Carnegie libraries,List of Carnegie libraries in Connecticut
New Haven Dixwell Branch,public,New Haven,Connecticut,United States,"Mar 14, 1913","($60,000)",,555 Dixwell Ave.,41.32944,-72.93504,,,Designed by architects Norton & Townsend of New Haven. This building was used as a library from 1921 to 1968. It is now a church of the United Holy Church of America.,Carnegie libraries,List of Carnegie libraries in Connecticut
Norwalk,public,Norwalk,Connecticut,United States,"Aug 16, 1901","$20,000",,1 Belden Ave.,41.12100,-73.41528,,,"Designed by architects W. & G. Audsley of New York City, this Elizabethan building was opened in 1903 and expanded greatly in 1982.",Carnegie libraries,List of Carnegie libraries in Connecticut
South Norwalk,public,South Norwalk,Connecticut,United States,"Apr 23, 1908","$20,000",,10 Washington St.,41.09962,-73.42114,,,"Designed by architects McLean & Wright of Boston. [9] Granted when South Norwalk was still independent of Norwalk, this building had additions built in 1950 and 2005.",Carnegie libraries,List of Carnegie libraries in Connecticut
Unionville,public,Unionville,Connecticut,United States,"Sep 25, 1914","$8,500",,15 School St.,41.75888,-72.88856,"West_End_Library,_Farmington,_Connecticut.jpg",https://en.wikipedia.org/wiki/West_End_Library,"Designed by architect Edward Lippincott Tilton of New York City. This building was a library from 1917 to around 1970, after which it became the Unionville Museum. [10]",Carnegie libraries,List of Carnegie libraries in Connecticut
West Haven,public,West Haven,Connecticut,United States,"Aug 6, 1906","$10,000",,300 Elm St.,41.27616,-72.95218,,,"Designed by architects McLean & Wright of Boston. [11] After opening September 1, 1909, it has remained in continuous use as a library since, expanding in 1960 and 2002. [12]",Carnegie libraries,List of Carnegie libraries in Connecticut
Anglesea Street,public,,Cork,Ireland,,,,Anglesea Street,,,"The_Carnegie_Free_Library,_Cork_(27602890902).jpg",,foundation stone laid 1903; destroyed in the Burning of Cork [6],Ireland,List of Carnegie libraries in Europe
Ashe Street. Youghal,public,,Cork,Ireland,,,,Ashe Street. Youghal,,,,,Also used as a Quaker meeting house [7],Ireland,List of Carnegie libraries in Europe
Millstreet,public,,Cork,Ireland,,,,Millstreet,,,,,,Ireland,List of Carnegie libraries in Europe
Balbriggan,public,,Dublin,Ireland,,,,Balbriggan,,,County_Dublin_-_Balbriggan_Carnegie_Free_Library_-_20200907181504.jpg,,Built c1905 [8],Ireland,List of Carnegie libraries in Europe
Ballsbridge,public,,Dublin,Ireland,,,,Ballsbridge,,,,,(1929) [9],Ireland,List of Carnegie libraries in Europe
"Blackrock, Dublin",public,,Dublin,Ireland,,,,"Blackrock, Dublin",,,"Blackrock_Town_Hall,_Dublin.JPG",,[10],Ireland,List of Carnegie libraries in Europe
Cabinteely,public,,Dublin,Ireland,,,,Cabinteely,,,,,[11] [12],Ireland,List of Carnegie libraries in Europe
Clondalkin,public,,Dublin,Ireland,,,,Clondalkin,,,,,[13],Ireland,List of Carnegie libraries in Europe
Dalkey,public,,Dublin,Ireland,,,,Dalkey,,,,,[14],Ireland,List of Carnegie libraries in Europe
"Charleville Mall, North Strand",public,,Dublin,Ireland,,,,"Charleville Mall, North Strand",,,County_Dublin_-_Charleville_Mall_Library_-_20200907143550.jpg,,[15],Ireland,List of Carnegie libraries in Europe
"Dundrum, Dublin",public,,Dublin,Ireland,,,,"Dundrum, Dublin",,,,,still in use as a library [16] [17],Ireland,List of Carnegie libraries in Europe
Dún Laoghaire,public,,Dublin,Ireland,,,,Dún Laoghaire,,,,,[18] [19],Ireland,List of Carnegie libraries in Europe
Garristown,public,,Dublin,Ireland,,,,Garristown,,,County_Dublin_-_Garristown_Carnegie_Free_Library_-_20210930131506.jpg,,1912 [20],Ireland,List of Carnegie libraries in Europe
Glencullen,public,,Dublin,Ireland,,,,Glencullen,,,,,1907 [21],Ireland,List of Carnegie libraries in Europe
Kish Bank lighthouse,public,,Dublin,Ireland,,,,Kish Bank lighthouse,,,Carnegie_Library_Lighthouse_Service.JPG,,[22],Ireland,List of Carnegie libraries in Europe
"Lusk, County Dublin",public,,Dublin,Ireland,,,,"Lusk, County Dublin",,,County_Dublin_-_Lusk_Community_Hall_-_20190518165304.jpg,,(1908) [23],Ireland,List of Carnegie libraries in Europe
Malahide,public,,Dublin,Ireland,,,,Malahide,,,MalahideLibrary.jpg,,,Ireland,List of Carnegie libraries in Europe
"Pearse Street, Dublin City Public Libraries and Archive",public,,Dublin,Ireland,,,,"Pearse Street, Dublin City Public Libraries and Archive",,,Dublin_City_Library_&_Archive.jpg,,,Ireland,List of Carnegie libraries in Europe
Rathmines,public,,Dublin,Ireland,,,,Rathmines,,,,,(1913) [24],Ireland,List of Carnegie libraries in Europe
Sandyford,public,,Dublin,Ireland,,,,Sandyford,,,Sandyford_Community_Centre_-_geograph.org.uk_-_541143.jpg,,[25],Ireland,List of Carnegie libraries in Europe
Shankill,public,,Dublin,Ireland,,,,Shankill,,,,,"(1912, R.M Butler) [26]",Ireland,List of Carnegie libraries in Europe
"Skerries, County Dublin",public,,Dublin,Ireland,,,,"Skerries, County Dublin",,,County_Dublin_-_Skerries_Carnegie_Free_Library_-_20190615205222.jpg,,"Strand street. 1911, still in use as a library [27] [28]",Ireland,List of Carnegie libraries in Europe
"Swords, County Dublin",public,,Dublin,Ireland,,,,"Swords, County Dublin",,,County_Dublin_-_Swords_Carnegie_Free_Library_-_20180908220620.jpg,,,Ireland,List of Carnegie libraries in Europe
"Whitechurch, Dublin",public,,Dublin,Ireland,,,,"Whitechurch, Dublin",,,County_Dublin_-_Whitechurch_Branch_Library_-_20171011214552.jpg,,(1911) [29] [30],Ireland,List of Carnegie libraries in Europe
Caherciveen,public,,Kerry,Ireland,,,,Caherciveen,,,,,[31],Ireland,List of Carnegie libraries in Europe
Castleisland,public,,Kerry,Ireland,,,,Castleisland,,,,,[32],Ireland,List of Carnegie libraries in Europe
Dingle,public,,Kerry,Ireland,,,,Dingle,,,"Dingle,_Ireland_Carnegie_Library_-_July_2023.jpg",,[33] [34],Ireland,List of Carnegie libraries in Europe
Kenmare,public,,Kerry,Ireland,,,,Kenmare,,,Carnegie_Library_-_geograph.org.uk_-_1415293.jpg,,[35],Ireland,List of Carnegie libraries in Europe
Killorglin,public,,Kerry,Ireland,,,,Killorglin,,,,,1909 [36],Ireland,List of Carnegie libraries in Europe
Listowel,public,,Kerry,Ireland,,,,Listowel,,,,,[37] [38],Ireland,List of Carnegie libraries in Europe
Tralee,public,,Kerry,Ireland,,,,Tralee,,,,,,Ireland,List of Carnegie libraries in Europe
"Kilkenny city, John's Quay",public,,Kilkenny,Ireland,,,,"Kilkenny city, John's Quay",,,Carnegie_Library_-_geograph.org.uk_-_3145738.jpg,,"1910, still in use as a library [39]",Ireland,List of Carnegie libraries in Europe
Athea,public,,Limerick,Ireland,,,,Athea,,,,,1917 [40],Ireland,List of Carnegie libraries in Europe
Askeaton,public,,Limerick,Ireland,,,,Askeaton,,,,,[41],Ireland,List of Carnegie libraries in Europe
Ballyhahill,public,,Limerick,Ireland,,,,Ballyhahill,,,,,[42],Ireland,List of Carnegie libraries in Europe
Ballysteen,public,,Limerick,Ireland,,,,Ballysteen,,,,,[43],Ireland,List of Carnegie libraries in Europe
"Broadford, County Limerick",public,,Limerick,Ireland,,,,"Broadford, County Limerick",,,,,[44],Ireland,List of Carnegie libraries in Europe
Clouncagh,public,,Limerick,Ireland,,,,Clouncagh,,,,,1917 [45],Ireland,List of Carnegie libraries in Europe
Croagh,public,,Limerick,Ireland,,,,Croagh,,,,,[46],Ireland,List of Carnegie libraries in Europe
"Feenagh, County Limerick",public,,Limerick,Ireland,,,,"Feenagh, County Limerick",,,,,[47],Ireland,List of Carnegie libraries in Europe
Kilcolman,public,,Limerick,Ireland,,,,Kilcolman,,,,,[48],Ireland,List of Carnegie libraries in Europe
Kildimo,public,,Limerick,Ireland,,,,Kildimo,,,,,[49],Ireland,List of Carnegie libraries in Europe
"Pery Square, Limerick City",public,,Limerick,Ireland,,,,"Pery Square, Limerick City",,,Limerick_City_Gallery_of_Art_(14456343392).jpg,,"1906, Limerick City Gallery of Art [50]",Ireland,List of Carnegie libraries in Europe
Newcastle West,public,,Limerick,Ireland,,,,Newcastle West,,,,,[51] [52],Ireland,List of Carnegie libraries in Europe
Pallaskenry,public,,Limerick,Ireland,,,,Pallaskenry,,,,,[53],Ireland,List of Carnegie libraries in Europe
Rathkeale,public,,Limerick,Ireland,,,,Rathkeale,,,,,[43],Ireland,List of Carnegie libraries in Europe
"Shanagolden, County Limerick",public,,Limerick,Ireland,,,,"Shanagolden, County Limerick",,,,,[54],Ireland,List of Carnegie libraries in Europe
Drogheda,public,,Louth,Ireland,,,,Drogheda,,,,,[55],Ireland,List of Carnegie libraries in Europe
"Ballyduff, County Waterford",public,,Waterford,Ireland,,,,"Ballyduff, County Waterford",,,,,[56],Ireland,List of Carnegie libraries in Europe
Cappoquin,public,,Waterford,Ireland,,,,Cappoquin,,,,,[57],Ireland,List of Carnegie libraries in Europe
"Lismore, County Waterford",public,,Waterford,Ireland,,,,"Lismore, County Waterford",,,,,1910 [58],Ireland,List of Carnegie libraries in Europe
"Tallow, County Waterford",public,,Waterford,Ireland,,,,"Tallow, County Waterford",,,,,[59],Ireland,List of Carnegie libraries in Europe
Waterford City Library,public,,Waterford,Ireland,,,,Waterford City Library,,,Foundation_stone_of_Waterford_Free_Library.jpg,,foundation stone laid 1903 – first Carnegie library in Ireland and still in use [60],Ireland,List of Carnegie libraries in Europe
"Bray, County Wicklow",public,,Wicklow,Ireland,,,,"Bray, County Wicklow",,,,,[61],Ireland,List of Carnegie libraries in Europe
Enniskerry,public,,Wicklow,Ireland,,,,Enniskerry,,,,,[62],Ireland,List of Carnegie libraries in Europe
Greystones,public,,Wicklow,Ireland,,,,Greystones,,,,,[63] [64],Ireland,List of Carnegie libraries in Europe
Brentford Library,public,London,England,United Kingdom,,,1903,,,,,https://en.wikipedia.org/wiki/Brentford_Library,"brick and terracotta construction, designed by Nowell Parr, Grade II listed",England,List of Carnegie libraries in Europe
Bromley,public,London,England,United Kingdom,,,1908,,,,,,"designed by Evelyn Hellicar (1862–1929), now demolished",England,List of Carnegie libraries in Europe
Crofton Park,public,London,England,United Kingdom,,,1905,,,,,,brick and stone (community run by Eco Communities and Lewisham Borough),England,List of Carnegie libraries in Europe
Cubitt Town,public,London,England,United Kingdom,,,1905,,,,,,brick and stone (Tower Hamlets Council),England,List of Carnegie libraries in Europe
Custom House,public,London,England,United Kingdom,,,1905,,,,,,brick and stone. Still in use as a public library,England,List of Carnegie libraries in Europe
Deptford,public,London,England,United Kingdom,,,1914,,,,,,"brick and stone (closed 1991, now Lewisham Arthouse artists' studios, public gallery and workshop)",England,List of Carnegie libraries in Europe
Enfield,public,London,England,United Kingdom,,,1912,,,,,,heavily extended to the rear in 2010,England,List of Carnegie libraries in Europe
Enfield Highway,public,London,England,United Kingdom,,,1910,,,,,,Extended in 1938,England,List of Carnegie libraries in Europe
Erith,public,London,England,United Kingdom,,,1906,,,,,,"Grade II listed in 1996. Partly occupied, following relocation of the library in 2009",England,List of Carnegie libraries in Europe
Hanwell,public,London,England,United Kingdom,,,1905,,,,,,/06 (run by London Borough of Ealing),England,List of Carnegie libraries in Europe
Herne Hill,public,London,England,United Kingdom,,,1906,,,,,,"Grade II listed (closed by London Borough of Lambeth 31 March 2016 due to budget cuts, reopened 2018)",England,List of Carnegie libraries in Europe
Homerton,public,London,England,United Kingdom,,,1913,,,,,,Grade II listed (Chats Palace Arts Centre since 1976),England,List of Carnegie libraries in Europe
Islington,public,London,England,United Kingdom,,,,,,,,,Grade II listed,England,List of Carnegie libraries in Europe
"King's College, London",academic,London,England,United Kingdom,,,,,,,,,The Carnegie Collection of British Music on loan to The Maughan Library,England,List of Carnegie libraries in Europe
Kingston upon Thames,public,London,England,United Kingdom,,,1903,,,,,,Carnegie also funded the separate building for the Kingston Museum 1904,England,List of Carnegie libraries in Europe
"Lea Bridge Road, Leyton",public,London,England,United Kingdom,,,,,,,,,,England,List of Carnegie libraries in Europe
Manor Park,public,London,England,United Kingdom,,,1905,,,,,,brick and stone (library relocated 2012–2013),England,List of Carnegie libraries in Europe
New Cross,public,London,England,United Kingdom,,,1911,,,,,,"brick and stone, designed by Gerald Warren & Stanley E Castle (now Music Room studios)",England,List of Carnegie libraries in Europe
Southall,public,London,England,United Kingdom,,,1905,,,,,,closed down in 2014 and relocated services to Dominion Centre in The Green. Library building is now being used to house the Southall Christian Fellowship,England,List of Carnegie libraries in Europe
Sydenham,public,London,England,United Kingdom,,,,,,,,,(run by London Borough of Lewisham),England,List of Carnegie libraries in Europe
Teddington,public,London,England,United Kingdom,,,1906,,,,,,brick and stone construction,England,List of Carnegie libraries in Europe
Thornton Heath,public,London,England,United Kingdom,,,,,,,,,,England,List of Carnegie libraries in Europe
Twickenham,public,London,England,United Kingdom,,,1906,,,,,,/7,England,List of Carnegie libraries in Europe
Walthamstow,public,London,England,United Kingdom,,,1907,,,,,,09,England,List of Carnegie libraries in Europe
West Greenwich,public,London,England,United Kingdom,,,1907,,,,,,,England,List of Carnegie libraries in Europe
Aston Cross,public,Birmingham,England,United Kingdom,,,1903,,,,,,,England,List of Carnegie libraries in Europe
Bartley Green,public,Birmingham,England,United Kingdom,,,1905,,,,,,,England,List of Carnegie libraries in Europe
Birchfield,public,Birmingham,England,United Kingdom,,,1904,,,,,,,England,List of Carnegie libraries in Europe
Erdington,public,Birmingham,England,United Kingdom,,,1907,,,,,,,England,List of Carnegie libraries in Europe
King's Heath,public,Birmingham,England,United Kingdom,,,1905,,,,,,Renaissance classical style with art nouveau features Grade II listed,England,List of Carnegie libraries in Europe
King's Norton,public,Birmingham,England,United Kingdom,,,1906,,,,,,,England,List of Carnegie libraries in Europe
Northfield Library,public,Birmingham,England,United Kingdom,,,1906,,,,,https://en.wikipedia.org/wiki/Northfield_Library,"destroyed by fire in 1914, reputedly the work of suffragettes, rebuilt using original facade",England,List of Carnegie libraries in Europe
Rednal,public,Birmingham,England,United Kingdom,,,1909,,,,,,,England,List of Carnegie libraries in Europe
Selly Oak Library,public,Birmingham,England,United Kingdom,,,1906,,,,,https://en.wikipedia.org/wiki/Selly_Oak_Library,,England,List of Carnegie libraries in Europe
Stirchley,public,Birmingham,England,United Kingdom,,,1907,,,,,,,England,List of Carnegie libraries in Europe
Earlsdon,public,Coventry,England,United Kingdom,,,1913,,,,,,,England,List of Carnegie libraries in Europe
Foleshill,public,Coventry,England,United Kingdom,,,1913,,,,,,extended 2008,England,List of Carnegie libraries in Europe
Stoke Library,public,Coventry,England,United Kingdom,,,1913,,,,,,,England,List of Carnegie libraries in Europe
Ashton-in-Makerfield,public,Greater Manchester,England,United Kingdom,,,1906,,,,,,Grade II listed in 2009. Temporarily closed in 2024 for roof repairs,England,List of Carnegie libraries in Europe
"Castleton, Rochdale",public,Greater Manchester,England,United Kingdom,,,1905,,,,,,,England,List of Carnegie libraries in Europe
Chadderton,public,Greater Manchester,England,United Kingdom,,,1904,,,,,,"05 Former civic library, Jacobean Revival, designed by J Lindsay Grant of Manchester for Chadderton UDC with funding from Andrew Carnegie.Building was vacated for a new 'Civic Hub' in 2010 and now privately owned. Listed as Grade II in 2011",England,List of Carnegie libraries in Europe
Chorlton,public,Greater Manchester,England,United Kingdom,,,,,,,,,Greater Manchester,England,List of Carnegie libraries in Europe
Didsbury,public,Greater Manchester,England,United Kingdom,,,1915,,,,,,,England,List of Carnegie libraries in Europe
Eccles,public,Greater Manchester,England,United Kingdom,,,1907,,,,,,,England,List of Carnegie libraries in Europe
Farnworth,public,Greater Manchester,England,United Kingdom,,,1911,,,,,,,England,List of Carnegie libraries in Europe
Levenshulme,public,Greater Manchester,England,United Kingdom,,,1904,,,,,,,England,List of Carnegie libraries in Europe
Milnrow,public,Greater Manchester,England,United Kingdom,,,,,,,,,Greater Manchester,England,List of Carnegie libraries in Europe
Pemberton,public,Greater Manchester,England,United Kingdom,,,1907,,,,,,"Ormskirk Road, Pemberton, Grade II listed. Library now closed, used as office space",England,List of Carnegie libraries in Europe
Royton,public,Greater Manchester,England,United Kingdom,,,1907,,,,,,,England,List of Carnegie libraries in Europe
Stockport,public,Greater Manchester,England,United Kingdom,,,1913,,,,,https://en.wikipedia.org/wiki/Stockport_Central_Library,"brick and stone construction. In control of Stockport Metropolitan Borough Council, still in use as Central Library",England,List of Carnegie libraries in Europe
Tyldesley,public,Greater Manchester,England,United Kingdom,,,1909,,,,,,brick and stone construction,England,List of Carnegie libraries in Europe
Westhoughton,public,Greater Manchester,England,United Kingdom,,,1906,,,,,,situated at the rear of the Town Hall,England,List of Carnegie libraries in Europe
Accrington Library,public,Lancashire,England,United Kingdom,,,1907,,,,,https://en.wikipedia.org/wiki/Accrington_Library,(run by Lancashire County Council),England,List of Carnegie libraries in Europe
Burnley,public,Lancashire,England,United Kingdom,,,1930,,,,,,(run by Lancashire County Council),England,List of Carnegie libraries in Europe
Clitheroe,public,Lancashire,England,United Kingdom,,,1905,,,,,https://en.wikipedia.org/wiki/Clitheroe_Library,grade II listed,England,List of Carnegie libraries in Europe
Darwen,public,Lancashire,England,United Kingdom,,,1908,,,,,https://en.wikipedia.org/wiki/Darwen_Library,Yorkshire stone,England,List of Carnegie libraries in Europe
Haslingden,public,Lancashire,England,United Kingdom,,,,,,,,,(run by Lancashire County Council),England,List of Carnegie libraries in Europe
Rawtenstall,public,Lancashire,England,United Kingdom,,,,,,,,https://en.wikipedia.org/wiki/Rawtenstall_Library,,England,List of Carnegie libraries in Europe
Oswaldtwistle,public,Lancashire,England,United Kingdom,,,1915,,,,,,(run by Lancashire County Council),England,List of Carnegie libraries in Europe
St Annes-on-the-Sea,public,Lancashire,England,United Kingdom,,,1906,,,,,https://en.wikipedia.org/wiki/St_Annes-on-the-Sea_Carnegie_Library,brick and terracotta construction (run by Lancashire County Council),England,List of Carnegie libraries in Europe
Birkenhead,public,Merseyside,England,United Kingdom,,,,,,,,,demolished,England,List of Carnegie libraries in Europe
Crosby,public,Merseyside,England,United Kingdom,,,1905,,,,,,"brick and stone, Grade II Listed (closed by Sefton Metropolitan Borough Council in December 2013 - currently a local charity Regenerus is working to develop it as a Carnegie-Crosby a 3rd space for the community)",England,List of Carnegie libraries in Europe
Garston,public,Merseyside,England,United Kingdom,,,,,,,,,Liverpool,England,List of Carnegie libraries in Europe
Newton-le-Willows,public,Merseyside,England,United Kingdom,,,1909,,,,,,"built with a grant of £4,000 (run by St. Helens Metropolitan Borough Council)",England,List of Carnegie libraries in Europe
Sefton Park,public,Merseyside,England,United Kingdom,,,1911,,,,,,Mock Tudor style building with a modern 1960s extension,England,List of Carnegie libraries in Europe
Wallasey,public,Merseyside,England,United Kingdom,,,,,,,,,Central Library,England,List of Carnegie libraries in Europe
Almondbury,public,,England,United Kingdom,,,1906,,,,,,(Kirklees),England,List of Carnegie libraries in Europe
Annfield Plain,public,,England,United Kingdom,,,1908,,,,,,(run by Durham County Council),England,List of Carnegie libraries in Europe
"Arnold, Nottinghamshire",public,,England,United Kingdom,,,1906,,,,,,(demolished in the 1980s),England,List of Carnegie libraries in Europe
Ashby,public,,England,United Kingdom,,,1906,,,,,,"Built with a grant of £1,500",England,List of Carnegie libraries in Europe
Barrow in Furness,public,,England,United Kingdom,,,1922,,,,,https://en.wikipedia.org/wiki/Barrow-in-Furness_Main_Public_Library,(run by Westmorland and Furness Council),England,List of Carnegie libraries in Europe
Batley,public,,England,United Kingdom,,,1907,,,,,,,England,List of Carnegie libraries in Europe
Bideford,public,,England,United Kingdom,,,1905,,,,,,,England,List of Carnegie libraries in Europe
Blackheath,public,,England,United Kingdom,,,1909,,,,,,Grade II listed. Closed in 2011 and now a children's daycare centre,England,List of Carnegie libraries in Europe
Blackpool,public,,England,United Kingdom,,,1911,,,,,,Grade II listed,England,List of Carnegie libraries in Europe
Brierley Hill,public,,England,United Kingdom,,,1904,,,,,,"Designed by the borough surveyor to Brierley Hill, Lewis Harper and built by CA Horton",England,List of Carnegie libraries in Europe
Bolton on Dearne,public,,England,United Kingdom,,,1903,,,,,,"brick. One of the first Carnegie libraries outside Scotland. Formerly Council Offices, currently disused. Community group attempting to raise funds to restore the building and re-open it as a Fitness/Martial arts/Boxing centre for local youth",England,List of Carnegie libraries in Europe
Boston,public,,England,United Kingdom,,,1904,,,,,,Built as part of the Municipal Buildings with a grant of £560,England,List of Carnegie libraries in Europe
Bournemouth,public,Four Carnegie Libraries,England,United Kingdom,,,1907,,,,,,"Winton Branch Library, built with £2,000 from the Carnegie fund, opened on 26 October, by Mayor J. A. Parsons, Grade II listed in 1976; 1909 Springbourne Branch Library, built with £2,000 from the Carnegie fund, opened on 27 March, by Mayor G. E. Bridge; 1910 Boscombe Branch Library, built with £4,000 from the Carnegie fund, designed by Mt C. T. Miles, opened on 22 June, by Mayor G. E. Bridge (relocated to new buildings in 1965); 1916 Westbourne Branch Library, built with £2,000 from the Carnegie fund, opened on 13 May, by Mayor H. Robson, Grade II listed in 1976",England,List of Carnegie libraries in Europe
Bridgwater,public,,England,United Kingdom,,,1905,,,,,,"Edwardian Baroque style, Grade II listed",England,List of Carnegie libraries in Europe
Calne,public,,England,United Kingdom,,,1905,,,,,,,England,List of Carnegie libraries in Europe
"Caversham, Reading",public,,England,United Kingdom,,,1907,,,,,,,England,List of Carnegie libraries in Europe
Chatham,public,,England,United Kingdom,,,1903,,,,,,"by Mayor William D. Driver, the library was partially funded by a £4,500 Carnegie grant. It closed in 1971 due to dry rot and was demolished in 1984",England,List of Carnegie libraries in Europe
Cleator Moor,public,,England,United Kingdom,,,1906,,,,,,grade II listed,England,List of Carnegie libraries in Europe
Cockermouth,public,,England,United Kingdom,,,,,,,,,,England,List of Carnegie libraries in Europe
Cradley Heath,public,,England,United Kingdom,,,1909,,,,,,Grade II Listed,England,List of Carnegie libraries in Europe
Dalton-in-Furness,public,,England,United Kingdom,,,1905,,,,,,,England,List of Carnegie libraries in Europe
Dartford,public,Opened in,England,United Kingdom,,,1916,,,,,https://en.wikipedia.org/wiki/Dartford_Library,"Built with a grant of £7,400, Red brick and Bath stone, Grade-II listed in 1975 (run by Kent County Council)",England,List of Carnegie libraries in Europe
Derby,public,,England,United Kingdom,,,,,,,,,Pear Tree Road,England,List of Carnegie libraries in Europe
Eastbourne,public,,England,United Kingdom,,,1904,,,,,,"Built with a grant of £10,000. Destroyed in an air raid 1943",England,List of Carnegie libraries in Europe
Eastleigh,public,,England,United Kingdom,,,1935,,,,,,"The building now forms part of The Point theatre and dance studio, the library having relocated",England,List of Carnegie libraries in Europe
Fenton,public,,England,United Kingdom,,,1906,,,,,https://en.wikipedia.org/wiki/Fenton_Carnegie_Library,brick and stone construction (run by Stoke-on-Trent City Council) - closed 31 March 2011 due to budget cuts,England,List of Carnegie libraries in Europe
Folkestone,public,,England,United Kingdom,,,1910,,,,,,Closed in December 2022 until further notice due to water damage,England,List of Carnegie libraries in Europe
Gainsborough,public,,England,United Kingdom,,,1905,,,,,,"Built with a grant of £4,000",England,List of Carnegie libraries in Europe
Goole,public,,England,United Kingdom,,,1905,,,,,,"with a grant of £3,000. Demolished in the 1960s",England,List of Carnegie libraries in Europe
Gorleston-on-Sea,public,,England,United Kingdom,,,1907,,,,,,"and built with a grant of £2,000. Demolished in 1975",England,List of Carnegie libraries in Europe
Grantham,public,,England,United Kingdom,,,1926,,,,,,"Originally built to house the town's library and museum, with partial funding from the Carnegie UK Trust. The library has since been relocated, but the building has continued in use as a museum",England,List of Carnegie libraries in Europe
Gravesend,public,,England,United Kingdom,,,1905,,,,,,"Built with a grant of £6,000. Grade-II listed in 1975 (run by Kent County Council)",England,List of Carnegie libraries in Europe
Grays,public,,England,United Kingdom,,,1903,,,,,,"Built with a grant of £3,000. Later demolished. Replaced by Essex County Council cultural centre in 1968, with Library on ground floor (run by Thurrock unitary authority). Some remnants of the library remain",England,List of Carnegie libraries in Europe
Great Yarmouth,public,Opened April,England,United Kingdom,,,1905,,,,,,"Built with a grant of £5,000. Damaged in an air raid in 1941 and again in 1942. This library was subsequently demolished",England,List of Carnegie libraries in Europe
Hartlepool,public,,England,United Kingdom,,,1903,,,,,,"The building was designed by H.C. Crummack, Borough Engineer.The library and adjoining former librarian's house (no. 72 Northgate) is Grade II listed on the National Heritage List for England",England,List of Carnegie libraries in Europe
Harrogate,public,,England,United Kingdom,,,1906,,,,,,"Built with a grant of £7,500. Re-opened in October 2010 following refurbishment (run by North Yorkshire Council)",England,List of Carnegie libraries in Europe
Hove,public,,England,United Kingdom,,,1908,,,,,https://en.wikipedia.org/wiki/Hove_Library,"Renaissance style faced with stone, Grade II listed",England,List of Carnegie libraries in Europe
Huthwaite,public,,England,United Kingdom,,,1913,,,,,,now owned by Nottinghamshire County Council and still serving the people of Huthwaite,England,List of Carnegie libraries in Europe
Hull,public,,England,United Kingdom,,,1905,,,,,,"Built with a grant of £3,000. Grade II listed, now the "" Carnegie Heritage Centre """,England,List of Carnegie libraries in Europe
Ilkeston,public,,England,United Kingdom,,,1904,,,,,,this Grade II listed building sits prominently on the marketplace and still operates as a library,England,List of Carnegie libraries in Europe
Ipswich,public,,England,United Kingdom,,,1924,,,,,"https://en.wikipedia.org/wiki/Ipswich_Public_Library_(Ipswich,_Suffolk)",,England,List of Carnegie libraries in Europe
Irchester,public,Opened November,England,United Kingdom,,,1909,,,,,,"Built with a grant of £1,000",England,List of Carnegie libraries in Europe
Keighley,public,,England,United Kingdom,,,1904,,,,,https://en.wikipedia.org/wiki/Keighley_Library,stone construction (run by Bradford Metropolitan District Council). Grade II listed. The first library in England endowed by Carnegie,England,List of Carnegie libraries in Europe
Kendal,public,,England,United Kingdom,,,1909,,,,,,stone construction (run by Westmorland and Furness Council),England,List of Carnegie libraries in Europe
Kettering,public,,England,United Kingdom,,,1904,,,,,,"built with a grant of £8,450, a ""jewelled casket of learning"" opened by Andrew himself at age 68 years",England,List of Carnegie libraries in Europe
King's Lynn,public,,England,United Kingdom,,,1905,,,,,,"and built with a grant of £5,000",England,List of Carnegie libraries in Europe
Knutsford,public,,England,United Kingdom,,,1904,,,,,,Now a day nursery,England,List of Carnegie libraries in Europe
"Langley, Sandwell",public,,England,United Kingdom,,,,,,,,,brick and terracotta construction,England,List of Carnegie libraries in Europe
Leicester,public,Opened,England,United Kingdom,,,1905,,,,,,"by Carnegie in person. Built with a grant of £12,000. Grade II listed",England,List of Carnegie libraries in Europe
Loughborough,public,Leicestershire built in,England,United Kingdom,,,1905,,,,,,,England,List of Carnegie libraries in Europe
Lincoln,public,,England,United Kingdom,,,1913,,,,,,"Built with a grant of £10,000",England,List of Carnegie libraries in Europe
Littlehampton,public,,England,United Kingdom,,,1906,,,,,,Maltravers Road BN17 5NA. The extended & refurbished modern library is run by West Sussex County Council,England,List of Carnegie libraries in Europe
Lowestoft,public,,England,United Kingdom,,,1905,,,,,,Destroyed in an air raid March 1941,England,List of Carnegie libraries in Europe
Luton,public,Opened 1 October,England,United Kingdom,,,1910,,,,,,"Built with a grant of £12,000. Demolished in 1962",England,List of Carnegie libraries in Europe
Mansfield,public,,England,United Kingdom,,,1905,,,,,,"Built with a grant of £3,500. Remained a library until 1977, and is currently used as an arts centre",England,List of Carnegie libraries in Europe
Melton Mowbray,public,,England,United Kingdom,,,1905,,,,,,"Built with a grant of £2,000. Used as a public library until 1974; now Melton Carnegie Museum",England,List of Carnegie libraries in Europe
Middlesbrough,public,Central library,England,United Kingdom,,,1912,,,,,,Middlesbrough’s main public library,England,List of Carnegie libraries in Europe
Neston,public,,England,United Kingdom,,,1907,,,,,,(run by Cheshire West and Chester Council),England,List of Carnegie libraries in Europe
Newbury,public,,England,United Kingdom,,,1906,,,,,,"Built with a grant of £2,000. Used as the town's public library until 2000",England,List of Carnegie libraries in Europe
Newcastle upon Tyne,public,,England,United Kingdom,,,1909,,,,,,,England,List of Carnegie libraries in Europe
New Mills,public,,England,United Kingdom,,,1910,,,,,,"built with a grant of £2,000",England,List of Carnegie libraries in Europe
"Normanton, West Yorkshire",public,,England,United Kingdom,,,1907,,,,,,red brick,England,List of Carnegie libraries in Europe
Northampton,public,,England,United Kingdom,,,1910,,,,,,to a design by Herbert Norman,England,List of Carnegie libraries in Europe
Penistone,public,,England,United Kingdom,,,1913,,,,,,(now used as offices for Barnsley Council),England,List of Carnegie libraries in Europe
Pontefract,public,,England,United Kingdom,,,1904,,,,,,Art nouveau building which now serves as a museum,England,List of Carnegie libraries in Europe
Portsmouth,public,,England,United Kingdom,,,1906,,,,,,Edwardian baroque and free Renaissance style,England,List of Carnegie libraries in Europe
Peterborough,public,,England,United Kingdom,,,1906,,,,,,"Built with a grant of £6,000. Used as the public library until 1990",England,List of Carnegie libraries in Europe
Ramsgate,public,Kent,England,United Kingdom,,,1904,,,,,,,England,List of Carnegie libraries in Europe
Rawmarsh,public,,England,United Kingdom,,,1905,,,,,,,England,List of Carnegie libraries in Europe
Runcorn,public,,England,United Kingdom,,,1906,,,,,"https://en.wikipedia.org/wiki/Carnegie_Library,_Runcorn","with a grant of £3,000 from Andrew Carnegie. Used as a public library until 2012",England,List of Carnegie libraries in Europe
Rushden,public,,England,United Kingdom,,,1905,,,,,,"Built with a grant of £2,000",England,List of Carnegie libraries in Europe
St Albans,public,Opened in,England,United Kingdom,,,1911,,,,,,on Victoria Street. Librarian - Ernest William Green. Fine Edwardian Baroque building. It is now a city centre pub,England,List of Carnegie libraries in Europe
Sandown,public,,England,United Kingdom,,,1905,,,,,,"Built with a grant of £2,000 (run by Isle of Wight County Council, threatened with closure)",England,List of Carnegie libraries in Europe
Scunthorpe,public,,England,United Kingdom,,,1904,,,,,,Used as a public library until 1974. Demolished c.1985,England,List of Carnegie libraries in Europe
Sevenoaks,public,,England,United Kingdom,,,1905,,,,,,"Built with a grant of £3,000. Used as a public library until 1986",England,List of Carnegie libraries in Europe
"Shipley, West Yorkshire",public,,England,United Kingdom,,,1905,,,,,,"stone construction. The building is no longer in use as a library. Shipley, West Yorkshire 1905, stone construction. The building is no longer in use as a library, and has been fully refurbished and converted into offices, and is now the head office of the Carlton Care Group",England,List of Carnegie libraries in Europe
"Skipton, North Yorkshire",public,North Yorkshire,England,United Kingdom,,,1910,,,,,,operated by North Yorkshire Council,England,List of Carnegie libraries in Europe
Solon,academic,,England,United Kingdom,,,,,,,,,"Carnegie Library, no building provided. This academic library comprised books on ceramics. The collection is now in the Horace Barks Reference Library, Stoke-on-Trent",England,List of Carnegie libraries in Europe
Southend-on-Sea,public,,England,United Kingdom,,,1905,,,,,,"Public Library designed by Henry Hare. Since 1981, the building has been in use as the Central Museum, Southend",England,List of Carnegie libraries in Europe
Sowerby Bridge,public,,England,United Kingdom,,,1905,,,,,,stone (run by Calderdale MBC),England,List of Carnegie libraries in Europe
Stafford Old Borough Library,public,Opened,England,United Kingdom,,,1914,,,,,"https://en.wikipedia.org/wiki/Old_Borough_Library,_Stafford",closed as a library in 1998. Grade II listed,England,List of Carnegie libraries in Europe
"Stamford, Lincolnshire",public,,England,United Kingdom,,,1906,,,,,,"Building converted for library use with a grant of £2,500. Grade II listed",England,List of Carnegie libraries in Europe
"Stapleford, Nottinghamshire",public,,England,United Kingdom,,,1906,,,,,,Used as a public library until replacement by modern premises in 1981. Then fell into disrepair until purchased by Stapleford Town Council in 1987 and subsequently renovated and re-opened in 1988 as The Carnegie Centre. Now home to Stapleford Town Council. In use as library during 2013 as the 1981 library is refurbished,England,List of Carnegie libraries in Europe
Stourbridge,public,,England,United Kingdom,,,1904,,,,,,Grade II Listed,England,List of Carnegie libraries in Europe
Stratford-upon-Avon,public,,England,United Kingdom,,,,,,,,,partly timber construction,England,List of Carnegie libraries in Europe
Sunderland,public,Hendon,England,United Kingdom,,,1908,,,,,,"Kayll Road 1909, Monkwearmouth 1909",England,List of Carnegie libraries in Europe
Taunton,public,Opened,England,United Kingdom,,,1905,,,,,,closed in 1996 and is now a wine bar,England,List of Carnegie libraries in Europe
Tinsley,public,,England,United Kingdom,,,1905,,,,,,"a few months before Sheffield's more well known Carnegie library at Walkley, and seven years before Tinsley became part of Sheffield. It served as the branch library until 1985 when the service moved to a new building",England,List of Carnegie libraries in Europe
Tividale,public,,England,United Kingdom,,,1909,,,,,,closed 1966,England,List of Carnegie libraries in Europe
Tuebrook,public,,England,United Kingdom,,,,,,,,,Liverpool. Closed in 2006 due to health and safety concerns. Now being redeveloped as a community hub by local charity Lister Steps,England,List of Carnegie libraries in Europe
Walkley,public,Sheffield,England,United Kingdom,,,1905,,,,,https://en.wikipedia.org/wiki/Walkley_Library,Grade II listed,England,List of Carnegie libraries in Europe
Walsall,public,,England,United Kingdom,,,1906,,,,,,"at a cost of £8,000",England,List of Carnegie libraries in Europe
Drury Lane Library,public,Wakefield,England,United Kingdom,,,1905,,,,,,"stone. Library now closed, replaced by a new library and museum within the Wakefield One civic office building which opened to the public on Monday 29 October 2012, with the lending library on the upper ground floor and local studies section and museum on the lower ground floor. The building was converted by The Art House in 2014 into 34 artists' studios",England,List of Carnegie libraries in Europe
Wednesbury,public,,England,United Kingdom,,,1908,,,,,,"red brick and limestone at a cost of £5,000",England,List of Carnegie libraries in Europe
West Bromwich,public,,England,United Kingdom,,,1907,,,,,,Ruabon facing bricks with Portland stone and terracotta detailing,England,List of Carnegie libraries in Europe
Workington,public,,England,United Kingdom,,,1904,,,,,,built as a library and lecture hall. In use as the Carnegie theatre & arts centre since 1973,England,List of Carnegie libraries in Europe
Worthing,public,,England,United Kingdom,,,1908,,,,,,"Built by Worthing Corporation, the building survives as Worthing Museum & Art Gallery. Today's library was built next door, opened in 1975 and is run by West Sussex County Council",England,List of Carnegie libraries in Europe
Aberdeen Central Library,public,,Scotland,United Kingdom,,,1892,,,,,"https://en.wikipedia.org/wiki/Central_Library,_Aberdeen",,Scotland,List of Carnegie libraries in Europe
Airdrie Public Library,public,,Scotland,United Kingdom,,,1894,,,,,https://en.wikipedia.org/wiki/Airdrie_Public_Library,and 1925,Scotland,List of Carnegie libraries in Europe
"Arthurstone Library, Dundee",public,,Scotland,United Kingdom,,,1905,,,,,,still in use as a library,Scotland,List of Carnegie libraries in Europe
"Carnegie Library, Ayr",public,,Scotland,United Kingdom,,,1893,,,,,,,Scotland,List of Carnegie libraries in Europe
"Blackness Library, Dundee",public,,Scotland,United Kingdom,,,,,,,,,still in use as a library,Scotland,List of Carnegie libraries in Europe
Bridgeton District Library,public,,Scotland,United Kingdom,,,1903,,,,,,by architect James Robert Rhind (now used as Glasgow Women's Library),Scotland,List of Carnegie libraries in Europe
"Broughty Ferry Library, Dundee",public,,Scotland,United Kingdom,,,,,,,,,still in use as a library,Scotland,List of Carnegie libraries in Europe
Bo'ness,public,,Scotland,United Kingdom,,,,,,,,,,Scotland,List of Carnegie libraries in Europe
Burntisland,public,,Scotland,United Kingdom,,,,,,,,,,Scotland,List of Carnegie libraries in Europe
Castle Douglas,public,Library,Scotland,United Kingdom,,,1904,,,,,,by architect George Washington Browne,Scotland,List of Carnegie libraries in Europe
Bonnyrigg,public,,Scotland,United Kingdom,,,,,,,,,,Scotland,List of Carnegie libraries in Europe
Coatbridge library,public,,Scotland,United Kingdom,,,1905,,,,,https://en.wikipedia.org/wiki/Coatbridge_library,pink sandstone construction,Scotland,List of Carnegie libraries in Europe
Coldside Library,public,Dundee,Scotland,United Kingdom,,,1908,,,,,https://en.wikipedia.org/wiki/Coldside_Library,still in use as a library,Scotland,List of Carnegie libraries in Europe
Dennistoun Library,public,,Scotland,United Kingdom,,,1905,,,,,,by architect James Robert Rhind,Scotland,List of Carnegie libraries in Europe
"Ewart Library, Dumfries",public,,Scotland,United Kingdom,,,,,,,,,"named at Carnegie's suggestion after William Ewart, MP for Dumfries Burghs 1841–1868, in 1850 he carried a bill for establishing free libraries supported out of public rates",Scotland,List of Carnegie libraries in Europe
Dunfermline Carnegie Library,public,Dunfermline,Scotland,United Kingdom,,,1883,,,,,https://en.wikipedia.org/wiki/Dunfermline_Carnegie_Library,the first Carnegie library,Scotland,List of Carnegie libraries in Europe
"Edinburgh, Central Lending Library",public,,Scotland,United Kingdom,,,1890,,,,,"https://en.wikipedia.org/wiki/Edinburgh,_Central_Lending_Library","French Renaissance style, by George Washington Browne",Scotland,List of Carnegie libraries in Europe
Fraserburgh,public,,Scotland,United Kingdom,,,,,,,,,,Scotland,List of Carnegie libraries in Europe
Govanhill & Crosshill District Library,public,,Scotland,United Kingdom,,,1906,,,,,,by architect James Robert Rhind,Scotland,List of Carnegie libraries in Europe
Grangemouth,public,,Scotland,United Kingdom,,,1889,,,,,,"the second Carnegie library (which opened shortly before Braddock, the first Carnegie library in the US)",Scotland,List of Carnegie libraries in Europe
Hamilton townhouse library,public,,Scotland,United Kingdom,,,1907,,,,,https://en.wikipedia.org/wiki/Hamilton_townhouse_library,,Scotland,List of Carnegie libraries in Europe
Hawick Library,public,,Scotland,United Kingdom,,,1904,,,,,https://en.wikipedia.org/wiki/Hawick_Library,,Scotland,List of Carnegie libraries in Europe
"Hugh Miller Institute, Cromarty",public,,Scotland,United Kingdom,,,1902,,,,,,"by architect Alexander Ross, named after local geologist and writer Hugh Miller",Scotland,List of Carnegie libraries in Europe
Hutchesontown District Library,public,,Scotland,United Kingdom,,,1904,,,,,,by architect James Robert Rhind,Scotland,List of Carnegie libraries in Europe
Inverurie Public Library,public,,Scotland,United Kingdom,,,1911,,,,,,by architect Harbourne Maclennan,Scotland,List of Carnegie libraries in Europe
Iona,public,,Scotland,United Kingdom,,,1911,,,,,,,Scotland,List of Carnegie libraries in Europe
Kirkwall,public,,Scotland,United Kingdom,,,1909,,,,,,no longer in use as a library,Scotland,List of Carnegie libraries in Europe
Jedburgh Library,public,,Scotland,United Kingdom,,,,,,,,https://en.wikipedia.org/wiki/Jedburgh_Library,there were two and the replacement opened nearby. Now under threat,Scotland,List of Carnegie libraries in Europe
Kinross,public,,Scotland,United Kingdom,,,,,,,,,,Scotland,List of Carnegie libraries in Europe
"Kingston District Library, Paisley Road",public,,Scotland,United Kingdom,,,1904,,,,,,"originally shared with the Kingston Halls and the local police station, is now a doss house",Scotland,List of Carnegie libraries in Europe
Maryhill Public Library,public,,Scotland,United Kingdom,,,1903,,,,,,by architect James Robert Rhind,Scotland,List of Carnegie libraries in Europe
"Maxton, Roxburghshire",public,,Scotland,United Kingdom,,,,,,,,,(Now used as a village hall),Scotland,List of Carnegie libraries in Europe
Maybole,public,,Scotland,United Kingdom,,,,,,,,,,Scotland,List of Carnegie libraries in Europe
"Montrose, Angus",public,,Scotland,United Kingdom,,,,,,,,,,Scotland,List of Carnegie libraries in Europe
Motherwell,public,,Scotland,United Kingdom,,,,,,,,,,Scotland,List of Carnegie libraries in Europe
Parkhead District Library,public,,Scotland,United Kingdom,,,1906,,,,,,by architect James Robert Rhind,Scotland,List of Carnegie libraries in Europe
Reading Rooms Dundee,public,,Scotland,United Kingdom,,,1910,,,,,,by architect James Thomson,Scotland,List of Carnegie libraries in Europe
Stirling,public,Central Library,Scotland,United Kingdom,,,1902,,,,,,by architect Harry Ramsay Taylor,Scotland,List of Carnegie libraries in Europe
Tain,public,,Scotland,United Kingdom,,,,,,,,,Highland,Scotland,List of Carnegie libraries in Europe
"Thurso, Highland",public,,Scotland,United Kingdom,,,1910,,,,,,by architect Sinclair MacDonald,Scotland,List of Carnegie libraries in Europe
"Wick, Highland",public,,Scotland,United Kingdom,,,1897,,,,,,,Scotland,List of Carnegie libraries in Europe
West Calder,public,,Scotland,United Kingdom,,,1904,,,,,,,Scotland,List of Carnegie libraries in Europe
Woodside Library,public,,Scotland,United Kingdom,,,1905,,,,,,by architect James Robert Rhind,Scotland,List of Carnegie libraries in Europe
Abercanaid,public,,Wales,United Kingdom,,,1903,,,,,,demolished,Wales,List of Carnegie libraries in Europe
Abergavenny,public,,Wales,United Kingdom,,,1906,,,,,https://en.wikipedia.org/wiki/Abergavenny_Carnegie_Library,Grade II listed,Wales,List of Carnegie libraries in Europe
Aberystwyth,public,,Wales,United Kingdom,,,1906,,,,,,,Wales,List of Carnegie libraries in Europe
Bangor,public,,Wales,United Kingdom,,,1907,,,,,,brick and stone construction,Wales,List of Carnegie libraries in Europe
Barry,public,,Wales,United Kingdom,,,1906,,,,,https://en.wikipedia.org/wiki/Barry_Council_Office_and_Library,(opened on St David's day by the Earl of Plymouth),Wales,List of Carnegie libraries in Europe
Bridgend,public,,Wales,United Kingdom,,,1906,,,,,,"now Carnegie House (2014), Council Offices and Arts/Culture Hub",Wales,List of Carnegie libraries in Europe
Brynmawr,public,,Wales,United Kingdom,,,1905,,,,,,now a museum,Wales,List of Carnegie libraries in Europe
Buckley,public,,Wales,United Kingdom,,,1904,,,,,,now Buckley Town Council offices,Wales,List of Carnegie libraries in Europe
"Canton, Cardiff",public,,Wales,United Kingdom,,,1907,,,,,,,Wales,List of Carnegie libraries in Europe
Cathays,public,Cardiff,Wales,United Kingdom,,,1907,,,,,https://en.wikipedia.org/wiki/Cathays_Library,,Wales,List of Carnegie libraries in Europe
Church Village,public,,Wales,United Kingdom,,,1906,,,,,,now the Parish Hall,Wales,List of Carnegie libraries in Europe
Coedpoeth,public,,Wales,United Kingdom,,,1904,,,,,,local sandstone construction,Wales,List of Carnegie libraries in Europe
Colwyn Bay,public,,Wales,United Kingdom,,,1905,,,,,,,Wales,List of Carnegie libraries in Europe
Criccieth,public,,Wales,United Kingdom,,,1905,,,,,,"(opened on St David's day by JE Greaves, lord lieutenant of Caernarfonshire)",Wales,List of Carnegie libraries in Europe
Deiniolen,public,,Wales,United Kingdom,,,1913,,,,,,,Wales,List of Carnegie libraries in Europe
Dolgellau,public,,Wales,United Kingdom,,,1913,,,,,,,Wales,List of Carnegie libraries in Europe
Dowlais,public,Merthyr Tydfil,Wales,United Kingdom,,,1907,,,,,,,Wales,List of Carnegie libraries in Europe
Flint,public,,Wales,United Kingdom,,,1903,,,,,,,Wales,List of Carnegie libraries in Europe
Llandrindod Wells,public,,Wales,United Kingdom,,,1912,,,,,,now the Radnorshire museum,Wales,List of Carnegie libraries in Europe
Llandudno,public,,Wales,United Kingdom,,,1910,,,,,,,Wales,List of Carnegie libraries in Europe
Merthyr Tydfil,public,,Wales,United Kingdom,,,1935,,,,,,,Wales,List of Carnegie libraries in Europe
Newport,public,Rogerstone Library,Wales,United Kingdom,,,1905,,,,,,"and Corporation Road Library, Newport 1904",Wales,List of Carnegie libraries in Europe
Penarth,public,,Wales,United Kingdom,,,1905,,,,,,,Wales,List of Carnegie libraries in Europe
Penydarren,public,,Wales,United Kingdom,,,1902,,,,,,,Wales,List of Carnegie libraries in Europe
Pontypool,public,,Wales,United Kingdom,,,1908,,,,,,,Wales,List of Carnegie libraries in Europe
Rhyl,public,Flintshire (now Denbighshire),Wales,United Kingdom,,,1907,,,,,,"no longer in use as a library. Makes up part of the town hall and is used for the registration of births, deaths and marriages",Wales,List of Carnegie libraries in Europe
Skewen,public,,Wales,United Kingdom,,,1905,,,,,,,Wales,List of Carnegie libraries in Europe
Taibach,public,Neath Port Talbot,Wales,United Kingdom,,,1914,,,,,,,Wales,List of Carnegie libraries in Europe
Trecynon,public,,Wales,United Kingdom,,,1903,,,,,,,Wales,List of Carnegie libraries in Europe
Treharris,public,,Wales,United Kingdom,,,1909,,,,,,,Wales,List of Carnegie libraries in Europe
Whitchurch,public,Cardiff,Wales,United Kingdom,,,1904,,,,,https://en.wikipedia.org/wiki/Whitchurch_Library,,Wales,List of Carnegie libraries in Europe
Wrexham,public,Old Library,Wales,United Kingdom,,,1907,,,,,,,Wales,List of Carnegie libraries in Europe
"Bangor, County Down",public,,Northern Ireland,United Kingdom,,,,,,,,,"extended, but still in use as a library",Northern Ireland,List of Carnegie libraries in Europe
Belfast,public,,Northern Ireland,United Kingdom,,,,,,,,,Falls Road still in use as a library,Northern Ireland,List of Carnegie libraries in Europe
"Belfast, Donegall Road",public,,Northern Ireland,United Kingdom,,,,,,,,,,Northern Ireland,List of Carnegie libraries in Europe
"Belfast, Oldpark Road",public,,Northern Ireland,United Kingdom,,,,,,,,,no longer in use,Northern Ireland,List of Carnegie libraries in Europe
Derry,public,,Northern Ireland,United Kingdom,,,,,,,,,proposed but never constructed,Northern Ireland,List of Carnegie libraries in Europe
Downpatrick,public,,Northern Ireland,United Kingdom,,,,,,,,,County Down – demolished to allow for road improvements,Northern Ireland,List of Carnegie libraries in Europe
Portadown,public,,Northern Ireland,United Kingdom,,,,,,,,,County Armagh – no longer in use as a library,Northern Ireland,List of Carnegie libraries in Europe
Lurgan,public,County Armagh,Northern Ireland,United Kingdom,,,1906,,,,,,still in use as a library,Northern Ireland,List of Carnegie libraries in Europe
Larne,public,County Antrim,Northern Ireland,United Kingdom,,,1905,,,,,,now Larne Museum and Arts Centre,Northern Ireland,List of Carnegie libraries in Europe
Bartow,public,Bartow,Florida,United States,"Mar 18, 1911","$8,000",,310 E. Stanford,,,"Public_Library,_Bartow,_FL.jpg",,Demolished in 1998,Carnegie libraries,List of Carnegie libraries in Florida
Bradenton,public,Bradenton,Florida,United States,"Feb 3, 1917","$10,000",,1405 4th Ave. W,,,Bradenton_FL_Carnegie_Library01.jpg,https://en.wikipedia.org/wiki/Bradenton_Carnegie_Library,now houses the Manatee County Historical Records Library.,Carnegie libraries,List of Carnegie libraries in Florida
Clearwater,public,Clearwater,Florida,United States,"Mar 16, 1915","$10,000",,107 Oceola Ave.,,,"Clearwater,_FL_Public_Library.jpg",,Demolished about 2000,Carnegie libraries,List of Carnegie libraries in Florida
Gainesville,public,Gainesville,Florida,United States,"Mar 31, 1916","$10,000",,419 E. University Ave.,,,"Gainesville,_FL_Public_Library.jpg",,Demolished in 1954,Carnegie libraries,List of Carnegie libraries in Florida
Jacksonville,public,Jacksonville,Florida,United States,"Feb 13, 1902","$55,000",,101 E. Adams St.,,,Jax_FL_Old_Free_Public_Library02.jpg,https://en.wikipedia.org/wiki/Jacksonville_Public_Library#Carnegie_Library,Since 1984 has been owned and occupied by the Bedell law firm,Carnegie libraries,List of Carnegie libraries in Florida
Ocala,public,Ocala,Florida,United States,"Feb 21, 1907","$10,000",,206 E. Ocklawaha Ave.,,,Ocala-Carnegie.jpg,https://en.wikipedia.org/wiki/Ocala_Carnegie_Library,Demolished in 1968,Carnegie libraries,List of Carnegie libraries in Florida
Palmetto,public,Palmetto,Florida,United States,"Jan 14, 1914","$10,000",,515 10th Ave. W,,,Palmetto_FL_HD_Hist_Park_Carnegie_Lib01.jpg,,"Included in the Palmetto Historic District, listed on the National Register of Historic Places",Carnegie libraries,List of Carnegie libraries in Florida
St. Petersburg,public,St. Petersburg,Florida,United States,"Jul 9, 1913","$17,500",,280 5th St. N,,,St._Pete_Mirror_Lake_Library02.jpg,https://en.wikipedia.org/wiki/Mirror_Lake_Library,,Carnegie libraries,List of Carnegie libraries in Florida
Tampa,public,Tampa,Florida,United States,"Dec 30, 1901","$50,000",,102 E. 7th Ave.,,,Tampa_Free_Public_Library01.jpg,https://en.wikipedia.org/wiki/Old_Tampa_Free_Public_Library,Currently Tampa-Hillsborough County Public Library administrative offices,Carnegie libraries,List of Carnegie libraries in Florida
West Tampa,public,West Tampa,Florida,United States,"Jan 2, 1913","$17,500",,2312 W. Union St.,,,West_Tampa_Free_Public_Library.jpg,https://en.wikipedia.org/wiki/West_Tampa_Free_Public_Library,,Carnegie libraries,List of Carnegie libraries in Florida
Fessenden Academy,academic,,Florida,United States,,"$6,500",,,,,,https://en.wikipedia.org/wiki/Old_Fessenden_Academy_Historic_District,,Academic libraries,List of Carnegie libraries in Florida
"State Normal and Industrial College for Colored Students, later Florida A&M University",academic,,Florida,United States,,"$10,000",,,,,CarnegieLibraryTLH.JPG,https://en.wikipedia.org/wiki/Florida_A%26M_University,"It houses the Southeastern Regional Black Archives Research Center and Museum. Carnegie built his library at the negro college after the city of Tallahassee refused it, because under Carnegie's rules it would have to have served all (i.e., black) patrons.",Academic libraries,List of Carnegie libraries in Florida
John B. Stetson University,academic,,Florida,United States,,"$40,000",,,,,Stetson_Univ_-_Sampson_Hall2.jpg,https://en.wikipedia.org/wiki/Stetson_University,Became Sampson Hall,Academic libraries,List of Carnegie libraries in Florida
Rollins College,academic,,Florida,United States,,"$20,000",,,,,Rollins_College_Carnegie_Library.jpg,https://en.wikipedia.org/wiki/Rollins_College,,Academic libraries,List of Carnegie libraries in Florida
Albany,public,Albany,Georgia,United States,"Jan 9, 1905","$10,700",,215 N. Jackson St.,,,Albany_Carnegie_Library_(East_face).JPG,,NRHP #82002404,Public libraries,List of Carnegie libraries in Georgia
Americus,public,Americus,Georgia,United States,"Apr 23, 1908","$20,000",,111 S. Jackson St.,,,"Carnegie_Library,_Americus.jpg",https://en.wikipedia.org/wiki/Lake_Blackshear_Regional_Library_System#Americus_Carnegie,,Public libraries,List of Carnegie libraries in Georgia
Atlanta Main Branch,public,Atlanta,Georgia,United States,"Oct 3, 1898","$202,000",,"126 Carnegie Way, NW",,,lossy-page1-120px-Atlanta_Carnegie_Library_in_1970s_before_demolition.tif.jpg,https://en.wikipedia.org/wiki/Carnegie_Library_(Atlanta),The ninth library to in the US to receive a grant from Carnegie and the second after Pittsburgh to have multiple branches commissioned. Demolished in 1977,Public libraries,List of Carnegie libraries in Georgia
Atlanta South Branch,public,Atlanta,Georgia,United States,"Oct 3, 1898",—,,,,,,,,Public libraries,List of Carnegie libraries in Georgia
Atlanta Ann Wallace Branch,public,Atlanta,Georgia,United States,"Oct 3, 1898",—,,523 Luckie St. NW,,,"lossy-page1-120px-Main_entrance,_west_side._-_Clark_Howell_Homes,_Anne_Wallace_Branch_Carnegie_Library,_538_Luckie_Street,_Atlanta,_Fulton_County,_GA_HABS_GA,61-ATLA,63B-8.tif.jpg",,Now a bank,Public libraries,List of Carnegie libraries in Georgia
Atlanta Auburn Ave. Branch,public,Atlanta,Georgia,United States,"Oct 3, 1898",—,,333 Auburn Ave. NE,,,,,"Colored branch during segregation, open 1921–1949. Demolished in 1960",Public libraries,List of Carnegie libraries in Georgia
Barnesville,public,Barnesville,Georgia,United States,"Apr 28, 1909","$10,000",,1 Library St.,,,Carnegie_Library_of_Barnesville.JPG,https://en.wikipedia.org/wiki/Carnegie_Library_of_Barnesville,NRHP #86003684,Public libraries,List of Carnegie libraries in Georgia
Boston,public,Boston,Georgia,United States,"Dec 3, 1912","$6,000",,250 S Main Street,,,Boston_Carnegie_Public_Library.JPG,,A contributing property to NRHP #07000375,Public libraries,List of Carnegie libraries in Georgia
Columbus,public,Columbus,Georgia,United States,"Apr 26, 1902","$30,000",,14th St. and Broadway,,,,https://en.wikipedia.org/wiki/Chattahoochee_Valley_Libraries,,Public libraries,List of Carnegie libraries in Georgia
Cordele,public,Cordele,Georgia,United States,"Jan 13, 1903","$17,556",,115 E 11th Ave,,,"Carnegie_Library,_Cordele.JPG",https://en.wikipedia.org/wiki/Lake_Blackshear_Regional_Library_System#Cordele_Carnegie,,Public libraries,List of Carnegie libraries in Georgia
Cuthbert,public,Cuthbert,Georgia,United States,"May 17, 1912","$7,000",,122 Lumpkin Street,,,"Old_Carnegie_Library;_Cuthbert,_GA.JPG",https://en.wikipedia.org/wiki/Kinchafoonee_Regional_Library_System#Cuthbert,Randolph County Chamber of Commerce [3],Public libraries,List of Carnegie libraries in Georgia
Dawson,public,Dawson,Georgia,United States,"Mar 14, 1913","$10,000",,334 Main St. NE,,,"Carnegie_Library,_Dawson.jpg",https://en.wikipedia.org/wiki/Kinchafoonee_Regional_Library_System#Dawson,Events facility for Terrell County Historic Preservation Society [4],Public libraries,List of Carnegie libraries in Georgia
Dublin,public,Dublin,Georgia,United States,"Mar 27, 1903","$10,000",,311 Academy Ave.,,,"Carnegie_Library,_Dublin,_GA,_US.jpg","https://en.wikipedia.org/wiki/Carnegie_Library_(Dublin,_Georgia)",NRHP #75000599,Public libraries,List of Carnegie libraries in Georgia
Eatonton,public,Eatonton,Georgia,United States,"Jun 11, 1914","$6,000",,309 N. Madison Ave.,,,Eatonton.jpg,,,Public libraries,List of Carnegie libraries in Georgia
Fitzgerald,public,Fitzgerald,Georgia,United States,"Apr 13, 1914","$12,500",,120 S. Lee Street,,,"The_Carnegie_Center,_Fitzgerald.jpg",,Now The Carnegie Center [5],Public libraries,List of Carnegie libraries in Georgia
Lavonia,public,Lavonia,Georgia,United States,"Feb 12, 1910","$5,000",,28 Hartwell Rd.,,,Lavonia_Carnegie_Library.jpg,https://en.wikipedia.org/wiki/Lavonia-Carnegie_Library,"Established in 1911, the one-story Renaissance Revival-style building is important as a local landmark and has continued to be used as a library throughout its history [6]",Public libraries,List of Carnegie libraries in Georgia
Montezuma,public,Montezuma,Georgia,United States,"Mar 24, 1906","$10,000",,109 North Dooly St.,,,"Carnegie_Library,_Montezuma.JPG",,Now Macon County Chamber of Commerce and Development Authority,Public libraries,List of Carnegie libraries in Georgia
Moultrie,public,Moultrie,Georgia,United States,"Dec 3, 1906","$10,000",,39 N. Main St.,,,Moultrie_Carnegie_Library.jpg,https://en.wikipedia.org/wiki/Carnegie_Library_of_Moultrie,,Public libraries,List of Carnegie libraries in Georgia
Newnan,public,Newnan,Georgia,United States,"Dec 30, 1901","$10,000",,1 LaGrange St.,,,"Carnegie_Library_in_Newnan,_Georgia.jpg",,Cornerstone date 1903. An original Carnegie Library still operating as a public library.,Public libraries,List of Carnegie libraries in Georgia
Pelham,public,Pelham,Georgia,United States,"Dec 13, 1906","$10,000",,200 Hand Ave. W.,,,"Carnegie_Library,_Pelham.JPG",,,Public libraries,List of Carnegie libraries in Georgia
Rome,public,Rome,Georgia,United States,"Dec 24, 1909","$15,000",,607 Broad Street,,,"Carnegie_Library,_Rome,_GA,_US.jpg",,"Now called the Carnegie Building, housing the Rome-Floyd County Development Services offices, Downtown Development Authority, and City of Rome HR.",Public libraries,List of Carnegie libraries in Georgia
Savannah Main Branch,public,Savannah,Georgia,United States,"Aug 17, 1910","$87,000",,2002 Bull St.,,,"Savannah_Library,_Main_Branch,_Savannah,_GA,_US.jpg",https://en.wikipedia.org/wiki/Live_Oak_Public_Libraries#Bull_Street_Library,,Public libraries,List of Carnegie libraries in Georgia
Savannah Carnegie B. Branch,public,Savannah,Georgia,United States,"Aug 17, 1910","$12,000",,537 E. Henry St.,,,"Savannah_Carnegie_B._Branch,_Savannah,_GA,_US.jpg",https://en.wikipedia.org/wiki/Live_Oak_Public_Libraries#Carnegie_Colored_Library,"Was known as ""Carnegie Colored Public Library"" It served the African American community from August 1914 to 1962. In 1963 the library joined the Savannah Public Library System. [8]",Public libraries,List of Carnegie libraries in Georgia
Valdosta,public,Valdosta,Georgia,United States,"Apr 30, 1912","$15,000",,305 W. Central Avenue,,,"Carnegie_Library_of_Valdosta,_GA,_US_(06).jpg",https://en.wikipedia.org/wiki/Carnegie_Library_of_Valdosta,Now the Lowndes County Historical Society and Museum [9] NRHP #84001120,Public libraries,List of Carnegie libraries in Georgia
Agnes Scott College,academic,,Georgia,United States,,"$25,000",,,,,,https://en.wikipedia.org/wiki/Agnes_Scott_College,Demolished in 1986,Academic libraries,List of Carnegie libraries in Georgia
Atlanta University,academic,,Georgia,United States,,"$25,000",,,,,,https://en.wikipedia.org/wiki/Clark_Atlanta_University,,Academic libraries,List of Carnegie libraries in Georgia
Georgia Institute of Technology,academic,,Georgia,United States,,"$20,000",,,,,Carnegie_Building_6272.jpg,https://en.wikipedia.org/wiki/Georgia_Tech_Library,"Originally known as the Carnegie Library, now known as the Carnegie Building. Served as school's library until 1953. Now used for office space.",Academic libraries,List of Carnegie libraries in Georgia
Carnegie Library Building at the former Georgia State Normal School,academic,,Georgia,United States,,"$20,000",,1401 Prince Ave.,,,GA_Normal_School_Carnegie_Library_11-12-2015.jpg,"https://en.wikipedia.org/wiki/Carnegie_Library_Building_(Athens,_Georgia)",NRHP #75000577; now a part of the University of Georgia library system,Academic libraries,List of Carnegie libraries in Georgia
Mercer University,academic,,Georgia,United States,,"$20,000",,,,,,https://en.wikipedia.org/wiki/Mercer_University,Now the Hardman Fine Arts Building,Academic libraries,List of Carnegie libraries in Georgia
Boise,public,Boise,Idaho,United States,"Feb 12, 1903","$40,000",,815 W. Washington St.,43.61944,-116.19944,"Boise,_Idaho_Carnegie_library.jpg","https://en.wikipedia.org/wiki/Carnegie_Public_Library_(Boise,_Idaho)",Completed 1905,Carnegie libraries,List of Carnegie libraries in Idaho
Caldwell,public,Caldwell,Idaho,United States,"Apr 3, 1912","$12,500",,1101 Cleveland Blvd.,43.66222,-116.68528,"Caldwell,_Idaho,_Carnegie_Library_(1).jpg","https://en.wikipedia.org/wiki/Caldwell_Carnegie_Library_(Caldwell,_Idaho)",Completed 1914,Carnegie libraries,List of Carnegie libraries in Idaho
Idaho Falls,public,Idaho Falls,Idaho,United States,"Mar 13, 1909","$15,000",,200 N. Eastern Dr.,43.49028,-112.03722,Museum_of_Idaho_exterior.jpg,,"Completed 1916, now part of the Museum of Idaho",Carnegie libraries,List of Carnegie libraries in Idaho
Lewiston,public,Lewiston,Idaho,United States,"Mar 27, 1903","$10,000",,101 5th St.,46.42000,-117.02667,"Carnegie_Library_NRHP_100002548_Nez_Perce_County,_ID.jpg",,"Built 1901, closed September 30, 1999",Carnegie libraries,List of Carnegie libraries in Idaho
Moscow,public,Moscow,Idaho,United States,"Jun 2, 1904","$10,000",,110 S. Jefferson St.,46.73333,-116.99750,Moscow-id-us-public-library-2.png,https://en.wikipedia.org/wiki/Moscow_Carnegie_Library,"Mission Style, opened March 1906",Carnegie libraries,List of Carnegie libraries in Idaho
Mountain Home,public,Mountain Home,Idaho,United States,"Dec 13, 1907","$6,000",,180 S. 3rd East,43.13250,-115.69139,Mountain_Home_Museum_-_Mountain_Home_Idaho.jpg,,"Completed 1908, now a museum",Carnegie libraries,List of Carnegie libraries in Idaho
Nampa,public,Nampa,Idaho,United States,"January 25, 1907","$10,500",,1417 Second St. South between 14th and 15th Street,,,,,"Completed in February 1908. Formal opening was March 7, 1908. The library moved to the First Security Bank building in 1966. The original Carnegie building was used as the Canyon County YWCA until at least June 1976. It is said that the building burned down sometime between 1976 and 1979.",Carnegie libraries,List of Carnegie libraries in Idaho
Pocatello,public,Pocatello,Idaho,United States,"Nov 14, 1906","$12,000",,113 S. Garfield Ave.,42.86056,-112.45222,Pocatello_Idaho_Carnegie_Library.jpeg,,Completed 1907,Carnegie libraries,List of Carnegie libraries in Idaho
Preston,public,Preston,Idaho,United States,"Mar 11, 1914","$10,000",,,,,,,"Demolished June 11, 2004",Carnegie libraries,List of Carnegie libraries in Idaho
Wallace,public,Wallace,Idaho,United States,"Jan 18, 1910","$12,000",,415 River St.,47.47444,-115.92528,"Carnegie_Library_(Wallace,_Idaho).jpg",,Completed 1911,Carnegie libraries,List of Carnegie libraries in Idaho
Intermountain Institute,academic,Weiser,Idaho,United States,1915–1917,"$7,000",,Paddock Ave. and Maryatt St.,44.26333,-116.97611,Carnegie_Library_-_Intermountain_Institute_HD_-_Weiser_Idaho.jpg,https://en.wikipedia.org/wiki/Intermountain_Institute,Closed when the new high school and public library were constructed in the 1960s.,Academic library,List of Carnegie libraries in Idaho
Aledo,public,Aledo,Illinois,United States,"May 21, 1913","$10,000",,200 N. College Ave.,,,,,"In June 1974, the Mercer Carnegie Library was one of two buildings in Aledo named “Landmarks in Mercer County” by the Historic Sites Division of the Illinois Department of Conservation. Closed as a library in April 2019 upon opening of new location.",Carnegie libraries,List of Carnegie libraries in Illinois
Arcola,public,Arcola,Illinois,United States,"Mar 27, 1903","$10,000",,407 E. Main St.,,,Arcola_Public_Library_Wide_View.JPG,https://en.wikipedia.org/wiki/Arcola_Carnegie_Public_Library,,Carnegie libraries,List of Carnegie libraries in Illinois
Aurora,public,Aurora,Illinois,United States,"Jan 16, 1901","$50,000",,1 E. Benton St.,,,Aurora_Public_Library.JPG,https://en.wikipedia.org/wiki/Aurora_Public_Library_(Illinois),"Opened 22 Aug 1904, extensively altered in 1969, closed 23 May 2015",Carnegie libraries,List of Carnegie libraries in Illinois
Beardstown,public,Beardstown,Illinois,United States,"Jan 22, 1903","$10,000",,105 W. 3rd St.,,,Beardstown_Carnegie_Library.jpg,,Now city hall,Carnegie libraries,List of Carnegie libraries in Illinois
Belleville,public,Belleville,Illinois,United States,"Aug 11, 1913","$45,000",,121 E. Washington St.,,,Carnegie_Library_Building_Belleville_Illinois.jpg,,Dedicated 20 Jan 1916,Carnegie libraries,List of Carnegie libraries in Illinois
Belvidere,public,Belvidere,Illinois,United States,"Apr 8, 1910","$17,500",,320 N. State St.,,,Ida_Public_Library_Building.jpg,,"Constructed in 1912 and opened to the public in February 1913. A 15,000 square foot expansion was added in 1987.",Carnegie libraries,List of Carnegie libraries in Illinois
Blue Island,public,Blue Island,Illinois,United States,"Mar 14, 1902","$15,000",,,,,Carnegie_Blue_Island.jpg,,Open 1903–1970,Carnegie libraries,List of Carnegie libraries in Illinois
Brookfield,public,Brookfield,Illinois,United States,"Apr 3, 1912","$10,000",,3609 Grand Boulevard,,,BFPLoriginal.jpg,,"Opened June 27, 1914. An annex added in 1958 and the building was demolished in 1985 when a new facility was built. On July 31, 2021, the new Linda Sokol Francis Brookfield Library opened across the street at 3541 Park Avenue. The original Carnegie library site currently serves as the Library's parking lot and Pollinator Garden. The concrete ""Public Library"" sign from the Carnegie library has been installed in the garden.",Carnegie libraries,List of Carnegie libraries in Illinois
Carmi,public,Carmi,Illinois,United States,"Jan 14, 1914","$10,000",,203 N. Church St.,,,Carmi_Carnegie_library.jpg,,Now a genealogy library,Carnegie libraries,List of Carnegie libraries in Illinois
Carrollton,public,Carrollton,Illinois,United States,"Oct 3, 1901","$10,000",,509 S. Main St.,,,,,,Carnegie libraries,List of Carnegie libraries in Illinois
Centralia,public,Centralia,Illinois,United States,"Feb 14, 1901","$20,000",,515 E. Broadway,,,Centralia_Public_Library.jpg,,,Carnegie libraries,List of Carnegie libraries in Illinois
Charleston,public,Charleston,Illinois,United States,"Oct 3, 1901","$15,000",,712 6th St.,,,Charleston_Carnegie_library.jpg,,Opened 15 Jan 1904,Carnegie libraries,List of Carnegie libraries in Illinois
Chicago Heights,public,Chicago Heights,Illinois,United States,"Mar 14, 1902","$15,000",,1627 Halsted St.,,,,,"Open 1903–1972, demolished 1974",Carnegie libraries,List of Carnegie libraries in Illinois
Chillicothe,public,Chillicothe,Illinois,United States,"Apr 19, 1915","$10,000",,822 N. 2nd St.,,,Former_Chillicothe_IL_Public_Library.jpg,,,Carnegie libraries,List of Carnegie libraries in Illinois
Danville (Main),public,Danville,Illinois,United States,"Dec 21, 1901","$65,000 [2]",,307 N. Vermillion St.,,,Vermilion_County_War_Museum.jpg,,Now a museum,Carnegie libraries,List of Carnegie libraries in Illinois
Danville Veterans Branch,public,Danville,Illinois,United States,"Dec 21, 1901",—,,,,,lossy-page1-120px-thumbnail.tif.jpg,,"Part of Danville Branch, National Home for Disabled Volunteer Soldiers Historic District",Carnegie libraries,List of Carnegie libraries in Illinois
Decatur,public,Decatur,Illinois,United States,"Feb 6, 1901","$60,000",,,,,,,Demolished 1970,Carnegie libraries,List of Carnegie libraries in Illinois
DeLand,public,De Land,Illinois,United States,"Apr 25, 1911","$8,000",,130 N. Highway Ave.,,,,,Open 1912–2009,Carnegie libraries,List of Carnegie libraries in Illinois
Delavan,public,Delavan,Illinois,United States,"Apr 28, 1913","$10,000",,208 Locust St.,,,Ayer_Public_Library_from_W_1.jpg,,,Carnegie libraries,List of Carnegie libraries in Illinois
Des Plaines,public,Des Plaines,Illinois,United States,"Apr 10, 1906","$5,000",,,,,,https://en.wikipedia.org/wiki/Des_Plaines_Public_Library,Open 1907-1936,Carnegie libraries,List of Carnegie libraries in Illinois
Downers Grove,public,Downers Grove,Illinois,United States,"Feb 13, 1906","$8,500",,,,,,,"Was completely surrounded by an addition in 1956, Demolished 1975",Carnegie libraries,List of Carnegie libraries in Illinois
Edwardsville,public,Edwardsville,Illinois,United States,"Feb 12, 1903","$12,500",,112 S. Kansas St.,,,Edwardsville_Public_Library.jpg,,,Carnegie libraries,List of Carnegie libraries in Illinois
El Paso,public,El Paso,Illinois,United States,"Sep 1, 1905","$6,000",,149 W. 1st St.,40.73956,-89.0185,El_Paso_Public_Library_from_southeast.jpg,,,Carnegie libraries,List of Carnegie libraries in Illinois
Evanston,public,Evanston,Illinois,United States,"Dec 14, 1903","$50,000",,,,,"Evanston_Public_Library,_Evanston,_Illinois,_early_20th_century_(NBY_806).jpg",,Open 1907–1960,Carnegie libraries,List of Carnegie libraries in Illinois
Farmington,public,Farmington,Illinois,United States,"Jan 29, 1906","$5,600",,266 E. Fort St.,,,,,,Carnegie libraries,List of Carnegie libraries in Illinois
Flora,public,Flora,Illinois,United States,"Feb 20, 1903","$10,000",,,,,,,Open 1903–1990,Carnegie libraries,List of Carnegie libraries in Illinois
Freeport,public,Freeport,Illinois,United States,"Feb 21, 1901","$30,000",,314 W. Stephenson St.,,,Former_Freeport_Library_Building.jpg,,Open 1902–2004,Carnegie libraries,List of Carnegie libraries in Illinois
Fulton,public,Fulton,Illinois,United States,"Dec 14, 1908","$5,000",,501 10th Ave.,,,,,Opened 27 Oct 1909,Carnegie libraries,List of Carnegie libraries in Illinois
Galena,public,Galena,Illinois,United States,"Apr 20, 1905","$12,500",,601 S. Bench St.,,,Galena_(Illinois)_Public_Library.jpg,,Dedicated 4 July 1908. Part of Galena National Register Historic District,Carnegie libraries,List of Carnegie libraries in Illinois
Galesburg,public,Galesburg,Illinois,United States,"Feb 14, 1901","$50,000",,,,,,,"Opened 1902, burned 9 May 1958",Carnegie libraries,List of Carnegie libraries in Illinois
Galva,public,Galva,Illinois,United States,"Feb 10, 1908","$8,000",,120 NW 3rd Ave.,,,Galva_Public_Library.jpg,,Opened July 1910,Carnegie libraries,List of Carnegie libraries in Illinois
Geneva,public,Geneva,Illinois,United States,"Jan 23, 1907","$7,500",,127 James St.,,,Geneva_IL_Public_Library.jpg,,Opened 1908,Carnegie libraries,List of Carnegie libraries in Illinois
Gilman,public,Gilman,Illinois,United States,"Sep 29, 1915","$10,000",,117 E. 2nd St.,,,"Former_Gilman_Public_Library,_a_Carnegie_Library_in_Gilman,_IL.jpg",,Open 1916–2002,Carnegie libraries,List of Carnegie libraries in Illinois
Glen Ellyn,public,Glen Ellyn,Illinois,United States,"May 17, 1912","$10,000",,671 Crescent Blvd.,,,,,"Open 1914–1995, extensively altered, now school district offices",Carnegie libraries,List of Carnegie libraries in Illinois
Grayville,public,Grayville,Illinois,United States,"May 16, 1911","$6,000",,110 W. Mill St.,,,Former_Grayville_Carnegie_library_building.jpg,,Open 1912–2010. Razed sometime between 2021 and 2024.,Carnegie libraries,List of Carnegie libraries in Illinois
Greenup,public,Greenup,Illinois,United States,"Jan 27, 1904","$8,000",,101 N. Mill St.,,,Military_Museum_in_Greenup.jpg,,Now a museum,Carnegie libraries,List of Carnegie libraries in Illinois
Greenville,public,Greenville,Illinois,United States,"Apr 23, 1903","$11,000",,414 W. Main St.,,,"GREENVILLE_PUBLIC_LIBRARY,_BOND_COUNTY,_ILLINOIS.jpg",https://en.wikipedia.org/wiki/Greenville_Public_Library,,Carnegie libraries,List of Carnegie libraries in Illinois
Griggsville,public,Griggsville,Illinois,United States,"Apr 19, 1915","$5,000",,119 S. Corey St.,,,Griggsville_(IL)_Public_Library.jpg,,Opened 1916,Carnegie libraries,List of Carnegie libraries in Illinois
Harrisburg,public,Harrisburg,Illinois,United States,"Mar 21, 1908","$12,500",,101 E. Church St.,,,"Harrisburg,_Illinois_Former_Carnegie_Library_2020.jpg",,"Open 1909–2000, now a church",Carnegie libraries,List of Carnegie libraries in Illinois
Harvey,public,Harvey,Illinois,United States,"Feb 1, 1905","$13,500",,155th St. and Turlington Ave.,,,,,Open 1906–1971,Carnegie libraries,List of Carnegie libraries in Illinois
Havana,public,Havana,Illinois,United States,"Oct 3, 1900","$8,000",,201 W. Adams St.,,,Havana_Public_Library.jpg,https://en.wikipedia.org/wiki/Havana_Public_Library,Opened 1902,Carnegie libraries,List of Carnegie libraries in Illinois
Highland Park,public,Highland Park,Illinois,United States,"Mar 27, 1903","$12,000",,,,,,https://en.wikipedia.org/wiki/Highland_Park_Public_Library_(Illinois),Demolished 1929,Carnegie libraries,List of Carnegie libraries in Illinois
Hillsboro,public,Hillsboro,Illinois,United States,"Nov 25, 1903","$11,000",,214 School St.,,,,,,Carnegie libraries,List of Carnegie libraries in Illinois
Hoopeston,public,Hoopeston,Illinois,United States,"Feb 12, 1903","$12,500",,110 N. 4th St.,,,Hoopeston_Carnegie_Public_Library.jpg,https://en.wikipedia.org/wiki/Hoopeston_Carnegie_Public_Library,Opened 1905,Carnegie libraries,List of Carnegie libraries in Illinois
Jacksonville,public,Jacksonville,Illinois,United States,"Feb 6, 1901","$40,000",,201 W. College Ave.,,,Jacksonville_Public_Library.jpg,,,Carnegie libraries,List of Carnegie libraries in Illinois
Jerseyville,public,Jerseyville,Illinois,United States,"Apr 11, 1902","$12,000",,105 N. Liberty St.,,,,,Opened 1904,Carnegie libraries,List of Carnegie libraries in Illinois
Kewanee,public,Kewanee,Illinois,United States,"Mar 14, 1901","$25,000",,102 S. Tremont St.,,,Kewanee_Public_Library.jpg,,Opened 1908,Carnegie libraries,List of Carnegie libraries in Illinois
La Grange,public,La Grange,Illinois,United States,"Mar 27, 1903","$12,500",,,,,lossy-page1-120px-La_Grange_Carnegie_Library.tiff.jpg,https://en.wikipedia.org/wiki/La_Grange_Public_Library,Open 1905–1968,Carnegie libraries,List of Carnegie libraries in Illinois
La Harpe,public,La Harpe,Illinois,United States,"Dec 20, 1904","$5,000",,209 E. Main St.,,,La_Harpe_Carnegie_library_front.jpg,,Opened 1906,Carnegie libraries,List of Carnegie libraries in Illinois
LaSalle,public,LaSalle,Illinois,United States,"Jun 2, 1904","$25,000",,305 Marquette St.,,,"LaSalle_Public_Library,_a_Carnegie_Library_in_LaSalle,_IL.jpg",,"Opened 19 Jan 1907, designed by Chicago architect Victor Andre Matteson",Carnegie libraries,List of Carnegie libraries in Illinois
Lewistown,public,Lewistown,Illinois,United States,"Dec 16, 1905","$5,400",,321 W. Lincoln Ave.,,,,,,Carnegie libraries,List of Carnegie libraries in Illinois
Lincoln,public,Lincoln,Illinois,United States,"Mar 6, 1901","$25,000",,725 Pekin St.,,,Lincoln_Public_Library.jpg,"https://en.wikipedia.org/wiki/Lincoln_Public_Library_(Lincoln,_Illinois)",,Carnegie libraries,List of Carnegie libraries in Illinois
Litchfield,public,Litchfield,Illinois,United States,"Jan 6, 1903","$15,000",,400 N. State St.,,,Litchfield_Public_Library_from_west.jpg,,Tourism Office and Chamber of Commerce,Carnegie libraries,List of Carnegie libraries in Illinois
Macomb,public,Macomb,Illinois,United States,"Apr 13, 1903","$15,000",,235 S. Lafayette St.,,,Macomb_Public_Library.JPG,,Opened 1904,Carnegie libraries,List of Carnegie libraries in Illinois
Marion,public,Marion,Illinois,United States,"Feb 13, 1909","$18,000",,206 S. Market St.,,,Marion_Carnegie_Library_on_South_Market.jpg,,Opened 29 Feb 1916,Carnegie libraries,List of Carnegie libraries in Illinois
Marseilles,public,Marseilles,Illinois,United States,"Jun 2, 1904","$10,000",,155 E. Bluff St.,,,,,Opened 23 Nov 1905,Carnegie libraries,List of Carnegie libraries in Illinois
Mattoon,public,Mattoon,Illinois,United States,"Jun 21, 1901","$25,000",,1600 Charleston Ave.,,,,,Opened 1903,Carnegie libraries,List of Carnegie libraries in Illinois
Maywood,public,Maywood,Illinois,United States,"Aug 19, 1904","$12,500",,121 S. 5th Ave.,,,Maywood_Public_Library.jpg,,Opened 31 Mar 1906,Carnegie libraries,List of Carnegie libraries in Illinois
Mendota,public,Mendota,Illinois,United States,"Jan 14, 1904","$10,000",,901 Washington St.,,,Former_Mendota_library_building.jpg,,Now a museum,Carnegie libraries,List of Carnegie libraries in Illinois
Metropolis,public,Metropolis,Illinois,United States,"Jan 27, 1912","$9,000",,317 Metropolis St.,,,,,Dedicated 27 Nov 1915,Carnegie libraries,List of Carnegie libraries in Illinois
Milford,public,Milford,Illinois,United States,"Dec 30, 1904","$7,000",,2 S. Grant Ave.,,,Milford_Illinois_Library.jpg,,,Carnegie libraries,List of Carnegie libraries in Illinois
Moline,public,Moline,Illinois,United States,"Aug 16, 1901","$40,000",,504 17th St.,,,Moline_Carnegie_Library_2.jpg,,Open 1903–2008,Carnegie libraries,List of Carnegie libraries in Illinois
Morris,public,Morris,Illinois,United States,"Jan 6, 1912","$12,500",,604 Liberty St.,,,,,"Open 1913–1970, replaced on the same site",Carnegie libraries,List of Carnegie libraries in Illinois
Mount Carmel,public,Mount Carmel,Illinois,United States,"Apr 10, 1909","$15,000",,120 E 5th St,,,"Mt._Carmel,_Illinois_Carnegie_library.png",,Currently in use as an attorney's office. In use as a Library until 1970,Carnegie libraries,List of Carnegie libraries in Illinois
Mount Carroll,public,Mount Carroll,Illinois,United States,"Jan 19, 1905","$11,000",,208 N. Main St.,,,Mount_Carroll_Carnegie_Library.jpg,,,Carnegie libraries,List of Carnegie libraries in Illinois
Mount Vernon,public,Mount Vernon,Illinois,United States,"Mar 27, 1903","$15,000",,101 S. 7th St.,,,,,Opened 1905,Carnegie libraries,List of Carnegie libraries in Illinois
Olney,public,Olney,Illinois,United States,"Jan 6, 1903","$11,500",,401 E. Main St.,,,Olney_Carnegie_Library.jpg,,Now a museum,Carnegie libraries,List of Carnegie libraries in Illinois
Onarga,public,Onarga,Illinois,United States,"Dec 13, 1906","$5,000",,209 W. Seminary Ave.,,,Onarga_Public_Library.JPG,,Opened 1907,Carnegie libraries,List of Carnegie libraries in Illinois
Oregon,public,Oregon,Illinois,United States,"Apr 20, 1905","$10,000",,300 Jefferson St.,,,Ogle_County_Oregon_Public_Library_Oregon_Il1.jpg,https://en.wikipedia.org/wiki/Oregon_Public_Library,Designed by Pond and Pond. [3],Carnegie libraries,List of Carnegie libraries in Illinois
Pana,public,Pana,Illinois,United States,"Jan 31, 1911","$14,000",,303 E. 2nd St.,,,,,,Carnegie libraries,List of Carnegie libraries in Illinois
Paris,public,Paris,Illinois,United States,"Mar 14, 1902","$18,000",,207 S. Main St.,,,Paris_Carnegie_Public_Library.jpg,https://en.wikipedia.org/wiki/Paris_Carnegie_Public_Library,,Carnegie libraries,List of Carnegie libraries in Illinois
Park Ridge,public,Park Ridge,Illinois,United States,"Dec 2, 1909","$7,500",,1 N. Northwest Hwy.,,,,,"Open 1913–1957, now a beauty salon. Designed by Pond and Pond. [3]",Carnegie libraries,List of Carnegie libraries in Illinois
Paxton,public,Paxton,Illinois,United States,"Mar 20, 1903","$10,000",,254 S. Market St.,,,Paxton_Illinois_Carnegie_Library.jpg,https://en.wikipedia.org/wiki/Paxton_Carnegie_Public_Library,,Carnegie libraries,List of Carnegie libraries in Illinois
Pekin,public,Pekin,Illinois,United States,"Aug 8, 1900","$17,500",,,,,,,"Open 1902–1972, demolished 1974",Carnegie libraries,List of Carnegie libraries in Illinois
Peoria Lincoln Branch,public,Peoria,Illinois,United States,"Dec 13, 1909","$20,000",,1312 W. Lincoln Ave.,,,Peoria_Public_Library_-_Lincoln_Branch_building.jpg,,"Renovated and a 12,000 foot addition was constructed on the rear of the building in 2013.",Carnegie libraries,List of Carnegie libraries in Illinois
Peru,public,Peru,Illinois,United States,"Apr 8, 1910","$15,000",,Putnam St.,,,"Former_Peru_Public_Library,_a_Carnegie_Library_in_Peru,_Illinois.jpg",,Open 1910–1986,Carnegie libraries,List of Carnegie libraries in Illinois
Petersburg,public,Petersburg,Illinois,United States,"Dec 13, 1906","$8,000",,220 S. 6th St.,,,Petersburg_IL_Public_Library.jpg,,,Carnegie libraries,List of Carnegie libraries in Illinois
Pittsfield,public,Pittsfield,Illinois,United States,"Nov 24, 1905","$7,500",,205 N. Memorial St.,,,,,,Carnegie libraries,List of Carnegie libraries in Illinois
Plano,public,Plano,Illinois,United States,"Dec 20, 1904","$10,250",,15 W. North St.,,,,,,Carnegie libraries,List of Carnegie libraries in Illinois
Polo,public,Polo,Illinois,United States,"Apr 13, 1903","$10,000",,302 W. Mason St.,,,Ogle_County_Polo_Il_Buffalo_Library1.jpg,https://en.wikipedia.org/wiki/Buffalo_Township_Public_Library,,Carnegie libraries,List of Carnegie libraries in Illinois
Ridge Farm,public,Ridge Farm,Illinois,United States,"Apr 28, 1909","$9,000",,104 N. State St.,,,Ridge_Farm_Illinois_Carnegie_library.png,,,Carnegie libraries,List of Carnegie libraries in Illinois
Robinson,public,Robinson,Illinois,United States,"Aug 6, 1904","$11,000",,301 E. Main St.,,,Robinson_Carnegie_Library.jpg,,Open 1906-1976,Carnegie libraries,List of Carnegie libraries in Illinois
Rochelle,public,Rochelle,Illinois,United States,"Apr 25, 1911","$10,000",,619 4th Ave.,,,Rochelle_Flagg_Library2.jpg,,,Carnegie libraries,List of Carnegie libraries in Illinois
Rockford,public,Rockford,Illinois,United States,"Mar 6, 1901","$70,000",,215 N. Wyman St.,,,,,Was completely surrounded by a 1967 addition; demolished in 2018,Carnegie libraries,List of Carnegie libraries in Illinois
Rushville,public,Rushville,Illinois,United States,"Feb 13, 1906","$7,500",,104 N. Monroe St.,,,,,,Carnegie libraries,List of Carnegie libraries in Illinois
Savanna,public,Savanna,Illinois,United States,"Apr 23, 1903","$11,350",,326 3rd St.,,,Savanna_IL_Carnegie_library.jpg,,,Carnegie libraries,List of Carnegie libraries in Illinois
Sheffield,public,Sheffield,Illinois,United States,"May 2, 1911","$4,000",,136 E. Cook St.,,,Sheffield_IL_Carnegie_library.jpg,,,Carnegie libraries,List of Carnegie libraries in Illinois
Shelbyville,public,Shelbyville,Illinois,United States,"Jan 22, 1903","$10,000",,154 N. Broadway,,,Shelbyville_Carnegie_Library.jpg,,,Carnegie libraries,List of Carnegie libraries in Illinois
Sheldon,public,Sheldon,Illinois,United States,"Jun 1, 1915","$9,000",,125 N. 5th St.,,,,,,Carnegie libraries,List of Carnegie libraries in Illinois
Spring Valley,public,Spring Valley,Illinois,United States,"Jan 27, 1912","$15,000",,215 E. Cleveland St.,,,"Spring_Valley_Public_Library,_a_Carnegie_Library_in_Spring_Valley,_IL.jpg",,,Carnegie libraries,List of Carnegie libraries in Illinois
Springfield,public,Springfield,Illinois,United States,"Mar 8, 1901","$75,000",,,,,,,Demolished in 1974 [4],Carnegie libraries,List of Carnegie libraries in Illinois
St. Charles,public,St. Charles,Illinois,United States,"Dec 13, 1906","$12,500",,1 S. 6th Ave.,,,,,,Carnegie libraries,List of Carnegie libraries in Illinois
Sterling,public,Sterling,Illinois,United States,"Jan 2, 1903","$17,500",,102 W. 3rd St.,,,,,,Carnegie libraries,List of Carnegie libraries in Illinois
Streator,public,Streator,Illinois,United States,"Feb 19, 1901","$35,000",,130 S. Park St.,,,Streator_IL_Streator_Public_Library1.jpg,,,Carnegie libraries,List of Carnegie libraries in Illinois
Sycamore,public,Sycamore,Illinois,United States,"Jan 13, 1903","$12,000",,103 E. State St.,,,Sycamore_Public_Library1.jpg,https://en.wikipedia.org/wiki/Sycamore_Public_Library,,Carnegie libraries,List of Carnegie libraries in Illinois
Taylorville,public,Taylorville,Illinois,United States,"Mar 27, 1903","$14,000",,222 W. Market St.,,,,,"Opened 1904, now a law office",Carnegie libraries,List of Carnegie libraries in Illinois
Toulon,public,Toulon,Illinois,United States,"Jul 23, 1914","$6,000",,306 W. Jefferson St.,,,,,,Carnegie libraries,List of Carnegie libraries in Illinois
Tuscola,public,Tuscola,Illinois,United States,"Apr 13, 1903","$10,000",,112 E. Sale St.,,,Tuscola_Public_Library.jpg,,,Carnegie libraries,List of Carnegie libraries in Illinois
Vienna,public,Vienna,Illinois,United States,"Jan 20, 1908","$6,000",,401 Poplar St.,,,Vienna_Public_Library.jpg,https://en.wikipedia.org/wiki/Vienna_Public_Library,,Carnegie libraries,List of Carnegie libraries in Illinois
Warren,public,Warren,Illinois,United States,"Aug 17, 1910","$7,000",,210 Burnett Ave.,,,,,,Carnegie libraries,List of Carnegie libraries in Illinois
Waterman,public,Waterman,Illinois,United States,"Jan 31, 1913","$3,500",,110 S. Elm St.,,,"Carnegie_Library_in_Waterman,_IL.jpg",,,Carnegie libraries,List of Carnegie libraries in Illinois
Waukegan,public,Waukegan,Illinois,United States,"Mar 20, 1903","$27,500",,1 N. Sheridan Rd.,,,"Waukegan_Public_Library,_Carnegie_building.jpg",,Open 1903–1965,Carnegie libraries,List of Carnegie libraries in Illinois
Waverly,public,Waverly,Illinois,United States,"May 16, 1911","$4,500",,291 N. Pearl St.,,,,,,Carnegie libraries,List of Carnegie libraries in Illinois
Wilmette,public,Wilmette,Illinois,United States,"Mar 20, 1903","$11,000",,,,,,https://en.wikipedia.org/wiki/Wilmette_Public_Library,Open 1905–1951,Carnegie libraries,List of Carnegie libraries in Illinois
Winchester,public,Winchester,Illinois,United States,"Feb 10, 1908","$7,500",,215 N. Main St.,,,,,,Carnegie libraries,List of Carnegie libraries in Illinois
Wyoming,public,Wyoming,Illinois,United States,"Nov 3, 1913","$5,600",,119 N. 7th St.,,,"Carnegie_library_in_Wyoming,_IL.jpg",,,Carnegie libraries,List of Carnegie libraries in Illinois
Ewing College,academic,,Illinois,United States,,"$10,000",,,,,,https://en.wikipedia.org/wiki/Ewing_College,,Academic libraries,List of Carnegie libraries in Illinois
Monmouth College,academic,,Illinois,United States,,"$30,000",,800 block of East Broadway,,,,https://en.wikipedia.org/wiki/Monmouth_College,"Now Poling Hall, houses the business, dean of students, and registrar offices and the career center [5]",Academic libraries,List of Carnegie libraries in Illinois
North-Western College,academic,,Illinois,United States,,"$25,000",,,,,,https://en.wikipedia.org/wiki/North_Central_College,"Now Carnegie Hall, houses the computer science department at North Central College",Academic libraries,List of Carnegie libraries in Illinois
Shurtleff College,academic,,Illinois,United States,,"$15,000",,,,,,https://en.wikipedia.org/wiki/Shurtleff_College,Now the biomedical library for Southern Illinois University School of Dental Medicine,Academic libraries,List of Carnegie libraries in Illinois
University of Chicago,academic,,Illinois,United States,,"$10,000",,1116 E. 59th St.,,,University_of_Chicago_-_WILLIAM_RAINEY_HARPER_MEMORIAL_LIBRARY.jpg,https://en.wikipedia.org/wiki/University_of_Chicago,"Andrew Carnegie was one of many donors to the William Rainey Harper Memorial Library which opened June 11, 1912.",Academic libraries,List of Carnegie libraries in Illinois
Akron,public,Akron,Indiana,United States,"May 13, 1913","$12,500",,205 E. Rochester St.,,,Akron_Carnegie_Library_Fulton_County_Indiana.jpg,,Has an addition and is still used as the public library. (April 2011),Public libraries,List of Carnegie libraries in Indiana
Albion,public,Albion,Indiana,United States,"Jan 28, 1916","$10,000",,109 N. York St.,,,,,"Open 1918–1995, demolished 2021?",Public libraries,List of Carnegie libraries in Indiana
Alexandria,public,Alexandria,Indiana,United States,"Apr 26, 1902","$14,000",,117 E. Church St.,,,,,Opened 1903,Public libraries,List of Carnegie libraries in Indiana
Anderson,public,Anderson,Indiana,United States,"Apr 11, 1902","$50,000",,32 W. 10th St.,,,Anderson_Center_for_the_Arts.jpg,https://en.wikipedia.org/wiki/Anderson_Center_for_the_Arts,"Open 1905–1987, now an art museum",Public libraries,List of Carnegie libraries in Indiana
Angola,public,Angola,Indiana,United States,"Mar 27, 1909","$10,000",,322 S. Wayne St.,,,Library_3-13-14_216.jpg,,,Public libraries,List of Carnegie libraries in Indiana
Atlanta,public,Atlanta,Indiana,United States,"May 15, 1916","$10,000",,100 S. Walnut St.,,,,,,Public libraries,List of Carnegie libraries in Indiana
Attica,public,Attica,Indiana,United States,"Jan 13, 1903","$10,000",,305 S. Perry St.,,,Carnegie_library_in_Attica.jpg,,Opened in 1904 and an addition was added in 1995.,Public libraries,List of Carnegie libraries in Indiana
Bedford,public,Bedford,Indiana,United States,"Jan 9, 1902","$20,000",,1323 K St.,,,Bedford_Carnegie_Library_P5250474.jpg,,,Public libraries,List of Carnegie libraries in Indiana
Bloomfield,public,Bloomfield,Indiana,United States,"Jul 22, 1908","$12,000",,125 S. Franklin St.,,,Bloomfield-Eastern_Greene_County_Public_Library.jpg,,,Public libraries,List of Carnegie libraries in Indiana
Bloomington,public,Bloomington,Indiana,United States,"Oct 21, 1901","$31,000",,200 E. 6th St.,,,"Monroe_Carnegie_Library,_Bloomington.jpg",https://en.wikipedia.org/wiki/Monroe_Carnegie_Library,Now a museum,Public libraries,List of Carnegie libraries in Indiana
Bluffton,public,Bluffton,Indiana,United States,"Jan 13, 1903","$13,000",,223 W. Washington St.,40.738929,-85.173563,Bluffton_Carnegie_Library_Wells_County_Indiana.jpg,,"Open 1905–1991, now a county government annex",Public libraries,List of Carnegie libraries in Indiana
Boonville,public,Boonville,Indiana,United States,"Nov 3, 1913","$12,000",,121 E. Locust St.,,,,,Now a police station,Public libraries,List of Carnegie libraries in Indiana
Boswell,public,Boswell,Indiana,United States,"Nov 30, 1910","$8,000",,101 E. Main St.,40.518503,-87.381569,Boswell_Carnegie_Library_P5160214.jpg,,Has an addition and is still used as the public library. (April 2011),Public libraries,List of Carnegie libraries in Indiana
Brazil,public,Brazil,Indiana,United States,"Mar 14, 1902","$20,000",,204 N. Walnut St.,,,"Library_in_Brazil,_Indiana.jpg",,,Public libraries,List of Carnegie libraries in Indiana
Brook,public,Brook,Indiana,United States,"May 21, 1913","$7,000",,100 W. Main St.,40.865895,-87.363828,Brook_Carnegie_Library_P5160102.jpg,,Has an addition and is still used as the public library. (April 2011),Public libraries,List of Carnegie libraries in Indiana
Brookston,public,Brookston,Indiana,United States,"Sep 29, 1915","$10,000",,111 W. 2nd St.,40.603437,-86.868274,Brookston_Carnegie_Library_P5160243.jpg,,Has an addition and is still used as the public library. (April 2011),Public libraries,List of Carnegie libraries in Indiana
Brookville,public,Brookville,Indiana,United States,"Nov 30, 1910","$10,000",,919 Main St.,,,Brookville_Carnegie_Library_from_southwest.jpg,,,Public libraries,List of Carnegie libraries in Indiana
Brownsburg,public,Brownsburg,Indiana,United States,"Apr 3, 1912","$12,500",,104 E. Main St.,,,"Brownsburg,_Indiana_Carnege_Library.jpg",,Now houses the Hendricks County Solid Waste Management District office.,Public libraries,List of Carnegie libraries in Indiana
Butler,public,Butler,Indiana,United States,"Dec 8, 1913","$10,000",,201 E. Main St.,,,Butler_Carnegie_Library_P6010042.jpg,,Used by the DeKalb County Historical Society. (May 2011),Public libraries,List of Carnegie libraries in Indiana
Carlisle,public,Carlisle,Indiana,United States,"Feb 6, 1915","$10,000",,,,,,,Burned down in 1965,Public libraries,List of Carnegie libraries in Indiana
Carmel,public,Carmel,Indiana,United States,"Mar 14, 1913","$11,000",,40 E. Main St.,,,,https://en.wikipedia.org/wiki/Carmel_Library,"Open 1914–1971, now a restaurant",Public libraries,List of Carnegie libraries in Indiana
Clinton,public,Clinton,Indiana,United States,"Feb 25, 1908","$12,500",,313 S. 4th St.,,,,,,Public libraries,List of Carnegie libraries in Indiana
Coatesville,public,Coatesville,Indiana,United States,"Apr 13, 1914","$8,000",,,,,,,"Open 1916–1948, destroyed by a tornado",Public libraries,List of Carnegie libraries in Indiana
Colfax,public,Colfax,Indiana,United States,"Sep 29, 1915","$9,000",,207 S. Clark St.,,,Colfax_Carnegie_Library_Boone_County_Indiana_P4150099.jpg,https://en.wikipedia.org/wiki/Colfax_Carnegie_Library,Still used as the public library. (April 2011),Public libraries,List of Carnegie libraries in Indiana
Columbus,public,Columbus,Indiana,United States,"Dec 30, 1901","$15,000",,,,,"Postcard_of_Carnegie_Public_Library_in_Columbus,_Indiana.jpg",,Demolished 1970,Public libraries,List of Carnegie libraries in Indiana
Connersville,public,Connersville,Indiana,United States,"Dec 13, 1907","$20,000",,,,,,,,Public libraries,List of Carnegie libraries in Indiana
Converse,public,Converse,Indiana,United States,"Nov 9, 1916","$9,000",,100 S. Jefferson St.,,,Converse-Jackson_Township_Public_Library.jpg,https://en.wikipedia.org/wiki/Converse-Jackson_Township_Public_Library,Has an addition and is still used as the public library. (April 2011),Public libraries,List of Carnegie libraries in Indiana
Corydon,public,Corydon,Indiana,United States,"Sep 27, 1912","$7,500",,117 W. Beaver St.,,,,,Open 1914–1998,Public libraries,List of Carnegie libraries in Indiana
Covington,public,Covington,Indiana,United States,"Mar 14, 1913","$10,000",,622 S. 5th St.,,,Carnegie_Library_of_Covington.jpg,https://en.wikipedia.org/wiki/Carnegie_Library_of_Covington,,Public libraries,List of Carnegie libraries in Indiana
Crawfordsville,public,Crawfordsville,Indiana,United States,"Mar 8, 1901","$25,000",,222 S. Washington St.,,,Library_P1270103.JPG,https://en.wikipedia.org/wiki/Carnegie_Museum_of_Montgomery_County,Now the Carnegie Museum of Montgomery County.,Public libraries,List of Carnegie libraries in Indiana
Crown Point,public,Crown Point,Indiana,United States,"Feb 28, 1906","$12,000",,223 S. Main St.,,,Carnegie_Library_089.jpg,,Open 1908–1974 Is now used as offices for Crown Point Community Library system.,Public libraries,List of Carnegie libraries in Indiana
Culver,public,Culver,Indiana,United States,"Jan 6, 1915","$10,000",,107 N. Main St.,,,Culver-Union_Township_Public_Library.jpg,,Opened 1915,Public libraries,List of Carnegie libraries in Indiana
Danville,public,Danville,Indiana,United States,"Mar 14, 1902","$10,000",,101 S. Indiana St.,,,"Carnegie_library_in_Danville,_Indiana,_front.jpg",,Major renovation in 1999 keeping with original architectural design. Under renovation in 2016.,Public libraries,List of Carnegie libraries in Indiana
Darlington,public,Darlington,Indiana,United States,"Feb 6, 1915","$10,000",,203 W. Main St.,,,Carnegie_library_in_Darlington.jpg,,,Public libraries,List of Carnegie libraries in Indiana
Decatur,public,Decatur,Indiana,United States,"Mar 8, 1904","$12,000",,122 S. 3rd St.,,,Decatur-indiana-superior-court.jpg,,"Opened 1906, now county court office",Public libraries,List of Carnegie libraries in Indiana
Delphi,public,Delphi,Indiana,United States,"Dec 30, 1904","$10,000",,222 E. Main St.,,,02_Carnegie_Library_P6080121.jpg,,,Public libraries,List of Carnegie libraries in Indiana
Earl Park,public,Earl Park,Indiana,United States,"Nov 21, 1911","$7,500",,102 E. 5th St.,,,Carnegie_Library_P5160135.jpg,,Has an addition and is still used as the public library. (April 2011),Public libraries,List of Carnegie libraries in Indiana
East Chicago Baring Avenue Branch,public,East Chicago,Indiana,United States,"Jan 13, 1903","$40,000",,1008 W. Chicago Ave.,,,,,,Public libraries,List of Carnegie libraries in Indiana
East Chicago Indiana Harbor Branch,public,East Chicago,Indiana,United States,"Jan 13, 1903","$20,000",,3605 Grand Ave.,,,Indiana_Harbor_Public_Library.jpg,https://en.wikipedia.org/wiki/Indiana_Harbor_Public_Library,Now the East Chicago Academy of Visual and Performing Arts. (March 2015),Public libraries,List of Carnegie libraries in Indiana
Elkhart,public,Elkhart,Indiana,United States,"Mar 6, 1901","$35,000",,,,,"Elkhart,_Indiana_Carnegie_Library_c.1921.png",,"Open 1903–1969, demolished 1970",Public libraries,List of Carnegie libraries in Indiana
Elwood,public,Elwood,Indiana,United States,"Oct 3, 1901","$30,000",,124 N. 16th St.,,,,,Open 1903–1997,Public libraries,List of Carnegie libraries in Indiana
Evansville East Branch,public,Evansville,Indiana,United States,"Jan 6, 1911","$60,000",,840 E. Chandler Ave. in the Bayard Park Neighborhood,,,East_Branch_Library.jpg,,Opened 1913,Public libraries,List of Carnegie libraries in Indiana
Evansville West Branch,public,Evansville,Indiana,United States,"Jan 6, 1911",—,,2000 W. Franklin St.,,,,,Opened 1913,Public libraries,List of Carnegie libraries in Indiana
Evansville Cherry Branch,public,Evansville,Indiana,United States,"Jan 6, 1911",—,,515 Cherry St.,,,,,"Colored branch during segregation, open 1914–1955, demolished c.1970",Public libraries,List of Carnegie libraries in Indiana
Flora,public,Flora,Indiana,United States,"Feb 3, 1917","$10,000",,109 N. Center St.,,,,,Still used as a public library.,Public libraries,List of Carnegie libraries in Indiana
Fort Branch,public,Fort Branch,Indiana,United States,"May 15, 1916","$10,000",,107 E. Locust St.,,,,,,Public libraries,List of Carnegie libraries in Indiana
Fort Wayne,public,Fort Wayne,Indiana,United States,"Mar 14, 1901","$90,000",,900 Library Plz.,,,,,Demolished 1968,Public libraries,List of Carnegie libraries in Indiana
Fortville,public,Fortville,Indiana,United States,"Mar 31, 1916","$10,000",,115 N. Main St.,,,,,"Open 1918–1986, now a church youth center",Public libraries,List of Carnegie libraries in Indiana
Fowler,public,Fowler,Indiana,United States,"Apr 11, 1906","$7,500",,102 N. Van Buren Ave.,,,Fowler_Carnegie_Library_P5160147.jpg,,Has an addition and is still used as the public library. (April 2011),Public libraries,List of Carnegie libraries in Indiana
Francesville,public,Francesville,Indiana,United States,"Apr 19, 1915","$9,000",,201 W. Montgomery St.,,,Francesville_-_P6170774.jpg,,Has an addition and is still used as the public library. (April 2011),Public libraries,List of Carnegie libraries in Indiana
Frankfort,public,Frankfort,Indiana,United States,"Nov 24, 1905","$22,500",,208 W. Clinton St.,,,Frankfort_Community_Public_Library.JPG,,,Public libraries,List of Carnegie libraries in Indiana
Franklin,public,Franklin,Indiana,United States,"Apr 28, 1913","$17,500",,196 E. Madison St.,,,,,Converted into condos in 1990s,Public libraries,List of Carnegie libraries in Indiana
Garrett,public,Garrett,Indiana,United States,"Mar 14, 1913","$10,000",,107 W. Houston St.,,,"Garrett_Public_Library,_Garrett,_Indiana,_front_view.jpg",,,Public libraries,List of Carnegie libraries in Indiana
Gary Central Branch,public,Gary,Indiana,United States,"Apr 28, 1910","$90,000",,,,,,,Open 1912–1962,Public libraries,List of Carnegie libraries in Indiana
Gary Bailey Branch,public,Gary,Indiana,United States,"Apr 28, 1910","$25,000",,1501 W. Madison St.,,,Louis_J._Bailey_Branch_Library.jpg,https://en.wikipedia.org/wiki/Louis_J._Bailey_Branch_Library-Gary_International_Institute,"Opened 1918, the only Colonial Revival -style Carnegie library in Indiana. Demolished.",Public libraries,List of Carnegie libraries in Indiana
Gas City,public,Gas City,Indiana,United States,"Jan 2, 1913","$12,500",,135 E. Main St.,,,Gas_City_Carnegie_Grant_County_Indiana.jpg,,Has an addition and is still used as the public library. (February 2011),Public libraries,List of Carnegie libraries in Indiana
Goshen,public,Goshen,Indiana,United States,"Jan 15, 1901","$25,000",,202 N. 5th St.,,,Goshen_Carnegie_Public_Library.jpg,https://en.wikipedia.org/wiki/Goshen_Carnegie_Public_Library,"Open 1903–1968, now city hall",Public libraries,List of Carnegie libraries in Indiana
Grandview,public,Grandview,Indiana,United States,"Sep 14, 1917","$8,000",,403 Main St.,,,Grandview_Carnegie_Library.jpg,,,Public libraries,List of Carnegie libraries in Indiana
Greencastle,public,Greencastle,Indiana,United States,"Jan 22, 1902","$20,165",,103 E. Poplar St.,,,CarnegieLibraryGreencastleIN.JPG,,,Public libraries,List of Carnegie libraries in Indiana
Greenfield,public,Greenfield,Indiana,United States,"Mar 8, 1904","$10,000",,100 W. North St.,,,Greenfield_Carnegie_Library.jpg,,Now a restaurant,Public libraries,List of Carnegie libraries in Indiana
Greensburg,public,Greensburg,Indiana,United States,"Mar 14, 1902","$15,000",,114 N. Michigan Ave.,,,Greensburg_Carnegie_Public_Library.jpg,https://en.wikipedia.org/wiki/Greensburg_Carnegie_Public_Library,Now a private residence.,Public libraries,List of Carnegie libraries in Indiana
Hammond,public,Hammond,Indiana,United States,"Jan 14, 1904","$27,000",,,,,,,,Public libraries,List of Carnegie libraries in Indiana
Hartford City,public,Hartford City,Indiana,United States,"Jan 22, 1902","$16,000",,314 N. High St.,,,Hartford_City_Public_Library.jpg,,Has an addition and is still used as the public library. (February 2011),Public libraries,List of Carnegie libraries in Indiana
Hebron,public,Hebron,Indiana,United States,"Sep 14, 1917","$10,000",,201 W. Sigler St.,,,Hebron_Carnegie_Library_P7240034.jpg,,Has an addition and is still used as the public library. (July 2010),Public libraries,List of Carnegie libraries in Indiana
Hobart,public,Hobart,Indiana,United States,"Jan 14, 1914","$16,000",,706 E. 4th St.,,,Hobart_Carnegie_Library_Hobart_Indiana_P7220023.jpg,https://en.wikipedia.org/wiki/Hobart_Carnegie_Library,"Open 1915–1968, the only Tudor Revival building in Hobart, now used by the Hobart Historical Society as a museum of local history. (July 2010)",Public libraries,List of Carnegie libraries in Indiana
Huntington,public,Huntington,Indiana,United States,"Dec 21, 1901","$25,000",,44 E. Park Dr.,,,"Former_Carnegie_library_building_in_Huntington,_Indiana_in_July_2025.jpg",,Now houses a comic book and game store.,Public libraries,List of Carnegie libraries in Indiana
Indianapolis West Indianapolis Branch,public,Indianapolis,Indiana,United States,"Jan 19, 1909","$100,000",,1926 W. Morris St.,,,Indianapolis_West_Indianapolis_Branch_Library_1914.jpg,,"Open 1912–1986, demolished 1994",Public libraries,List of Carnegie libraries in Indiana
Indianapolis Madison Avenue Branch,public,Indianapolis,Indiana,United States,"Jan 19, 1909",—,,1034 S. Alabama St.,,,Indianapolis_Madison_Avenue_Branch_Library_in_1915.jpg,,Demolished 1968 to make way for I-70,Public libraries,List of Carnegie libraries in Indiana
Indianapolis Spades Park Branch,public,Indianapolis,Indiana,United States,"Jan 19, 1909",—,,1801 Nowland Ave.,,,Spades_Park_Branch.JPG,https://en.wikipedia.org/wiki/Indianapolis_Public_Library_Branch_No._6,Opened 1912,Public libraries,List of Carnegie libraries in Indiana
Indianapolis East Washington Branch,public,Indianapolis,Indiana,United States,"Jan 19, 1909",—,,2822 E. Washington St.,,,Indianapolis_Public_Library_Branch_No._3.jpg,https://en.wikipedia.org/wiki/Indianapolis_Public_Library_Branch_No._3,Opened 1911,Public libraries,List of Carnegie libraries in Indiana
Indianapolis Hawthorne Branch,public,Indianapolis,Indiana,United States,"Jan 19, 1909",—,,70 N. Mount St.,,,Hawthorne_Branch_Library_No._2.jpg,https://en.wikipedia.org/wiki/Hawthorne_Branch_Library_No._2,Now a community services center,Public libraries,List of Carnegie libraries in Indiana
Jeffersonville,public,Jeffersonville,Indiana,United States,"Feb 15, 1902","$16,000",,Warder Park,,,Carnegie_Library_Jeffersonville.jpg,,Open 1903–1970,Public libraries,List of Carnegie libraries in Indiana
Kendallville,public,Kendallville,Indiana,United States,"Jul 13, 1912","$12,500",,124 E. Rush St.,,,,,,Public libraries,List of Carnegie libraries in Indiana
Kentland,public,Kentland,Indiana,United States,"Dec 2, 1909","$10,000",,201 E. Graham St.,,,Kentland_Carnegie_Library_P5160123.jpg,,Has an addition and is still used as the public library. (April 2011),Public libraries,List of Carnegie libraries in Indiana
Kewanna,public,Kewanna,Indiana,United States,"May 21, 1913","$8,000",,210 E. Main St.,,,Kenwana_Carnegie_Library_P9190162.jpg,,,Public libraries,List of Carnegie libraries in Indiana
Kingman,public,Kingman,Indiana,United States,"Jul 9, 1913","$8,000",,123 W. State St.,,,,,,Public libraries,List of Carnegie libraries in Indiana
Kirklin,public,Kirklin,Indiana,United States,"May 8, 1914","$7,500",,115 N. Main St.,,,Kirlin_Carnegie_Library_P6080108.jpg,https://en.wikipedia.org/wiki/Kirklin_Public_Library,,Public libraries,List of Carnegie libraries in Indiana
Knightstown,public,Knightstown,Indiana,United States,"Apr 25, 1911","$10,000",,5 E. Main St.,,,Carnegie_library_in_Knightstown.jpg,,Opened 1912,Public libraries,List of Carnegie libraries in Indiana
Kokomo,public,Kokomo,Indiana,United States,"Mar 14, 1902","$25,000",,,,,,,Demolished 1965,Public libraries,List of Carnegie libraries in Indiana
LaGrange,public,LaGrange,Indiana,United States,"Nov 9, 1916","$12,500",,203 W. Spring St.,,,Carnegie_Library_LaGrange_Indiana_PA160346.jpg,,Has an addition and is still used as the public library. (October 2010),Public libraries,List of Carnegie libraries in Indiana
La Porte,public,La Porte,Indiana,United States,"Mar 31, 1916","$27,500",,904 Indiana Ave.,,,LaPorte_County_Public_Library.jpg,https://en.wikipedia.org/wiki/La_Porte_Public_Library,Has an addition and is still used as the public library. (July 2025),Public libraries,List of Carnegie libraries in Indiana
Lawrenceburg,public,Lawrenceburg,Indiana,United States,"Apr 13, 1914","$11,000",,150 Mary St.,,,Lawrenceburg_Public_Library_2017.jpg,,,Public libraries,List of Carnegie libraries in Indiana
Lebanon,public,Lebanon,Indiana,United States,"Jan 6, 1903","$15,000",,104 E. Washington St.,,,"Carnegie_library_in_Lebanon,_Indiana.jpg",,,Public libraries,List of Carnegie libraries in Indiana
Liberty,public,Liberty,Indiana,United States,"Jan 6, 1915","$10,000",,2 E. Seminary St.,,,Union_County_Public_Library_in_Liberty.jpg,,,Public libraries,List of Carnegie libraries in Indiana
Ligonier,public,Ligonier,Indiana,United States,"Apr 8, 1907","$10,000",,300 S. Main St.,,,Ligonier_Carnegie_Library_P6010027.jpg,,"Renovations were done in 2013 by Kelty Tappy Design, Inc. in Fort Wayne, IN.",Public libraries,List of Carnegie libraries in Indiana
Linden,public,Linden,Indiana,United States,"Jan 28, 1916","$7,500",,102 S. Main St.,,,Linden_Carnegie_Library.jpg,,Opened 1922,Public libraries,List of Carnegie libraries in Indiana
Linton,public,Linton,Indiana,United States,"Dec 24, 1907","$15,000",,110 E. Vincennes St.,,,Linton_Public_Library_in_sunlight.jpg,,Now the Carnegie Heritage & Arts Center,Public libraries,List of Carnegie libraries in Indiana
Logansport,public,Logansport,Indiana,United States,"Apr 26, 1902","$35,000",,,,,Logansport_Indiana_Carnegie_Library.jpg,,Burned down in 1941,Public libraries,List of Carnegie libraries in Indiana
Lowell,public,Lowell,Indiana,United States,"Mar 11, 1918","$12,500",,512 E. Commercial Ave.,,,Lowell_Carnegie_Library_2017-03-29_302.jpg,,Open 1920–1969 Is now a martial arts studio (2023).,Public libraries,List of Carnegie libraries in Indiana
Marion,public,Marion,Indiana,United States,"Feb 18, 1901","$50,000",,600 S. Washington St.,,,Marion_Carnegie_Marion_Grant_County_Indiana.jpg,,Has an addition and is still used as the public library. (February 2011),Public libraries,List of Carnegie libraries in Indiana
Martinsville,public,Martinsville,Indiana,United States,"Feb 13, 1906","$12,500",,110 S. Jefferson St.,,,Carnegie_library_in_Martinsville.jpg,,Has an addition and is still used as the public library (November 2018),Public libraries,List of Carnegie libraries in Indiana
Merom,public,Merom,Indiana,United States,"Nov 9, 1916","$10,000",,8554 W. Market St.,,,,,,Public libraries,List of Carnegie libraries in Indiana
Milford,public,Milford,Indiana,United States,"Dec 3, 1915","$10,000",,101 N. Main St.,,,Milford_Carnegie_Library_P6010005.jpg,,,Public libraries,List of Carnegie libraries in Indiana
Mishawaka,public,Mishawaka,Indiana,United States,"Jan 6, 1915","$30,000",,122 N. Hill St.,,,Mishawaka_Carnegie_Library.jpg,https://en.wikipedia.org/wiki/Old_Mishawaka_Carnegie_Library,Now an event venue,Public libraries,List of Carnegie libraries in Indiana
Mitchell,public,Mitchell,Indiana,United States,"May 8, 1914","$15,000",,804 W. Main St.,,,Carnegie_Library_P5250472.jpg,,,Public libraries,List of Carnegie libraries in Indiana
Monon,public,Monon,Indiana,United States,"Dec 8, 1913","$10,000",,427 N. Market St.,,,Monon_Carnegie_Library_P5160257.jpg,,Has an addition and is still used as the public library. (April 2011),Public libraries,List of Carnegie libraries in Indiana
Monterey,public,Monterey,Indiana,United States,"Apr 3, 1917","$5,000",,6260 E. Main St.,,,,,,Public libraries,List of Carnegie libraries in Indiana
Monticello,public,Monticello,Indiana,United States,"Jan 16, 1906","$10,000",,101 S. Bluff St.,,,Monticello_Carnegie_Library.jpg,https://en.wikipedia.org/wiki/Monticello_Carnegie_Library,Now county historical society,Public libraries,List of Carnegie libraries in Indiana
Montpelier,public,Montpelier,Indiana,United States,"Feb 21, 1907","$10,000",,301 S. Main St.,,,Montpelier_Carnegie_Library.jpg,https://en.wikipedia.org/wiki/Montpelier_Carnegie_Library,Has an addition and is still used as the public library. (February 2011),Public libraries,List of Carnegie libraries in Indiana
Mooresville,public,Mooresville,Indiana,United States,"Jan 2, 1913","$10,000",,30 W. Main St.,,,,,,Public libraries,List of Carnegie libraries in Indiana
Mount Vernon,public,Mount Vernon,Indiana,United States,"Dec 27, 1902","$14,000",,520 Main St.,,,"Mount_Vernon_Carnegie_Library,_520_Main.jpg",,Currently functions as Mount Vernon City Hall. A new library building was built across the street in 1986,Public libraries,List of Carnegie libraries in Indiana
Muncie,public,Muncie,Indiana,United States,"Mar 8, 1901","$55,000",,301 E. Jackson St.,,,Muncie_Public_Library.jpg,"https://en.wikipedia.org/wiki/Carnegie_Library_(Muncie,_Indiana)",Currently functions as the genealogy center for Muncie Public Library. [4],Public libraries,List of Carnegie libraries in Indiana
New Albany,public,New Albany,Indiana,United States,"Mar 14, 1902","$40,000",,201 E. Spring St.,,,Carnegie_47150.jpg,https://en.wikipedia.org/wiki/Carnegie_Center_for_Art_%26_History,The building has been converted to the Carnegie Center for Art & History.,Public libraries,List of Carnegie libraries in Indiana
New Carlisle,public,New Carlisle,Indiana,United States,"Sep 14, 1917","$9,000",,124 E. Michigan St.,,,"Carnegie_Library_in_New_Carlisle,_Indiana.jpg",,Currently houses town offices,Public libraries,List of Carnegie libraries in Indiana
New Castle,public,New Castle,Indiana,United States,"Jul 9, 1913","$20,000",,376 S. 15th St.,,,,,,Public libraries,List of Carnegie libraries in Indiana
Newburgh,public,Newburgh,Indiana,United States,"May 15, 1916","$10,000",,23 W. Jennings St.,,,,,Now city hall,Public libraries,List of Carnegie libraries in Indiana
Noblesville,public,Noblesville,Indiana,United States,"Dec 29, 1903","$12,500",,16 S. 10th St.,,,,,"Extensively altered, now city hall",Public libraries,List of Carnegie libraries in Indiana
North Judson,public,North Judson,Indiana,United States,"Sep 14, 1917","$10,000",,208 Keller Ave.,,,North_Judson_Carnegie_Library_P1010089.jpg,,,Public libraries,List of Carnegie libraries in Indiana
North Manchester,public,North Manchester,Indiana,United States,"Apr 8, 1910","$10,000",,204 W. Main St.,,,North_Manchester_Public_Library.jpg,https://en.wikipedia.org/wiki/North_Manchester_Public_Library,"Open 1912–1995, now law offices",Public libraries,List of Carnegie libraries in Indiana
North Vernon,public,North Vernon,Indiana,United States,"Feb 8, 1918","$20,000",,143 E. Walnut St.,,,Jennings_County_Carnegie_Library.jpg,,"Open 1920–1997, now city hall",Public libraries,List of Carnegie libraries in Indiana
Orleans,public,Orleans,Indiana,United States,"Jan 6, 1915","$10,000",,174 N. Maple St.,,,Orleans_Public_Library.jpg,,,Public libraries,List of Carnegie libraries in Indiana
Osgood,public,Osgood,Indiana,United States,"Jan 9, 1913","$9,000",,136 W. Ripley St.,,,Osgood_Carnegie_library.jpg,,,Public libraries,List of Carnegie libraries in Indiana
Owensville,public,Owensville,Indiana,United States,"Dec 3, 1915","$12,500",,110 S. Main St.,,,Owensville_Carnegie_Library.jpg,,,Public libraries,List of Carnegie libraries in Indiana
Oxford,public,Oxford,Indiana,United States,"Jan 14, 1914","$8,000",,201 E. Smith St.,,,Oxford_Carnegie_Library_P5160194.jpg,,Has an addition and is still used as the public library. (April 2011),Public libraries,List of Carnegie libraries in Indiana
Paoli,public,Paoli,Indiana,United States,"Jan 31, 1913","$8,000",,147 E. Court Street,,,Old_Paoli_Public_Library.jpg,,Building is still owned by library. New location (2010) is located at 100 W. Water St.,Public libraries,List of Carnegie libraries in Indiana
Pendleton,public,Pendleton,Indiana,United States,"Apr 25, 1911","$8,000",,424 E. State St.,,,,,"Open 1911–1991, currently an alternative school.",Public libraries,List of Carnegie libraries in Indiana
Peru,public,Peru,Indiana,United States,"Mar 8, 1901","$25,000",,102 E. Main St.,,,,,,Public libraries,List of Carnegie libraries in Indiana
Pierceton,public,Pierceton,Indiana,United States,"Dec 3, 1915","$10,000",,101 Catholic St.,,,"Carnegie_library_building_in_Pierceton,_Indiana_July_2025.jpg",,Is still in use as the public library (July 2025).,Public libraries,List of Carnegie libraries in Indiana
Plainfield,public,Plainfield,Indiana,United States,"Nov 21, 1911","$9,000",,120 S. Center St.,,,Triangle_Fraternity_National_Headquarters.jpg,,"Open 1913–1968, now the headquarters for Triangle Fraternity",Public libraries,List of Carnegie libraries in Indiana
Plymouth,public,Plymouth,Indiana,United States,"Jan 6, 1911","$15,000",,,,,,,Demolished 1976,Public libraries,List of Carnegie libraries in Indiana
Portland,public,Portland,Indiana,United States,"Mar 12, 1901","$15,000",,,,,,,Demolished 2000,Public libraries,List of Carnegie libraries in Indiana
Poseyville,public,Poseyville,Indiana,United States,"Jan 2, 1904","$5,500",,55 S. Cale St.,,,,,Opened 1905,Public libraries,List of Carnegie libraries in Indiana
Princeton,public,Princeton,Indiana,United States,"Jan 22, 1903","$15,000",,124 S. Hart St.,,,"Carnegie_library_in_Princeton,_Indiana.jpg",,,Public libraries,List of Carnegie libraries in Indiana
Remington,public,Remington,Indiana,United States,"Mar 16, 1915","$10,000",,,,,,,Burned down in 1960,Public libraries,List of Carnegie libraries in Indiana
Rensselaer,public,Rensselaer,Indiana,United States,"Jan 13, 1903","$12,000",,301 N. Van Rensselaer St.,,,Carnegie_Library_P6120010.jpg,https://en.wikipedia.org/wiki/Rensselaer_Carnegie_Library,Now an art gallery,Public libraries,List of Carnegie libraries in Indiana
Rising Sun,public,Rising Sun,Indiana,United States,"Dec 3, 1915","$10,000",,100 N. High St.,,,"Old_Rising_Sun_Public_Library,_Rising_Sun,_IN_(48361851667).jpg",,"Built 1916, now a veterans museum",Public libraries,List of Carnegie libraries in Indiana
Roachdale,public,Roachdale,Indiana,United States,"Jan 31, 1913","$10,000",,100 E. Washington St.,,,"Carnegie_library_building_in_Roachdale,_Indiana_June_2023.jpg",,Is still in use as the public library (July 2023).,Public libraries,List of Carnegie libraries in Indiana
Roann,public,Roann,Indiana,United States,"Jun 11, 1914","$10,000",,240 S. Chippewa Rd.,,,Roann_Carnegie_Library_Roann_Wabash_County_Indiana.jpg,https://en.wikipedia.org/wiki/Roann-Paw_Paw_Township_Public_Library,Still operating as a township library.,Public libraries,List of Carnegie libraries in Indiana
Rochester,public,Rochester,Indiana,United States,"Dec 20, 1904","$15,000",,802 Jefferson St.,,,Old_Carnegie_Library_Rochester_Fulton_County_Indiana.jpg,,Used as a private residence.,Public libraries,List of Carnegie libraries in Indiana
Rockport,public,Rockport,Indiana,United States,"Jan 5, 1916","$17,000",,210 Walnut St.,,,Rockport_Carnegie_Library.jpg,,,Public libraries,List of Carnegie libraries in Indiana
Rockville,public,Rockville,Indiana,United States,"Apr 13, 1914","$12,500",,106 N. Market St.,,,,,,Public libraries,List of Carnegie libraries in Indiana
Royal Center,public,Royal Center,Indiana,United States,"Sep 25, 1914","$10,000",,203 S. Chicago St.,,,Royal_Center_Carnegie_P4200001.JPG,,,Public libraries,List of Carnegie libraries in Indiana
Salem,public,Salem,Indiana,United States,"Feb 20, 1904","$16,000",,212 N. Main St.,,,Salem_Carnegie_Library.jpg,,,Public libraries,List of Carnegie libraries in Indiana
Scottsburg,public,Scottsburg,Indiana,United States,"Nov 22, 1917","$12,500",,108 S. Main St.,,,Scottsburg_Carnegie_P5230004.jpg,,Still used as a library. Has been expanded.,Public libraries,List of Carnegie libraries in Indiana
Seymour,public,Seymour,Indiana,United States,"Feb 2, 1903","$10,000",,303 W. 2nd St.,,,,,,Public libraries,List of Carnegie libraries in Indiana
Shelbyville,public,Shelbyville,Indiana,United States,"Dec 30, 1901","$20,000",,57 W. Broadway St.,,,,,Still used as a public library. Additions in 1966 and 1994,Public libraries,List of Carnegie libraries in Indiana
Sheridan,public,Sheridan,Indiana,United States,"Dec 7, 1911","$12,500",,214 S. Main St.,,,Sheridan_Carnegie_Library.jpg,,Currently used as a private business.,Public libraries,List of Carnegie libraries in Indiana
Shoals,public,Shoals,Indiana,United States,"Mar 14, 1913","$10,000",,404 High St.,,,,,,Public libraries,List of Carnegie libraries in Indiana
Spencer,public,Spencer,Indiana,United States,"Jan 6, 1911","$10,000",,110 E. Market St.,,,Carnegie_Library_P1280146.JPG,https://en.wikipedia.org/wiki/Spencer_Public_Library,Owen County Heritage & Culture Center,Public libraries,List of Carnegie libraries in Indiana
Sullivan,public,Sullivan,Indiana,United States,"Jan 13, 1903","$11,000",,100 S. Crowder St.,,,SullivanInLibrary.jpg,,,Public libraries,List of Carnegie libraries in Indiana
Syracuse,public,Syracuse,Indiana,United States,"Feb 3, 1917","$10,000",,115 E. Main St.,,,Syracuse_Carnegie_P6010014.jpg,,Still in use as a public library,Public libraries,List of Carnegie libraries in Indiana
Tell City,public,Tell City,Indiana,United States,"Mar 31, 1916","$10,000",,548 9th St.,,,,,Currently used as a Historical Society Museum,Public libraries,List of Carnegie libraries in Indiana
Thorntown,public,Thorntown,Indiana,United States,"Sep 27, 1912","$10,000",,124 N. Market St.,,,Thorton_Carnegi_Library_Boone_County_Indiana_P4150094.jpg,https://en.wikipedia.org/wiki/Thorntown_Public_Library,Has an addition and is still used as the public library. (April 2011),Public libraries,List of Carnegie libraries in Indiana
Tipton,public,Tipton,Indiana,United States,"Mar 14, 1902","$13,000",,,,,,,Demolished 1980,Public libraries,List of Carnegie libraries in Indiana
Union City,public,Union City,Indiana,United States,"Nov 25, 1903","$10,000",,408 N. Columbia St.,,,Union_City_Public_Library.jpg,https://en.wikipedia.org/wiki/Union_City_Public_Library,,Public libraries,List of Carnegie libraries in Indiana
Valparaiso,public,Valparaiso,Indiana,United States,"Apr 22, 1906","$20,000",,,,,Valparaiso_Carnegie_Library_(Postcard_1921).jpg,,Demolished in 1994 for a new library building,Public libraries,List of Carnegie libraries in Indiana
Van Buren,public,Van Buren,Indiana,United States,"May 3, 1917","$10,000",,115 S. 1st St.,,,Van_Buren_Carnegie_Library_Grant_County_Indiana.jpg,,Has an addition and is still used as the public library. (April 2011),Public libraries,List of Carnegie libraries in Indiana
Vevay,public,Vevay,Indiana,United States,"Nov 7, 1917","$12,500",,210 Ferry St.,,,Vevay_Town_Hall.jpg,,Now Vevay town hall,Public libraries,List of Carnegie libraries in Indiana
Vincennes,public,Vincennes,Indiana,United States,"Mar 21, 1910","$35,000",,502 N. 7th St.,,,Vincennes_Carnegie_Library.jpg,,,Public libraries,List of Carnegie libraries in Indiana
Wabash,public,Wabash,Indiana,United States,"Mar 7, 1901","$20,000",,188 W. Hill St.,,,"Carnegie_Library_of_Wabash,_Wabash_County_Indiana.jpg",,Still operating as library with an addition.,Public libraries,List of Carnegie libraries in Indiana
Walton,public,Walton,Indiana,United States,"Nov 17, 1914","$10,000",,110 N. Main St.,,,Walton_Library.jpg,,,Public libraries,List of Carnegie libraries in Indiana
Warren,public,Warren,Indiana,United States,"Apr 3, 1917","$10,000",,123 E. 3rd St.,,,Warren_Indiana_Carnegie_Library.JPG,,Still operating as a public library.,Public libraries,List of Carnegie libraries in Indiana
Warsaw,public,Warsaw,Indiana,United States,"Sep 29, 1915","$15,000",,310 E. Main St.,,,"Carnegie_library_building_in_Warsaw,_Indiana_July_2025.jpg",,Has an addition and is still in use as the public library (July 2025).,Public libraries,List of Carnegie libraries in Indiana
Washington,public,Washington,Indiana,United States,"Mar 8, 1901","$20,000",,300 W. Main St.,,,Carnegie_library_in_Washington.jpg,,,Public libraries,List of Carnegie libraries in Indiana
Waterloo,public,Waterloo,Indiana,United States,"Mar 14, 1913","$9,000",,300 S. Wayne St.,,,Waterloo_Carnegie_Library_P6010038.jpg,,,Public libraries,List of Carnegie libraries in Indiana
Waveland,public,Waveland,Indiana,United States,"Feb 26, 1914","$10,000",,115 Green St.,,,,,Still in use as a public library. [5],Public libraries,List of Carnegie libraries in Indiana
West Lebanon,public,West Lebanon,Indiana,United States,"Apr 19, 1915","$7,500",,200 N. High St.,,,West_Lebanon_Public_Library.png,https://en.wikipedia.org/wiki/West_Lebanon-Pike_Township_Public_Library,Has an addition and is still used as the public library. (July 2011),Public libraries,List of Carnegie libraries in Indiana
Westfield,public,Westfield,Indiana,United States,"Apr 8, 1910","$9,000",,104 W. Main St.,,,,,"Open 1911–1983, now a print shop",Public libraries,List of Carnegie libraries in Indiana
Westville,public,Westville,Indiana,United States,"Dec 8, 1913","$8,000",,153 W. Main St.,,,Carnegie_Library_P6010001.jpg,,Expanded and still in use as the community library (May 2011),Public libraries,List of Carnegie libraries in Indiana
Whiting,public,Whiting,Indiana,United States,"Dec 30, 1904","$15,000",,1735 Oliver St.,,,"Carnegie_Library_Building_in_Whiting,_Indiana_in_October_2024.jpg",,Is still in use as the public library (July 2025).,Public libraries,List of Carnegie libraries in Indiana
Williamsport,public,Williamsport,Indiana,United States,"Mar 31, 1916","$8,000",,Fall St.,,,,,"Open 1917–2002, now a private residence",Public libraries,List of Carnegie libraries in Indiana
Winamac,public,Winamac,Indiana,United States,"Jan 6, 1911","$10,000",,121 S. Riverside Dr.,,,Winimac_Carnegie_Library_P1010078.jpg,,,Public libraries,List of Carnegie libraries in Indiana
Winchester,public,Winchester,Indiana,United States,"Apr 23, 1906","$12,000",,125 N. East St.,,,,,"Grant was received in 1906, building was completed in 1915. New addition added in the 1990s.",Public libraries,List of Carnegie libraries in Indiana
Worthington,public,Worthington,Indiana,United States,"Apr 3, 1917","$10,000",,26 N. Commercial St.,,,,,,Public libraries,List of Carnegie libraries in Indiana
DePauw University,academic,,Indiana,United States,"Mar 21, 1905","$50,000",,,,,"Carnegie_library_at_DePauw,_front.jpg",https://en.wikipedia.org/wiki/DePauw_University,"Open 1909–1958, now Emison Art Center",Academic libraries,List of Carnegie libraries in Indiana
Earlham College,academic,,Indiana,United States,"Mar 15, 1905","$30,000",,,,,Tyler_Hall_(Earlham_College).jpg,https://en.wikipedia.org/wiki/Earlham_College,"Open 1907–1964, now Tyler Hall",Academic libraries,List of Carnegie libraries in Indiana
Albia,public,Albia,Iowa,United States,"Apr 11, 1905","$10,000",,203 E. Benton Ave.,41.027733,-92.805827,,,"Opened March 21, 1906.",Public libraries,List of Carnegie libraries in Iowa
Alden,public,Alden,Iowa,United States,"Nov 3, 1913","$9,000",,1012 Water St.,42.519925,-93.374412,Alden_Public_Library.jpg,https://en.wikipedia.org/wiki/Alden_Public_Library,"This is the smallest community in the United States to be granted a Carnegie library, with a population of just 699 in 1900. A Wetherell and Gage design in the Beaux-Arts style, it was opened August 26, 1914.",Public libraries,List of Carnegie libraries in Iowa
Algona,public,Algona,Iowa,United States,"Mar 27, 1903","$10,000",,110 E. Nebraska St.,43.068480,-94.236624,,,"This Patton and Miller of Chicago design is now a private business. It was in use as a library from March 25, 1905 until 1983.",Public libraries,List of Carnegie libraries in Iowa
Ames,public,Ames,Iowa,United States,"Feb 2, 1903","$16,000",,515 Douglas Ave.,42.026679,-93.612142,,,"Opened October 20, 1904, this building has been expanded twice to accommodate growing demand. It was designed by Hawlett and Rawson of Des Moines.",Public libraries,List of Carnegie libraries in Iowa
Atlantic,public,Atlantic,Iowa,United States,"Mar 14, 1902","$12,500",,507 Poplar St.,41.405417,-95.014483,Atlantic_IA_Carnegie_Lib.jpg,,"Opened December 28, 1903.",Public libraries,List of Carnegie libraries in Iowa
Audubon,public,Audubon,Iowa,United States,"Mar 29, 1911","$9,000",,401 N. Park Pl.,41.722195,-94.931660,,,"Dedicated on December 3, 1912.",Public libraries,List of Carnegie libraries in Iowa
Bedford,public,Bedford,Iowa,United States,"Apr 8, 1907","$10,000",,507 Jefferson St.,40.668579,-94.720280,Bedford_Public_Library.jpg,https://en.wikipedia.org/wiki/Bedford_Public_Library,"Dedicated on January 25, 1916 and opened on January 26, 1916.",Public libraries,List of Carnegie libraries in Iowa
Bloomfield,public,Bloomfield,Iowa,United States,"Nov 21, 1911","$10,000",,107 N. Columbia St.,40.752589,-92.416391,The_Bloomfield_Public_Library.jpg,https://en.wikipedia.org/wiki/Bloomfield_Public_Library,"Opened August 8, 1913, this building was designed by Wetherall and Gage of Des Moines.",Public libraries,List of Carnegie libraries in Iowa
Britt,public,Britt,Iowa,United States,"Mar 31, 1916","$8,000",,,,,,,"Dedicated June 20, 1918, this building was razed in 1968.",Public libraries,List of Carnegie libraries in Iowa
Carroll,public,Carroll,Iowa,United States,"Feb 12, 1903","$10,000",,123 E. 6th St.,42.066132,-94.866879,,"https://en.wikipedia.org/wiki/Carnegie_Library_Building_(Carroll,_Iowa)","Dedicated September 2, 1905, this building is now the Carroll County Historical Museum.",Public libraries,List of Carnegie libraries in Iowa
Cedar Falls,public,Cedar Falls,Iowa,United States,"Mar 14, 1902","$15,000",,Main St. & W. 6th St.,42.533319,-92.445509,,,"Dedicated on September 24, 1903, this building housed the library for Cedar Falls until 2004, when it was demolished for construction of a new library.",Public libraries,List of Carnegie libraries in Iowa
Cedar Rapids,public,Cedar Rapids,Iowa,United States,"Feb 19, 1901","$75,000",,410 3rd Ave. SE,41.978938,-91.664579,Cedar_rapids_Museum_of_Art_-_panoramio.jpg,https://en.wikipedia.org/wiki/Cedar_Rapids_Public_Library,"Now the Cedar Rapids Museum of Art, this Josselyn and Taylor building opened on June 23, 1905 and served as the library until 1985.",Public libraries,List of Carnegie libraries in Iowa
Chariton,public,Chariton,Iowa,United States,"Jan 13, 1903","$11,000",,803 Braden Ave.,41.016158,-93.304996,Chariton_Free_Public_Library_2012-09-27_19-31-24.jpg,https://en.wikipedia.org/wiki/Chariton_Public_Library,"A Patton and Miller work, this building opened October 28, 1904.",Public libraries,List of Carnegie libraries in Iowa
Charles City,public,Charles City,Iowa,United States,"Jan 2, 1903","$12,500",,301 N. Jackson St.,43.069248,-92.679141,,,"Now the Charles City Art Center, this library opened November 24, 1904 and was designed by Patton and Miller.",Public libraries,List of Carnegie libraries in Iowa
Cherokee,public,Cherokee,Iowa,United States,"Jan 6, 1903","$12,000",,215 S. 2nd St.,42.750794,-95.551357,CherokeeIA_Library.jpg,https://en.wikipedia.org/wiki/Cherokee_Public_Library,"Dedicated May 2, 1905, this building was designed by Wetherall and Gage.",Public libraries,List of Carnegie libraries in Iowa
Clarinda,public,Clarinda,Iowa,United States,"Feb 21, 1907","$15,000",,300 N. 16th St.,40.740917,-95.037854,Clarinda_Carnegie_Library.jpg,https://en.wikipedia.org/wiki/Clarinda_Carnegie_Library,"Dedicated April 15, 1909, this building served the city until 2004 and now houses an art museum.",Public libraries,List of Carnegie libraries in Iowa
Clear Lake,public,Clear Lake,Iowa,United States,"Mar 31, 1916","$8,500",,200 N. 4th St.,43.138636,-93.382545,,,"Opened June 7, 1918, this library was expanded in 2002 by adjoining with a neighboring building.",Public libraries,List of Carnegie libraries in Iowa
Clinton,public,Clinton,Iowa,United States,"Aug 24, 1901","$45,000",,306 8th Ave. S.,41.838395,-90.190995,"Clinton_Public_Library_-_Clinton,_Iowa.JPG",https://en.wikipedia.org/wiki/Clinton_Public_Library,"Opened November 8, 1904, this building was designed by Patton and Miller.",Public libraries,List of Carnegie libraries in Iowa
Colfax,public,Colfax,Iowa,United States,"Dec 2, 1904","$6,500",,25 W. Division St.,41.677656,-93.245451,,,"Opened May 14, 1913.",Public libraries,List of Carnegie libraries in Iowa
Corydon,public,Corydon,Iowa,United States,"Nov 7, 1917","$8,000",,102 N. DeKalb St.,40.757806,-93.320339,,,"Dedicated June 20, 1919, this was the final Carnegie library granted and opened in Iowa. It was designed by Proudfoot, Bird, and Rawson of Des Moines and used until August 12, 1977; the building is now a school.",Public libraries,List of Carnegie libraries in Iowa
Council Bluffs,public,Council Bluffs,Iowa,United States,"Jan 6, 1903","$70,000",,200 Pearl St. S.,41.259001,-95.851057,UPRR_Museum.JPG,https://en.wikipedia.org/wiki/Council_Bluffs_Public_Library,"Opened on September 12, 1905, this Beaux-Arts building was the Council Bluffs library until 1998, when it was extensively renovated and became the Union Pacific Railroad Museum. It was the largest of the 17 Carnegie libraries Patton and Miller designed in Iowa. [4]",Public libraries,List of Carnegie libraries in Iowa
Cresco,public,Cresco,Iowa,United States,"Feb 13, 1913","$17,500",,320 N. Elm St.,43.374859,-92.116263,,,"Dedicated February 10, 1915, this building by local architect J.H. Howe is unusual among Carnegie libraries for resulting from a community grant—Cresco joined with six additional townships to receive its grant. [5]",Public libraries,List of Carnegie libraries in Iowa
Davenport,public,Davenport,Iowa,United States,"Dec 2, 1899","$75,000",,399 N. Main St.,41.524291,-90.575516,Davenport_Carnegie_Library.jpg,https://en.wikipedia.org/wiki/Davenport_Public_Library,"This Calvin Kiessling design was opened May 11, 1904, five years after local novelist Alice French lobbied Carnegie for a grant. It was condemned and demolished in 1966.",Public libraries,List of Carnegie libraries in Iowa
Denison,public,Denison,Iowa,United States,"Mar 14, 1902","$12,500",,1403 1st Ave. S.,42.016413,-95.353732,,,"A Cox and Schoentgen design which opened on August 10, 1904, this building was extensively renovated in 1985; the original rooms are used only as meeting rooms today. [6]",Public libraries,List of Carnegie libraries in Iowa
DeWitt,public,DeWitt,Iowa,United States,"Apr 8, 1907","$7,116",,510 9th St.,41.824805,-90.537622,,,This building was converted to City Hall in the late 1980s when a new library was built for DeWitt. C.R. Spink of Davenport was the architect; Large Brothers of DeWitt was the builder. [7],Public libraries,List of Carnegie libraries in Iowa
Dubuque,public,Dubuque,Iowa,United States,"Jan 12, 1901","$71,500",,360 W. 11th St.,42.502794,-90.670230,Dubuque_IA_-_Public_Library.jpg,https://en.wikipedia.org/wiki/Carnegie-Stout_Public_Library,"Opened October 20, 1902, this Spencer and Williamson design is the largest Carnegie building in Iowa still in use as a library.",Public libraries,List of Carnegie libraries in Iowa
Dunlap,public,Dunlap,Iowa,United States,"May 2, 1911","$10,000",,116 Iowa Ave.,41.855066,-95.602942,,,This building was designed by Barber and Glenn of nearby Denison. It is now a church.,Public libraries,List of Carnegie libraries in Iowa
Eagle Grove,public,Eagle Grove,Iowa,United States,"Apr 26, 1902","$10,000",,401 W. Broadway St.,42.664687,-93.905962,Original_Eagle_Grove_Public_Library.JPG,https://en.wikipedia.org/wiki/Eagle_Grove_Public_Library,"Opened on September 15, 1903, this Smith and Gage design was a library until 1976. It is now the Eagle Grove Historical Museum.",Public libraries,List of Carnegie libraries in Iowa
Eldon,public,Eldon,Iowa,United States,"Mar 18, 1911","$7,500",,608 W. Elm St.,40.919950,-92.224367,"Eldon_Carnegie_Public_Library_(Eldon,_Iowa).jpg",https://en.wikipedia.org/wiki/Eldon_Public_Library,"This Wetherall and Gage building was opened on May 9, 1913.",Public libraries,List of Carnegie libraries in Iowa
Eldora,public,Eldora,Iowa,United States,"Dec 30, 1901","$10,000",,1219 14th Ave.,42.360351,-93.098531,Eldora_Public_Library_Building.JPG,https://en.wikipedia.org/wiki/Former_Eldora_Public_Library,"Opened May 11, 1903, this Patton and Miller work is unusually asymmetrical. It is now a private business.",Public libraries,List of Carnegie libraries in Iowa
Emmetsburg,public,Emmetsburg,Iowa,United States,"Feb 20, 1911","$10,000",,2008 10th St.,43.113108,-94.673803,EmmetsburgCarnegieLibrary.jpg,https://en.wikipedia.org/wiki/Emmetsburg_Public_Library,"The work of architect A. T. Simmons, this building was dedicated December 13, 1912 and now houses the Iowa State University Extension Service.",Public libraries,List of Carnegie libraries in Iowa
Estherville,public,Estherville,Iowa,United States,"Feb 15, 1902","$10,000",,613 Central Ave.,43.402616,-94.836452,EvillePublicLibrary.jpg,,This building was greatly expanded in 1992.,Public libraries,List of Carnegie libraries in Iowa
Fairfield,public,Fairfield,Iowa,United States,"Jan 15, 1892","$30,000",,112 S. Court St.,41.005763,-91.962454,Fairfield_library.jpeg,https://en.wikipedia.org/wiki/Fairfield_Public_Library,"The fifth Carnegie library in the United States to be commissioned and the first outside of Western Pennsylvania. Fairfield's grant effort was spurred by Senator James F. Wilson. The Richardsonian Romanesque work is now operated by Indian Hills Community College as a satellite campus building, as a new library was built in 1996.",Public libraries,List of Carnegie libraries in Iowa
Fort Dodge,public,Fort Dodge,Iowa,United States,"Jan 10, 1901","$30,000",,605 1st Ave. N.,42.506528,-94.190168,,,"This building was designed by Milwaukee architects H. C. Koch and Son and was dedicated October 15, 1903. It operated until November 20, 2000, when a new library opened. It is currently being renovated to become an apartment complex. [8]",Public libraries,List of Carnegie libraries in Iowa
Garner,public,Garner,Iowa,United States,"Jun 11, 1914","$6,500",,,,,,,"Dedicated August 13, 1914, this building was razed in 1977 or 1978.",Public libraries,List of Carnegie libraries in Iowa
Glenwood,public,Glenwood,Iowa,United States,"Jul 27, 1903","$7,500",,109 N. Vine St.,41.048126,-95.741837,,,"Opening February 4, 1907, this building was greatly renovated and modernized (for that time) in the early 1980s.",Public libraries,List of Carnegie libraries in Iowa
Greenfield,public,Greenfield,Iowa,United States,"Sep 29, 1915","$7,500",,SE Kent St. and S. 1st St.,41.303087,-94.460428,,,"Omaha architect Lloyd Willis designed this Colonial Revival building which was dedicated November 27, 1916. The building was used as a library until 1997.",Public libraries,List of Carnegie libraries in Iowa
Grundy Center,public,Grundy Center,Iowa,United States,"Apr 8, 1910","$6,000",,,,,,,"Designed by Conrad architect John R. Gier and opening November 6, 1912, this building was torn down to build Grundy Center's new library.",Public libraries,List of Carnegie libraries in Iowa
Hamburg,public,Hamburg,Iowa,United States,"Dec 3, 1915","$9,000",,1301 Main St.,40.6071917,-95.6571750,"Hamburg,_Iowa_public_library_from_NE_1.JPG","https://en.wikipedia.org/wiki/Hamburg_Public_Library_(Hamburg,_Iowa)","Designed by architects Sawyer and Watrous, this library was dedicated on June 9, 1919.",Public libraries,List of Carnegie libraries in Iowa
Hampton,public,Hampton,Iowa,United States,"Mar 14, 1902","$10,000",,4 S. Federal St.,42.7416000,-93.2071500,,,"Dedicated October 6, 1905, [9] this building is the design of Liebbe, Nourse, and Rasmussen.",Public libraries,List of Carnegie libraries in Iowa
Hawarden,public,Hawarden,Iowa,United States,"Oct 3, 1901","$5,000",,803 10th St.,42.9965222,-96.4833833,,,"A Smith and Gage design, this building was dedicated April 30, 1903, and was renovated in 1971 and 1991. [10]",Public libraries,List of Carnegie libraries in Iowa
Humboldt,public,Humboldt,Iowa,United States,"Dec 13, 1906","$10,000",,30 N. 6th St.,42.7219694,-94.2165194,Humboldt_Public_Library.jpg,https://en.wikipedia.org/wiki/Humboldt_Public_Library,"Designed by Hawlett and Rawson, this library was dedicated on February 9, 1909. An addition was built in 1992.",Public libraries,List of Carnegie libraries in Iowa
Indianola,public,Indianola,Iowa,United States,"Jan 13, 1903","$12,000",,106 W. Boston Ave.,41.3626306,-93.5619639,Indianola_Carnegie_Library_Iowa_2019-2184.jpg,https://en.wikipedia.org/wiki/Indianola_Carnegie_Library,"Dedicated on May 31, 1904, this building was in use as a library until 1984. It was designed by local architects Beymer and Keith. Today it houses the offices of the Des Moines Metro Opera.",Public libraries,List of Carnegie libraries in Iowa
Iowa City,public,Iowa City,Iowa,United States,"Mar 14, 1902","$35,000",,212 S. Linn St.,41.6587694,-91.531417,,https://en.wikipedia.org/wiki/Iowa_City_Public_Library,"Dedicated October 29, 1904, this building served Iowa City as a library until 1981, though an addition was added in 1963. It is now home to commercial offices.",Public libraries,List of Carnegie libraries in Iowa
Iowa Falls,public,Iowa Falls,Iowa,United States,"Mar 20, 1903","$10,000",,520 Rocksylvania Ave.,42.5215333,-93.2637556,Carnegie_ellsworth_library.jpg,https://en.wikipedia.org/wiki/Carnegie-Ellsworth_Public_Library,"Dedicated August 9, 1904, this library has since 2000 been an art and history museum.",Public libraries,List of Carnegie libraries in Iowa
Jefferson,public,Jefferson,Iowa,United States,"Feb 2, 1903","$10,000",,200 W. Lincolnway St.,42.0155528,-94.3764000,,,"The design of Hawlett and Rawson, this library was dedicated April 19, 1904. An addition was added in 1967, and the building was renovated again in 1990. [11]",Public libraries,List of Carnegie libraries in Iowa
Knoxville,public,Knoxville,Iowa,United States,"Nov 30, 1910","$10,000",,213 E. Montgomery St.,41.3173278,-93.0968250,,,"This building was dedicated July 2, 1913.",Public libraries,List of Carnegie libraries in Iowa
Lake City,public,Lake City,Iowa,United States,"May 8, 1908","$7,500",,120 N. Illinois St.,42.2675444,-94.7323722,LakeCityIA_FormerCarnegieLibrary.jpg,"https://en.wikipedia.org/wiki/Lake_City_Public_Library_(Lake_City,_Iowa)","This design of Edgar Lee Barber opened April 23, 1909. It is now a private restaurant.",Public libraries,List of Carnegie libraries in Iowa
Laurens,public,Laurens,Iowa,United States,"Feb 6, 1907","$3,800",,263 N. 3rd St.,42.8495889,-94.8513639,LaurensCarnegieFreeLib_(2).png,https://en.wikipedia.org/wiki/Laurens_Carnegie_Free_Library,"A Wetherell and Gage design, this building was dedicated on October 8, 1910.",Public libraries,List of Carnegie libraries in Iowa
Le Mars,public,Le Mars,Iowa,United States,"Jan 22, 1903","$12,500",,200 Central Ave. SE,42.7910389,-96.1660861,LeMarsIA_FormerPublicLibrary.jpg,https://en.wikipedia.org/wiki/Le_Mars_Public_Library,"This building, designed by John Werling, was dedicated on January 1, 1904. It is now an art center.",Public libraries,List of Carnegie libraries in Iowa
Leon,public,Leon,Iowa,United States,"Apr 20, 1905","$6,000",,200 W. 1st St.,40.7395361,-93.7501778,Leon_Pub_Library_P6070885.jpg,,"This library opened and was dedicated on November 1, 1906.",Public libraries,List of Carnegie libraries in Iowa
Logan,public,Logan,Iowa,United States,"Dec 3, 1915","$10,000",,121 E. 6th St.,41.6442556,-95.7899889,,,"This building was dedicated on December 28, 1920, and has served the community continuously since then.",Public libraries,List of Carnegie libraries in Iowa
Malvern,public,Malvern,Iowa,United States,"Sep 29, 1915","$8,000",,502 Main St.,41.0038194,-95.5848639,,,"This building was opened on June 2, 1917. This library was remodeled in 2006 by expanding the original structure with additional wings.",Public libraries,List of Carnegie libraries in Iowa
Manchester,public,Manchester,Iowa,United States,"Apr 11, 1902","$10,000",,374 N. Franklin St.,42.4864361,-91.4579417,,,This library was opened in March 1903. An addition was completed in 1993. [12],Public libraries,List of Carnegie libraries in Iowa
Maquoketa,public,Maquoketa,Iowa,United States,"Mar 14, 1902","$12,500",,126 S. Second St.,42.0697472,-90.666861,Maquoketa_Public_Library.JPG,https://en.wikipedia.org/wiki/Maquoketa_Public_Library,"Dedicated January 19, 1904, this work by architect Harry Netcott completed an expansion in 1998. [13]",Public libraries,List of Carnegie libraries in Iowa
Marengo,public,Marengo,Iowa,United States,"Mar 27, 1903","$10,000",,235 E. Hilton St.,41.7988472,-92.0682194,Marengo_Public_Library.jpg,,"One of many Patton and Miller designs, this building was dedicated on August 4, 1905. A renovation and addition was completed in May 2007. [14]",Public libraries,List of Carnegie libraries in Iowa
Marion,public,Marion,Iowa,United States,"Jan 22, 1903","$11,500",,1298 7th Ave.,42.0336028,-91.596000,Marion_Carnegie_Public_Library_-_Marion_Iowa.jpg,https://en.wikipedia.org/wiki/Marion_Carnegie_Public_Library,"Dedicated on March 6, 1905, this Dieman and Fiske design now houses offices for the United Methodist Church.",Public libraries,List of Carnegie libraries in Iowa
Marshalltown,public,Marshalltown,Iowa,United States,"Dec 30, 1901","$30,000",,36 N. Center St.,42.0502000,-92.913222,Andrew_Carnegie_Library_in_Marshalltown.jpg,,"An unusual Carnegie library built on a corner, this Patton and Miller design served as a library from April 22, 1903, until December 2008. [15]",Public libraries,List of Carnegie libraries in Iowa
Mason City,public,Mason City,Iowa,United States,"Apr 11, 1902","$20,000",,208 E. State St.,43.1520750,-93.1974083,OldLibraryMasonCityIA.jpg,https://en.wikipedia.org/wiki/Mason_City_Public_Library,"A Patton and Miller design, this library was dedicated on January 10, 1905, but by 1940 a new library was opened. It now houses private businesses. [16]",Public libraries,List of Carnegie libraries in Iowa
Missouri Valley,public,Missouri Valley,Iowa,United States,"Feb 1, 1909","$10,000",,119 N. Fifth St.,41.5572139,-95.8891000,,,"Dedicated on January 2, 1912, this library completed an addition in 2004. [17]",Public libraries,List of Carnegie libraries in Iowa
Montezuma,public,Montezuma,Iowa,United States,"May 3, 1917","$8,000",,200 S. 3rd St.,41.5852444,-92.5250861,,,"This library was designed by Wetherall and Gage and was dedicated April 16, 1919, and is now home to the Poweshiek County Historical & Genealogical Society.",Public libraries,List of Carnegie libraries in Iowa
Monticello,public,Monticello,Iowa,United States,"Feb 12, 1903","$10,500",,205 E. Grand St.,42.2379694,-91.1881528,,,"Dedicated on May 27, 1904, this Patton and Miller library was designated one of Iowa's seven most endangered historic properties in 2005. [18]",Public libraries,List of Carnegie libraries in Iowa
Mount Ayr,public,Mount Ayr,Iowa,United States,"Sep 29, 1915","$8,000",,121 W. Monroe St.,40.7136139,-94.2386306,Mt_Ayrs_Pub_Library_P6070880.jpg,,"This library was dedicated on January 1, 1917.",Public libraries,List of Carnegie libraries in Iowa
Mount Pleasant,public,Mount Pleasant,Iowa,United States,"Jan 13, 1903","$12,500",,200 N. Main St.,40.9683639,-91.5525583,MT_PLEASANT_PUBLIC_LIBRARY-1.jpg,https://en.wikipedia.org/wiki/Former_Mount_Pleasant_Public_Library,"Dedicated on February 22, 1905, this building's tower reflects a Romanesque style. It is now occupied by Southeastern Community College.",Public libraries,List of Carnegie libraries in Iowa
Nashua,public,Nashua,Iowa,United States,"Jan 19, 1905","$5,690",,220 Brasher St.,42.9531250,-92.5378639,,,"Dedicated on January 10, 1906, the Nashua library completed an addition in 1986. [19]",Public libraries,List of Carnegie libraries in Iowa
New Hampton,public,New Hampton,Iowa,United States,"Aug 15, 1908","$10,000",,7 N. Water Ave.,43.0596556,-92.3128528,,,"Dedicated on February 4, 1910, this building is now the Carnegie Cultural Center.",Public libraries,List of Carnegie libraries in Iowa
Newton,public,Newton,Iowa,United States,"Jan 22, 1902","$10,000",,400 1st Ave. W.,41.6998500,-93.0579917,,,"Designed by Hallett and Rawson, this building was opened December 22, 1902, and demolished in 1994.",Public libraries,List of Carnegie libraries in Iowa
Odebolt,public,Odebolt,Iowa,United States,"Mar 8, 1904","$4,000",,200 S. Walnut St.,42.3124972,-95.2533972,,,"Designed by George W. Burkhead of Sioux City, this library was opened on March 1, 1905. A major addition was completed in 1999. [20]",Public libraries,List of Carnegie libraries in Iowa
Onawa,public,Onawa,Iowa,United States,"Dec 13, 1907","$10,000",,707 Iowa Ave.,42.0272528,-96.0931639,"ONAWA_PUBLIC_LIBRARY,_MONINA_COUNTY,_IOWA.jpg",https://en.wikipedia.org/wiki/Onawa_Public_Library,"An excellent example of Prairie School architecture, this building was dedicated on October 22, 1909.",Public libraries,List of Carnegie libraries in Iowa
Osage,public,Osage,Iowa,United States,"Mar 27, 1905","$10,000",,806 Main St.,43.2846889,-92.8092806,,,"This building was dedicated on August 1, 1911 and now houses offices for the City of Osage.",Public libraries,List of Carnegie libraries in Iowa
Osceola,public,Osceola,Iowa,United States,"Dec 14, 1908","$11,000",,300 S. Fillmore St.,41.0319972,-93.7676889,,,"This building was dedicated on June 15, 1911.",Public libraries,List of Carnegie libraries in Iowa
Oskaloosa,public,Oskaloosa,Iowa,United States,"Mar 14, 1902","$22,000",,301 S. Market St.,41.2932694,-92.6454083,Oskaloosa_Public_Library_Facing_Market_Street.JPG,https://en.wikipedia.org/wiki/Oskaloosa_Public_Library,"Dedicated and opened on September 8, 1903, a 1997 addition doubled the size of this library. [21]",Public libraries,List of Carnegie libraries in Iowa
Ottumwa,public,Ottumwa,Iowa,United States,"Feb 16, 1900","$50,000",,102 W. 4th St.,41.0197917,-92.4114250,Ottumwa_Public_Library.JPG,https://en.wikipedia.org/wiki/Ottumwa_Public_Library,"Designed by Smith and Gage, this building was dedicated on September 24, 1902.",Public libraries,List of Carnegie libraries in Iowa
Pella,public,Pella,Iowa,United States,"Nov 24, 1905","$11,000",,825 Broadway St.,41.4074917,-92.9186722,Carnegie-Viersen_Public_Library.jpg,,"This building was dedicated on December 18, 1907, and served as a library until 1999. It is now Pella City Hall.",Public libraries,List of Carnegie libraries in Iowa
Perry,public,Perry,Iowa,United States,"Jan 13, 1903","$10,600",,1123 Willis Ave.,41.8396250,-94.1073861,Perry_Carnegie_Library_Entrance.jpg,https://en.wikipedia.org/wiki/Perry_Carnegie_Library_Building,"This building served as the library from its dedication on December 10, 1904, until the mid–1990s.",Public libraries,List of Carnegie libraries in Iowa
Red Oak,public,Red Oak,Iowa,United States,"Nov 27, 1906","$12,500",,400 N. Second St.,41.0082806,-95.2302389,Red_Oak_Public_Library.jpg,https://en.wikipedia.org/wiki/Red_Oak_Public_Library,"Dedicated and opened on October 8, 1909, this building is the design of Patton and Miller.",Public libraries,List of Carnegie libraries in Iowa
Reinbeck,public,Reinbeck,Iowa,United States,"Mar 31, 1916","$6,000",,501 Clark St.,42.3239361,-92.5995861,,,"Dedicated on November 7, 1917, this library constructed an addition in 1992. [22]",Public libraries,List of Carnegie libraries in Iowa
Rockwell City,public,Rockwell City,Iowa,United States,"Feb 10, 1908","$8,000",,426 5th St.,42.3946694,-94.6347917,,,"Dedicated June 3, 1909, this building was vacated when the library moved in 2008.",Public libraries,List of Carnegie libraries in Iowa
Sac City,public,Sac City,Iowa,United States,"Jan 6, 1911","$8,000",,615 W. Main St.,42.4227750,-94.9909889,,,"Dedicated February 24, 1913, this library was in use until 1985. It is now the Sac City Chamber of Commerce. [23]",Public libraries,List of Carnegie libraries in Iowa
Sanborn,public,Sanborn,Iowa,United States,"Mar 29, 1911","$4,000",,407 Main St.,43.1849333,-95.6557917,,,"This library was dedicated on May 22, 1912.",Public libraries,List of Carnegie libraries in Iowa
Sheldon,public,Sheldon,Iowa,United States,"Feb 28, 1906","$10,000",,321 10th St.,43.1805361,-95.8551750,"Carnegie_Library_-_Sheldon,_Iowa.jpg","https://en.wikipedia.org/wiki/Carnegie_Library_(Sheldon,_Iowa)","Built in the Beaux-Arts style, this library is now a museum.",Public libraries,List of Carnegie libraries in Iowa
Shenandoah,public,Shenandoah,Iowa,United States,"Jan 22, 1903","$10,000",,201 S. Elm St.,40.7656250,-95.3738389,,,"Dedicated August 1, 1905, this library has been twice expanded with additional wings. The latest expansion remodel was in 2012. [24]",Public libraries,List of Carnegie libraries in Iowa
Sibley,public,Sibley,Iowa,United States,"Sep 29, 1915","$10,000",,406 9th St.,43.401806,-95.7488111,,,"Dedicated December 11, 1917, this library was expanded in 1985. [25]",Public libraries,List of Carnegie libraries in Iowa
Sigourney,public,Sigourney,Iowa,United States,"Jan 2, 1913","$10,000",,203 N. Jefferson St.,41.3358417,-92.2042722,The_Sigourney_Public_Library.jpg,https://en.wikipedia.org/wiki/Sigourney_Public_Library,"This library, dedicated on May 18, 1914, served the community until 2005. It is now home to a private firm.",Public libraries,List of Carnegie libraries in Iowa
Sioux City Main,public,Sioux City,Iowa,United States,"Apr 8, 1911","$75,000",,6th St. and Jackson St.,42.4963972,-96.4020083,Sioux_City_Free_Public_Library_from_SW_2.JPG,https://en.wikipedia.org/wiki/Sioux_City_Free_Public_Library,"Opened and dedicated on March 6, 1913, this library was converted into the Carnegie Place Apartments.",Public libraries,List of Carnegie libraries in Iowa
Sioux City Leeds Branch,public,Sioux City,Iowa,United States,"Apr 8, 1911","$10,000",,3901 Floyd Blvd.,42.5401167,-96.3610194,,,This building is now an American Legion hall.,Public libraries,List of Carnegie libraries in Iowa
Spencer,public,Spencer,Iowa,United States,"Jan 13, 1903","$10,000",,,,,,,"This library was dedicated on March 6, 1905, and was razed in 1970. Spencer's new library was home to Dewey Readmore Books.",Public libraries,List of Carnegie libraries in Iowa
Spirit Lake,public,Spirit Lake,Iowa,United States,"Feb 1, 1905","$8,000",,1801 Hill Ave.,43.42222,-95.10139,Spirit_Lake_Carnegie_Library.jpg,https://en.wikipedia.org/wiki/Spirit_Lake_Public_Library,"This library was dedicated on September 24, 1912, and is now a private business.",Public libraries,List of Carnegie libraries in Iowa
Storm Lake,public,Storm Lake,Iowa,United States,"Dec 4, 1903","$10,000",,200 E. 5th St.,42.6450250,-95.1996222,Storm_Lake_Public_Library_(NRHP_83000346)_20120930_IMG_8844.JPG,https://en.wikipedia.org/wiki/Storm_Lake_Public_Library,"Designed by Paul O. Moratz and dedicated on September 29, 1906, this building is now the Buena Vista County Historical Museum.",Public libraries,List of Carnegie libraries in Iowa
Stuart,public,Stuart,Iowa,United States,"Nov 14, 1906","$6,500",,111 NE Front St.,41.5038361,-94.3179056,,,"This building was dedicated on April 3, 1908.",Public libraries,List of Carnegie libraries in Iowa
Tama,public,Tama,Iowa,United States,"Aug 30, 1904","$8,500",,901 McClellan St.,41.96756806,-92.57816472,,,"Dedicated on February 1, 1907, this library served Tama until 2000 when a new library was built.",Public libraries,List of Carnegie libraries in Iowa
Tipton,public,Tipton,Iowa,United States,"Jul 9, 1902","$10,000",,206 Cedar St.,41.7674056,-91.1276556,Tipton_Public_Library.jpg,,"Dedicated August 16, 1904, this library was expanded in 1988. [26]",Public libraries,List of Carnegie libraries in Iowa
Traer,public,Traer,Iowa,United States,"Jun 11, 1914","$10,000",,531 Second St.,42.1931639,-92.4664083,TraerIowa.jpg,,"This library was dedicated on March 31, 1916, and underwent a renovation and addition in 2004. [27]",Public libraries,List of Carnegie libraries in Iowa
Villisca,public,Villisca,Iowa,United States,"May 2, 1907","$10,000",,204 S. 3rd Ave.,40.9323361,-94.9771722,Villisca_Carnegie_Library.jpg,,"This building was dedicated and opened on February 5, 1909.",Public libraries,List of Carnegie libraries in Iowa
Vinton,public,Vinton,Iowa,United States,"Jan 2, 1903","$12,500",,510 Second Ave.,42.1664028,-92.0225361,Vinton_Public_Building.jpg,https://en.wikipedia.org/wiki/Vinton_Public_Library,"Dedicated on August 25, 1904, this library was later expanded. [28]",Public libraries,List of Carnegie libraries in Iowa
Waterloo East Side,public,Waterloo,Iowa,United States,"Apr 11, 1902","$24,000",,715 Mulberry St.,42.4989667,-92.3322194,Waterloo_IA_Public_Library_East_pic1.JPG,https://en.wikipedia.org/wiki/Waterloo_Public_Library-East_Side_Branch,"This library is the work of J.G. Ralston and was dedicated on February 23, 1906. Unusually, Waterloo was granted one library but requested funding for two after a disagreement on where to place the library resulted in additional funding from Carnegie. [29] It now houses city offices.",Public libraries,List of Carnegie libraries in Iowa
Waterloo West Side,public,Waterloo,Iowa,United States,"Apr 11, 1902","$21,000",,528 W. 4th St.,42.4923000,-92.3435694,OldLibraryWaterlooIA.jpg,https://en.wikipedia.org/wiki/Waterloo_Public_Library_(West_Branch),"This library is the work of J.G. Ralston and was dedicated on February 23, 1906. It was the second library proposed for Waterloo and now houses offices for private attorneys.",Public libraries,List of Carnegie libraries in Iowa
Waverly,public,Waverly,Iowa,United States,"Feb 20, 1903","$10,000",,100 2nd Street SW,,,,https://en.wikipedia.org/wiki/Waverly_Public_Library,"This library was dedicated on January 1, 1905, and now houses city offices.",Public libraries,List of Carnegie libraries in Iowa
West Liberty,public,West Liberty,Iowa,United States,"Feb 5, 1904","$7,500",,400 N. Spencer St.,41.5714083,-91.2616083,,,"This building was dedicated on January 12, 1905.",Public libraries,List of Carnegie libraries in Iowa
Winterset,public,Winterset,Iowa,United States,"Feb 5, 1904","$10,000",,124 W. Court Ave.,41.3342389,-94.01556,,,"This building, dedicated on June 16, 1905, is now City Hall. [30]",Public libraries,List of Carnegie libraries in Iowa
Woodbine,public,Woodbine,Iowa,United States,"Apr 28, 1909","$7,500",,58 Fifth St.,41.7370444,-95.7057083,Woodbine_Public_Library.jpg,https://en.wikipedia.org/wiki/Woodbine_Public_Library,"Dedicated on March 9, 1910, this library was expanded in 2001. [31]",Public libraries,List of Carnegie libraries in Iowa
Cornell College,academic,Mount Vernon,Iowa,United States,"Dec 21, 1903","$50,000",,Cornell College campus,41.924895,-91.421796,"Mount_Vernon,_IA_-_Mar._2,_1908.jpg",https://en.wikipedia.org/wiki/Cornell_College,"Unusually, this library was granted with the intent to serve as both a community and collegiate library, a role which remains to this day (though the agreement was informal until 2001). This building was used until 1957, and it is now the Norton Geology Center and Anderson Museum.",Academic libraries,List of Carnegie libraries in Iowa
Drake University,academic,Des Moines,Iowa,United States,"Mar 27, 1905","$50,000",,2621 Carpenter Avenue (Oppermann Hall),41.602246,-93.652825,,https://en.wikipedia.org/wiki/Drake_University,"A Proudfoot and Bird design, this building was converted to house the Drake Law Library in 1938. When a new Law Library was built in 1990, Carnegie Hall was converted to classroom use. [33]",Academic libraries,List of Carnegie libraries in Iowa
Ellsworth College,academic,Iowa Falls,Iowa,United States,"Mar 12, 1906","$10,000",,,,,,https://en.wikipedia.org/wiki/Ellsworth_Community_College,,Academic libraries,List of Carnegie libraries in Iowa
Grinnell College,academic,Grinnell,Iowa,United States,"Mar 7, 1903","$50,000",,1210 Park St.,41.748311,-92.722507,Grinnell_College_Carnegie_Hall.JPG,https://en.wikipedia.org/wiki/Grinnell_College,"This H.D. Rawson design opened June 13, 1905, and served the college until 1959, when a new library was built. It is now Carnegie Hall.",Academic libraries,List of Carnegie libraries in Iowa
Parsons College,academic,Fairfield,Iowa,United States,"Mar 31, 1905","$15,000",,Parsons College campus,41.016111,-91.966667,,https://en.wikipedia.org/wiki/Parsons_College,"Parsons College lost its accreditation and closed in 1973. This structure was razed in July 2000 by the Maharishi University of Management, which purchased the buildings and bulldozed many of them for new structures conforming to Maharishi Sthapatya Veda. It remains a contributing property to a historic district.",Academic libraries,List of Carnegie libraries in Iowa
Simpson College,academic,Indianola,Iowa,United States,"Feb 16, 1905","$10,000",,508 N. C St.,41.364369,-93.564551,,https://en.wikipedia.org/wiki/Simpson_College,"In 1964, no longer library with construction of Dunn Library. Housed business and art classes. Renamed Heckert Hall in 1975. Business moved out and renamed Art Center. Razed in 2014.",Academic libraries,List of Carnegie libraries in Iowa
Upper Iowa University,academic,Fayette,Iowa,United States,"Jan 1, 1901","$25,000",,605 Washington St.,42.838449,-91.800771,,https://en.wikipedia.org/wiki/Upper_Iowa_University,"The first academic library granted in Iowa, it was named after former student David B. Henderson, Speaker of the House and a personal friend of Carnegie's.",Academic libraries,List of Carnegie libraries in Iowa
Abilene,public,Abilene,Kansas,United States,"Dec 8, 1905","$12,500",,209 NW 4th St.,,,,,,Public libraries,List of Carnegie libraries in Kansas
Anthony,public,Anthony,Kansas,United States,"Dec 14, 1908","$10,000",,104 N. Springfield Ave.,37.15278,-98.00194,,https://en.wikipedia.org/wiki/Anthony_Public_Carnegie_Library,,Public libraries,List of Carnegie libraries in Kansas
Arkansas City,public,Arkansas City,Kansas,United States,"Apr 10, 1906","$18,400",,215 W. 5th Ave.,,,,,,Public libraries,List of Carnegie libraries in Kansas
Burlington,public,Burlington,Kansas,United States,"Apr 25, 1911","$9,656",,201 N. 3rd St.,38.19611,-95.73361,"Carnegie_Free_Library,_Burlington,_Kansas_(corner_view).jpg","https://en.wikipedia.org/wiki/Burlington_Carnegie_Free_Library_(Burlington,_Kansas)",,Public libraries,List of Carnegie libraries in Kansas
Caldwell,public,Caldwell,Kansas,United States,"Dec 2, 1909","$7,000",,13 N. Osage St.,37.03278,-97.60944,Caldwell_KS_Carnegie_Library.jpg,"https://en.wikipedia.org/wiki/Caldwell_Carnegie_Library_(Caldwell,_Kansas)",,Public libraries,List of Carnegie libraries in Kansas
Canton,public,Canton,Kansas,United States,"Nov 9, 1916","$6,000",,300 N. Main St.,38.38806,-97.42639,CantonCarnegieLibrary.jpg,https://en.wikipedia.org/wiki/Canton_Township_Carnegie_Library,"Built in 1921, the last-built Carnegie library in the United States. Continues to be used as a public library. (2013)",Public libraries,List of Carnegie libraries in Kansas
Chanute,public,Chanute,Kansas,United States,"Dec 30, 1904","$14,500",,102 S. Lincoln Ave.,,,,,,Public libraries,List of Carnegie libraries in Kansas
Cherryvale,public,Cherryvale,Kansas,United States,"Apr 30, 1912","$10,000",,329 E. Main St.,37.26694,-95.54861,"Cherryvale,_KS_public_library_funded_by_Andrew_Carnegie.jpg",,Continues to be used as a public library. (2013),Public libraries,List of Carnegie libraries in Kansas
Clay Center,public,Clay Center,Kansas,United States,"Dec 2, 1909","$10,000",,706 6th St.,39.37667,-97.12389,Clay_Center_Carnegie_Library.jpg,https://en.wikipedia.org/wiki/Clay_Center_Carnegie_Library,,Public libraries,List of Carnegie libraries in Kansas
Coffeyville,public,Coffeyville,Kansas,United States,"Jan 6, 1911","$25,000",,415 W. 8th St.,37.03583,-95.62306,"Coffeyville,_KS_public_library_building_funded_by_Andrew_Carnegie.jpg",https://en.wikipedia.org/wiki/Coffeyville_Carnegie_Public_Library_Building,No longer a public library. (2013),Public libraries,List of Carnegie libraries in Kansas
Columbus,public,Columbus,Kansas,United States,"Jul 13, 1912","$10,000",,205 N. Kansas Ave.,37.17278,-94.84333,"Columbus,_KS_public_library_funded_by_Andrew_Carnegie..jpg",https://en.wikipedia.org/wiki/Columbus_Public_Carnegie_Library,Continues to be used as a public library. (2013),Public libraries,List of Carnegie libraries in Kansas
Concordia,public,Concordia,Kansas,United States,"Dec 13, 1907","$10,000",,635 Broadway,,,ConcordiaCarnegieLibrary2007.jpg,,"Replaced by Frank Carlson Library, building is used for Cloud County Historical Museum",Public libraries,List of Carnegie libraries in Kansas
Council Grove,public,Council Grove,Kansas,United States,"Mar 27, 1903","$10,000",,303 W. Main St.,38.65972,-96.49361,"Carnegie_Library_Council_Grove,_Kansas.jpg",,Currently is the Morris County Historical Society,Public libraries,List of Carnegie libraries in Kansas
Dodge City,public,Dodge City,Kansas,United States,"Feb 1, 1905","$8,500",,701 N. 2nd Ave.,37.75472,-100.01889,Dodge_City_Carnegie_Art_Center_from_SE_3.JPG,https://en.wikipedia.org/wiki/Dodge_City_Public_Library,Currently is the Carnegie Art Center,Public libraries,List of Carnegie libraries in Kansas
Downs,public,Downs,Kansas,United States,"Jan 19, 1905","$6,140",,504 S. Morgan Ave.,39.50389,-98.54444,"Downs,_Kansas_Carnegie_library_from_E_1.JPG",https://en.wikipedia.org/wiki/Downs_Carnegie_Library,,Public libraries,List of Carnegie libraries in Kansas
El Dorado,public,El Dorado,Kansas,United States,"Nov 30, 1910","$10,000",,101 S. Star St.,37.81667,-96.85472,"El_Dorado,_KS_public_library_building_funded_by_Andrew_Carnegie.jpg",https://en.wikipedia.org/wiki/El_Dorado_Carnegie_Library,No longer used as a public library building. (2013),Public libraries,List of Carnegie libraries in Kansas
Emporia,public,Emporia,Kansas,United States,"Apr 26, 1902","$22,000",,118 E. 6th St.,38.40528,-96.17778,Old_Emporia_Public_Library_Kansas_front_view.jpg,,,Public libraries,List of Carnegie libraries in Kansas
Eureka,public,Eureka,Kansas,United States,"May 21, 1913","$9,000",,520 N. Main St.,37.82472,-96.28972,"Eureka_Carnegie_Library_88001170_Greenwood_County,_KS.jpg",https://en.wikipedia.org/wiki/Eureka_Carnegie_Library,,Public libraries,List of Carnegie libraries in Kansas
Fort Scott,public,Fort Scott,Kansas,United States,"Mar 14, 1901","$18,000",,201 S. National Ave.,37.84028,-94.70639,"Ft._Scott,_KS_public_library_funded_by_Andrew_Carnegie.jpg",,Continues to be used as a public library. (2013),Public libraries,List of Carnegie libraries in Kansas
Garden City,public,Garden City,Kansas,United States,"Apr 17, 1909","$10,000",,702 N. Main St.,,,,,,Public libraries,List of Carnegie libraries in Kansas
Girard,public,Girard,Kansas,United States,"Nov 24, 1905","$9,000",,128 W. Prairie St.,37.51028,-94.84500,"Girard,_KS_public_library_funded_by_Andrew_Carnegie..jpg",https://en.wikipedia.org/wiki/Girard_Public_Library,Continues to be used as a public library. (2013),Public libraries,List of Carnegie libraries in Kansas
Goodland,public,Goodland,Kansas,United States,"Dec 14, 1908","$10,000",,120 W. 12th St.,39.34722,-101.71278,"Goodland,_Kansas_Carnegie_library_from_S_1.JPG",https://en.wikipedia.org/wiki/Goodland_City_Library,,Public libraries,List of Carnegie libraries in Kansas
Great Bend,public,Great Bend,Kansas,United States,"Nov 14, 1906","$12,500",,,,,,,,Public libraries,List of Carnegie libraries in Kansas
Halstead,public,Halstead,Kansas,United States,"Jan 23, 1909","$7,500",,,,,,,,Public libraries,List of Carnegie libraries in Kansas
Hays,public,Hays,Kansas,United States,"Apr 28, 1910","$9,000",,,,,,,"By 1964, all space was crammed. The building was replaced on December 8, 1968, to allow to the growing collection. The current Hays Public Library, built in 2004, stands in the same location and the exterior is a replication of the original Carnegie Library. [3]",Public libraries,List of Carnegie libraries in Kansas
Herington,public,Herington,Kansas,United States,"Jul 9, 1913","$10,000",,102 S. Broadway,38.66806,-96.94167,Herington_Carnegie_Public_Library_(Kansas)_southwest_view.jpg,,,Public libraries,List of Carnegie libraries in Kansas
Hiawatha,public,Hiawatha,Kansas,United States,"Apr 10, 1906","$10,000",,431 Oregon St.,,,,,,Public libraries,List of Carnegie libraries in Kansas
Hutchinson,public,Hutchinson,Kansas,United States,"Apr 11, 1902","$32,000",,427 N. Main St.,38.05972,-97.93083,September_2013_117_8_9_tonemapped.jpg,,,Public libraries,List of Carnegie libraries in Kansas
Independence,public,Independence,Kansas,United States,"Nov 24, 1905","$22,500",,220 E. Maple St.,37.22361,-95.70333,"Independence,_KS_public_library_funded_by_Andrew_Carnegie.jpg",,Continues to be used as a public library. (2013),Public libraries,List of Carnegie libraries in Kansas
Iola,public,Iola,Kansas,United States,"Dec 20, 1904","$15,000",,,,,,,,Public libraries,List of Carnegie libraries in Kansas
Kansas City Main,public,Kansas City,Kansas,United States,"Jul 4, 1901","$100,000",,,,,"Kansas_City,_Kansas_Public_Library.jpg",,,Public libraries,List of Carnegie libraries in Kansas
Kansas City Argentine,public,Kansas City,Kansas,United States,1914,"$25,000",,2800 Metropolitan Ave.,39.07417,-94.66083,Argentine_Carnegie_Library.jpg,https://en.wikipedia.org/wiki/Argentine_Carnegie_Library,,Public libraries,List of Carnegie libraries in Kansas
Kingman,public,Kingman,Kansas,United States,"May 21, 1913","$10,000",,455 N. Main St.,37.64583,-98.11306,Carnegie_Library_in_Kingman_Kansas.jpg,,,Public libraries,List of Carnegie libraries in Kansas
Lawrence,public,Lawrence,Kansas,United States,"May 31, 1902","$27,500",,200 W. 9th St.,38.96778,-95.23750,Old_Lawrence_Library.JPG,https://en.wikipedia.org/wiki/Lawrence_Public_Library#Carnegie_Library,,Public libraries,List of Carnegie libraries in Kansas
Leavenworth,public,Leavenworth,Kansas,United States,"Jan 16, 1900","$30,000",,601 S. 5th St.,39.31333,-94.91528,"Leavenworth_Public_Library,_Leavenworth,_KS_1.jpg","https://en.wikipedia.org/wiki/Carnegie_Arts_Center_of_Leavenworth,_Kansas",,Public libraries,List of Carnegie libraries in Kansas
Lincoln,public,Lincoln,Kansas,United States,"Mar 14, 1913","$6,000",,203 S. 3rd St.,39.03917,-98.14472,LincolnCarnegieLibrary.jpg,,Continues to be used as a public library. (2013),Public libraries,List of Carnegie libraries in Kansas
Lyndon,public,Lyndon,Kansas,United States,"Dec 2, 1909","$8,000",,127 E. 6th St.,38.60750,-95.68278,"Carnegie_Library,_Lyndon,_KS.jpg",https://en.wikipedia.org/wiki/Lyndon_Carnegie_Library,,Public libraries,List of Carnegie libraries in Kansas
Lyons,public,Lyons,Kansas,United States,"Jan 5, 1909","$6,000",,105 W. Lyon St.,,,,,,Public libraries,List of Carnegie libraries in Kansas
Manhattan,public,Manhattan,Kansas,United States,"Jan 22, 1903","$10,000",,105 Courthouse Plaza,39.17861,-96.56528,Manhattan_Carnegie_Library_Building.jpg,https://en.wikipedia.org/wiki/Manhattan_Carnegie_Library_Building,,Public libraries,List of Carnegie libraries in Kansas
McPherson,public,McPherson,Kansas,United States,"Mar 16, 1915","$12,500",,,,,,,,Public libraries,List of Carnegie libraries in Kansas
Newton,public,Newton,Kansas,United States,"Mar 14, 1902","$160,000",,203 Main St.,38.04417,-97.34500,NewtonKSLibrary.jpg,"https://en.wikipedia.org/wiki/Carnegie_Library_(Newton,_Kansas)",Currently is the Harvey County Historical Museum,Public libraries,List of Carnegie libraries in Kansas
Olathe,public,Olathe,Kansas,United States,"Dec 24, 1909","$10,000",,,,,,,,Public libraries,List of Carnegie libraries in Kansas
Osawatomie,public,Osawatomie,Kansas,United States,"Apr 16, 1910","$7,500",,,,,,,,Public libraries,List of Carnegie libraries in Kansas
Osborne,public,Osborne,Kansas,United States,"Jan 27, 1912","$6,000",,307 N. Main St.,39.43778,-98.69861,"Osborne,_Kansas_Carnegie_library_from_NE_1.JPG",https://en.wikipedia.org/wiki/Osborne_Public_Carnegie_Library,,Public libraries,List of Carnegie libraries in Kansas
Oswego,public,Oswego,Kansas,United States,"Dec 2, 1909","$5,000",,701 4th St.,37.16694,-95.10750,"Oswego,_KS_public_library_funded_by_Andrew_Carnegie..jpg",https://en.wikipedia.org/wiki/Oswego_Public_Library,Continues to be used as a public library. (2013),Public libraries,List of Carnegie libraries in Kansas
Ottawa,public,Ottawa,Kansas,United States,"Jan 9, 1902","$15,000",,515 S. Main St.,38.60417,-95.26194,"Ottawa,_KS_former_public_library_building_funded_by_Andrew_Carnegie..jpg",https://en.wikipedia.org/wiki/Ottawa_Library_(Kansas),No longer used as a public library. (2013),Public libraries,List of Carnegie libraries in Kansas
Parsons,public,Parsons,Kansas,United States,"Nov 14, 1907","$22,500",,117 S. 17th St.,37.33972,-95.26083,"Parsons,_KS_former_public_library_building_funded_by_Andrew_Carnegie..jpg","https://en.wikipedia.org/wiki/Carnegie_Library_(Parsons,_Kansas)",No longer used as a public library. (2013),Public libraries,List of Carnegie libraries in Kansas
Peabody,public,Peabody,Kansas,United States,"Mar 20, 1913","$10,000",,214 N. Walnut St.,38.16722,-97.10667,"Peabody_Township_Carnegie_Library_in_Peabody,_Kansas.jpg",https://en.wikipedia.org/wiki/Peabody_Township_Library,Continues to be used as a public library (as of 2022). NRHP Application,Public libraries,List of Carnegie libraries in Kansas
Pittsburg,public,Pittsburg,Kansas,United States,"Jun 25, 1909","$40,000",,308 N. Walnut St.,37.41111,-94.70722,LibCrop.jpg,https://en.wikipedia.org/wiki/Pittsburg_Public_Library,,Public libraries,List of Carnegie libraries in Kansas
Plainville,public,Plainville,Kansas,United States,"Feb 20, 1911","$5,000",,,,,,,,Public libraries,List of Carnegie libraries in Kansas
Russell,public,Russell,Kansas,United States,"Jun 8, 1905","$5,800",,,,,,,,Public libraries,List of Carnegie libraries in Kansas
Salina,public,Salina,Kansas,United States,"Feb 15, 1902","$15,000",,,,,,,,Public libraries,List of Carnegie libraries in Kansas
Sterling,public,Sterling,Kansas,United States,"Nov 9, 1916","$10,000",,138 N. Broadway Ave.,38.21056,-98.20694,,https://en.wikipedia.org/wiki/Sterling_Free_Public_Carnegie_Library,,Public libraries,List of Carnegie libraries in Kansas
Stockton,public,Stockton,Kansas,United States,"Dec 24, 1909","$5,000",,124 N. Cedar St.,,,,,,Public libraries,List of Carnegie libraries in Kansas
Washington,public,Washington,Kansas,United States,"Apr 23, 1908","$5,000",,,,,,,,Public libraries,List of Carnegie libraries in Kansas
Wellington,public,Wellington,Kansas,United States,"Apr 19, 1915","$17,500",,121 W. 7th St.,37.26750,-97.39889,Wellington_Public_Library.jpg,https://en.wikipedia.org/wiki/Wellington_Carnegie_Library,,Public libraries,List of Carnegie libraries in Kansas
Wichita,public,Wichita,Kansas,United States,"Jul 13, 1912","$75,000",,220 S. Main St.,37.68722,-97.33917,Wichita_City_Carnegie_Library_Building.jpg,https://en.wikipedia.org/wiki/Wichita_City_Carnegie_Library_Building,"For half a century, the building was a library. It later became a municipal court building and then the Wichita Omnisphere and Science Center. As of 2015 it is the commercial bankers division of Fidelity Bank. It is not open to the public. [4]",Public libraries,List of Carnegie libraries in Kansas
Winfield,public,Winfield,Kansas,United States,"Feb 15, 1902","$15,000",,1001 Millington St.,37.23861,-96.99639,Winfield_Public_Carnegie_Library.JPG,https://en.wikipedia.org/wiki/Winfield_Public_Carnegie_Library,,Public libraries,List of Carnegie libraries in Kansas
Yates Center,public,Yates Center,Kansas,United States,"Jan 31, 1910","$7,500",,218 N. Main St.,37.88333,-95.73167,"Carnegie_Library,_Yates_Center,_KS.jpg",https://en.wikipedia.org/wiki/Yates_Center_Carnegie_Library,,Public libraries,List of Carnegie libraries in Kansas
Baker University,academic,,Kansas,United States,,"$37,000",,604 8th St.,38.77750,-95.18889,Case_Hall.JPG,https://en.wikipedia.org/wiki/Baker_University,,Academic libraries,List of Carnegie libraries in Kansas
Bethany College,academic,,Kansas,United States,,"$20,000",,,,,,"https://en.wikipedia.org/wiki/Bethany_College_(Lindsborg,_Kansas)",,Academic libraries,List of Carnegie libraries in Kansas
College of Emporia (defunct),academic,,Kansas,United States,,"$30,000",,1300 W. 12th Ave.,38.41278,-96.19389,Anderson_Carnegie_Memorial_Library_Emporia_Kansas_front_view.jpg,https://en.wikipedia.org/wiki/College_of_Emporia,"Andrew Carnegie provided funds to build this Anderson Memorial Library in memory of John Anderson, a former board of trustee of this college. When Anderson lived in Allegheny, Pennsylvania, he opened his book collection to working boys, including a young Andrew Carnegie. Carnegie publicly credited Anderson with instilling a love of books and self-education that later enabled Carnegie to build an empire and inspired him to establish an endowment to build libraries throughout the nation. This building was the first Carnegie grant in Kansas, though the Leavenworth library was the first dedicated in Kansas. [6] [7]",Academic libraries,List of Carnegie libraries in Kansas
Fairmount College (Wichita State University),academic,,Kansas,United States,,"$40,000",,West of Fiske Hall,37.71705,-97.29669,,https://en.wikipedia.org/wiki/Wichita_State_University,"Library 1909–1939, Art and Journalism 1939–1964, fire destroyed this building in 1964. Three columns from the former building currently sit next to a 17th street entrance at WSU. The Ulrich Museum of Art currently sits on the former site of this building. [8]",Academic libraries,List of Carnegie libraries in Kansas
McPherson College,academic,,Kansas,United States,,"$13,500",,,,,,https://en.wikipedia.org/wiki/McPherson_College,"Library 1907–1972, now Beeghly Hall",Academic libraries,List of Carnegie libraries in Kansas
Midland College,academic,,Kansas,United States,,"$15,000",,,,,,https://en.wikipedia.org/wiki/Midland_University,,Academic libraries,List of Carnegie libraries in Kansas
Washburn College,academic,,Kansas,United States,,"$40,000",,1675 SW 18th St.,39.03556,-95.70083,,https://en.wikipedia.org/wiki/Washburn_University_Carnegie_Library_Building,,Academic libraries,List of Carnegie libraries in Kansas
Corbin,public,Corbin,Kentucky,United States,"Apr 13, 1914","$6,000",,402 Roy Kidd Ave.,36.94972,-84.09389,Corbin_Carnegie_Library.jpg,"https://en.wikipedia.org/wiki/Carnegie_Library_(Corbin,_Kentucky)",,Public libraries,List of Carnegie libraries in Kentucky
Covington,public,Covington,Kentucky,United States,"Jan 15, 1900","$85,000",,1028 Scott Blvd.,39.08000,-84.50722,KentonCoLibrary.jpg,,Now the Carnegie Visual and Performing Arts Center containing five art galleries and a theater [3],Public libraries,List of Carnegie libraries in Kentucky
Henderson,public,Henderson,Kentucky,United States,"Jul 3, 1901","$25,000",,101 S. Main St.,,,"Carnegie_library_in_Henderson,_Kentucky.jpg",,,Public libraries,List of Carnegie libraries in Kentucky
Hickman,public,Hickman,Kentucky,United States,"Nov 27, 1906","$10,000",,312 Main St.,36.57167,-89.18528,Hickman_Carnegie_Library.jpg,https://en.wikipedia.org/wiki/Hickman_Carnegie_Library,,Public libraries,List of Carnegie libraries in Kentucky
Hopkinsville,public,Hopkinsville,Kentucky,United States,"Dec 3, 1912","$15,000",,708 Liberty St.,,,,,"Vacant since the library moved in 1977. Undergoing restoration, to reopen as the Hopkinsville Carnegie Library of Kentucky Architecture",Public libraries,List of Carnegie libraries in Kentucky
Lawrenceburg,public,Lawrenceburg,Kentucky,United States,"Apr 6, 1908","$5,800",,108 E. Woodford St.,,,,,,Public libraries,List of Carnegie libraries in Kentucky
Lexington,public,Lexington,Kentucky,United States,"Jan 16, 1902","$60,000",,251 W. 2nd St.,,,CarnegieLex2.jpg,,,Public libraries,List of Carnegie libraries in Kentucky
Louisville Main,public,Louisville,Kentucky,United States,"Nov 11, 1899","$450,000",,301 W. York St.,38.24444,-85.75778,Louisville_Public_Library.jpg,https://en.wikipedia.org/wiki/Louisville_Free_Public_Library,Main branch of Louisville Free Public Library,Public libraries,List of Carnegie libraries in Kentucky
Louisville Crescent Hill,public,Louisville,Kentucky,United States,"Nov 11, 1899",—,,2762 Frankfort Ave.,38.25444,-85.69139,Louisville_Crescent_Hill_Branch_library.jpeg,https://en.wikipedia.org/wiki/Crescent_Hill_Branch_Library,,Public libraries,List of Carnegie libraries in Kentucky
Louisville Eastern,public,Louisville,Kentucky,United States,"Nov 11, 1899",—,,600 Lampton St.,,,Louisville_Eastern_Colored_Branch.jpg,"https://en.wikipedia.org/wiki/Louisville_Free_Public_Library,_Eastern_Colored_Branch",,Public libraries,List of Carnegie libraries in Kentucky
Louisville Highland,public,Louisville,Kentucky,United States,"Nov 11, 1899",—,,1000 Cherokee Rd.,,,,,,Public libraries,List of Carnegie libraries in Kentucky
Louisville Jefferson,public,Louisville,Kentucky,United States,"Nov 11, 1899",—,,1718 W. Jefferson St.,38.25611,-85.77972,Old_Louisville_Jefferson_Branch_library.jpg,,,Public libraries,List of Carnegie libraries in Kentucky
Louisville Parkland,public,Louisville,Kentucky,United States,"Nov 11, 1899",—,,2743 Virginia Ave.,,,Parkland_Library_July_2025.jpg,"https://en.wikipedia.org/wiki/Louisville_Free_Public_Library,_Parkland_Branch",,Public libraries,List of Carnegie libraries in Kentucky
Louisville Portland,public,Louisville,Kentucky,United States,"Nov 11, 1899",—,,3305 Northwestern Parkway,,,Louisville_Portland_Branch_library.jpg,"https://en.wikipedia.org/wiki/Louisville_Free_Public_Library,_Portland_Branch",,Public libraries,List of Carnegie libraries in Kentucky
Louisville Shelby Park,public,Louisville,Kentucky,United States,"Nov 11, 1899",—,,600 E. Oak St.,38.23361,-85.74556,Carnegie_Library_in_Louisville.jpg,"https://en.wikipedia.org/wiki/Louisville_Free_Public_Library,_Shelby_Park_Branch",,Public libraries,List of Carnegie libraries in Kentucky
Louisville Western,public,Louisville,Kentucky,United States,"Nov 11, 1899",—,,604 S. 10th St.,38.24972,-85.76750,"Louisville_Free_Public_Library,_Western_Colored_Branch.jpg","https://en.wikipedia.org/wiki/Louisville_Free_Public_Library,_Western_Colored_Branch",,Public libraries,List of Carnegie libraries in Kentucky
Middlesboro,public,Middlesboro,Kentucky,United States,"Nov 20, 1908","$15,000",,207 N. 20th St.,36.60917,-86.71472,Middlesboro_Kentucky_Carnegie_Library_Building_03-02-2019.jpg,,,Public libraries,List of Carnegie libraries in Kentucky
Newport,public,Newport,Kentucky,United States,"Oct 30, 1899","$26,500",,401 Monmouth St.,,,Newport_KY_library.jpg,,A new library structure for Newport opened in 2004. [4] Today the former Carnegie library hosts the Carnegie Hall event center. [5],Public libraries,List of Carnegie libraries in Kentucky
Owensboro,public,Owensboro,Kentucky,United States,"Nov 18, 1903","$30,000",,901 Frederica Ave.,37.76722,-87.11250,Owensboro_Carnegie_Library.jpg,,,Public libraries,List of Carnegie libraries in Kentucky
Paducah,public,Paducah,Kentucky,United States,"Oct 13, 1901","$35,000",,,,,,,"Burned December 30, 1964.",Public libraries,List of Carnegie libraries in Kentucky
Paris,public,Paris,Kentucky,United States,"Jan 2, 1903","$12,000",,701 High St.,,,,,,Public libraries,List of Carnegie libraries in Kentucky
Shelbyville,public,Shelbyville,Kentucky,United States,"Dec 30, 1901","$10,000",,309 8th St.,38.21250,-85.22139,Graves_at_the_library.jpg,,,Public libraries,List of Carnegie libraries in Kentucky
Somerset,public,Somerset,Kentucky,United States,"Dec 8, 1905","$10,000",,300 College St.,37.09583,-84.60167,"Somerset_school,_Carnegie_library_section.jpg",,,Public libraries,List of Carnegie libraries in Kentucky
Berea College,academic,,Kentucky,United States,,"$30,000",,,,,,https://en.wikipedia.org/wiki/Berea_College,"Now called the Frost Building, houses classrooms",Academic libraries,List of Carnegie libraries in Kentucky
Centre College,academic,,Kentucky,United States,,"$30,000",,,,,CentreCollege-oldcarnegie-front.JPG,https://en.wikipedia.org/wiki/Centre_College,Open 1913–1967,Academic libraries,List of Carnegie libraries in Kentucky
Kentucky Wesleyan College,academic,,Kentucky,United States,,"$15,000",,15 Wheeler Ave.,,,,https://en.wikipedia.org/wiki/Kentucky_Wesleyan_College,County Parks and Recreation,Academic libraries,List of Carnegie libraries in Kentucky
University of Kentucky,academic,,Kentucky,United States,,"$26,500",,,,,,https://en.wikipedia.org/wiki/University_of_Kentucky,,Academic libraries,List of Carnegie libraries in Kentucky
Alexandria,public,Alexandria,Louisiana,United States,"Apr 8, 1907","$10,000",,503 Washington St.,,,Louisiana_history_museum.jpg,https://en.wikipedia.org/wiki/Louisiana_History_Museum,Now a museum and genealogical library,Carnegie libraries,List of Carnegie libraries in Louisiana
Jennings,public,Jennings,Louisiana,United States,"Mar 9, 1907","$10,000",,303 Cary Ave.,,,Jennings_Louisiana_Carnegie_Library_2019.jpg,https://en.wikipedia.org/wiki/Jennings_Carnegie_Public_Library,,Carnegie libraries,List of Carnegie libraries in Louisiana
Lake Charles,public,Lake Charles,Louisiana,United States,"Oct 17, 1901","$10,000",,411 Pujo St.,,,,,Replaced c.1950,Carnegie libraries,List of Carnegie libraries in Louisiana
New Orleans Main,public,New Orleans,Louisiana,United States,"Dec 29, 1902","$350,000",,,,,Public_Library_NOLA_Detroit_Pub.jpg,,Demolished c.1960,Carnegie libraries,List of Carnegie libraries in Louisiana
New Orleans Algiers,public,New Orleans,Louisiana,United States,"Dec 29, 1902",—,,725 Pelican Ave.,,,AlgiersPointNOPLPelican2.jpg,,,Carnegie libraries,List of Carnegie libraries in Louisiana
New Orleans Canal,public,New Orleans,Louisiana,United States,"Dec 29, 1902",—,,2940 Canal St.,,,New_Orleans_former_public_library_-_2940_Canal.jpg,,"Open 1911–1958, now a yoga center",Carnegie libraries,List of Carnegie libraries in Louisiana
New Orleans Dryades,public,New Orleans,Louisiana,United States,"Dec 29, 1902",—,,1924 Philip St.,,,CentralCity2Jan08PhilipDryades.jpg,https://en.wikipedia.org/wiki/Dryades_Branch_Library,"""Colored"" branch during the era of racial segregation, open 1915–1965. Now a YMCA center",Carnegie libraries,List of Carnegie libraries in Louisiana
New Orleans Napoleon,public,New Orleans,Louisiana,United States,"Dec 29, 1902",—,,913 Napoleon Ave.,,,LawrenceSquareNOPLA.jpg,,,Carnegie libraries,List of Carnegie libraries in Louisiana
New Orleans Royal,public,New Orleans,Louisiana,United States,"Dec 29, 1902",—,,,,,Royal_Branch_New_Orleans_Public_Library_1907_Architectural_Arts.jpg,,"Severely damaged by Hurricane Betsy in 1965, demolished",Carnegie libraries,List of Carnegie libraries in Louisiana
Auburn,public,Auburn,Maine,United States,"Jan 13, 1903","$25,000",,49 Spring St.,44.0979417,-70.2290722,AuburnME_PublicLibrary.jpg,"https://en.wikipedia.org/wiki/Auburn_Public_Library_(Auburn,_Maine)","Opening on August 1, 1904, this William R. Miller of Portland design has been renovated and expanded in 1956, 1978, and 2005. [3]",Public libraries,List of Carnegie libraries in Maine
Caribou,public,Caribou,Maine,United States,"Mar 21, 1910","$10,000",,30 High St.,46.8608500,-68.0110250,,,"Designed by local architect Schuyler C. Page in the Romanesque Revival style, this library was renovated in the 1960s.",Public libraries,List of Carnegie libraries in Maine
Fort Fairfield,public,Fort Fairfield,Maine,United States,"Feb 20, 1911","$10,000",,339 Main St.,46.7674917,-67.8001722,"Carnegie_Library,_Fort_Fairfield,_ME.jpg",https://en.wikipedia.org/wiki/Fort_Fairfield_Public_Library,"Built in 1913, this library added a wing in 1993.",Public libraries,List of Carnegie libraries in Maine
Freeport,public,Freeport,Maine,United States,"Mar 14, 1905","$6,500",,55 Main St.,43.8554194,-70.1064306,FreeportME_FormerCarnegieLibrary.jpg,,"Designed by George Burnham, this library was closed in 1997 when a new library was built. It is now a private business.",Public libraries,List of Carnegie libraries in Maine
Gardiner,public,Gardiner,Maine,United States,"December 22, 1897","$2,500",,152 Water St.,44.2287333,-69.7709667,"Public_Library,_Gardiner,_ME.jpg",,Gardiner's grant was to complete an unfinished library. [4] [5] It was designed and begun in 1881 by local architect Henry Richards.,Public libraries,List of Carnegie libraries in Maine
Guilford,public,Guilford,Maine,United States,"Mar 21, 1908","$5,750",,4 Library St.,45.1707306,-69.3833028,"Guilford_Library,_Guilford,_Maine.jpg",https://en.wikipedia.org/wiki/Guilford_Memorial_Library,"Designed by Bangor architect Frederick A. Patterson, this building was renovated in 1977 and 2002.",Public libraries,List of Carnegie libraries in Maine
Houlton,public,Houlton,Maine,United States,"Jan 13, 1903","$10,000",,107 Main St.,46.125722,-67.8359417,"Cary_Library,_Houlton,_ME.jpg",https://en.wikipedia.org/wiki/Cary_Library,"This library was designed by architect John Calvin Stevens of Portland in the Colonial Revival style, and it was renovated in 1968 and 1991.",Public libraries,List of Carnegie libraries in Maine
Lewiston,public,Lewiston,Maine,United States,"Jan 15, 1901","$60,000",,200 Lisbon St.,44.0956833,-70.2159250,LewistonME_Library.jpg,https://en.wikipedia.org/wiki/Lewiston_Public_Library,"A Coombs and Gibbs design, this building was significantly renovated in 1996, including moving the main entrance one block to the west.",Public libraries,List of Carnegie libraries in Maine
Madison,public,Madison,Maine,United States,"Jun 2, 1904","$8,000",,12 Old Point Ave.,44.7966917,-69.8797306,"Carnegie_Library,_Madison,_ME.jpg","https://en.wikipedia.org/wiki/Madison_Public_Library_(Madison,_Maine)",This building was designed by the Madison architectural firm of Snow & Humphreys.,Public libraries,List of Carnegie libraries in Maine
Milo,public,Milo,Maine,United States,"Sep 30, 1908","$8,500",,4 Pleasant St.,45.2535778,-68.9861167,MiloME_PublicLibrary.jpg,https://en.wikipedia.org/wiki/Milo_Public_Library,"Construction for this Frederick A. Patterson of Bangor design (based largely on Plan F from the leaflet distributed by James Bertram, Carnegie's secretary) did not begin until May 1922. [6]",Public libraries,List of Carnegie libraries in Maine
Oakland,public,Oakland,Maine,United States,"Feb 15, 1912","$10,000",,18 Church St.,44.5462667,-69.7195389,"Oakland_Public_Library,_Oakland,_ME.jpg","https://en.wikipedia.org/wiki/Oakland_Public_Library_(Oakland,_Maine)","Designed by Harry S. Coombs, this building was expanded in 2002.",Public libraries,List of Carnegie libraries in Maine
Old Town,public,Old Town,Maine,United States,"Feb 12, 1903","$10,000",,46 Middle St.,44.9354028,-68.6481250,"Carnegie_Library,_Old_Town,_ME.jpg",,"A neoclassical work by New York architect Albert Randolph Ross, this library was expanded in 1991.",Public libraries,List of Carnegie libraries in Maine
Pittsfield,public,Pittsfield,Maine,United States,"Mar 20, 1903","$10,000",,89 S. Main St.,44.7819944,-69.3832639,PittsfieldME_PublicLibrary.jpg,https://en.wikipedia.org/wiki/Pittsfield_Public_Library,"Architect Albert Randolph Ross would later use this Beaux-Arts design for the Warsaw, New York library. A Civil War monument was built to coincide with the building's dedication in 1904.",Public libraries,List of Carnegie libraries in Maine
Presque Isle,public,Presque Isle,Maine,United States,"May 15, 1906","$10,000",,39 2nd St.,46.6833694,-68.0138472,"Public_Library,_Presque_Isle,_ME.jpg",,An addition to this Astle and Page of Houlton work in 1967 significantly changed the look of this library.,Public libraries,List of Carnegie libraries in Maine
Rockland,public,Rockland,Maine,United States,"Apr 11, 1902","$20,000",,80 Union St.,44.1052917,-69.1121306,"Public_Library,_Rockland,_ME.jpg",https://en.wikipedia.org/wiki/Rockland_Public_Library,"Opening April 26, 1904, this Clough and Wardner of Boston-designed library was notably visited by President Taft in 1910. [7]",Public libraries,List of Carnegie libraries in Maine
Rumford,public,Rumford,Maine,United States,"Jan 22, 1903","$10,000",,58 Rumford Ave.,44.5471028,-70.5491472,Rumford's_Library.JPG,https://en.wikipedia.org/wiki/Rumford_Public_Library,"Designed by John Calvin Stevens of Portland, this Romanesque Revival building had a large addition completed in 1969.",Public libraries,List of Carnegie libraries in Maine
Vinalhaven,public,Vinalhaven,Maine,United States,"Apr 22, 1906","$5,200",,1 Carver St.,44.0497083,-68.8312139,Library_Vinalhaven_Public_ME.jpg,https://en.wikipedia.org/wiki/Vinalhaven_Public_Library,"This building was dedicated August 15, 1907. Designed by Clough and Wardner of Boston, it is in the Prairie School style. [8]",Public libraries,List of Carnegie libraries in Maine
Waterville,public,Waterville,Maine,United States,"Apr 28, 1902","$20,000",,73 Elm St.,44.5512750,-69.6319583,"Public_Library,_Waterville,_ME.jpg",,"The work of Lewiston architect William R. Miller, this building has been renovated twice.",Public libraries,List of Carnegie libraries in Maine
Good Will Home Association,academic,,Maine,United States,,"$15,000",,Hinckley campus,44.6776889,-69.6333528,Carnegie_Library_Good_Will-Hinckley_Maine.jpg,https://en.wikipedia.org/wiki/Good_Will_Home_Association,"Designed by Albert Randolph Ross, this library was dedicated May 29, 1907. It is now part of the Good Will-Hinckley campus.",Academic libraries,List of Carnegie libraries in Maine
University of Maine,academic,,Maine,United States,,"$55,000",,Carnegie Hall,44.8980111,-68.6711444,"Old_Library_Building,_University_of_Maine,_Orono,_ME.jpg",https://en.wikipedia.org/wiki/University_of_Maine,"Designed in the Greek Revival style, this building was a library until 1947. It now houses the Virtual Environment and Multimodal Interaction (VEMI) Laboratory.",Academic libraries,List of Carnegie libraries in Maine
Baltimore Brooklyn,public,Baltimore,Maryland,United States,"Nov 10, 1906","$500,000",,,,,,,Closed in 1965,Carnegie libraries,List of Carnegie libraries in Maryland
Baltimore Clifton,public,Baltimore,Maryland,United States,"Nov 10, 1906",—,,2001 N. Wolfe St.,,,,,Built 1916,Carnegie libraries,List of Carnegie libraries in Maryland
Baltimore Easterwood,public,Baltimore,Maryland,United States,"Nov 10, 1906",—,,2217 W. North Ave.,,,,,,Carnegie libraries,List of Carnegie libraries in Maryland
Baltimore Fells Point,public,Baltimore,Maryland,United States,"Nov 10, 1906",—,,606 S. Ann St.,,,,,Built 1922,Carnegie libraries,List of Carnegie libraries in Maryland
Baltimore Forest Park,public,Baltimore,Maryland,United States,"Nov 10, 1906",—,,3023 Garrison Blvd.,,,,,Built 1909,Carnegie libraries,List of Carnegie libraries in Maryland
Baltimore Govans,public,Baltimore,Maryland,United States,"Nov 10, 1906",—,,5714 Bellona Ave.,,,,,Built 1921,Carnegie libraries,List of Carnegie libraries in Maryland
Baltimore Hamilton,public,Baltimore,Maryland,United States,"Nov 10, 1906",—,,3006 Hamilton Ave.,,,Bmore_Hamilton_Library.JPG,https://en.wikipedia.org/wiki/Old_Hamilton_Library,Built 1920,Carnegie libraries,List of Carnegie libraries in Maryland
Baltimore Keyworth,public,Baltimore,Maryland,United States,"Nov 10, 1906",—,,2610 Keyworth Ave.,,,,,Built 1912,Carnegie libraries,List of Carnegie libraries in Maryland
Baltimore Locust Point,public,Baltimore,Maryland,United States,"Nov 10, 1906",—,,Corner of Towson St. and Beason St.,,,,,,Carnegie libraries,List of Carnegie libraries in Maryland
Baltimore Mount Clare,public,Baltimore,Maryland,United States,"Nov 10, 1906",—,,Corner of Carroll St. and Barre St.,,,,,Built 1909,Carnegie libraries,List of Carnegie libraries in Maryland
Baltimore Mt. Washington,public,Baltimore,Maryland,United States,"Nov 10, 1906",—,,Corner of Smith Ave. and Greely Rd.,,,,,Built 1921,Carnegie libraries,List of Carnegie libraries in Maryland
Baltimore Patterson Park,public,Baltimore,Maryland,United States,"Nov 10, 1906",—,,158 N. Linwood Ave.,,,,,,Carnegie libraries,List of Carnegie libraries in Maryland
Baltimore South Central,public,Baltimore,Maryland,United States,"Nov 10, 1906",—,,4 S. Central Ave.,,,,,Built 1921,Carnegie libraries,List of Carnegie libraries in Maryland
Baltimore Waverly,public,Baltimore,Maryland,United States,"Nov 10, 1906",—,,1443 Gorsuch Ave.,,,,,,Carnegie libraries,List of Carnegie libraries in Maryland
Ashland,public,Ashland,Massachusetts,United States,"Feb 20, 1903","$10,000",,66 Front St.,,,"Ashland_Public_Library,_April_2010,_MA.jpg",,,Public libraries,List of Carnegie libraries in Massachusetts
Athol,public,Athol,Massachusetts,United States,"Mar 14, 1902","$22,000",,568 Main St.,,,"Athol_Library,_Athol_MA.jpg",https://en.wikipedia.org/wiki/Athol_Public_Library_(Massachusetts),,Public libraries,List of Carnegie libraries in Massachusetts
Berkley,public,Berkley,Massachusetts,United States,"Feb 6, 1915","$5,000",,1 N. Main St.,,,Berkley_Library.jpg,https://en.wikipedia.org/wiki/Berkley_Public_Library_(Massachusetts),,Public libraries,List of Carnegie libraries in Massachusetts
Brockton,public,Brockton,Massachusetts,United States,"Apr 16, 1910","$110,000",,304 Main St.,,,BrocktonMA_PublicLibrary.jpg,,,Public libraries,List of Carnegie libraries in Massachusetts
Chelsea,public,Chelsea,Massachusetts,United States,"Jul 20, 1908","$60,000",,569 Broadway,,,ChelseaMA_PublicLibrary.jpg,,,Public libraries,List of Carnegie libraries in Massachusetts
Clinton,public,Clinton,Massachusetts,United States,"Mar 8, 1901","$25,000",,54 Walnut St.,,,"Bigelow_Library,_Clinton_MA.jpg",,,Public libraries,List of Carnegie libraries in Massachusetts
Dighton,public,Dighton,Massachusetts,United States,"Feb 15, 1905","$6,000",,395 Main St.,,,DightonMA_PublicLibrary.jpg,,,Public libraries,List of Carnegie libraries in Massachusetts
Edgartown,public,Edgartown,Massachusetts,United States,"Apr 26, 1902","$4,000",,58 N. Water St.,,,"Edgartown_Public_Library,_Edgartown_MA.jpg",,,Public libraries,List of Carnegie libraries in Massachusetts
Granby,public,Granby,Massachusetts,United States,"Mar 31, 1916","$5,000",,Library Ln.,,,"Granby_Public_Library,_Granby_MA.jpg",,,Public libraries,List of Carnegie libraries in Massachusetts
Holliston,public,Holliston,Massachusetts,United States,"Jan 6, 1903","$10,000",,752 Washington St.,,,"Public_Library,_Holliston_MA.jpg",,,Public libraries,List of Carnegie libraries in Massachusetts
Hudson,public,Hudson,Massachusetts,United States,"Jan 6, 1903","$12,500",,3 Washington St.,,,"Public_Library,_Hudson,_MA.jpg",,,Public libraries,List of Carnegie libraries in Massachusetts
Lakeville,public,Lakeville,Massachusetts,United States,"Jul 13, 1912","$5,000",,241 Main St.,,,"Old_Lakeville_Public_Library,_MA.jpg",,,Public libraries,List of Carnegie libraries in Massachusetts
Lee,public,Lee,Massachusetts,United States,"Nov 25, 1903","$12,000",,100 Main St.,,,"Public_Library,_Lee,_MA.jpg",,,Public libraries,List of Carnegie libraries in Massachusetts
Leominster,public,Leominster,Massachusetts,United States,"Dec 24, 1906","$27,500",,30 West St.,,,"Leominster_Public_Library_-_Leominster,_Massachusetts_-_DSC06244.jpg",,"Hartwell, Richardson & Driver, architects.",Public libraries,List of Carnegie libraries in Massachusetts
Lynn Haywood,public,Lynn,Massachusetts,United States,"Mar 16, 1915","$50,000",,270 Broadway,,,LynnMA_FormerHaywoodBranchLibrary.jpg,,Now a subdivided commercial building.,Public libraries,List of Carnegie libraries in Massachusetts
Lynn Houghton,public,Lynn,Massachusetts,United States,"Mar 16, 1915",—,,833 Western Ave.,,,LynnMA_FormerHoughtonBranchLibrary.jpg,,No longer a library.,Public libraries,List of Carnegie libraries in Massachusetts
Marlborough,public,Marlborough,Massachusetts,United States,"Apr 26, 1902","$30,000",,35 W. Main St.,,,"Public_Library,_Marlborough,_MA.jpg",,"Peabody & Stearns, architects.",Public libraries,List of Carnegie libraries in Massachusetts
Melrose,public,Melrose,Massachusetts,United States,"Dec 30, 1901","$25,000",,69 W. Emerson St.,,,"Melrose_Public_Library,_MA.jpg",https://en.wikipedia.org/wiki/Melrose_Public_Library,,Public libraries,List of Carnegie libraries in Massachusetts
Millbury,public,Millbury,Massachusetts,United States,"Mar 16, 1915","$12,500",,128 Elm St.,,,"Millbury_Public_Library_-_Millbury,_MA_-_DSC04616.JPG",,,Public libraries,List of Carnegie libraries in Massachusetts
Needham,public,Needham,Massachusetts,United States,"Jan 13, 1903","$10,000",,968 Highland Ave.,,,,,"Opened in 1904, replaced in 1914, old building demolished in the 1960s",Public libraries,List of Carnegie libraries in Massachusetts
New Marlborough,public,New Marlborough,Massachusetts,United States,"Feb 3, 1917","$5,000",,,,,,,"Burned down Jun 16, 1996",Public libraries,List of Carnegie libraries in Massachusetts
Reading,public,Reading,Massachusetts,United States,"Jan 2, 1902","$15,000",,16 Lowell St.,,,"Carnegie_Library,_Reading_MA.jpg",,Now part of the town hall,Public libraries,List of Carnegie libraries in Massachusetts
Revere,public,Revere,Massachusetts,United States,"Oct 3, 1901","$20,000",,179 Beach St.,,,RevereMA_PublicLibrary.jpg,,,Public libraries,List of Carnegie libraries in Massachusetts
Rockland,public,Rockland,Massachusetts,United States,"Jan 13, 1903","$12,500",,20 Belmont St.,,,Rockland_Library.jpg,https://en.wikipedia.org/wiki/Rockland_Memorial_Library,,Public libraries,List of Carnegie libraries in Massachusetts
Rockport,public,Rockport,Massachusetts,United States,"Jun 18, 1903","$10,000",,18 Jewett St.,,,"Andrew_Carnegie_Library,_Rockport_MA.jpg",,Now a private residence,Public libraries,List of Carnegie libraries in Massachusetts
Saugus,public,Saugus,Massachusetts,United States,"Nov 9, 1916","$17,000",,,,,,,Demolished in the 1990s,Public libraries,List of Carnegie libraries in Massachusetts
Sharon,public,Sharon,Massachusetts,United States,"Mar 14, 1913","$10,000",,11 N. Main St.,,,"Sharon_Public_Library,_Sharon_MA.jpg",,Library relocated; building’s future undecided as of April 2026,Public libraries,List of Carnegie libraries in Massachusetts
Somerville Central,public,Somerville,Massachusetts,United States,"Apr 8, 1907","$123,000",,79 Highland Ave.,,,Somerville_library_1.jpg,"https://en.wikipedia.org/wiki/Central_Library_(Somerville,_Massachusetts)",,Public libraries,List of Carnegie libraries in Massachusetts
Somerville East,public,Somerville,Massachusetts,United States,"Apr 8, 1907",—,,115 Broadway,,,SomervilleMA_EastSomervilleLibrary.jpg,,,Public libraries,List of Carnegie libraries in Massachusetts
Somerville West,public,Somerville,Massachusetts,United States,"Apr 8, 1907",—,,40 College Ave.,,,SomervilleMA_WestSomervilleBranchLibrary.jpg,https://en.wikipedia.org/wiki/West_Somerville_Branch_Library,,Public libraries,List of Carnegie libraries in Massachusetts
South Hadley,public,South Hadley,Massachusetts,United States,"Dec 8, 1905","$10,000",,27 Bardwell St.,,,SouthHadleyMA_Library.jpg,,No longer used as a library,Public libraries,List of Carnegie libraries in Massachusetts
Springfield Central,public,Springfield,Massachusetts,United States,"Mar 30, 1905","$260,000",,220 State St.,,,SpringfieldMA_CentralLibrary_Front.jpg,,,Public libraries,List of Carnegie libraries in Massachusetts
Springfield Forest Park,public,Springfield,Massachusetts,United States,"Mar 30, 1905",—,,380 Belmont Ave.,,,SpringfieldMA_ForestParkBranchLibrary.jpg,,,Public libraries,List of Carnegie libraries in Massachusetts
Springfield Indian Orchard,public,Springfield,Massachusetts,United States,"Mar 30, 1905",—,,44 Oak St.,,,"Indian_Orchard_Branch_Library,_September_2016,_Indian_Orchard_MA.jpg",https://en.wikipedia.org/wiki/Indian_Orchard_Branch_Library,,Public libraries,List of Carnegie libraries in Massachusetts
Springfield Memorial Square,public,Springfield,Massachusetts,United States,"Mar 30, 1905",—,,22 St. George Rd.,,,"City_Library,_Memorial_Square_Branch,_Springfield_MA.jpg",,,Public libraries,List of Carnegie libraries in Massachusetts
Stoneham,public,Stoneham,Massachusetts,United States,"Jan 13, 1903","$15,000",,431 Main St.,,,StonehamMA_PublicLibrary.jpg,https://en.wikipedia.org/wiki/Stoneham_Public_Library,,Public libraries,List of Carnegie libraries in Massachusetts
Taunton,public,Taunton,Massachusetts,United States,"Apr 26, 1902","$70,000",,12 Pleasant St.,,,Taunton_Public_Library_front_view_2015.jpg,https://en.wikipedia.org/wiki/Taunton_Public_Library,,Public libraries,List of Carnegie libraries in Massachusetts
Turners Falls,public,Turners Falls,Massachusetts,United States,"Mar 27, 1903","$13,500",,201 Avenue A,,,"Turners_Falls_Library,_Turners_Falls_MA.jpg",,,Public libraries,List of Carnegie libraries in Massachusetts
Walpole,public,Walpole,Massachusetts,United States,"Jul 16, 1901","$15,000",,65 Common St.,,,"Walpole_Public_Library,_Walpole_MA.jpg",,Library moved out in 2012; building sold.,Public libraries,List of Carnegie libraries in Massachusetts
West Springfield,public,West Springfield,Massachusetts,United States,"Sep 20, 1915","$25,000",,200 Park St.,,,WestSpringfieldMA_PublicLibrary.jpg,,,Public libraries,List of Carnegie libraries in Massachusetts
Worcester Frances Perkins,public,Worcester,Massachusetts,United States,"Jul 1, 1910","$75,000",,470 W. Boylston St.,,,Greendale_Branch_Library_Worcester_MA.jpg,https://en.wikipedia.org/wiki/Greendale_Branch_Library,Greendale Branch Library,Public libraries,List of Carnegie libraries in Massachusetts
Worcester Quinsigamond,public,Worcester,Massachusetts,United States,"Jul 1, 1910",—,,812 Millbury St.,,,Quinsigamond_Branch_Library.jpg,https://en.wikipedia.org/wiki/Quinsigamond_Branch_Library,,Public libraries,List of Carnegie libraries in Massachusetts
Worcester South Worcester,public,Worcester,Massachusetts,United States,"Jul 1, 1910",—,,705 Southbridge St.,,,South_Worcester_Branch_Library.jpg,https://en.wikipedia.org/wiki/South_Worcester_Branch_Library,,Public libraries,List of Carnegie libraries in Massachusetts
Mount Holyoke College,academic,,Massachusetts,United States,,"$50,000",,Mount Holyoke College campus,,,"Williston_Library,_Mount_Holyoke_College,_South_Hadley_MA.jpg",https://en.wikipedia.org/wiki/Mount_Holyoke_College,Williston Memorial Library,Academic libraries,List of Carnegie libraries in Massachusetts
Radcliffe College,academic,,Massachusetts,United States,,"$73,900",,10 Garden Street/Radcliffe Yard,,,"Schlesinger_Library_-_Radcliffe_Yard,_Harvard_University,_Cambridge,_Massachusetts,_USA_-_DSC04489.jpg",https://en.wikipedia.org/wiki/Radcliffe_College,Schlesinger Library,Academic libraries,List of Carnegie libraries in Massachusetts
Smith College,academic,,Massachusetts,United States,,"$62,500",,Smith College campus,,,"Neilson_Library,_Smith_College,_Northampton_MA.jpg",https://en.wikipedia.org/wiki/Smith_College,Neilson Library,Academic libraries,List of Carnegie libraries in Massachusetts
Tufts College,academic,,Massachusetts,United States,,"$100,000",,Tufts University campus,,,Tufts_EatonHall_01.jpg,https://en.wikipedia.org/wiki/Eaton_Hall_(Tufts_University),Eaton Hall (no longer functions as a library),Academic libraries,List of Carnegie libraries in Massachusetts
Wellesley College,academic,,Massachusetts,United States,,"$132,000 $95,446",,Wellesley College campus,,,Margaret_Clapp_Library_-_Wellesley_College_-_DSC09632.JPG,https://en.wikipedia.org/wiki/Wellesley_College,Margaret Clapp Library,Academic libraries,List of Carnegie libraries in Massachusetts
Adrian,public,Adrian,Michigan,United States,"Dec 20, 1904","$27,500",,110 E. Church St.,41.897257,-84.036957,Adrian_Public_Library_2010.JPG,https://en.wikipedia.org/wiki/Adrian_Public_Library,Now a museum,Carnegie libraries,List of Carnegie libraries in Michigan
Albion,public,Albion,Michigan,United States,"Jan 2, 1903","$17,500",,501 S. Superior St.,42.241946,-84.752785,Albion_MI_Carnegie_Library.jpg,,,Carnegie libraries,List of Carnegie libraries in Michigan
Allegan,public,Allegan,Michigan,United States,"Feb 13, 1913","$10,000",,331 Hubbard St.,42.527670,-85.852309,Allegan_District_Library.jpg,,,Carnegie libraries,List of Carnegie libraries in Michigan
Ann Arbor,public,Ann Arbor,Michigan,United States,"Jan 13, 1903","$30,000",,Facade at,42.281101,-83.739922,Ann_arbor_frieze.jpg,,"Attached to the old Ann Arbor High School building. Closed in 1957, made part of the Henry Simmons Frieze Building at the University of Michigan. Demolished in 2007, leaving only the front columns",Carnegie libraries,List of Carnegie libraries in Michigan
Armada,public,Armada,Michigan,United States,"Dec 8, 1913","$8,000",,73930 Church St.,42.841867,-82.883094,Armada_Michigan_Public_Library.JPG,,,Carnegie libraries,List of Carnegie libraries in Michigan
Bay City,public,Bay City,Michigan,United States,"May 15, 1916","$35,000",,708 Center Ave.,43.597320,-83.882684,Bay_City_Carnegie_Library.JPG,,In service as library until December 2005. Now bank branch and offices for Thumb National Bank.,Carnegie libraries,List of Carnegie libraries in Michigan
Benton Harbor,public,Benton Harbor,Michigan,United States,"Mar 14, 1902","$20,000",,E Wall St. and 6th St.,42.115554,-86.453617,Benton_Harbor_Carnegie_Library_Postcard.jpg,,Now a parking lot for newer library.,Carnegie libraries,List of Carnegie libraries in Michigan
Boyne City,public,Boyne City,Michigan,United States,"Mar 31, 1916","$15,000",,201 E. Main St.,45.212137,-85.013070,Boyne_District_Library.jpg,,,Carnegie libraries,List of Carnegie libraries in Michigan
Bronson,public,Bronson,Michigan,United States,"Jul 15, 1910","$8,500",,207 N. Matteson St.,41.873495,-85.194953,Bronson_Carnegie_Library.jpg,,,Carnegie libraries,List of Carnegie libraries in Michigan
Cadillac,public,Cadillac,Michigan,United States,"Mar 20, 1903","$15,000",,127 Beech St.,44.251583,-85.398765,Cadillac_MI_Public_Library.jpg,https://en.wikipedia.org/wiki/Cadillac_Public_Library,Now the Wexford County Historical Society Museum,Carnegie libraries,List of Carnegie libraries in Michigan
Cassopolis,public,Cassopolis,Michigan,United States,"Apr 23, 1908","$10,000",,145 N. Broadway St.,41.912960,-86.012767,Cass_County_Local_history_Library.JPG,https://en.wikipedia.org/wiki/Cass_District_Library,,Carnegie libraries,List of Carnegie libraries in Michigan
Charlevoix,public,Charlevoix,Michigan,United States,"Feb 21, 1907","$10,000",,,,,,,Closed in 1967,Carnegie libraries,List of Carnegie libraries in Michigan
Charlotte,public,Charlotte,Michigan,United States,"Mar 14, 1902","$12,000",,200 N. Cochran Ave.,42.565175,-84.835603,Charlotte_Michigan_Carnegie_Library.JPG,,Now small businesses,Carnegie libraries,List of Carnegie libraries in Michigan
Cheboygan,public,Cheboygan,Michigan,United States,"Feb 10, 1908","$15,000",,400 W. Elm St.,45.644584,-84.478380,2009-0618-Cheboygan-CarnegieLibrary.jpg,,Closed in 1966,Carnegie libraries,List of Carnegie libraries in Michigan
Detroit Main,public,Detroit,Michigan,United States,"Jun 23, 1901","$750,000",,5201 Woodward Ave.,42.358714,-83.066359,DetroitLibrary2010.jpg,https://en.wikipedia.org/wiki/Detroit_Public_Library,Opened in 1921,Carnegie libraries,List of Carnegie libraries in Michigan
Detroit Herbert Bowen,public,Detroit,Michigan,United States,"Jun 23, 1901",—,,3648 W. Vernor Hwy.,42.323180,-83.088951,Herbert_Bowen_Branch.JPG,,,Carnegie libraries,List of Carnegie libraries in Michigan
Detroit Magnus Butzel,public,Detroit,Michigan,United States,"Jun 23, 1901",—,,2025 E. Grand Blvd.,42.375353,-83.041511,,,Demolished in 1998,Carnegie libraries,List of Carnegie libraries in Michigan
Detroit Edwin F. Conely,public,Detroit,Michigan,United States,"Jun 23, 1901",—,,4600 Martin Rd.,42.331898,-83.127390,Edwin_F_Conely_Branch.JPG,,,Carnegie libraries,List of Carnegie libraries in Michigan
Detroit Divie B. Duffield,public,Detroit,Michigan,United States,"Jun 23, 1901",—,,2507 W. Grand Blvd.,42.363180,-83.093226,Divie_B_Duffield_Branch.JPG,,,Carnegie libraries,List of Carnegie libraries in Michigan
Detroit Bernard Ginsburg,public,Detroit,Michigan,United States,"Jun 23, 1901",—,,91 Brewster St.,42.346758,-83.047264,Detroit_Bernard_Ginsburg_Library.JPG,,"Closed in 1927 and turned over to Recreation Department. Part of the Brewster-Wheeler Recreation Center, now vacant",Carnegie libraries,List of Carnegie libraries in Michigan
Detroit George V. N. Lothrop,public,Detroit,Michigan,United States,"Jun 23, 1901",—,,W. Grand Blvd. and Warren Ave W.,42.344796,-83.108118,Detroit_Lothrop_Library_Branch.jpg,,A Georgian structure designed by B.C. Wetzel. [3] Building demolished in October 2009 after purchasing church didn't keep up the property & the City of Detroit stepped in quickly.,Carnegie libraries,List of Carnegie libraries in Michigan
Detroit George Osius,public,Detroit,Michigan,United States,"Jun 23, 1901",—,,Gratiot Ave. between Newland Ave. and Seneca St.,42.383613,-83.011265,,,Torn down in 1939 when Gratiot was widened. Replaced by Mark Twain Branch (demolished in 2011). Site vacant. [4],Carnegie libraries,List of Carnegie libraries in Michigan
Detroit Henry M. Utley,public,Detroit,Michigan,United States,"Jun 23, 1901",—,,8726 Woodward Ave.,42.380122,-83.079382,Henry_M_Utley_Branch.JPG,,"Now Family Place, a child care center.",Carnegie libraries,List of Carnegie libraries in Michigan
Dowagiac,public,Dowagiac,Michigan,United States,"Jan 13, 1903","$12,500",,211 Commercial St.,41.983039,-86.110545,Dowagiac_District_Library.jpg,,,Carnegie libraries,List of Carnegie libraries in Michigan
East Jordan,public,East Jordan,Michigan,United States,"Feb 6, 1915","$10,000",,301 Main St.,45.156731,-85.127823,East_Jordan_Arts_Center.jpg,,Now the East Jordan Arts Center Gallery,Carnegie libraries,List of Carnegie libraries in Michigan
Escanaba,public,Escanaba,Michigan,United States,"Apr 11, 1902","$21,200",,251 S. 7th St.,45.744167,-87.056111,Escanaba_MI_Carnegie_Library.jpg,"https://en.wikipedia.org/wiki/Carnegie_Public_Library_(Escanaba,_Michigan)",Building is now privately owned.,Carnegie libraries,List of Carnegie libraries in Michigan
Flint,public,Flint,Michigan,United States,"Dec 27, 1902","$25,000",,Clifford St. and East Kearsley St.,43.019251,-83.686089,Flint_Michigan_Carnegie_Library.jpg,,Demolished c.1960,Carnegie libraries,List of Carnegie libraries in Michigan
Grand Haven,public,Grand Haven,Michigan,United States,"Feb 12, 1903","$12,500",,15 N. 3rd St.,,,,,Demolished c.1967,Carnegie libraries,List of Carnegie libraries in Michigan
Houghton,public,Houghton,Michigan,United States,"Apr 23, 1908","$15,000",,105 Huron St.,47.121328,-88.567992,Carnegie_Museum_-_Houghton.jpg,https://en.wikipedia.org/wiki/Carnegie_Museum_of_Houghton,"Closed in 2006, now a museum",Carnegie libraries,List of Carnegie libraries in Michigan
Howell,public,Howell,Michigan,United States,"Jan 9, 1902","$15,000",,314 W. Grand River Ave.,42.608442,-83.932135,Howell_Carnegie_District_Library.JPG,,,Carnegie libraries,List of Carnegie libraries in Michigan
Hudson,public,Hudson,Michigan,United States,"Mar 27, 1903","$10,000",,205 S. Market St.,41.853843,-84.353504,Hudson_Michigan_Carnegie_Library.JPG,,,Carnegie libraries,List of Carnegie libraries in Michigan
Iron Mountain,public,Iron Mountain,Michigan,United States,"Mar 12, 1901","$17,500",,300 Ludington St.,,,IronMountainCarnegieLibraryFront.jpg,,,Carnegie libraries,List of Carnegie libraries in Michigan
Ironwood,public,Ironwood,Michigan,United States,"Apr 21, 1900","$17,000",,235 E. Aurora St.,46.452208,-90.172282,"2013-07-13_Ironwood_Carnegie_Library,_235_E._Aurora_St.,_Ironwood,_MI.jpg",https://en.wikipedia.org/wiki/Ironwood_Carnegie_Library,,Carnegie libraries,List of Carnegie libraries in Michigan
Ishpeming,public,Ishpeming,Michigan,United States,"Mar 12, 1901","$25,000",,317 Main St.,46.491480,-87.669479,Ishpeming_Carnegie_Public_Library.jpg,https://en.wikipedia.org/wiki/Ishpeming_Carnegie_Public_Library,,Carnegie libraries,List of Carnegie libraries in Michigan
Jackson,public,Jackson,Michigan,United States,"Mar 14, 1901","$70,000",,244 W. Michigan Ave.,42.248056,-84.411111,Jackson_Michigan_Carnegie_Library.JPG,,,Carnegie libraries,List of Carnegie libraries in Michigan
Lansing,public,Lansing,Michigan,United States,"Jan 9, 1902","$35,000",,210 W. Shiawassee St.,,,Carnegie_Library_Lansing_MI.JPG,,Now part of Lansing Community College. Original pediment removed and upper part of building modified.,Carnegie libraries,List of Carnegie libraries in Michigan
Lapeer,public,Lapeer,Michigan,United States,"Apr 3, 1917","$13,750",,921 W. Nepessing St.,,,Lapeer_MI_Carnegie_Library.jpg,,,Carnegie libraries,List of Carnegie libraries in Michigan
Ludington,public,Ludington,Michigan,United States,"Jun 5, 1903","$15,000",,217 E. Ludington Ave.,,,Ludington_Public_Library_Aug_2008.JPG,https://en.wikipedia.org/wiki/Ludington_Public_Library,,Carnegie libraries,List of Carnegie libraries in Michigan
Mancelona,public,Mancelona,Michigan,United States,"Jan 5, 1916","$10,000",,202 W. State St.,,,Mancelona_Township_Library.jpg,,,Carnegie libraries,List of Carnegie libraries in Michigan
Manistee,public,Manistee,Michigan,United States,"Apr 26, 1902","$35,000",,95 Maple St.,,,Manistee_Public_Library.jpg,,,Carnegie libraries,List of Carnegie libraries in Michigan
Marlette,public,Marlette,Michigan,United States,"Apr 16, 1918","$7,500",,3116 Main St.,,,Marlette_MI_Carnegie_Library.jpg,,,Carnegie libraries,List of Carnegie libraries in Michigan
Mendon,public,Mendon,Michigan,United States,"Apr 11, 1905","$10,000",,314 W. Main St.,,,Mendon_Public_Library.jpg,,,Carnegie libraries,List of Carnegie libraries in Michigan
Midland,public,Midland,Michigan,United States,"Feb 3, 1917","$12,500",,Townsend St.,,,,,Closed in 1955,Carnegie libraries,List of Carnegie libraries in Michigan
Mount Clemens,public,Mount Clemens,Michigan,United States,"Mar 14, 1902","$17,000",,125 Macomb St.,42.599703,-82.880389,Mount_Clemens_Public_Library.JPG,,,Carnegie libraries,List of Carnegie libraries in Michigan
Newaygo,public,Newaygo,Michigan,United States,"Dec 8, 1913","$5,000",,45 State Rd.,,,Newaygo_Area_District_Library.jpg,,,Carnegie libraries,List of Carnegie libraries in Michigan
Niles,public,Niles,Michigan,United States,"Jan 22, 1903","$15,000",,321 E. Main St.,,,Carnegie_Library_Niles_Michigan_034.jpg,,Now houses The Study and The Underground Laugh Lounge,Carnegie libraries,List of Carnegie libraries in Michigan
Owosso,public,Owosso,Michigan,United States,"Apr 2, 1913","$20,000",,502 W. Main St.,,,Owosso.jpg,https://en.wikipedia.org/wiki/Shiawassee_District_Library,,Carnegie libraries,List of Carnegie libraries in Michigan
Paw Paw,public,Paw Paw,Michigan,United States,"Apr 3, 1917","$10,000",,129 S. Kalamazoo St.,,,The_Paw_Paw_Carnegie_Center.jpg,,Closed in 1991,Carnegie libraries,List of Carnegie libraries in Michigan
Petoskey,public,Petoskey,Michigan,United States,"Apr 8, 1907","$12,500",,451 E. Mitchell St.,,,Petoskey_MI_Carnegie_Library.jpg,,,Carnegie libraries,List of Carnegie libraries in Michigan
Port Huron,public,Port Huron,Michigan,United States,"Feb 4, 1902","$45,000",,1115 6th St.,,,Port_Huron_Museum_Carnegie_Center.JPG,https://en.wikipedia.org/wiki/Carnegie_Center_--_Port_Huron_Museum,Currently houses the Port Huron Museum,Carnegie libraries,List of Carnegie libraries in Michigan
Portland,public,Portland,Michigan,United States,"Mar 25, 1905","$10,000",,334 Kent St.,,,Portland_Michigan_Carnegie_Library.JPG,,,Carnegie libraries,List of Carnegie libraries in Michigan
Sault Ste. Marie,public,Sault Ste. Marie,Michigan,United States,"Feb 6, 1901","$30,000",,315 Armory Pl.,,,Sault_Ste_Marie_Carnegie_Library.jpg,,Now school district offices,Carnegie libraries,List of Carnegie libraries in Michigan
South Haven,public,South Haven,Michigan,United States,"Dec 20, 1904","$12,500",,600 Phoenix St.,,,South_Haven_Center_for_the_Arts.jpg,,Now an arts center,Carnegie libraries,List of Carnegie libraries in Michigan
Sparta,public,Sparta,Michigan,United States,"Mar 31, 1916","$10,000",,80 N. Union St.,,,Sparta_Carnegie_Township_Library.jpg,,,Carnegie libraries,List of Carnegie libraries in Michigan
St. Joseph,public,St. Joseph,Michigan,United States,"Dec 27, 1902","$13,500",,500 Main St.,,,Saint_Joseph_Public_Library_Building.jpg,,Now houses an architectural firm,Carnegie libraries,List of Carnegie libraries in Michigan
Stambaugh,public,Stambaugh,Michigan,United States,"Apr 13, 1914","$12,500",,601 Garfield Ave.,,,West_Iron_County_Administration_Building.jpg,,Now school district offices,Carnegie libraries,List of Carnegie libraries in Michigan
Sturgis,public,Sturgis,Michigan,United States,"Dec 13, 1907","$10,000",,,,,Carnegie_Library_Sturgis_MI.jpg,,"Demolished, Ca. 1967",Carnegie libraries,List of Carnegie libraries in Michigan
Tecumseh,public,Tecumseh,Michigan,United States,"Feb 2, 1903","$10,000",,304 W. Chicago Blvd.,,,Tecumseh_Michigan_Carnegie_Library.JPG,,"Closed c.1962, now artist studios",Carnegie libraries,List of Carnegie libraries in Michigan
Three Rivers,public,Three Rivers,Michigan,United States,"Sep 5, 1902","$12,500",,107 N. Main St.,,,Three_Rivers_MI_Carnegie_Library.jpg,,Now an arts center,Carnegie libraries,List of Carnegie libraries in Michigan
Traverse City,public,Traverse City,Michigan,United States,"Apr 11, 1902","$20,000",,322 6th St.,,,"Carnegie_Library_Entrance_(Traverse_City,_Michigan).jpg",,Now an arts center,Carnegie libraries,List of Carnegie libraries in Michigan
Wyandotte,public,Wyandotte,Michigan,United States,"Jan 23, 1911","$17,500",,3139 Biddle Ave.,,,Wyandotte_MI_Carnegie_Library_Postcard.jpg,,"Closed 1940, demolished 1967",Carnegie libraries,List of Carnegie libraries in Michigan
Aitkin,public,Aitkin,Minnesota,United States,"Apr 23, 1908","$6,500",,121 2nd St NW,46.5331417,-93.7093194,Aitkin_Carnegie_Library.jpg,https://en.wikipedia.org/wiki/Aitkin_Carnegie_Library,"1911 library, now an art center. [5]",Public libraries,List of Carnegie libraries in Minnesota
Albert Lea,public,Albert Lea,Minnesota,United States,"Apr 11, 1902","$13,000",,146 College St W,43.6471056,-93.3697278,Albert_Lea_Carnegie_Library.jpg,,"Built 1903, now offices.",Public libraries,List of Carnegie libraries in Minnesota
Alexandria,public,Alexandria,Minnesota,United States,"Feb 2, 1903","$12,000",,7th Ave W & Filmore St,45.8850694,-95.3788194,Alexandria_Carnegie_Library.jpg,,"Built 1903, now offices.",Public libraries,List of Carnegie libraries in Minnesota
Anoka,public,Anoka,Minnesota,United States,"Mar 27, 1903","$12,500",,Demolished,,,1912postcardPublicLibraryAnokaMN.jpg,,"Built 1904, razed 1965.",Public libraries,List of Carnegie libraries in Minnesota
Austin,public,Austin,Minnesota,United States,"Oct 3, 1901","$15,000",,Demolished,,,CarnegieLibraryAustinMN.jpg,https://en.wikipedia.org/wiki/Austin_Public_Library_(Minnesota),"Built 1904, razed 1996.",Public libraries,List of Carnegie libraries in Minnesota
Bemidji,public,Bemidji,Minnesota,United States,"Feb 10, 1908","$12,500",,426 Bemidji Ave,47.4726750,-94.8794806,Bemidji_Carnegie_Library.jpg,https://en.wikipedia.org/wiki/Bemidji_Carnegie_Library,"Built 1909, now an art gallery.",Public libraries,List of Carnegie libraries in Minnesota
Benson,public,Benson,Minnesota,United States,"Apr 3, 1912","$7,500",,Demolished,,,1914postcardCarnegiePublicLibraryBensonMN.jpg,,"Built 1913, razed 1994.",Public libraries,List of Carnegie libraries in Minnesota
Brainerd,public,Brainerd,Minnesota,United States,"Jan 6, 1903","$12,000",,206 7th St N,46.3583778,-94.1988639,Brainerd_Carnegie_Library_2016.jpg,https://en.wikipedia.org/wiki/Brainerd_Public_Library,"Built 1904, now offices.",Public libraries,List of Carnegie libraries in Minnesota
Browns Valley,public,Browns Valley,Minnesota,United States,"Jan 31, 1914","$5,500",,Broadway Ave & 2nd St,45.5950361,-96.8308417,Browns_Valley_Carnegie_Library.jpg,https://en.wikipedia.org/wiki/Browns_Valley_Carnegie_Public_Library,Built 1915.,Public libraries,List of Carnegie libraries in Minnesota
Chatfield,public,Chatfield,Minnesota,United States,"Jul 9, 1913","$6,000",,314 Main St S,43.8446833,-92.1873444,2011-0115-ChatfieldPL.jpg,https://en.wikipedia.org/wiki/Chatfield_Public_Library,"Built 1915, still houses public library.",Public libraries,List of Carnegie libraries in Minnesota
Coleraine,public,Coleraine,Minnesota,United States,"Dec 16, 1908","$15,000",,203 Cole Ave,47.2872306,-93.4242917,CarnegieLibraryColeraineMN.jpg,,"Built 1910, still houses public library.",Public libraries,List of Carnegie libraries in Minnesota
Crookston,public,Crookston,Minnesota,United States,"Nov 25, 1903","$17,500",,110 N. Ash St.,47.7737306,-96.6048667,CrookstonMnLibrary.jpg,,Built 1907.,Public libraries,List of Carnegie libraries in Minnesota
Dawson,public,Dawson,Minnesota,United States,"Mar 31, 1916","$9,000",,677 Pine St,44.9287083,-96.0556722,Dawson_Carnegie_Library.jpg,,"Built 1918, now offices.",Public libraries,List of Carnegie libraries in Minnesota
Detroit Lakes,public,Detroit Lakes,Minnesota,United States,"Dec 23, 1911","$10,000",,1000 Washington Ave,46.8156306,-95.8458361,Detroit_Lakes_Library_HABS.jpg,"https://en.wikipedia.org/wiki/Detroit_Lakes,_Minnesota#Carnegie_Library","Built 1913, still houses public library.",Public libraries,List of Carnegie libraries in Minnesota
Duluth (Main),public,Duluth,Minnesota,United States,"Oct 7, 1899","$75,000",,101 2nd St W,46.7873139,-92.1022583,Old_Duluth_Public_Library.jpg,https://en.wikipedia.org/wiki/Duluth_Public_Library_(historic),"Built 1902, closed 1980.",Public libraries,List of Carnegie libraries in Minnesota
Duluth Lincoln,public,Duluth,Minnesota,United States,"Oct 7, 1899","$30,000",,2227 W 2nd St,46.7667000,-92.1290139,Lincoln_Branch_Library_1.jpg,https://en.wikipedia.org/wiki/Lincoln_Branch_Library,"Built 1917, now an art institute.",Public libraries,List of Carnegie libraries in Minnesota
Duluth West Duluth,public,Duluth,Minnesota,United States,"Oct 7, 1899","$20,000",,Demolished,,,,,"Built 1912, razed 1992.",Public libraries,List of Carnegie libraries in Minnesota
Eveleth,public,Eveleth,Minnesota,United States,"Feb 20, 1911","$15,000",,614 Pierce St,47.4624139,-92.535667,Eveleth_Carnegie_Library.JPG,,"Built 1914, still houses public library.",Public libraries,List of Carnegie libraries in Minnesota
Fairmont,public,Fairmont,Minnesota,United States,"Feb 12, 1903","$10,000",,Demolished,,,1914postcardCarnegiePublicLibraryFairmontMN.jpg,,"Built 1904, razed 1968.",Public libraries,List of Carnegie libraries in Minnesota
Fergus Falls,public,Fergus Falls,Minnesota,United States,"Feb 20, 1904","$21,475",,121 Union St N,46.2843111,-96.0781361,1913postcardCarnegiePublicLibraryFergusFallsMN.jpg,,"Built 1905, now offices.",Public libraries,List of Carnegie libraries in Minnesota
Glenwood,public,Glenwood,Minnesota,United States,"May 2, 1907","$10,000",,108 1st Ave SE,45.6491056,-95.3881361,2013-0408-GlenwoodPublicLibrary.jpg,"https://en.wikipedia.org/wiki/Glenwood_Public_Library_(Glenwood,_Minnesota)","Built 1908, still houses public library.",Public libraries,List of Carnegie libraries in Minnesota
Graceville,public,Graceville,Minnesota,United States,"May 21, 1913","$7,000",,Demolished,,,,,"Built 1915, razed 1999.",Public libraries,List of Carnegie libraries in Minnesota
Grand Rapids,public,Grand Rapids,Minnesota,United States,"Jan 19, 1905","$10,000",,21 5th St NE,,,1908postcardPublicLibraryGrandRapidsMN.jpg,,"Built 1905, now offices.",Public libraries,List of Carnegie libraries in Minnesota
Hibbing,public,Hibbing,Minnesota,United States,"Apr 23, 1906","$25,000",,Demolished,,,CarnegieLibraryHibbingMN.jpg,,"Built 1908, razed in the 1950s.",Public libraries,List of Carnegie libraries in Minnesota
Hutchinson,public,Hutchinson,Minnesota,United States,"Apr 13, 1903","$12,500",,50 Hassan St SE,44.8916833,-94.368194,Hutchinson_Library.jpg,,"Built 1904, still houses public library.",Public libraries,List of Carnegie libraries in Minnesota
Janesville,public,Janesville,Minnesota,United States,"May 2, 1911","$5,000",,102 2nd St W,44.11750,-93.7078722,2009-0805-JanesvilleFreePubLib.jpg,https://en.wikipedia.org/wiki/Janesville_Free_Public_Library,"Built 1912, still houses public library.",Public libraries,List of Carnegie libraries in Minnesota
Lake City,public,Lake City,Minnesota,United States,"Nov 7, 1917","$13,000",,Demolished,,,,,"Built 1917, razed 1967.",Public libraries,List of Carnegie libraries in Minnesota
Litchfield,public,Litchfield,Minnesota,United States,"Feb 12, 1903","$10,000",,201 Sibley Ave S,45.1247556,-94.5278139,"Litchfield,_MN,_Carnegie_Library_Building.jpg",,"Built 1904, now commercial space.",Public libraries,List of Carnegie libraries in Minnesota
Little Falls,public,Little Falls,Minnesota,United States,"Mar 14, 1902","$10,000",,108 3rd St NE,45.9766889,-94.3587000,Little_Falls_Carnegie_Library_original_building.JPG,https://en.wikipedia.org/wiki/Little_Falls_Carnegie_Library,"Built 1904, still houses public library.",Public libraries,List of Carnegie libraries in Minnesota
Luverne,public,Luverne,Minnesota,United States,"Mar 27, 1903","$10,000",,205 Freeman Ave N,43.6555167,-96.2099139,Luverne_Public_Library.jpg,,"Built 1904, now an art center.",Public libraries,List of Carnegie libraries in Minnesota
Madison,public,Madison,Minnesota,United States,"Feb 1, 1905","$8,000",,401 6th Ave,45.012472,-96.1934944,Madison_Carnegie_Library.jpg,https://en.wikipedia.org/wiki/Madison_Carnegie_Library,"Built 1905, still houses public library.",Public libraries,List of Carnegie libraries in Minnesota
Mankato,public,Mankato,Minnesota,United States,"Feb 6, 1901","$40,000",,120 Broad Rd S,44.1657944,-94.0009889,Mankato_Public_Library.jpg,https://en.wikipedia.org/wiki/Mankato_Public_Library_and_Reading_Room,"Built 1902, now an art center.",Public libraries,List of Carnegie libraries in Minnesota
Mapleton,public,Mapleton,Minnesota,United States,"Mar 25, 1905","$5,000",,104 1st Ave NE,43.9285500,-93.9577861,2009-0805-Mapleton-CarnegieLib.jpg,https://en.wikipedia.org/wiki/Mapleton_Public_Library,"Built 1910, still houses public library.",Public libraries,List of Carnegie libraries in Minnesota
Marshall,public,Marshall,Minnesota,United States,"Feb 12, 1903","$10,000",,Demolished,,,CarnegieLibraryMarshallMN.jpg,,"Built 1904, razed 1966.",Public libraries,List of Carnegie libraries in Minnesota
Minneapolis Central Avenue,public,Minneapolis,Minnesota,United States,"Apr 3, 1912","$125,000",,Demolished,,,"Central_Avenue_Branch,_Minneapolis_Public_Library.jpg",,"Built 1915, razed 1971.",Public libraries,List of Carnegie libraries in Minnesota
Minneapolis Franklin,public,Minneapolis,Minnesota,United States,"Apr 3, 1912",—,,1314 Franklin Ave E,44.9629833,-93.2558500,Franklin_Branch_Library_2.JPG,https://en.wikipedia.org/wiki/Franklin_Community_Library,"Built 1914, still houses public library.",Public libraries,List of Carnegie libraries in Minnesota
Minneapolis Hosmer,public,Minneapolis,Minnesota,United States,"Apr 3, 1912",—,,347 36th St E,44.9375139,-93.2705472,Hosmer_Library.jpg,https://en.wikipedia.org/wiki/Hosmer_Community_Library,"Built 1916, still houses public library.",Public libraries,List of Carnegie libraries in Minnesota
Minneapolis Sumner,public,Minneapolis,Minnesota,United States,"Apr 3, 1912",—,,611 VanWhite Memorial Blvd,44.9847722,-93.2945639,Sumner_Branch_Library.jpg,https://en.wikipedia.org/wiki/Sumner_Community_Library,"Built 1915, still houses public library.",Public libraries,List of Carnegie libraries in Minnesota
Montevideo,public,Montevideo,Minnesota,United States,"Dec 16, 1905","$10,000",,125 3rd St N,44.946472,-95.7234556,Montevideo_Carnegie_Library.jpg,,"Built 1906, now community space.",Public libraries,List of Carnegie libraries in Minnesota
Moorhead,public,Moorhead,Minnesota,United States,"Feb 29, 1904","$12,000",,Demolished,,,PublicLibraryMoorheadMN.jpg,,"Built 1906, razed 1963.",Public libraries,List of Carnegie libraries in Minnesota
Morris,public,Morris,Minnesota,United States,"Dec 4, 1903","$10,000",,Nevada Ave & 6th St,45.5857389,-95.9178083,Morris_Carnegie_Library.jpg,https://en.wikipedia.org/wiki/Morris_Carnegie_Library,"Built 1905, now the Stevens County Historical Society.",Public libraries,List of Carnegie libraries in Minnesota
Mountain Iron,public,Mountain Iron,Minnesota,United States,"Jan 14, 1914","$8,000",,5742 Mountain Ave,47.5328361,-92.6218528,Mountain_Iron_Carnegie_Library.JPG,,"Built 1915, still houses public library.",Public libraries,List of Carnegie libraries in Minnesota
Northfield,public,Northfield,Minnesota,United States,"Jan 8, 1908","$10,000",,210 Washington St,44.4576583,-93.1590222,Northfield_Carnegie_Library_2015.jpg,https://en.wikipedia.org/wiki/Northfield_Public_Library,"Built 1910, still houses public library.",Public libraries,List of Carnegie libraries in Minnesota
Ortonville,public,Ortonville,Minnesota,United States,"Aug 11, 1913","$10,000",,412 2nd St NW,45.308472,-96.4482278,Ortonville_Free_Library.jpg,,"Built 1915, still houses public library.",Public libraries,List of Carnegie libraries in Minnesota
Park Rapids,public,Park Rapids,Minnesota,United States,"May 8, 1908","$5,000",,101 2nd St W,46.921361,-95.0588917,Park_Rapids_Carnegie_Library.jpg,,"Open 1910–1994, now houses a museum. [6]",Public libraries,List of Carnegie libraries in Minnesota
Pipestone,public,Pipestone,Minnesota,United States,"Mar 22, 1903","$10,000",,217 Hiawatha Ave S,43.9985583,-96.3173528,Pipestone_Public_Library.JPG,https://en.wikipedia.org/wiki/Pipestone_Public_Library,Built 1904. Closed as unsafe. Needs $450K to $500K of repairs. [7],Public libraries,List of Carnegie libraries in Minnesota
Preston,public,Preston,Minnesota,United States,"Dec 2, 1909","$8,000",,101 Saint Paul St NW,43.670111,-92.0836583,Preston_Public_Library.jpg,,"Built 1909, still houses public library.",Public libraries,List of Carnegie libraries in Minnesota
Red Wing,public,Red Wing,Minnesota,United States,"Dec 14, 1901","$17,000",,Demolished,,,1907postcardCarnegiePublicLibraryRedWingMN.jpg,,"Built 1903, razed 1968.",Public libraries,List of Carnegie libraries in Minnesota
Redwood Falls,public,Redwood Falls,Minnesota,United States,"Nov 25, 1903","$10,000",,334 Jefferson St S,44.5389556,-95.1166056,Redwood_Falls_Carnegie_Library.jpg,,"Housed library 1904–1995, now private business offices. [8]",Public libraries,List of Carnegie libraries in Minnesota
St. Cloud,public,St. Cloud,Minnesota,United States,"Feb 16, 1901","$25,000",,Demolished,,,PublicLibraryStCloudMN.jpg,,"Built 1902, razed 1981.",Public libraries,List of Carnegie libraries in Minnesota
St. Paul Arlington Hills,public,St. Paul,Minnesota,United States,"May 8, 1914","$75,000",,1105 Greenbrier St,44.9745083,-93.0713583,Arlington_Hills_Library_2012.jpg,https://en.wikipedia.org/wiki/Arlington_Hills_Library,"Public library 1917–2014, now houses the non-profit East Side Freedom Library.",Public libraries,List of Carnegie libraries in Minnesota
St. Paul Riverview,public,St. Paul,Minnesota,United States,"May 8, 1914",—,,1 E George St,44.9299139,-93.0847250,Riverview_Library.jpg,https://en.wikipedia.org/wiki/Riverview_Branch_Library,"Built 1917, still houses public library.",Public libraries,List of Carnegie libraries in Minnesota
St. Paul St. Anthony Park,public,St. Paul,Minnesota,United States,"May 8, 1914",—,,2245 Como Ave W,44.9809889,-93.1935778,St._Anthony_Park_Branch_Library.jpg,https://en.wikipedia.org/wiki/St._Anthony_Park_Branch_Library,"Built 1917, still houses public library.",Public libraries,List of Carnegie libraries in Minnesota
St. Peter,public,St. Peter,Minnesota,United States,"Jan 6, 1903","$10,000",,429 Minnesota Ave S,44.3224833,-93.9581528,St._Peter_Carnegie_Library.jpg,,"Built 1904, now offices and retail, including a halal market.",Public libraries,List of Carnegie libraries in Minnesota
Sauk Centre,public,Sauk Centre,Minnesota,United States,"Feb 12, 1903","$11,000",,430 Main St S,45.7349222,-94.9523083,Sauk_Centre_Carnegie_Library.jpg,,"Built 1904, now a public library and art center.",Public libraries,List of Carnegie libraries in Minnesota
Spring Valley,public,Spring Valley,Minnesota,United States,"Mar 27, 1903","$8,000",,201 Broadway Ave S,43.6867194,-92.390694,Spring_Valley_Carnegie_Library.jpg,https://en.wikipedia.org/wiki/Spring_Valley_Public_Library,"Built 1904, now city offices.",Public libraries,List of Carnegie libraries in Minnesota
Stillwater,public,Stillwater,Minnesota,United States,"Jul 3, 1901","$27,500",,224 3rd St N,45.0575333,-92.8103111,PublicLibraryStillwaterMN.jpg,,"Built 1902, still houses public library.",Public libraries,List of Carnegie libraries in Minnesota
Thief River Falls,public,Thief River Falls,Minnesota,United States,"Jan 31, 1914","$12,500",,102 Main Ave S,48.1172722,-96.1811333,Carnegie_library_thief_river_falls.jpg,https://en.wikipedia.org/wiki/Thief_River_Falls_Public_Library,"Built 1914, now county offices.",Public libraries,List of Carnegie libraries in Minnesota
Two Harbors,public,Two Harbors,Minnesota,United States,"Feb 10, 1908","$15,000",,320 Waterfront Dr,47.0225528,-91.6706444,Two_Harbors_Carnegie_Library_2013.jpg,https://en.wikipedia.org/wiki/Two_Harbors_Carnegie_Library,"Built 1909, still houses public library.",Public libraries,List of Carnegie libraries in Minnesota
Virginia,public,Virginia,Minnesota,United States,"Dec 20, 1904","$10,000",,Demolished,,,,,"Built 1907, razed 1953.",Public libraries,List of Carnegie libraries in Minnesota
Walker,public,Walker,Minnesota,United States,"Apr 8, 1910","$6,500",,Demolished,,,,,"Built 1910, burned down 1976.",Public libraries,List of Carnegie libraries in Minnesota
White Bear,public,White Bear,Minnesota,United States,"Jul 13, 1912","$5,000",,Demolished,,,,,"Built 1914, razed 1973.",Public libraries,List of Carnegie libraries in Minnesota
Willmar,public,Willmar,Minnesota,United States,"Jan 13, 1903","$11,000",,Demolished,,,,,"Built 1904, razed 1967.",Public libraries,List of Carnegie libraries in Minnesota
Worthington,public,Worthington,Minnesota,United States,"Jun 1, 1903","$10,000",,Demolished,,,PublicLibraryWorthingtonMN.jpg,,"Built 1905, razed 1966.",Public libraries,List of Carnegie libraries in Minnesota
Zumbrota,public,Zumbrota,Minnesota,United States,"Nov 27, 1906","$6,500",,320 East Avenue,44.2939417,-92.6681917,CrossingsAtCarnegie.JPG,,"Built 1908, now an art center.",Public libraries,List of Carnegie libraries in Minnesota
Hamline University,academic,Saint Paul,Minnesota,United States,"Mar 12, 1906","$30,000",,1536 Hewitt Ave,44.9657583,-93.1662250,Hamline_University_Carnegie_Library.jpg,https://en.wikipedia.org/wiki/Hamline_University,"Built in 1907, now incorporated into the Giddens/Alumni Learning Center. [9]",Academic libraries,List of Carnegie libraries in Minnesota
Clarksdale,public,Clarksdale,Mississippi,United States,"Nov 21, 1911","$10,000",,114 Delta Ave.,,,"Carnegie_Public_Library,_Clarksdale,_MS,_March_26,_2013.jpg",,Still serving original function as Free Public Library,Public libraries,List of Carnegie libraries in Mississippi
Greenwood,public,Greenwood,Mississippi,United States,"Sep 29, 1911","$10,000",,408 W. Washington St.,,,,,Closed in the 1970s,Public libraries,List of Carnegie libraries in Mississippi
Gulfport,public,Gulfport,Mississippi,United States,"May 15, 1916","$10,000",,1300 24th Ave.,,,Carnegie_Library_Gulfport_2018.jpg,,Building is currently operating as the Gulfport Galleria of Fine Art a 501(c)(3) organization.,Public libraries,List of Carnegie libraries in Mississippi
Houston,public,Houston,Mississippi,United States,"Feb 25, 1908","$6,000",,105 W. Madison St.,33.89639,-89.00083,"Houston,_Mississippi_Carnegie_Library.jpg",https://en.wikipedia.org/wiki/Houston_Carnegie_Library,Still serving original function as Free Public Library,Public libraries,List of Carnegie libraries in Mississippi
Jackson,public,Jackson,Mississippi,United States,"Jan 31, 1911","$25,000",,,,,,,,Public libraries,List of Carnegie libraries in Mississippi
Meridian Carnegie Library (white),public,Meridian,Mississippi,United States,"Dec 2, 1904","$30,000",,628 25th Ave.,32.36389,-88.70306,Meridian_Museum_of_Art_postcard.jpg,https://en.wikipedia.org/wiki/Meridian_Museum_of_Art,Currently houses the Meridian Museum of Art,Public libraries,List of Carnegie libraries in Mississippi
Meridian Carnegie Library (black),public,Meridian,Mississippi,United States,"Dec 2, 1904","$8,000",,2721 13th St.,32.36944,-88.70639,,"https://en.wikipedia.org/wiki/Carnegie_Branch_Library_(Meridian,_Mississippi)","Open 1913–1974, demolished 2008",Public libraries,List of Carnegie libraries in Mississippi
Mound Bayou,public,Mound Bayou,Mississippi,United States,"Feb 13, 1909","$4,000",,,,,,,Never used as a library building. [2],Public libraries,List of Carnegie libraries in Mississippi
Okolona,public,Okolona,Mississippi,United States,"Mar 11, 1914","$7,500",,321 W. Main St.,,,,,Still serving original function as Free Public Library,Public libraries,List of Carnegie libraries in Mississippi
Vicksburg,public,Vicksburg,Mississippi,United States,"Jul 23, 1914","$25,000",,819 South St.,32.34806,-90.88083,Old_Vicksburg_Public_Library.jpg,,Now houses city offices,Public libraries,List of Carnegie libraries in Mississippi
West Point,public,West Point,Mississippi,United States,"Jan 31, 1913","$10,000",,510 E. Broad St.,,,Carnegie_Library_West_Point.JPG,,Now houses community development organization,Public libraries,List of Carnegie libraries in Mississippi
Millsaps College,academic,,Mississippi,United States,,"$15,000 $50,000",,1701 N. State St.,,,,https://en.wikipedia.org/wiki/Millsaps_College,,Academic libraries,List of Carnegie libraries in Mississippi
University of Mississippi,academic,,Mississippi,United States,,"$25,000",,,,,Oxford_-_Bryant_Hall.jpg,https://en.wikipedia.org/wiki/University_of_Mississippi,"Built in 1911, now called Bryant Hall. A contributing property to Lyceum–The Circle Historic District",Academic libraries,List of Carnegie libraries in Mississippi
Albany,public,Albany,Missouri,United States,"Jun 2, 1903","$12,500",,101 W. Clay St.,,,Albany_MO_Library.JPG,"https://en.wikipedia.org/wiki/Carnegie_Library_of_Albany_(Albany,_Missouri)",Continues to be used as a Public Library. (2014),Public libraries,List of Carnegie libraries in Missouri
Aurora,public,Aurora,Missouri,United States,"Mar 14, 1913","$9,000",,202 Jefferson Ave.,,,AuroraCarnegieLibrary.jpg,,Continues to be used as a Public Library. (2012),Public libraries,List of Carnegie libraries in Missouri
Bolivar,public,Bolivar,Missouri,United States,"Nov 3, 1913","$8,000",,120 E. Jackson St.,,,BolivarCarnegieLibrary.jpg,,No longer used as a Public Library. (2012),Public libraries,List of Carnegie libraries in Missouri
Brookfield,public,Brookfield,Missouri,United States,"Nov 9, 1916","$12,000",,114 E. Wood St.,,,,,,Public libraries,List of Carnegie libraries in Missouri
Cape Girardeau,public,Cape Girardeau,Missouri,United States,"Nov 9, 1916","$25,000",,44 N. Lorimier St.,,,CapeGirardeauCarnegieLibrary.jpg,,"Open Apr 1, 1922. Closed in 1980, now county offices and courthouse annex. Main entrance obscured by building addition.",Public libraries,List of Carnegie libraries in Missouri
Carthage,public,Carthage,Missouri,United States,"Apr 26, 1902","$25,000",,321 W. 7th St.,,,CarthageCarnegieLibrary.jpg,,Continues to be used as a Public Library. (2012),Public libraries,List of Carnegie libraries in Missouri
Excelsior Springs,public,Excelsior Springs,Missouri,United States,"Apr 28, 1913","$10,000",,339 E. Broadway St.,,,CarnegiePublicLibraryExcelsiorSpringsMissouri.jpg,,No longer a public library. (2013),Public libraries,List of Carnegie libraries in Missouri
Fayette,public,Fayette,Missouri,United States,"May 21, 1913","$10,000",,201 S. Main St.,,,CarnegiePublicLibraryFayetteMissouri.jpg,,Continues to be used as a public library. (2013),Public libraries,List of Carnegie libraries in Missouri
Fulton,public,Fulton,Missouri,United States,"Apr 8, 1911","$12,000",,709 Market St.,,,,,Continues to be used as a public library. (2024),Public libraries,List of Carnegie libraries in Missouri
Huntsville,public,Huntsville,Missouri,United States,"Apr 13, 1914","$10,000",,102 E. Library St.,,,CarnegiePublicLibraryHuntsvilleMissouri.jpg,,Continues to be used as a public library. (2013),Public libraries,List of Carnegie libraries in Missouri
Jefferson City,public,Jefferson City,Missouri,United States,"Jan 15, 1900","$25,000",,210 Adams St.,,,,,,Public libraries,List of Carnegie libraries in Missouri
Joplin,public,Joplin,Missouri,United States,"Jul 16, 1901","$60,000",,Wall Ave. and 9th St.,,,JoplinCarnegieLibrary.jpg,https://en.wikipedia.org/wiki/Joplin_Carnegie_Library,Closed April 1981,Public libraries,List of Carnegie libraries in Missouri
Louisiana,public,Louisiana,Missouri,United States,"Apr 11, 1902","$10,000",,121 N. 3rd St.,,,LA_MO_Library.JPG,,Continues to be used as a public library. (2025),Public libraries,List of Carnegie libraries in Missouri
Marceline,public,Marceline,Missouri,United States,"May 3, 1917","$12,500",,119 E. California Ave.,,,Marceline_MO_Lib.JPG,,,Public libraries,List of Carnegie libraries in Missouri
Marshfield,public,Marshfield,Missouri,United States,"Apr 8, 1910","$5,000",,219 S. Clay St.,,,MarshfieldCarnegieLibrary.jpg,,"Closed in 1995, now a museum.",Public libraries,List of Carnegie libraries in Missouri
Maryville,public,Maryville,Missouri,United States,"Dec 29, 1903","$14,000",,,,,,,Open 1905–1962,Public libraries,List of Carnegie libraries in Missouri
Mexico,public,Mexico,Missouri,United States,"Apr 30, 1912","$12,500",,149 N. Clark St.,,,Mexico-Audrain_Carnegie.jpg,,Closed in 1968; old building moved from 316 N. Washington St. to new location December 1990; used as library again 1990–present (2014),Public libraries,List of Carnegie libraries in Missouri
Moberly,public,Moberly,Missouri,United States,"Apr 26, 1902","$20,000",,111 N. 4th St.,,,CarnegiePublicLibraryMoberlyMissouri.jpg,,Continues to be used as a public library. (2013),Public libraries,List of Carnegie libraries in Missouri
Monroe City,public,Monroe City,Missouri,United States,"May 15, 1916","$7,500",,109 2nd St.,,,CarnegiePublicLibraryMonroeCityMissouri.jpg,,Combined City Hall and Library. (2013),Public libraries,List of Carnegie libraries in Missouri
Nevada,public,Nevada,Missouri,United States,"Jun 1, 1915","$17,500",,225 W. Austin Blvd.,,,CarnegieLibraryBuildingNevada.jpg,,Now a tourism center. Building still standing (2013).,Public libraries,List of Carnegie libraries in Missouri
Sedalia,public,Sedalia,Missouri,United States,"Oct 28, 1899","$50,000",,311 W. 3rd St.,,,CarnegiePublicLibrarySedaliaMissouri.jpg,https://en.wikipedia.org/wiki/Sedalia_Public_Library,Recently refurbished. (2013) Still used as a Public Library.,Public libraries,List of Carnegie libraries in Missouri
Shelbina,public,Shelbina,Missouri,United States,"Nov 9, 1916","$10,000",,102 N. Center St,,,CarnegiePublicLibraryShelbinaMissouri.jpg,,Continues to be used as a public library. (2013),Public libraries,List of Carnegie libraries in Missouri
Springfield,public,Springfield,Missouri,United States,"Oct 4, 1901","$50,000",,397 E. Central St.,,,SpringfieldCarnegieLibrary.jpg,,Continues to be used as a Public Library. (2012),Public libraries,List of Carnegie libraries in Missouri
St. Joseph Carnegie,public,St. Joseph,Missouri,United States,"Feb 13, 1901","$50,000",,316 Massachusetts St.,,,StJosephCarnegiePublicLibraryBuildingMassachusettsSt.jpg,https://en.wikipedia.org/wiki/St._Joseph_Public_Library-Carnegie_Branch,Continues to be used as a public library. (2013),Public libraries,List of Carnegie libraries in Missouri
St. Joseph Washington Park,public,St. Joseph,Missouri,United States,"Feb 13, 1901",—,,1821 N. 3rd St.,,,CarnegiePublicLibraryStJosephWashingtonBluff.jpg,,Continues to be used as a public library. (2013),Public libraries,List of Carnegie libraries in Missouri
St. Louis Central,public,St. Louis,Missouri,United States,"Mar 12, 1901","$1,000,000",,1301 Olive St.,,,STLCentrallibrary.jpg,,"Designed by Cass Gilbert and opened in 1912, renovated 2010–2012.",Public libraries,List of Carnegie libraries in Missouri
St. Louis Barr,public,St. Louis,Missouri,United States,"Mar 12, 1901",—,,1701 S. Jefferson Ave.,,,Barr_Branch_Library_Historic_District_St_Louis_MO.jpg,,Continues to be used as a Public Library. (2013),Public libraries,List of Carnegie libraries in Missouri
St. Louis Cabanne,public,St. Louis,Missouri,United States,"Mar 12, 1901",—,,1106 Union Blvd.,,,Cabanne_Library.jpg,,Continues to be used as a Public Library. (2013),Public libraries,List of Carnegie libraries in Missouri
St. Louis Carondelet,public,St. Louis,Missouri,United States,"Mar 12, 1901",—,,6800 Michigan Ave.,,,St._Louis_Public_Library_-_Carondelet_Branch.jpg,,"Reopened 2012 after renovations, and continues to be used as a Public Library. (2013)",Public libraries,List of Carnegie libraries in Missouri
St. Louis Carpenter,public,St. Louis,Missouri,United States,"Mar 12, 1901",—,,3309 S. Grand Blvd.,,,,,Continues to be used as a Public Library. (2013),Public libraries,List of Carnegie libraries in Missouri
St. Louis Divoll,public,St. Louis,Missouri,United States,"Mar 12, 1901",—,,1257 Farrar St.,,,Old_St_Louis_Divoll_Carnegie_library_building.jpg,,Closed c.1965. Located in the Hyde Park neighborhood. Another branch by the same name was opened in another part of the city.,Public libraries,List of Carnegie libraries in Missouri
St. Louis Soulard,public,St. Louis,Missouri,United States,"Mar 12, 1901",—,,706 Lafayette Ave.,,,,,"Opened in 1910, the building still stands, but it is no longer used as a library. (2013)",Public libraries,List of Carnegie libraries in Missouri
Webb City,public,Webb City,Missouri,United States,"Apr 28, 1913","$25,000",,101 S. Liberty Ave.,,,Andrew_Carnegie_Funded_Public_Library_Webb_City_Missouri.jpg,,Continues to be used as a Public Library (2012).,Public libraries,List of Carnegie libraries in Missouri
Park College,academic,,Missouri,United States,,"$15,000 $50,000",,,,,,https://en.wikipedia.org/wiki/Park_University,"Now called the Norrington Center, this building includes the McAfee Memorial Library.",Academic libraries,List of Carnegie libraries in Missouri
William Jewell College,academic,,Missouri,United States,,"$30,000",,,,,,https://en.wikipedia.org/wiki/William_Jewell_College,Replaced in 1965,Academic libraries,List of Carnegie libraries in Missouri
Big Timber,public,Big Timber,Montana,United States,"May 16, 1911","$7,500",,314 McLeod St.,45.83250,-109.95194,Carneige_Library_Big_Timber_Montana_01.JPG,"https://en.wikipedia.org/wiki/Carnegie_Public_Library_(Big_Timber,_Montana)",,Carnegie libraries,List of Carnegie libraries in Montana
Bozeman,public,Bozeman,Montana,United States,"Mar 14, 1902","$15,000",,35 N. Bozeman Ave.,45.68028,-111.03444,BozemanCarnegieLibrary2011.jpg,https://en.wikipedia.org/wiki/Bozeman_Carnegie_Library,Now houses law offices,Carnegie libraries,List of Carnegie libraries in Montana
Chinook,public,Chinook,Montana,United States,"Oct 29, 1918","$15,000",,421 Ohio St.,,,,,,Carnegie libraries,List of Carnegie libraries in Montana
Dillon,public,Dillon,Montana,United States,"Jan 22, 1902","$7,500",,121 S. Idaho St.,45.21639,-112.63694,"Dillon_City_Library_(2013)_-_Beaverhead_County,_Montana.png",,,Carnegie libraries,List of Carnegie libraries in Montana
Fort Benton,public,Fort Benton,Montana,United States,"Mar 31, 1916","$15,000",,1518 Main St.,,,FortBentonMT_CarnegieLibrary.jpg,,,Carnegie libraries,List of Carnegie libraries in Montana
Glasgow,public,Glasgow,Montana,United States,"Apr 8, 1907","$7,500",,,,,,,Demolished about 1965,Carnegie libraries,List of Carnegie libraries in Montana
Great Falls,public,Great Falls,Montana,United States,"Jun 21, 1901","$31,700",,,,,,,Demolished about 1965,Carnegie libraries,List of Carnegie libraries in Montana
Hamilton,public,Hamilton,Montana,United States,"Jul 23, 1914","$9,000",,306 State St.,,,,,,Carnegie libraries,List of Carnegie libraries in Montana
Hardin,public,Hardin,Montana,United States,"Mar 31, 1916","$7,500",,419 N. Custer Ave.,,,,,,Carnegie libraries,List of Carnegie libraries in Montana
Havre,public,Havre,Montana,United States,"Mar 14, 1913","$12,000",,447 4th Ave.,48.54917,-109.67639,"Carnegie_Public_Library_(2013)_-_Hill_County,_Montana.png","https://en.wikipedia.org/wiki/Carnegie_Public_Library_(Havre,_Montana)",Now the Old Library Art Gallery,Carnegie libraries,List of Carnegie libraries in Montana
Kalispell,public,Kalispell,Montana,United States,"Dec 21, 1901","$10,000",,302 2nd Ave. E.,,,,,Now the Hockaday Museum of Art,Carnegie libraries,List of Carnegie libraries in Montana
Lewistown,public,Lewistown,Montana,United States,"Jan 19, 1905","$10,000",,701 W. Main St.,47.06139,-109.42972,Lewistown_Montana_Carnegie_Library.jpg,,"Completed in 1906, opened in 1907",Carnegie libraries,List of Carnegie libraries in Montana
Livingston,public,Livingston,Montana,United States,"Mar 20, 1903","$10,000",,228 W. Callender St.,,,,,Opened October 1904,Carnegie libraries,List of Carnegie libraries in Montana
Malta,public,Malta,Montana,United States,"Feb 3, 1917","$15,000",,S. 1st St.,48.35972,-107.87611,"Phillips_County_Carnegie_Library_(2013)_-_Phillips_County,_Montana.png",https://en.wikipedia.org/wiki/Phillips_County_Carnegie_Library,Now a museum,Carnegie libraries,List of Carnegie libraries in Montana
Miles City,public,Miles City,Montana,United States,"Jul 16, 1901","$10,000",,1 S. 10th St.,,,Miles_City_Montana_Public_Library.jpg,,,Carnegie libraries,List of Carnegie libraries in Montana
Missoula,public,Missoula,Montana,United States,"Jan 13, 1903","$12,500",,335 N. Pattee St.,46.87250,-113.99139,"Carnegie_Public_Library_(2012)_-_Missoula_County,_Montana.png",,Now the Missoula Art Museum,Carnegie libraries,List of Carnegie libraries in Montana
Red Lodge,public,Red Lodge,Montana,United States,"Jun 11, 1914","$15,000",,3 W. 8th St.,,,,,,Carnegie libraries,List of Carnegie libraries in Montana
Albion,public,Albion,Nebraska,United States,"Apr 8, 1907","$6,000",,437 S 3rd St,,,,,,Carnegie libraries,List of Carnegie libraries in Nebraska
Alliance,public,Alliance,Nebraska,United States,"Dec 2, 1909","$10,000",,204 W 4th St,,,,,The building is now the Carnegie Arts Center.,Carnegie libraries,List of Carnegie libraries in Nebraska
Alma,public,Alma,Nebraska,United States,"Dec 13, 1907","$10,000",,111 S John St,,,"Alma,_Nebraska_former_library_from_SE.JPG",,,Carnegie libraries,List of Carnegie libraries in Nebraska
Arcadia,public,Arcadia,Nebraska,United States,"Mar 31, 1916","$7,000",,100 S. Reynolds St.,,,,,,Carnegie libraries,List of Carnegie libraries in Nebraska
Ashland,public,Ashland,Nebraska,United States,"Mar 18, 1911","$5,500",,207 N. 15th St.,,,Ashland_library_from_NW_2.JPG,"https://en.wikipedia.org/wiki/Ashland_Public_Library_(Ashland,_Nebraska)",The library moved to a new building in January 2015. The Carnegie library now houses the Ashland History Museum.,Carnegie libraries,List of Carnegie libraries in Nebraska
Aurora,public,Aurora,Nebraska,United States,"Dec 2, 1909","$10,000",,812 12th St,,,,,,Carnegie libraries,List of Carnegie libraries in Nebraska
Beatrice,public,Beatrice,Nebraska,United States,"Mar 14, 1902","$23,000",,220 N. 5th St.,,,"Beatrice,_Nebraska_Carnegie_library_from_W_1.JPG",https://en.wikipedia.org/wiki/Beatrice_City_Library,Now the Chamber of Commerce and Tourist Center,Carnegie libraries,List of Carnegie libraries in Nebraska
Blair,public,Blair,Nebraska,United States,"Mar 31, 1916","$10,000",,Built at corner of 5th and Lincoln St. In 1958 5th St was renamed 17th St.,,,,,1973 – Destroyed after a fire [3],Carnegie libraries,List of Carnegie libraries in Nebraska
Bloomfield,public,Bloomfield,Nebraska,United States,"Jan 2, 1913","$5,000",,,,,,,,Carnegie libraries,List of Carnegie libraries in Nebraska
Broken Bow,public,Broken Bow,Nebraska,United States,"Jul 23, 1914","$10,000",,255 S. 10th St.,,,"Broken_Bow,_Nebraska_Carnegie_library_from_NE.JPG",https://en.wikipedia.org/wiki/Broken_Bow_Carnegie_Library,,Carnegie libraries,List of Carnegie libraries in Nebraska
Burwell,public,Burwell,Nebraska,United States,"May 21, 1913","$5,000",,110 S. 7th Ave.,,,"Burwell,_Nebraska_Carnegie_library_from_W.JPG",https://en.wikipedia.org/wiki/Burwell_Carnegie_Library,,Carnegie libraries,List of Carnegie libraries in Nebraska
Chadron,public,Chadron,Nebraska,United States,"Apr 16, 1910","$5,788",,507 Bordeaux St.,,,Chadron_Public_Library_from_SE_1.JPG,https://en.wikipedia.org/wiki/Chadron_Public_Library,,Carnegie libraries,List of Carnegie libraries in Nebraska
Clarks,public,Clarks,Nebraska,United States,"May 3, 1917","$7,500",,101 W Amity St,,,ClarksNE_Library.jpg,,,Carnegie libraries,List of Carnegie libraries in Nebraska
Clay Center,public,Clay Center,Nebraska,United States,"Jan 6, 1915","$7,000",,117 W Edgar St,,,,,,Carnegie libraries,List of Carnegie libraries in Nebraska
College View,academic,College View,Nebraska,United States,"Sep 25, 1914","$7,500",,3800 S. 48th St.,,,College_View_Public_Library_from_W_2.JPG,https://en.wikipedia.org/wiki/College_View_Public_Library,,Carnegie libraries,List of Carnegie libraries in Nebraska
Columbus,public,Columbus,Nebraska,United States,"Aug 11, 1913","$13,000",,1470 25th Ave,,,,https://en.wikipedia.org/wiki/Columbus_Carnegie_Library,Designed by local architect Charles Wurdeman [4],Carnegie libraries,List of Carnegie libraries in Nebraska
Cozad,public,Cozad,Nebraska,United States,"Sep 14, 1917","$6,000",,,,,,,,Carnegie libraries,List of Carnegie libraries in Nebraska
Crete [5],public,Crete,Nebraska,United States,"Aug 11, 1913","$10,000",,"305 East 13th Street, Crete, Nebraska 68333",,,,,"Expanded and remodeled in the 1990s. The library moved into a new building on January 30, 2020. The Carnegie library was demolished that same year. [6]",Carnegie libraries,List of Carnegie libraries in Nebraska
David City,public,David City,Nebraska,United States,"Nov 9, 1916","$10,000",,360 E St,,,,,,Carnegie libraries,List of Carnegie libraries in Nebraska
Dewitt,public,De Witt,Nebraska,United States,"Nov 14, 1906","$3,000",,,,,,,,Carnegie libraries,List of Carnegie libraries in Nebraska
Fairbury,public,Fairbury,Nebraska,United States,"Dec 24, 1907","$12,500",,601 7th St.,,,"Fairbury,_Nebraska_Carnegie_library_from_SE_1.JPG",https://en.wikipedia.org/wiki/Fairbury_Public-Carnegie_Library,,Carnegie libraries,List of Carnegie libraries in Nebraska
Fairfield,public,Fairfield,Nebraska,United States,"Jan 9, 1913","$6,000",,412 N. D St.,,,"Fairfield,_Nebraska_library_from_W_1.JPG",https://en.wikipedia.org/wiki/Fairfield_Carnegie_Library,,Carnegie libraries,List of Carnegie libraries in Nebraska
Franklin,public,Franklin,Nebraska,United States,"Sep 29, 1915","$5,000",,1401 L St,,,,,,Carnegie libraries,List of Carnegie libraries in Nebraska
Fremont,public,Fremont,Nebraska,United States,"Dec 30, 1901",15000,,Southeast corner of Military and Park,,,,,,Carnegie libraries,List of Carnegie libraries in Nebraska
Fullerton,public,Fullerton,Nebraska,United States,"Jul 13, 1912","$6,000",,402 Fuller St,,,,,,Carnegie libraries,List of Carnegie libraries in Nebraska
Geneva,public,Geneva,Nebraska,United States,"Jan 31, 1911","$8,000",,1043 G St,,,,,,Carnegie libraries,List of Carnegie libraries in Nebraska
Gibbon,public,Gibbon,Nebraska,United States,"May 17, 1912","$6,000",,,,,,,,Carnegie libraries,List of Carnegie libraries in Nebraska
Gothenburg,public,Gothenburg,Nebraska,United States,"Jan 14, 1914","$8,000",,1104 Lake Av,,,Gothenburg_Carnegie_library_from_SE_2.JPG,,,Carnegie libraries,List of Carnegie libraries in Nebraska
Grand Island,public,Grand Island,Nebraska,United States,"Apr 26, 1902","$20,000",,321 W. 2nd St.,,,Grand_Island_Carnegie_library_from_NW.JPG,https://en.wikipedia.org/wiki/Grand_Island_Carnegie_Library,,Carnegie libraries,List of Carnegie libraries in Nebraska
Hartington,public,Hartington,Nebraska,United States,"Mar 11, 1914","$8,000",,106 S Broadway,,,,,,Carnegie libraries,List of Carnegie libraries in Nebraska
Harvard,public,Harvard,Nebraska,United States,"Jun 11, 1914","$6,000",,309 N Clay Ave,,,,,,Carnegie libraries,List of Carnegie libraries in Nebraska
Hastings,public,Hastings,Nebraska,United States,"Dec 27, 1902","$15,000",,Southeast corner of Denver Ave and 4th street,,,,,,Carnegie libraries,List of Carnegie libraries in Nebraska
Havelock,public,Havelock,Nebraska,United States,"Mar 24, 1906","$7,000",,4308 N 63rd,,,,,,Carnegie libraries,List of Carnegie libraries in Nebraska
Holdrege,public,Holdrege,Nebraska,United States,"Nov 16, 1904","$8,500",,604 East Av,,,,,,Carnegie libraries,List of Carnegie libraries in Nebraska
Kearney,public,Kearney,Nebraska,United States,"Jan 13, 1903","$12,000",,Southwest corner of 21st St and 1st Ave,,,,,,Carnegie libraries,List of Carnegie libraries in Nebraska
Lexington,public,Lexington,Nebraska,United States,"Nov 9, 1916","$10,000",,705 N Washington St,,,,,,Carnegie libraries,List of Carnegie libraries in Nebraska
Lincoln Main,public,Lincoln,Nebraska,United States,"Dec 20, 1899","$87,000",,136 South 14th Street,,,,,,Carnegie libraries,List of Carnegie libraries in Nebraska
Lincoln Branch,public,Lincoln,Nebraska,United States,"Dec 20, 1899","$10,000 [7]",,2121 N 27th St,,,,,The library was built at the SW corner of 27th & Orchard Street. In 1992 it was moved to the current location. [7],Carnegie libraries,List of Carnegie libraries in Nebraska
Loup City,public,Loup City,Nebraska,United States,"Mar 31, 1916","$8,000",,652 N St.,,,Loup_City_Carnegie_Library_from_S.JPG,https://en.wikipedia.org/wiki/Loup_City_Township_Carnegie_Library,,Carnegie libraries,List of Carnegie libraries in Nebraska
Madison,public,Madison,Nebraska,United States,"Jan 31, 1911","$6,000",,W 3rd and Kent,,,"Madison,_Nebraska_library_from_SW.JPG","https://en.wikipedia.org/wiki/Madison,_Nebraska_Public_Library",,Carnegie libraries,List of Carnegie libraries in Nebraska
McCook,public,McCook,Nebraska,United States,"Dec 8, 1905","$11,000",,423 Norris Ave.,,,"McCook,_Nebraska_Carnegie_library_from_W.JPG",https://en.wikipedia.org/wiki/McCook_Public-Carnegie_Library,,Carnegie libraries,List of Carnegie libraries in Nebraska
Neligh,public,Neligh,Nebraska,United States,"Dec 14, 1908","$5,000",,510 Main Street,,,,,,Carnegie libraries,List of Carnegie libraries in Nebraska
Norfolk,public,Norfolk,Nebraska,United States,"Dec 13, 1907","$10,000",,803 W. Norfolk Ave.,,,Norfolk_Carnegie_Library_fromNE_1.JPG,https://en.wikipedia.org/wiki/Norfolk_Carnegie_Library,,Carnegie libraries,List of Carnegie libraries in Nebraska
North Bend,public,North Bend,Nebraska,United States,"Dec 7, 1911","$7,500",,140 E. 8th St.,,,North_Bend_Carnegie_library_from_SE.JPG,https://en.wikipedia.org/wiki/North_Bend_Carnegie_Library,,Carnegie libraries,List of Carnegie libraries in Nebraska
North Platte,public,North Platte,Nebraska,United States,"Apr 8, 1910","$12,000",,314 N Jeffers St,,,,,,Carnegie libraries,List of Carnegie libraries in Nebraska
O'Neill,public,O'Neill,Nebraska,United States,"May 17, 1912","$10,000",,601 E Douglas,,,,,,Carnegie libraries,List of Carnegie libraries in Nebraska
Pawnee City,public,Pawnee City,Nebraska,United States,"Dec 30, 1904","$7,000",,730 G St.,,,Pawnee_City_library_from_W_1.JPG,https://en.wikipedia.org/wiki/Pawnee_City_Carnegie_Library,The library moved to a new building in 2011.,Carnegie libraries,List of Carnegie libraries in Nebraska
Pierce,public,Pierce,Nebraska,United States,"Mar 29, 1911","$4,000",,200 E Willow St,,,,,,Carnegie libraries,List of Carnegie libraries in Nebraska
Plainview,public,Plainview,Nebraska,United States,"Dec 3, 1915","$6,000",,102 S. Main St.,,,"Plainview,_Nebraska_library_from_E_1.JPG",https://en.wikipedia.org/wiki/Plainview_Carnegie_Library,The library moved to a new building in June 2016.,Carnegie libraries,List of Carnegie libraries in Nebraska
Plattsmouth,public,Plattsmouth,Nebraska,United States,"Jun 1, 1915","$12,500",,401 Avenue A,,,,,,Carnegie libraries,List of Carnegie libraries in Nebraska
Ponca,public,Ponca,Nebraska,United States,"Apr 25, 1911","$4,500",,203 2nd St,,,,,,Carnegie libraries,List of Carnegie libraries in Nebraska
Randolph,public,Randolph,Nebraska,United States,"Nov 9, 1916","$6,000",,,,,,,The library was razed in 2007 and a new library built at the same location,Carnegie libraries,List of Carnegie libraries in Nebraska
Ravenna,public,Ravenna,Nebraska,United States,"Nov 9, 1916","$7,500",,121 W Seneca St,,,,,The library moved to a new building in July 2018.,Carnegie libraries,List of Carnegie libraries in Nebraska
Schuyler,public,Schuyler,Nebraska,United States,"Mar 29, 1911","$9,000",,1003 B St.,,,"Schuyler,_Nebraska_Carnegie_library_from_NE_2.JPG",https://en.wikipedia.org/wiki/Schuyler_Carnegie_Library,Demolished in 2022. [8],Carnegie libraries,List of Carnegie libraries in Nebraska
Scottsbluff,public,Scottsbluff,Nebraska,United States,"Jun 6, 1917","$15,000",,106 E. 18th St.,,,Scottsbluff_Carnegie_Library_N_entrance.JPG,https://en.wikipedia.org/wiki/Scottsbluff_Carnegie_Library,,Carnegie libraries,List of Carnegie libraries in Nebraska
Seward,public,Seward,Nebraska,United States,"Apr 3, 1912","$8,000",,204 S 5th St,,,,,,Carnegie libraries,List of Carnegie libraries in Nebraska
Shelton,public,Shelton,Nebraska,United States,"Apr 2, 1913","$9,000",,313 C St,,,,,,Carnegie libraries,List of Carnegie libraries in Nebraska
Sidney,public,Sidney,Nebraska,United States,"Jul 9, 1913","$6,500",,740 Illinois St.,,,"Sidney,_Nebraska_Carnegie_library_from_SW_3.JPG",https://en.wikipedia.org/wiki/Sidney_Carnegie_Library,,Carnegie libraries,List of Carnegie libraries in Nebraska
South Omaha,public,Omaha,Nebraska,United States,"Jun 21, 1901","$50,000",,2302 M Street,,,,https://en.wikipedia.org/wiki/Omaha_Public_Library_branches#First_building,Located in the former city of South Omaha. The Carnegie building was razed in 1954 and a new building was built in its place. Today's location is a partnership with Metropolitan Community College.,Carnegie libraries,List of Carnegie libraries in Nebraska
Spencer,public,Spencer,Nebraska,United States,"Dec 3, 1915","$8,000",,110 W Main,,,,,,Carnegie libraries,List of Carnegie libraries in Nebraska
Stanton,public,Stanton,Nebraska,United States,"Apr 13, 1914","$8,000",,1009 Jackpine St.,,,,https://en.wikipedia.org/wiki/Stanton_Carnegie_Library,,Carnegie libraries,List of Carnegie libraries in Nebraska
Stromsburg,public,Stromsburg,Nebraska,United States,"Mar 16, 1915","$7,500",,5th and Commercial,,,,,,Carnegie libraries,List of Carnegie libraries in Nebraska
Superior,public,Superior,Nebraska,United States,"Dec 24, 1907","$7,000",,354 N Commercial Ave,,,"Superior,_Nebraska_Carnegie_Library.jpg",,,Carnegie libraries,List of Carnegie libraries in Nebraska
Sutton,public,Sutton,Nebraska,United States,"Feb 1, 1909","$5,700",,,,,,,,Carnegie libraries,List of Carnegie libraries in Nebraska
Tecumseh,public,Tecumseh,Nebraska,United States,"Nov 14, 1906","$6,000",,136 N 5th St,,,,,,Carnegie libraries,List of Carnegie libraries in Nebraska
Tekamah,public,Tekamah,Nebraska,United States,"Nov 17, 1914","$8,000",,204 S. 13th St.,,,Tekamah_Carnegie_Library_from_SE_1.JPG,https://en.wikipedia.org/wiki/Tekamah_Carnegie_Library,,Carnegie libraries,List of Carnegie libraries in Nebraska
University Place,public,University Place,Nebraska,United States,"Mar 16, 1915","$12,500",,2820 N 48th St,,,,,,Carnegie libraries,List of Carnegie libraries in Nebraska
Wayne,public,Wayne,Nebraska,United States,"Jan 6, 1911","$9,000",,410 Main St,,,,,,Carnegie libraries,List of Carnegie libraries in Nebraska
Wymore,public,Wymore,Nebraska,United States,"Sep 25, 1914","$10,000",,116 W F St,,,,,,Carnegie libraries,List of Carnegie libraries in Nebraska
Reno,public,Reno,Nevada,United States,"Mar 14, 1902","$15,000",,S Virginia St. and Mill St.,39.5247917,-119.8117444,"Reno,_Nevada_Carnegie_Library.jpg",,"Dedicated on June 4, 1904, the building was razed in 1931 for post office construction.",Carnegie libraries,List of Carnegie libraries in Nevada
Berlin Public Library,public,Berlin,New Hampshire,United States,"Dec 27, 1902","$17,000",,270 Main St.,44.472562,-71.178274,Berlin_Public_Library_5.JPG,,"Designed by architect Archibald I. Lawrence and built by contractors Stewart & Snodgrass of Berlin. [3] Possibly based on the E. C. Scranton Memorial Library of Madison, Connecticut, designed by Henry Bacon.",Public libraries,List of Carnegie libraries in New Hampshire
Fiske Free Library,public,Claremont,New Hampshire,United States,"Jan 13, 1903","$15,000",,108 Broad St.,43.372348,-72.336602,Claremont_Library_5.JPG,,"Designed by architects Henry M. Francis & Sons of Fitchburg, Massachusetts, this library was expanded in 1922 and renovated in 1966.",Public libraries,List of Carnegie libraries in New Hampshire
Dover,public,Dover,New Hampshire,United States,"Apr 26, 1902","$30,000",,73 Locust St.,43.193241,-70.875549,Dover_Public_Library_5.JPG,,"Designed by architects Randlett & Griffin of Concord, this building was dedicated July 19, 1905, and underwent a major renovation in the late 1980s. [4]",Public libraries,List of Carnegie libraries in New Hampshire
Franklin,public,Franklin,New Hampshire,United States,"Nov 25, 1903","$15,000",,310 Central St.,43.444538,-71.646953,FranklinNH_FreePublicLibrary.jpg,,Designed by architects McLean & Wright of Boston. [5],Public libraries,List of Carnegie libraries in New Hampshire
Lebanon,public,Lebanon,New Hampshire,United States,"Dec 13, 1907","$12,500",,9 E. Park St.,43.643715,-72.250128,"Lebanon_Public_Library_-_Lebanon,_NH_-_DSC02638.JPG",,Designed by architects McLean & Wright of Boston. [6],Public libraries,List of Carnegie libraries in New Hampshire
Littleton,public,Littleton,New Hampshire,United States,"Mar 14, 1902","$15,000",,92 Main St.,44.307205,-71.773446,"Littleton,_New_Hampshire_(8224916041).jpg",,"Designed by architect Robert Coit of Boston in the Classical Revival style and opened in 1906, the library's interior was renovated in 1959-1960.",Public libraries,List of Carnegie libraries in New Hampshire
Dudley-Tucker Library,public,Raymond,New Hampshire,United States,"May 15, 1906","$2,000",,9 Epping St.,43.037309,-71.182351,"Dudley_Tucker_Library,_Raymond_NH.jpg",,"Opening October 1, 1908, this library was significantly expanded in 1993.",Public libraries,List of Carnegie libraries in New Hampshire
Rochester,public,Rochester,New Hampshire,United States,"Dec 22, 1903","$20,000",,65 S. Main St.,43.302274,-70.974813,Rochester_Public_Library_5.JPG,,"Designed by architects Randlett & Griffin of Concord in the Georgian Revival style and opened October 2, 1905, this library built additions in 1941 and 1996.",Public libraries,List of Carnegie libraries in New Hampshire
Whitefield,public,Whitefield,New Hampshire,United States,"Apr 23, 1903","$7,500",,8 Lancaster Rd.,44.374591,-71.611354,Whitefield_NH_Public_Library_5.JPG,,"Designed by architect J. Lawrence Berry of Boston and dedicated September 6, 1904, this building remains largely the same today with the exception of a 1990 basement renovation, and a 2012 addition which included handicapped accessibility.",Public libraries,List of Carnegie libraries in New Hampshire
New Hampshire College of Agriculture and the Mechanic Arts,academic,Durham,New Hampshire,United States,"Mar 31, 1905","$20,000",,95 Main St.,43.135684,-70.930942,"Library,_New_Hampshire_State_College,_Durham,_NH.jpg",https://en.wikipedia.org/wiki/New_Hampshire_College_of_Agriculture_and_the_Mechanic_Arts,"Designed by architect Albert Randolph Ross of New York City. [8] Located on the campus of the eventual University of New Hampshire, the Hamilton Smith library was opened June 3, 1907, and served in this capacity until 1958. It now houses various offices.",Academic library,List of Carnegie libraries in New Hampshire
Atlantic City,public,,New Jersey,United States,"Jan 22, 1903","$71,075",,35 S. Dr. Martin Luther King Blvd.,,,Carnegie_Library_Center.jpg,https://en.wikipedia.org/wiki/Carnegie_Library_Center,"Formerly part of Stockton University, now owned by Atlantic City",Carnegie libraries,List of Carnegie libraries in New Jersey
Avon,public,,New Jersey,United States,"May 15, 1916","$5,000",,,,,,,*Avon Public Library [1],Carnegie libraries,List of Carnegie libraries in New Jersey
Bayonne,public,,New Jersey,United States,"Apr 13, 1903","$83,000",,697 Avenue C,,,Bayonne_FPL_jeh.jpg,https://en.wikipedia.org/wiki/Bayonne_Public_Library,Bayonne Public Library,Carnegie libraries,List of Carnegie libraries in New Jersey
Belleville,public,,New Jersey,United States,"Apr 28, 1909","$20,000",,,,,"Bellville_Pub_Lib_221_Wash_Av_Belleville,_NJ_07109_jeh.jpg",https://en.wikipedia.org/wiki/Belleville_Public_Library_and_Information_Center,,Carnegie libraries,List of Carnegie libraries in New Jersey
Belmar,public,,New Jersey,United States,"Jan 14, 1914","$13,000",,,,,,https://en.wikipedia.org/wiki/Belmar_Public_Library,,Carnegie libraries,List of Carnegie libraries in New Jersey
Caldwell,public,,New Jersey,United States,"Jan 8, 1908","$10,000",,,,,,,*Caldwell Public Library [6] [7],Carnegie libraries,List of Carnegie libraries in New Jersey
Camden Main,public,,New Jersey,United States,"Jan 2, 1903","$120,000",,616 Broadway,,,CamdenFreePublicLibraryMain2013_01.JPG,https://en.wikipedia.org/wiki/Camden_Free_Public_Library_Main_Building,Closed in 1986,Carnegie libraries,List of Carnegie libraries in New Jersey
Camden Cooper,public,,New Jersey,United States,"Jan 2, 1903",—,,,,,Cooper_Library_Camden_NJ.JPG,https://en.wikipedia.org/wiki/Cooper_Library_in_Johnson_Park,Now part of Rutgers–Camden,Carnegie libraries,List of Carnegie libraries in New Jersey
Camden East Camden,public,,New Jersey,United States,"Jan 2, 1903",—,,,,,,,Razed [8],Carnegie libraries,List of Carnegie libraries in New Jersey
Collingswood,public,,New Jersey,United States,"Jan 5, 1916","$15,000",,,,,,,Razed [8],Carnegie libraries,List of Carnegie libraries in New Jersey
Cranford,public,,New Jersey,United States,"Jan 20, 1908","$10,000",,,,,,,Razed [8] 1962 [9],Carnegie libraries,List of Carnegie libraries in New Jersey
East Orange Main,public,,New Jersey,United States,"Jan 18, 1900","$116,000",,291 Main Street,,,,https://en.wikipedia.org/wiki/East_Orange_Public_Library,Now East Orange Municipal Court,Carnegie libraries,List of Carnegie libraries in New Jersey
East Orange Elmwood,public,,New Jersey,United States,"Jan 18, 1900",—,,,,,,,,Carnegie libraries,List of Carnegie libraries in New Jersey
East Orange Franklin,public,,New Jersey,United States,"Jan 18, 1900",—,,,,,,,,Carnegie libraries,List of Carnegie libraries in New Jersey
Edgewater,public,,New Jersey,United States,"Mar 16, 1915","$15,000",,49 Hudson Ave.,,,Edgewater_Library.JPG,https://en.wikipedia.org/wiki/Edgewater_Public_Library,Listed on the New Jersey Register of Historic Places and National Register of Historic Places in 2009,Carnegie libraries,List of Carnegie libraries in New Jersey
Elizabeth Main,public,,New Jersey,United States,"Feb 3, 1910","$130,810",,,,,ElizabethPublicLibrary.jpg,https://en.wikipedia.org/wiki/Elizabeth_Public_Library,,Carnegie libraries,List of Carnegie libraries in New Jersey
Elizabeth Liberty Square,public,,New Jersey,United States,"Feb 3, 1910",—,,240 Elizabeth Ave.,,,,,Now a senior citizen center,Carnegie libraries,List of Carnegie libraries in New Jersey
Englewood,public,,New Jersey,United States,"Jul 9, 1913","$25,000",,,,,,,Office building [8],Carnegie libraries,List of Carnegie libraries in New Jersey
Freehold,public,,New Jersey,United States,"Mar 27, 1903","$11,000",,28 + 1 ⁄ 2 East Main Street,,,Carnegie_Library_in_Freehold.png,https://en.wikipedia.org/wiki/Freehold_Public_Library,"Independent municipal library. Undergoing renovation (ADA improvements, new interior spaces, mechanicals, roof, etc.) in 2023.",Carnegie libraries,List of Carnegie libraries in New Jersey
Kearny,public,,New Jersey,United States,"Jan 16, 1906","$27,600",,318 Kearny Ave.,,,Kearny_Public_Library_main_entrance.jpg,https://en.wikipedia.org/wiki/Kearny_Public_Library,,Carnegie libraries,List of Carnegie libraries in New Jersey
Lakewood,public,,New Jersey,United States,"Feb 3, 1917","$12,500",,,,,,,,Carnegie libraries,List of Carnegie libraries in New Jersey
Little Falls,public,,New Jersey,United States,"Apr 3, 1917","$10,000",,,,,,,Razed [8],Carnegie libraries,List of Carnegie libraries in New Jersey
Long Branch,public,,New Jersey,United States,"Feb 3, 1917","$30,000",,,,,,,*Long Branch Free Public Library [10],Carnegie libraries,List of Carnegie libraries in New Jersey
Montclair Bellevue,public,,New Jersey,United States,"Mar 8, 1901","$60,000",,185 Bellevue Ave.,,,185_Bellevue_Ave_Montclair_NJ-SWM-TLW-_2012-09-23.jpg,"https://en.wikipedia.org/wiki/Free_Public_Library,_Upper_Montclair_Branch","Opened December 26, 1914 [11] Francis Augustus Nelson, Architect",Carnegie libraries,List of Carnegie libraries in New Jersey
Montclair Montclair,public,,New Jersey,United States,"Mar 8, 1901",—,,73 Church St.,,,,"https://en.wikipedia.org/wiki/Carnegie_Library_(Montclair,_New_Jersey)",Building used as Unitarian Church [12],Carnegie libraries,List of Carnegie libraries in New Jersey
New Brunswick,public,,New Jersey,United States,"Mar 14, 1902","$52,500",,,,,"Free_Public_Library,_New_Brunswick,_NJ.jpg",https://en.wikipedia.org/wiki/New_Brunswick_Free_Public_Library,*New Brunswick Free Public Library [13],Carnegie libraries,List of Carnegie libraries in New Jersey
Nutley,public,,New Jersey,United States,"Feb 13, 1913","$20,000",,,,,,,*Nutley Public Library [14],Carnegie libraries,List of Carnegie libraries in New Jersey
Orange,public,,New Jersey,United States,"Apr 19, 1915","$1,500",,348 Main St.,,,"ORANGE_FREE_PUBLIC_LIBRARY,_ORANGE,_ESSEX_COUNTY,_NJ.jpg",https://en.wikipedia.org/wiki/Orange_Free_Public_Library,The grant was for the purchase of a new library branch. [15],Carnegie libraries,List of Carnegie libraries in New Jersey
Perth Amboy,public,,New Jersey,United States,"Mar 8, 1901","$50,450",,196 Jefferson Street,,,"Perth_Amboy_Public_Library,_NJ_-_2025.jpg",https://en.wikipedia.org/wiki/Perth_Amboy_Public_Library,Listed on the National Register of Historic Places in 2025. [16],Carnegie libraries,List of Carnegie libraries in New Jersey
Plainfield,public,,New Jersey,United States,"Feb 7, 1911","$50,000",,,,,,,Razed [8],Carnegie libraries,List of Carnegie libraries in New Jersey
Summit,public,,New Jersey,United States,"Feb 1, 1909","$21,000",,,,,,,Razed [8] Replaced by newer Summit Public Library in 1964 [17],Carnegie libraries,List of Carnegie libraries in New Jersey
Union,public,,New Jersey,United States,"Feb 5, 1904","$25,000",,,,,43rdStreetUnionHillLibrary.png,,*Union City Public Library [18] Union City,Carnegie libraries,List of Carnegie libraries in New Jersey
Verona,public,,New Jersey,United States,"Mar 31, 1916","$11,000",,,,,,,*Verona Public Library [19] [20],Carnegie libraries,List of Carnegie libraries in New Jersey
Vineland,public,,New Jersey,United States,"Feb 2, 1903","$12,000",,,,,,,Senior center [8] [21],Carnegie libraries,List of Carnegie libraries in New Jersey
West Hoboken,public,,New Jersey,United States,"Feb 4, 1902","$25,000",,420 15th St.,,,Musto_Center.jpg,,William Musto Cultural Center [22] [23] Union City,Carnegie libraries,List of Carnegie libraries in New Jersey
Westfield,public,,New Jersey,United States,"Dec 30, 1904","$15,000",,266 E. Broad St.,,,,,"Library relocated 1954, [24] [25] now a business complex",Carnegie libraries,List of Carnegie libraries in New Jersey
Las Vegas,public,Las Vegas,New Mexico,United States,"Mar 14, 1902","$10,000",,500 National Ave.,35.598659,-105.215228,Las_Vegas_New_Mexico_Public_Library.jpg,,"Similar in architecture and style to Thomas Jefferson 's Monticello, this work has served as a library since its opening in 1904.",Carnegie libraries,List of Carnegie libraries in New Mexico
Raton,public,Raton,New Mexico,United States,"Jan 23, 1911","$12,000",,Ripley Park,36.905234,-104.438047,,,"This building opened September 17, 1912, and was razed in 1969 when the library moved to a larger facility. [2]",Carnegie libraries,List of Carnegie libraries in New Mexico
Roswell,public,Roswell,New Mexico,United States,"Jun 1, 1903","$10,000",,123 W. 3rd St.,33.395359,-104.523144,Carnegie_Library_Roswell_New_Mexico.jpg,"https://en.wikipedia.org/wiki/Carnegie_Library_(Roswell,_New_Mexico)","This 1906 building was a library until 1978, and it is now vacant. [3]",Carnegie libraries,List of Carnegie libraries in New Mexico
Amsterdam,public,Amsterdam,New York,United States,"Feb 4, 1902","$25,000",,28 Church St.,,,"Carnegie_Library_in_Amsterdam,_NY.jpg",,"Construction began 1902, opened 1903",Public libraries,List of Carnegie libraries in New York
Andover,public,Andover,New York,United States,"Nov 21, 1911","$5,000",,40 Main St.,,,"Carnegie_Library,_Andover_NY.jpg",,Opened 1912,Public libraries,List of Carnegie libraries in New York
Binghamton,public,Binghamton,New York,United States,"Apr 26, 1902","$75,000",,78 Exchange St.,,,Carnegie_Library_in_Binghamton_NY.jpg,,Open 1904–2002,Public libraries,List of Carnegie libraries in New York
Bolivar,public,Bolivar,New York,United States,"Apr 10, 1909","$5,000",,390 Main St.,,,"Carnegie_Library,_Bolivar_NY.jpg",https://en.wikipedia.org/wiki/Bolivar_Free_Library,Opened 1910,Public libraries,List of Carnegie libraries in New York
Canastota,public,Canastota,New York,United States,"Jan 10, 1902","$10,000",,102 W. Center St.,,,Canastota_Public_Library.jpg,https://en.wikipedia.org/wiki/Canastota_Public_Library,,Public libraries,List of Carnegie libraries in New York
Catskill,public,Catskill,New York,United States,"Feb 2, 1901","$20,000",,1 Franklin St.,,,,,,Public libraries,List of Carnegie libraries in New York
Chatham,public,Chatham,New York,United States,"Aug 16, 1901","$15,000",,11 Woodbridge Ave,,,"Carnegie_Library_in_Chatham,_NY.jpg",,Opened 1905,Public libraries,List of Carnegie libraries in New York
Dunkirk,public,Dunkirk,New York,United States,"Feb 20, 1904","$25,000",,536 Central Ave.,,,,,,Public libraries,List of Carnegie libraries in New York
Elmira,public,Elmira,New York,United States,"Jan 28, 1916","$70,000",,400 E. Church St.,,,"Carnegie_Library,_Elmira_NY.jpg",,The new Steele Library at 101 E. Church opened in 1979.,Public libraries,List of Carnegie libraries in New York
Fleischmanns,public,Fleischmanns,New York,United States,1901,"$5,000",,1017 Main St.,,,"Skene_Memorial_Library,_Fleischmanns,_NY.jpg",https://en.wikipedia.org/wiki/Skene_Memorial_Library,,Public libraries,List of Carnegie libraries in New York
Franklinville,public,Franklinville,New York,United States,"May 8, 1914","$2,200",,5 N. Main St.,,,,,,Public libraries,List of Carnegie libraries in New York
Fulton,public,Fulton,New York,United States,"Mar 14, 1902","$15,000",,160 S. 1st St.,,,,https://en.wikipedia.org/wiki/Fulton_Public_Library,,Public libraries,List of Carnegie libraries in New York
Gloversville,public,Gloversville,New York,United States,"Mar 8, 1901","$50,000",,58 E. Fulton St.,,,Gloversville_Free_Library_Aug_10.jpg,https://en.wikipedia.org/wiki/Gloversville_Free_Library,,Public libraries,List of Carnegie libraries in New York
Hamburg,public,Hamburg,New York,United States,"Jul 23, 1914","$5,000",,102 Buffalo St.,,,,,,Public libraries,List of Carnegie libraries in New York
Hornell,public,Hornell,New York,United States,"Jan 22, 1903","$25,000",,64 Genesee St.,,,Hornell_Library_Aug_09.jpg,https://en.wikipedia.org/wiki/Hornell_Public_Library,,Public libraries,List of Carnegie libraries in New York
Johnstown,public,Johnstown,New York,United States,"Mar 6, 1901","$16,000",,38 S. Market St.,,,"Carnegie_Library_in_Johnstown,_NY.jpg",,Construction started in 1902.,Public libraries,List of Carnegie libraries in New York
Kingston,public,Kingston,New York,United States,"Apr 26, 1902","$30,000",,405 Broadway,,,"Kingston_City_Library,_NY.jpg",https://en.wikipedia.org/wiki/Kingston_City_Library,Now a part of Kingston High School. The current library is located at 55 Franklin St.,Public libraries,List of Carnegie libraries in New York
Lackawanna,public,Lackawanna,New York,United States,"May 3, 1917","$30,000",,560 Ridge Rd.,,,Lackawanna_Public_Library.jpg,,,Public libraries,List of Carnegie libraries in New York
Mount Vernon,public,Mount Vernon,New York,United States,"Feb 19, 1901","$72,000",,28 S. 1st Ave.,,,,,,Public libraries,List of Carnegie libraries in New York
New Rochelle,public,New Rochelle,New York,United States,"Mar 14, 1901","$60,000",,662 Main St.,,,New_Rochelle_Carnegie_Library-2.jpg,,,Public libraries,List of Carnegie libraries in New York
Niagara Falls,public,Niagara Falls,New York,United States,"Mar 8, 1901","$50,000",,1022 Main St.,,,Niagara_Falls_Public_Library_Jun_09.JPG,"https://en.wikipedia.org/wiki/Carnegie_Library_(Niagara_Falls,_New_York)",,Public libraries,List of Carnegie libraries in New York
North Tonawanda,public,North Tonawanda,New York,United States,"Dec 27, 1902","$20,000",,240 Goundry St.,,,North_Tonawanda_Carnegie_Library_Nov_08.JPG,"https://en.wikipedia.org/wiki/Carnegie_Library_(North_Tonawanda,_New_York)",,Public libraries,List of Carnegie libraries in New York
Northport,public,Northport,New York,United States,"May 21, 1913","$10,000",,215 Main St.,,,Northport_Historic_Library-World_War_One_Memorial.jpg,https://en.wikipedia.org/wiki/Northport_Public_Library,,Public libraries,List of Carnegie libraries in New York
Nyack,public,Nyack,New York,United States,"Dec 21, 1901","$15,000",,59 S. Broadway,,,06131908lincolnboulder.jpg,https://en.wikipedia.org/wiki/Nyack_Library,,Public libraries,List of Carnegie libraries in New York
Olean,public,Olean,New York,United States,"Nov 27, 1906","$40,000",,116 S. Union St.,,,Olean_Public_Library_Apr_10.JPG,https://en.wikipedia.org/wiki/Olean_Public_Library,,Public libraries,List of Carnegie libraries in New York
Ossining,public,Ossining,New York,United States,"Dec 23, 1911","$26,000",,,,,,,,Public libraries,List of Carnegie libraries in New York
Patchogue,public,Patchogue,New York,United States,"Jan 8, 1905","$15,000",,160 W. Main St.,,,Old_Patchogue_Library.JPG,,"Open 1908–1981, moved to a temporary location in 2012. [2] [3] Moved to current location in 2013, re-opened in 2016 as Teen Center at the Patchogue-Medford Carnegie Library.",Public libraries,List of Carnegie libraries in New York
Penn Yan,public,Penn Yan,New York,United States,"Jan 6, 1903","$10,000",,214 Main St.,,,"Main_St_214,_Public_Library,_Penn_Yan_HD_01.JPG",,,Public libraries,List of Carnegie libraries in New York
Perry,public,Perry,New York,United States,"Jul 13, 1912","$12,000",,70 Main St. N.,,,,,,Public libraries,List of Carnegie libraries in New York
Port Jervis,public,Port Jervis,New York,United States,"Feb 21, 1901","$30,000",,138 Pike St.,,,Free_Library_Port_Jervis.jpg,,,Public libraries,List of Carnegie libraries in New York
Rockville Centre,public,Rockville Centre,New York,United States,"Dec 14, 1903","$10,000",,11 Clinton Ave.,,,,,,Public libraries,List of Carnegie libraries in New York
Salamanca,public,Salamanca,New York,United States,"Feb 3, 1917","$17,500",,45 S. Main St.,,,"Carnegie_Library,_Salamanca_NY.jpg",,"Open 1920–1976, now a law office",Public libraries,List of Carnegie libraries in New York
Saugerties,public,Saugerties,New York,United States,"Sep 25, 1914","$12,500",,91 Washington Ave.,,,Saugerties_Public_Library_Apr_09.jpg,,,Public libraries,List of Carnegie libraries in New York
Schenectady,public,Schenectady,New York,United States,"Feb 13, 1901","$50,000",,,,,Webster_House_1.jpg,,"Open 1903–1970, now Webster House, a dormitory at Union College",Public libraries,List of Carnegie libraries in New York
Solvay,public,Solvay,New York,United States,"Jan 13, 1903","$10,000",,615 Woods Rd.,,,Carnegie_Library_Solvay_NY.jpg,https://en.wikipedia.org/wiki/Solvay_Public_Library,,Public libraries,List of Carnegie libraries in New York
Syracuse,public,Syracuse,New York,United States,"Jan 15, 1901","$200,000",,335 Montgomery St.,,,Carnegie_Library_in_Syracuse_NY.jpg,,Open 1905–1988,Public libraries,List of Carnegie libraries in New York
Theresa,public,Theresa,New York,United States,"Jan 18, 1910","$7,500",,301 Main St.,,,,,,Public libraries,List of Carnegie libraries in New York
Ticonderoga,public,Ticonderoga,New York,United States,"Mar 8, 1904","$7,000",,161 Montcalm St.,,,"Black_Watch_Library,_Ticonderoga.jpg",https://en.wikipedia.org/wiki/Black_Watch_Library,,Public libraries,List of Carnegie libraries in New York
Warsaw,public,Warsaw,New York,United States,"Feb 5, 1904","$12,500",,130 N. Main St.,,,Warsaw_Public_Library_Oct_09.jpg,,,Public libraries,List of Carnegie libraries in New York
White Plains,public,White Plains,New York,United States,"Dec 20, 1904","$40,000",,,,,,,,Public libraries,List of Carnegie libraries in New York
Yonkers,public,Yonkers,New York,United States,"Mar 8, 1901","$50,000",,,,,lossy-page1-120px-thumbnail.tif.jpg,,,Public libraries,List of Carnegie libraries in New York
Alfred University,academic,,New York,United States,,"$10,000 $20,000",,,,,Carnegie_Hall_Alfred_NY_Apr_12.jpg,https://en.wikipedia.org/wiki/Alfred_University,"Renamed Jordan Hall in 2021, houses Alfred University administration and finance offices",Academic libraries,List of Carnegie libraries in New York
Syracuse University,academic,,New York,United States,,"$150,000",,,,,Syracuse_Carnegie_Library.jpg,https://en.wikipedia.org/wiki/Carnegie_Library_(Syracuse_University),One of the Comstock Tract Buildings,Academic libraries,List of Carnegie libraries in New York
Wells College,academic,,New York,United States,,"$57,949 $10,000",,,,,,https://en.wikipedia.org/wiki/Wells_College,"Open 1911–1968, now Cleveland Hall",Academic libraries,List of Carnegie libraries in New York
115th Street,public,,New York City,United States,,,,203 W. 115th St.,40.80278,-73.95389,"NYPL_115th_Street_Branch,_Manhattan.jpg",https://en.wikipedia.org/wiki/115th_Street_Library,"Designed by McKim, Mead & White and opened in 1908.",Carnegie libraries in Manhattan,List of Carnegie libraries in New York City
125th Street,public,,New York City,United States,,,,224 E. 125th St.,40.8030250,-73.9348667,"NYPL_125th_Street_Branch,_Manhattan.jpg",,"Designed by McKim, Mead & White and opened in 1904.",Carnegie libraries in Manhattan,List of Carnegie libraries in New York City
135th Street,public,,New York City,United States,,,,103 W. 135th St.,40.8145306,-73.9413833,"NYPL_Former_135th_Street_Branch,_Manhattan.jpg",,"Designed by McKim, Mead & White and opened in 1905. Now part of the Schomburg Center for Research in Black Culture, a research center of The New York Public Library.",Carnegie libraries in Manhattan,List of Carnegie libraries in New York City
58th Street,public,,New York City,United States,,,,121-7 East 58th Street,,,58th_St_Carnegie_Library_1940.jpg,,"Designed by Carrère & Hastings and opened May 10, 1907. It was demolished and replaced by a new branch in two floors of an office tower at 127 East 58th Street, which opened in 1969.",Carnegie libraries in Manhattan,List of Carnegie libraries in New York City
67th Street,public,,New York City,United States,,,,328 E. 67th St.,40.7649139,-73.9595250,"NYPL_67th_Street_Branch,_Manhattan.jpg",,"Designed by Babb, Cook & Willard in the style of the Yorkville branch and opened in 1905, this building has undergone two extensive renovations in the 1950s and 2005.",Carnegie libraries in Manhattan,List of Carnegie libraries in New York City
96th Street,public,,New York City,United States,,,,112 E. 96th St.,40.7859917,-73.9517611,New_York_Public_Library_-_96th_Street_Library_(48236948371).jpg,,"Designed by Babb, Cook & Willard and opened on September 22, 1905.",Carnegie libraries in Manhattan,List of Carnegie libraries in New York City
Aguilar,public,,New York City,United States,,,,174 E. 110th St.,40.7941972,-73.9434222,"NYPL_Aguilar_Branch,_Manhattan.jpg",,"Designed by Herts & Tallant, this building opened as a branch of The New York Public Library in November 1905. ""This library is apparently not an entirely new building but is rather an extensive renovation of the earlier [1899] Aguilar Library building on the same site."" [3]",Carnegie libraries in Manhattan,List of Carnegie libraries in New York City
Chatham Square,public,,New York City,United States,,,,33 E. Broadway,40.7134028,-73.9965111,"NYPL_Chatham_Square_Branch,_Manhattan.jpg",,"Designed by McKim, Mead & White and opened in 1903.",Carnegie libraries in Manhattan,List of Carnegie libraries in New York City
Columbus,public,,New York City,United States,,,,742 10th Ave.,40.7649583,-73.9912583,"NYPL_Columbus_Branch,_Manhattan_crop.jpg",,"Designed by Babb, Cook & Willard and opened in 1909.",Carnegie libraries in Manhattan,List of Carnegie libraries in New York City
Epiphany,public,,New York City,United States,,,,228 E. 23rd St.,40.7381056,-73.9819611,"NYPL_Epiphany_Branch,_Manhattan.jpg",,Designed by Carrère & Hastings and opened in September 1907.,Carnegie libraries in Manhattan,List of Carnegie libraries in New York City
Fort Washington,public,,New York City,United States,,,,535 W. 179th St.,40.8478111,-73.9340028,"NYPL_Fort_Washington_Branch,_Manhattan.jpg",,Designed by Cook & Welch and opened in April 1914.,Carnegie libraries in Manhattan,List of Carnegie libraries in New York City
Hamilton Fish,public,,New York City,United States,,,,388-92 East Houston Street,,,Hamilton_Fish_Park_Library.jpg,,"Designed by Carrère & Hastings and opened in 1909, the building was razed during the widening of Houston Street. The road and a small park now stands at its original site. A new Hamilton Fish Park Branch opened at 415 East Houston Street in 1960.",Carnegie libraries in Manhattan,List of Carnegie libraries in New York City
Hamilton Grange,public,,New York City,United States,,,,503 W. 145th St.,40.825611,-73.9480667,"NYPL_Hamilton_Grange_Branch,_Manhattan.jpg",https://en.wikipedia.org/wiki/Hamilton_Grange_Library,"Designed by McKim, Mead & White and opened in 1907.",Carnegie libraries in Manhattan,List of Carnegie libraries in New York City
Harlem,public,,New York City,United States,,,,9 W. 124th St.,40.8061917,-73.9432944,"NYPL_Harlem_Branch,_Manhattan.jpg",,"Designed by McKim, Mead & White and opened in 1909, this building was renovated in 2004 at a cost of nearly $4 million.",Carnegie libraries in Manhattan,List of Carnegie libraries in New York City
Hudson Park,public,,New York City,United States,,,,66 Leroy St.,40.7299861,-74.0051583,"NYPL_Hudson_Park_Branch,_Manhattan.jpg",,Designed by Carrère & Hastings and opened in 1906.,Carnegie libraries in Manhattan,List of Carnegie libraries in New York City
Muhlenberg,public,,New York City,United States,,,,209 W. 23rd St.,40.7444500,-73.9960028,"NYPL_Muhlenberg_Branch,_Manhattan.jpg",,"Designed by Carrère & Hastings, this branch opened February 19, 1906.",Carnegie libraries in Manhattan,List of Carnegie libraries in New York City
Riverside,public,,New York City,United States,,,,190 Amsterdam Ave.,40.776639,-73.9836222,190_Amsterdam_Ave.jpg,,"Designed by Carrère & Hastings and opened in 1905, this building stood until 1969, when it was replaced by a new one on the same 69th St site. That branch was replaced by another in 1992, at 127 Amsterdam Ave & 65th St.",Carnegie libraries in Manhattan,List of Carnegie libraries in New York City
Rivington Street,public,,New York City,United States,,,,61 Rivington St.,40.7208750,-73.9902333,"NYPL_Rivington_Street_Branch,_Manhattan.jpg",,"Designed by McKim, Mead & White and opened in 1905, the building was then taken over by a church several decades after. In 2021, the building was renovated into condos, preserving the original facade.",Carnegie libraries in Manhattan,List of Carnegie libraries in New York City
Saint Agnes,public,,New York City,United States,,,,444 Amsterdam Ave.,40.7848444,-73.9774889,"NYPL_Saint_Agnes_Branch,_Manhattan.jpg",,"Designed by Babb, Cook & Willard, this branch opened in 1906.",Carnegie libraries in Manhattan,List of Carnegie libraries in New York City
Saint Gabriel's Park,public,,New York City,United States,,,,303-5 East 36th Street,,,St._Gabriel's_Park_Library.jpg,,"Designed by McKim, Mead & White and opened in 1908, across from St. Gabriel's Park. Razed in order to construct the Queens–Midtown Tunnel. [4]",Carnegie libraries in Manhattan,List of Carnegie libraries in New York City
Seward Park,public,,New York City,United States,,,,192 E. Broadway,40.7144667,-73.9885222,"NYPL_Seward_Park_Branch,_Manhattan.jpg",https://en.wikipedia.org/wiki/Seward_Park_(Manhattan),"Designed by Babb, Cook & Willard, this branch opened on November 11, 1909.",Carnegie libraries in Manhattan,List of Carnegie libraries in New York City
Tompkins Square,public,,New York City,United States,,,,331 E. 10th St.,40.7273306,-73.980417,"NYPL_Tompkins_Square_Branch,_Manhattan.jpg",,"Designed by McKim, Mead & White, this branch opened in 1904.",Carnegie libraries in Manhattan,List of Carnegie libraries in New York City
Washington Heights,public,,New York City,United States,,,,1000 St. Nicholas Ave.,40.8345167,-73.9396694,"NYPL_Washington_Heights_Branch,_Manhattan.jpg",,"Designed by Carrère & Hastings, this branch opened in 1914.",Carnegie libraries in Manhattan,List of Carnegie libraries in New York City
Webster,public,,New York City,United States,,,,1465 York Ave.,40.7706306,-73.951278,"NYPL_Webster_Branch,_Manhattan.jpg",,"This Babb, Cook & Willard work opened on October 24, 1906.",Carnegie libraries in Manhattan,List of Carnegie libraries in New York City
West 40th Street,public,,New York City,United States,,,,457 West 40th Street,,,457_West_40th_Street_Library.jpg,,"Designed by Cook & Welch, the structure was a Classical Revival limestone building that first opened in 1915. It became part of the Covenant House complex. Covenant House is now redeveloping the site into affordable housing and a new international headquarters. The building was demolished in 2020. Covenant House is pursuing the option of storage, and re-installation of the first-floor and basement facade of the Carnegie Library. [5]",Carnegie libraries in Manhattan,List of Carnegie libraries in New York City
Yorkville,public,,New York City,United States,,,,222 E. 79th St.,40.7736528,-73.9563111,"NYPL_Yorkville_Branch,_Manhattan.jpg",https://en.wikipedia.org/wiki/Yorkville_Library,"Designed by James Brown Lord, this branch opened December 13, 1902, the first Carnegie library built in New York City.",Carnegie libraries in Manhattan,List of Carnegie libraries in New York City
Port Richmond,public,,New York City,United States,,,,75 Bennett St.,40.6375528,-74.1311500,"NYPL_Port_Richmond_Branch,_Staten_Island.jpg",,Designed by Carrère & Hastings and opened in 1905.,Carnegie libraries in Staten Island,List of Carnegie libraries in New York City
Saint George,public,,New York City,United States,,,,5 Central Ave.,40.6417167,-74.0766500,"NYPL_Saint_George_Branch,_Staten_Island.jpg",,"Known today as the St. George Library Center, this Carrère & Hastings work opened on June 26, 1907, and is the largest library on Staten Island.",Carnegie libraries in Staten Island,List of Carnegie libraries in New York City
Stapleton,public,,New York City,United States,,,,132 Canal St.,40.6264583,-74.0779944,"NYPL_Stapleton_Branch,_Staten_Island.jpg",,Designed by Carrère & Hastings and opened in 1907.,Carnegie libraries in Staten Island,List of Carnegie libraries in New York City
Tottenville,public,,New York City,United States,,,,7430 Amboy Rd.,40.509583,-74.2441083,Tottenville_NYPL_jeh.JPG,,"A Carrère & Hastings design, this branch opened in 1904.",Carnegie libraries in Staten Island,List of Carnegie libraries in New York City
Fordham,public,,New York City,United States,,,,,,,Fordham_Library_Center.jpg,,"Designed by McKim, Mead & White and opened in 1923, this building was the Fordham Library Center, The New York Public Library's central branch in the Bronx, through 2005, when it closed and was replaced by the newly built Bronx Library Center.",Carnegie libraries in the Bronx,List of Carnegie libraries in New York City
High Bridge,public,,New York City,United States,,,,,,,"lossy-page1-120px-Highbridge,_Exterior_(NYPL_b11524053-1252723).tiff.jpg",,Designed by Carrère & Hastings and opened in 1908. Demolished in 1975 and replaced by a new High Bridge Branch on the same site.,Carnegie libraries in the Bronx,List of Carnegie libraries in New York City
Hunts Point,public,,New York City,United States,,,,,,,Hunts_Point_NYPL_877_Southern_Blvd_jeh.jpg,,"Designed by Carrère & Hastings and completed in 1929, this was the final Carnegie building added to the New York Public Library system.",Carnegie libraries in the Bronx,List of Carnegie libraries in New York City
Kingsbridge,public,,New York City,United States,,,,,,,"lossy-page1-120px-Kingsbridge,_Exterior_(NYPL_b11524053-1252814).tiff.jpg",,"Designed by McKim, Mead & White and opened May 19, 1905. This branch outgrew its original building and closed in 1958. It is now the Spuyten Duyvil Preschool.",Carnegie libraries in the Bronx,List of Carnegie libraries in New York City
Melrose,public,,New York City,United States,,,,,,,Melrose_Library_Branch_1914.jpg,,"A Carrère & Hastings design, this branch opened January 16, 1914. It was originally four stories but was reduced to two in 1959.",Carnegie libraries in the Bronx,List of Carnegie libraries in New York City
Morrisania,public,,New York City,United States,,,,,,,NYPL_Bronx_Morrisania_Library_IMG_2780_HLG.jpg,,"Designed by Babb, Cook & Willard and opened in 1908.",Carnegie libraries in the Bronx,List of Carnegie libraries in New York City
Mott Haven,public,,New York City,United States,,,,,,,Mott_Haven_NYPL_Alexander_Av_&_140_St_jeh.JPG,,"The oldest library building in the Bronx, this branch opened in 1905, designed by Babb, Cook & Willard.",Carnegie libraries in the Bronx,List of Carnegie libraries in New York City
Tremont,public,,New York City,United States,,,,,,,NYPL_Bronx_Tremont_Library_IMG_2803_HLG.jpg,,Designed by Carrère & Hastings and opened in 1905.,Carnegie libraries in the Bronx,List of Carnegie libraries in New York City
Woodstock,public,,New York City,United States,,,,,,,Woodstock_NYPL_160_St_jeh.jpg,,"Designed by McKim, Mead & White and opened in 1914.",Carnegie libraries in the Bronx,List of Carnegie libraries in New York City
Arlington,public,,New York City,United States,,,,"203 Arlington Ave. at Warwick St. 40°40'50.4""N 73°53'14.0""W",,,Arlington_Library.jpg,,"Originally known as the East Branch and officially opened on November 7, 1906; renovated from 1950 to 1952 and in 1980.",Carnegie libraries in Brooklyn,List of Carnegie libraries in New York City
Bedford,public,,New York City,United States,,,,496 Franklin Avenue,,,Bedford_BPL_Hancock_Pl_jeh.jpg,,"This Library plan was recognized as an excellent example of library planning and design in the March 1903 issue of Library Journal. It was built using Carnegie funds. In 2000, an interior renovation and exterior restoration by Sen Architects was completed.",Carnegie libraries in Brooklyn,List of Carnegie libraries in New York City
Brownsville,public,,New York City,United States,,,,61 Glenmore Avenue,,,Brownsville_Library.jpg,,"The first Brownsville Branch opened in 1905 on the second floor of the Alliance Building after the Hebrew Educational Society donated its books. The Carnegie-built branch, which opened at 61 Glenmore Avenue on December 19, 1908, continues to operate today. [6]",Carnegie libraries in Brooklyn,List of Carnegie libraries in New York City
Bushwick,public,,New York City,United States,,,,340 Bushwick Avenue,,,Bushwick_BPL_jeh.JPG,,Bushwick Library opened in the rented first floor of a church at Montrose Avenue and Humboldt Street in 1903 before moving to its present location on Bushwick Avenue in 1908.,Carnegie libraries in Brooklyn,List of Carnegie libraries in New York City
Carroll Park [now Carroll Gardens],public,,New York City,United States,,,,396 Clinton Street at Union Street,,,BPL_Union_Clinton_jeh.JPG,,"Designed by William B. Tubby, this location opened at 396 Clinton Street on March 3, 1905, and was originally called the Carroll Park Branch, until the name was changed to Carroll Gardens in 1973. A predecessor library operated out of a rented space at Smith Street and Carroll Streets from 1901 until completion of this building, which still serves the community today. [6]",Carnegie libraries in Brooklyn,List of Carnegie libraries in New York City
DeKalb,public,,New York City,United States,,,,790 Bushwick Avenue,,,DeKalb_Library.jpg,,"Located on bustling Bushwick Avenue in the neighborhood of the same name, DeKalb Library originally opened its doors on February 11, 1905. The building was designed by the Brooklyn architect William Tubby in the Classical Revival style. Many of the original features in this three-bay brick and limestone building remain today, including its spacious, high-ceilinged reading rooms. The library was rehabilitated in 1950. [7]",Carnegie libraries in Brooklyn,List of Carnegie libraries in New York City
Eastern Parkway,public,,New York City,United States,,,,1044 Eastern Parkway,,,Eastern_Parkway_Library.jpg,,"This medium-sized library, built with funds donated by Andrew Carnegie, was designed with a classical limestone facade with large arched windows and entrance portal.",Carnegie libraries in Brooklyn,List of Carnegie libraries in New York City
Flatbush,public,,New York City,United States,,,,22 Linden Blvd. at Flatbush Ave.,,,"Flatbush_Public_Library,_Brooklyn,_1915.png",,"Flatbush Library has served patrons in its present location on Linden Boulevard since 1905; it was the sixth library built in Brooklyn with funds from philanthropist Andrew Carnegie. [8] The building was designed by Rudolphe L. Daus, but an extensive renovation in 1934 has rendered the building almost unrecognizable. [9]",Carnegie libraries in Brooklyn,List of Carnegie libraries in New York City
Fort Hamilton,public,,New York City,United States,,,,9424 Fourth Ave.,,,Bay_Ridge_Carnegie_Library.jpg,,"This library started out as an independent free library and was absorbed into Brooklyn Public Library in 1901. The building was designed by the Lord & Hewlett architecture firm and formally opened at 9424 Fourth Avenue on October 16, 1907. [6]",Carnegie libraries in Brooklyn,List of Carnegie libraries in New York City
Greenpoint,public,,New York City,United States,,,,107 Norman Ave.,40.72583,-73.950722,"Carnegie_Library._Greenpoint,_Brooklyn,_N.Y.jpg",,"The original Greenpoint Library opened in 1906 and was one of Brooklyn's first Carnegie libraries, but the building's deterioration necessitated its replacement in the early 1970s. [10]",Carnegie libraries in Brooklyn,List of Carnegie libraries in New York City
Leonard,public,,New York City,United States,,,,"81 Devoe St. at Leonard St., Williamsburg",,,Leonard_Devoe_BPL_jeh.jpg,,"The Leonard Branch was officially opened on December 1, 1908, at its current site at Devoe and Leonard Streets. The one-story classically styled building, designed by William B. Tubby, has an elegantly designed interior of 10,000 square feet that originally featured molded skylights, wood paneling and wood-trimmed windows. [6]",Carnegie libraries in Brooklyn,List of Carnegie libraries in New York City
Macon,public,,New York City,United States,,,,"361 Lewis Avenue, Bedford-Stuyversant",,,Macon-library-brooklyn.jpg,https://en.wikipedia.org/wiki/Macon_Library,"The 11th Carnegie Brooklyn library, beautiful, historic Macon Library is one of the best preserved Carnegie branches in Brooklyn. Opened in 1907, the two-story, Classical Revival-style building retains its original fireplaces, oak paneling, alcoves and wooden benches, along with the warm charm that has welcomed patrons for more than 100 years. [11]",Carnegie libraries in Brooklyn,List of Carnegie libraries in New York City
Pacific,public,,New York City,United States,,,,25 4th Avenue at Pacific Street,,,Pacific_BPL_with_bus_jeh.jpg,,"The Pacific Branch was the first of the Carnegie-funded libraries to open in Brooklyn, on October 8, 1904. Architect Raymond F. Almirall designed the building, at 25 Fourth Avenue, and was hired again as architect after the building suffered structural damages due to BMT subway construction in 1914. Upon its opening, New York Tribune praised the branch for its classical and dignified design. [6]",Carnegie libraries in Brooklyn,List of Carnegie libraries in New York City
Prospect [now Park Slope],public,,New York City,United States,,,,431 6th Ave. at 9th St.,,,BPL_Prospect_Branch_jeh.JPG,,"This library began life as a small collection of books on natural history in the Litchfield Mansion in Prospect Park. In 1906, the building, designed by Raymond Almirall was finished, using Carnegie funds.",Carnegie libraries in Brooklyn,List of Carnegie libraries in New York City
Red Hook,public,,New York City,United States,,,,,,,"Red_Hook_Branch,_Brooklyn_Public_Library.jpg",,"The original Red Hook Library, opened on April 22, 1915, was the only of Brooklyn's Carnegie libraries to be built in the Mediterranean Revival style. The architect, Richard A. Walker, accented the original interior of the building with decorative wooden staircases, pendant light fixtures and clerestory windows. This architectural gem was forced to close in August 1946 after suffering extensive damage from a fire, and was demolished soon after. [12]",Carnegie libraries in Brooklyn,List of Carnegie libraries in New York City
Saratoga,public,,New York City,United States,,,,8 Thomas S Boyland Street,40.684750,-73.91500,Saratoga_Library.jpg,,"Saratoga Library is a Classical Revival-style Carnegie branch with a distinctive Spanish tile roof and a storied history. Opened in 1908, Saratoga was renovated in 1958, 1974 and 1990. [13]",Carnegie libraries in Brooklyn,List of Carnegie libraries in New York City
South,public,,New York City,United States,,,,51st street and 4th Avenue,,,South_Branch_Library.jpg,,"South Branch opened to the public on December 9, 1905, on the same site the Sunset Park branch occupies today. The original two-story, Classical Revival-style building, designed by architects Lord & Hewlett, was demolished in 1970. [14]",Carnegie libraries in Brooklyn,List of Carnegie libraries in New York City
Stone Avenue,public,,New York City,United States,,,,581 Mother Gaston Boulevard,,,Stone_Avenue_Library.jpg,,"Originally constructed to relieve overcrowding at the nearby Brownsville branch, Stone Avenue Library was one of the last Carnegie libraries built in Brooklyn. Officially opened on September 24, 1914, it was originally called the Brownsville Children's Library and is believed to have been the first library in the world devoted exclusively to serving children. Designed by architect William B. Tubby in the Jacobethan style, many of the original architectural details that distinguished the branch as a place for children remain, including the Rookwood storybook fireplace tiles and the original carved wooden benches with rabbit-head finials. [15]",Carnegie libraries in Brooklyn,List of Carnegie libraries in New York City
Walt Whitman,public,,New York City,United States,,,,"93 Saint Edwards Street, Ft Greene",,,St_Edwards_BPL_jeh.jpg,,"Originally called the City Park Branch, this library was renamed to honor Walt Whitman (who once lived on nearby Ryerson Street) in 1943, on the 125th anniversary of his birth. The branch once boasted a naval architecture and science collection, to serve the workers of the Brooklyn Navy Yard. [6]",Carnegie libraries in Brooklyn,List of Carnegie libraries in New York City
Washington Irving,public,,New York City,United States,,,,360 Irving Ave. Bushwick,40.69750,-73.91222,Washington_Irving_Library.jpg,,Washington Irving Library was the 21st and final Carnegie library built in Brooklyn.,Carnegie libraries in Brooklyn,List of Carnegie libraries in New York City
Williamsburg,public,,New York City,United States,,,,240 Division Avenue,40.70694,-73.95750,BPL_Williamsburg_240_Division_Av_jeh.jpg,,"Although the branch didn't open until 1905, it is often considered the first of Brooklyn's Carnegie libraries. Thousands, including Mayor Seth Low, came out with much fanfare for a ceremony in November 1903, when a time capsule of documents including a copy of the Carnegie contract was laid in the cornerstone of the building at 240 Division Avenue. [6]",Carnegie libraries in Brooklyn,List of Carnegie libraries in New York City
Astoria,public,,New York City,United States,,,,14-01 Astoria Blvd.,,,Astoria_Public_Library_Postcard.jpg,,The first Carnegie library completed in Queens. [16] In the 1930s the structure was heavily renovated. Additional renovations took place in the 1960s. $9 million in renovations are planned for 2022–2024. [17],Carnegie libraries in Queens,List of Carnegie libraries in New York City
Elmhurst,public,,New York City,United States,,,,86-01 Broadway,40.738470,-73.877307,Elmhurst_QPL_jeh.jpg,,Demolished 2012.,Carnegie libraries in Queens,List of Carnegie libraries in New York City
Far Rockaway,public,,New York City,United States,,,,,,,"Queens_Borough;_being_a_descriptive_and_illustrated_book_of_the_borough_of_Queens,_city_of_Greater_New_York,_setting_forth_its_many_advantages_and_possibilities_as_a_section_wherein_to_live,_to_work_(14596366017).jpg",,The third Carnegie library completed in Queens. [16] Destroyed by fire in 1962.,Carnegie libraries in Queens,List of Carnegie libraries in New York City
Flushing,public,,New York City,United States,,,,Kissena Boulevard and Main Street,,,Flushing_Queens_Library.jpg,,Demolished in 1955 [18],Carnegie libraries in Queens,List of Carnegie libraries in New York City
Poppenhusen,public,,New York City,United States,,,,121-23 14th Ave. and 13-16 College Point Blvd.,,,Poppenhusen_QPL_jeh.JPG,,"Completed in 1904, it was the second Carnegie library completed in Queens. [16]",Carnegie libraries in Queens,List of Carnegie libraries in New York City
Richmond Hill,public,,New York City,United States,,,,118-14 Hillside Ave.,,,"Richmond_Hill,_QPL_Carnegie_Library.jpg",,,Carnegie libraries in Queens,List of Carnegie libraries in New York City
Woodhaven,public,,New York City,United States,,,,85-41 Forest Pkwy.,,,Woodhaven_library_20190208.jpg,,,Carnegie libraries in Queens,List of Carnegie libraries in New York City
Andrews,public,Andrews,North Carolina,United States,"Apr 13, 1914","$5,000",,,,,,,Demolished in 1979 to make room for a new library.,Public libraries,List of Carnegie libraries in North Carolina
Charlotte,public,Charlotte,North Carolina,United States,"Mar 12, 1901","$40,000",,310 N. Tryon St.,,,,,Demolished in 1954. New library building opened on the same site in 1956 and a third in 1989.,Public libraries,List of Carnegie libraries in North Carolina
Durham,public,Durham,North Carolina,United States,"Sep 14, 1917","$32,000",,311 E. Main St.,,,,,Closed in 1980. Building was renovated in 1984 and now houses offices.,Public libraries,List of Carnegie libraries in North Carolina
Greensboro Main,public,Greensboro,North Carolina,United States,"Apr 26, 1902","$40,446",,,,,,,,Public libraries,List of Carnegie libraries in North Carolina
Greensboro Carnegie Branch,public,Greensboro,North Carolina,United States,"Apr 26, 1902",—,,900 E. Washington St.,,,,,"Carnegie Negro Library, built 1924, now part of Bennett College campus",Public libraries,List of Carnegie libraries in North Carolina
Hendersonville,public,Hendersonville,North Carolina,United States,"May 2, 1911","$10,000",,4th Ave. and King St.,,,,,"Closed in 1970, now houses the Henderson County Partnership for Economic Development.",Public libraries,List of Carnegie libraries in North Carolina
Hickory,public,Hickory,North Carolina,United States,"May 3, 1917","$13,250",,415 1st Ave. NW,,,"Elliott_Carnegie_Library,_Hickory,_North_Carolina.jpg",https://en.wikipedia.org/wiki/Elliott%E2%80%93Carnegie_Library,Closed in 1952,Public libraries,List of Carnegie libraries in North Carolina
Murphy,public,Murphy,North Carolina,United States,"May 15, 1916","$7,500",,87 Peachtree St.,,,The_Murphy_NC_Carnegie_library_building_now_houses_the_Cherokee_County_Historical_Museum.jpg,,Now a museum,Public libraries,List of Carnegie libraries in North Carolina
Rutherford College,public,Rutherford College,North Carolina,United States,"Feb 21, 1907","$2,500",,,,,,,,Public libraries,List of Carnegie libraries in North Carolina
Winston-Salem,public,Winston-Salem,North Carolina,United States,"Feb 12, 1903","$15,000",,211 W. 3rd St.,,,,,"Closed 1954, now a church",Public libraries,List of Carnegie libraries in North Carolina
Biddle University,academic,,North Carolina,United States,,"$12,500",,100 Beatties Ford Rd.,,,,https://en.wikipedia.org/wiki/Johnson_C._Smith_University,"Closed in 1969, now houses student services",Academic libraries,List of Carnegie libraries in North Carolina
Davidson College,academic,,North Carolina,United States,,"$20,000",,101 Dormitory Dr.,,,,https://en.wikipedia.org/wiki/Davidson_College,"Built 1910, closed in 1941, now college guesthouse",Academic libraries,List of Carnegie libraries in North Carolina
Guilford College,academic,,North Carolina,United States,,"$9,000",,5800 W. Friendly Ave.,,,Hege_Library.JPG,https://en.wikipedia.org/wiki/Guilford_College,Built in 1910,Academic libraries,List of Carnegie libraries in North Carolina
Livingstone College,academic,,North Carolina,United States,,"$12,500",,701 W. Monroe St.,,,Carnegie_Library_Livingstone.jpg,https://en.wikipedia.org/wiki/Livingstone_College,Built in 1908,Academic libraries,List of Carnegie libraries in North Carolina
State Normal and Industrial College (now UNC Greensboro),academic,,North Carolina,United States,,"$18,868",,401 College Ave.,,,,https://en.wikipedia.org/wiki/University_of_North_Carolina_at_Greensboro,"Closed c.1950, now the Forney Building, houses IT services",Academic libraries,List of Carnegie libraries in North Carolina
University of North Carolina,academic,,North Carolina,United States,,"$55,000",,,,,,https://en.wikipedia.org/wiki/University_of_North_Carolina_at_Chapel_Hill,"Closed in 1929, now called Hill Hall, music department facilities",Academic libraries,List of Carnegie libraries in North Carolina
Bismarck,public,Bismarck,North Dakota,United States,"Jan 28, 1916","$25,000",,Thayer Ave. and 6th St.,46.8077056,-100.783778,,,"Opened in July 1918, this library closed in 1963. It was eventually demolished in 1980. [2]",Public libraries,List of Carnegie libraries in North Dakota
Devils Lake,public,Devils Lake,North Dakota,United States,"Apr 23, 1908","$12,500",,623 4th Ave.,48.11472,-98.86028,Devils_Lake_Carnegie_Library.jpg,https://en.wikipedia.org/wiki/Devils_Lake_Carnegie_Library,"After opening January 21, 1910, this library operated until November 26, 2003, when a new facility opened. It now houses private businesses.",Public libraries,List of Carnegie libraries in North Dakota
Dickinson,public,Dickinson,North Dakota,United States,"Mar 21, 1908","$12,500",,"139 3rd St., W.",46.8819389,-102.7871194,DickinsonND_CarnegieLibrary.jpg,https://en.wikipedia.org/wiki/Dickinson_Area_Public_Library,"Opening January 3, 1910, this library has undergone extensive additions and renovations but remains in the same building. [4]",Public libraries,List of Carnegie libraries in North Dakota
Fargo,public,Fargo,North Dakota,United States,"Mar 6, 1901","$20,000",,625 2nd Ave. N.,46.879806,-96.7886167,,,"After opening on January 26, 1903, this library served Fargo until 1968. It was razed in 1970. [5]",Public libraries,List of Carnegie libraries in North Dakota
Grafton,public,Grafton,North Dakota,United States,"Feb 2, 1903","$10,000",,49 W. 7th St.,48.4177083,-97.4124778,,,[6],Public libraries,List of Carnegie libraries in North Dakota
Grand Forks,public,Grand Forks,North Dakota,United States,"Jul 4, 1901","$22,700",,Corner of N 5th St and Alpha/1st Avenue.,,,,,Closed in 1972 and razed when new library built.,Public libraries,List of Carnegie libraries in North Dakota
Minot,public,Minot,North Dakota,United States,"Aug 29, 1908","$15,000",,"105 2nd Ave., SE",48.23472,-101.29083,Carnegie_Center_Minot.jpg,https://en.wikipedia.org/wiki/Minot_Carnegie_Library,,Public libraries,List of Carnegie libraries in North Dakota
Valley City,public,Valley City,North Dakota,United States,"Jul 5, 1901","$15,000",,410 Central Ave. N.,46.92639,-98.00306,Valley_City_Public_Library.jpg,https://en.wikipedia.org/wiki/Valley_City_Carnegie_Library,"This library opened in 1903 and the interior is still almost completely original, including a Tiffany window. It is still in use and is now known as the Valley City Barnes County Public Library. After community fundraising, the 1903 dome was completely restored in 2024. [7]",Public libraries,List of Carnegie libraries in North Dakota
Fargo College,academic,,North Dakota,United States,,"$20,000",,Front St. and S. Broadway St.,46.8743639,-96.7879750,,https://en.wikipedia.org/wiki/Fargo_College,"The cornerstone for this library was ceremonially laid by former President Theodore Roosevelt on September 5, 1910. Fargo College was closed in 1922, however, and the library was razed in 1964. [9]",Academic libraries,List of Carnegie libraries in North Dakota
North Dakota Agricultural College,academic,,North Dakota,United States,,"$18,400",,1349 12th Ave. North,,,NDSU_Putnam_Hall.jpg,https://en.wikipedia.org/wiki/North_Dakota_State_University,Now called Putnam Hall.,Academic libraries,List of Carnegie libraries in North Dakota
University of North Dakota,academic,,North Dakota,United States,,"$30,000",,250 Centennial Dr.,,,2017-UND-Carnegie.jpg,https://en.wikipedia.org/wiki/University_of_North_Dakota,Now called Carnegie Hall.,Academic libraries,List of Carnegie libraries in North Dakota
Hobart,public,Hobart,Tasmania,Australia,6 Oct 1902,"$36,505",,16 Argyle Street,,,Maritime_Museum_of_Tasmania_(2023).jpg,,Now the Maritime Museum of Tasmania.,Australia,List of Carnegie libraries in Oceania
Midland Junction,public,Midland Junction,Western Australia,Australia,2 Dec 1909,"$7,300",,,,,,,,Australia,List of Carnegie libraries in Oceania
Mildura,public,Mildura,Victoria,Australia,23 Jun 1906,"$9,825",,,,,,,,Australia,List of Carnegie libraries in Oceania
Northcote,public,Northcote,Victoria,Australia,13 Mar 1909,"$14,610",,,,,,,,Australia,List of Carnegie libraries in Oceania
Alexandra,public,Alexandra,Otago,New Zealand,2 Dec 1909,"$3,880",,,,,,,Demolished in 1978 [6],New Zealand,List of Carnegie libraries in Oceania
Balclutha,public,Balclutha,Otago,New Zealand,2 Apr 1913,"$4,870",,23 John Street,,,,,,New Zealand,List of Carnegie libraries in Oceania
Cambridge,public,Cambridge,Waikato,New Zealand,14 Dec 1908,"$4,870",,,,,"Carnegie_Library_Cambridge,_1911.jpg",,,New Zealand,List of Carnegie libraries in Oceania
Dannevirke,public,Dannevirke,Manawatū-Whanganui,New Zealand,10 Apr 1906,"$9,690",,,,,"Former_Public_Library,_Dannevirke,_New_Zealand_(72).JPG",,Threatened by demolition as of May 2023 [7],New Zealand,List of Carnegie libraries in Oceania
Dunedin,public,Dunedin,Otago,New Zealand,19 Sep 1902,"$48,700",,Moray Place,,,"Dunedin_Public_Library_(former),_New_Zealand1.JPG",,Dunedin Public Library moved to a new building in 1981.,New Zealand,List of Carnegie libraries in Oceania
Fairlie,public,Fairlie,Canterbury,New Zealand,31 Jan 1913,"$4,875",,6 Allandale Road,,,"Carnegie_Library,_Fairlie_241.JPG",,Library moved in mid 1990's to Mackenzie College [8],New Zealand,List of Carnegie libraries in Oceania
Gore,public,Gore,Southland,New Zealand,10 Jul 1907,"$9,750",,14 Hokonui Drive,,,The_Old_Public_Library_(Gore).jpg,,Eastern Southland Gallery,New Zealand,List of Carnegie libraries in Oceania
Greymouth,public,Greymouth,West Coast,New Zealand,5 Oct 1904,"$10,967",,,,,"Town_Hall_and_Municipal_Library,_Greymouth.jpg",,Destroyed by arson in 1947 [6],New Zealand,List of Carnegie libraries in Oceania
Hamilton,public,Hamilton,Waikato,New Zealand,23 Apr 1906,"$9,720",,354 Victoria Street,,,"Hamilton_Carnegie_Library,_1908.jpg",,Opened 27 February 1908; demolished in 1960 [6],New Zealand,List of Carnegie libraries in Oceania
Hastings,public,Hastings,Hawke's Bay,New Zealand,29 May 1905,"$12,175",,,,,,,Opened in 1907; demolished in 1931 [6],New Zealand,List of Carnegie libraries in Oceania
Hokitika,public,Hokitika,West Coast,New Zealand,20 Jun 1905,"$12,175",,17 Hamilton Street,,,Hokitika_Museum_248.JPG,,Hokitika Museum,New Zealand,List of Carnegie libraries in Oceania
Levin,public,Levin,Manawatū-Whanganui,New Zealand,28 Sep 1909,"$7,290",,,,,"Public_library,_Levin_1920.jpg",,Demolished in 1965 [6],New Zealand,List of Carnegie libraries in Oceania
Marton,public,Marton,Manawatū-Whanganui,New Zealand,23 Jul 1914,"$6,075",,,,,,,,New Zealand,List of Carnegie libraries in Oceania
New Plymouth,public,New Plymouth,Taranaki,New Zealand,13 Feb 1906,"$12,150",,,,,,,Demolished in 1957 [6],New Zealand,List of Carnegie libraries in Oceania
Onehunga,public,Onehunga,Auckland,New Zealand,15 Jul 1909,"$9,720",,55 Princes Street,,,NZ_AK_Carnegie_Free_Library_(1).jpg,,Library moved to a new building in 1970; [9] this building is now a pub [10],New Zealand,List of Carnegie libraries in Oceania
Thames,public,Thames,Waikato,New Zealand,7 Jan 1904,"$9,760",,,,,Carnegie_Free_Library_Building_In_Thames.jpg,,In 2014 the library was restored and extended to provide archive and genealogy facilities for the Thames Coromandel area [11],New Zealand,List of Carnegie libraries in Oceania
Timaru,public,Timaru,Canterbury,New Zealand,14 Jun 1906,"$21,010",,2 King George Place,,,"Municipal_Offices_&_Public_Library,_Timaru.jpg",,"Built in 1908, now the facade for the Timaru City District Council offices, library relocated in 1979. [12]",New Zealand,List of Carnegie libraries in Oceania
Westport,public,Westport,West Coast,New Zealand,10 Sep 1903,"$9,720",,Lyndhurst Street,,,Westport_NZ_Public_Library.JPG,,The library moved to a new building in 2003 [13],New Zealand,List of Carnegie libraries in Oceania
Akron,public,Akron,Ohio,United States,"Dec 24, 1901","$82,000",,69 E. Market St.,,,"Former_Carnegie_Library,_Akron,_UH_USA.jpg",https://en.wikipedia.org/wiki/Akron_Public_Library,"Open 1904–1942, now law offices",Public libraries,List of Carnegie libraries in Ohio
Alliance,public,Alliance,Ohio,United States,"Jan 13, 1903","$25,000",,NE corner of S. Arch Ave. & High St.,,,"Alliance,_Ohio.jpg",,Demolished 1974,Public libraries,List of Carnegie libraries in Ohio
Amherst,public,Amherst,Ohio,United States,"Mar 8, 1904","$10,000",,221 Spring St.,,,Carnegie_Library_P5080677.jpg,,,Public libraries,List of Carnegie libraries in Ohio
Ashtabula,public,Ashtabula,Ohio,United States,"Mar 6, 1901","$15,000",,335 W. 44th St.,,,Carnegie_Library_(13903811627).jpg,,,Public libraries,List of Carnegie libraries in Ohio
Athens,public,Athens,Ohio,United States,"Dec 16, 1903","$30,000",,32 Park Place,,,OU_Scripps_Hall.JPG,,"Designed by Columbus architect Frank L. Packard. Originally a public library on the Ohio University campus. Open 1905–1930, now Scripps Hall, used for classroom space",Public libraries,List of Carnegie libraries in Ohio
Bellefontaine,public,Bellefontaine,Ohio,United States,"Jan 6, 1903","$14,000",,140 N. Main St.,,,Carnegie_library_in_Bellefontaine.jpg,,"Closed 1994, Became county offices. 2020 - Purchased by Richwood Bank.",Public libraries,List of Carnegie libraries in Ohio
Bellevue,public,Bellevue,Ohio,United States,"Jan 13, 1903","$13,600",,224 E. Main St.,,,Bellevue_Carnegie_Library_PC050661.jpg,,,Public libraries,List of Carnegie libraries in Ohio
Bristolville,public,Bristolville,Ohio,United States,"Apr 25, 1911","$6,000",,1855 Greenville Rd.,,,"Bristol,_OH_Library.jpg",,,Public libraries,List of Carnegie libraries in Ohio
Bryan,public,Bryan,Ohio,United States,"Feb 12, 1903","$10,000",,107 E. High St.,,,PB020121_Bryan_Carnegie_Library.JPG,,,Public libraries,List of Carnegie libraries in Ohio
Bucyrus,public,Bucyrus,Ohio,United States,"Jun 1, 1903","$15,000",,200 E. Mansfield St.,,,Carnegie_library_in_Bucyrus.jpg,,,Public libraries,List of Carnegie libraries in Ohio
Cambridge,public,Cambridge,Ohio,United States,"Jan 22, 1902","$21,000",,800 Steubenville Ave.,,,Guernsey_County_District_Public_Library.jpg,,Designed by Columbus architect Frank L. Packard.,Public libraries,List of Carnegie libraries in Ohio
Canton,public,Canton,Ohio,United States,"Apr 15, 1901","$60,000",,236 3rd St. SW,,,"Canton_Public_Library,_236_3rd_St.,_SW,_Canton,_OH_7-23-2010_12-39-00_PM.JPG",https://en.wikipedia.org/wiki/Canton_Public_Library,"Open 1903–1978, now law offices",Public libraries,List of Carnegie libraries in Ohio
Carey,public,Carey,Ohio,United States,"Dec 30, 1904","$8,000",,236 E. Findlay St.,,,"Carey,_Ohio.jpg",,,Public libraries,List of Carnegie libraries in Ohio
Celina,public,Celina,Ohio,United States,"Dec 30, 1904","$12,000",,303 N. Main St.,,,"Celina,_OH_Public_Library.jpg",,"Building replaced by the Dwyer Mercer County District Library in 1970. After further expansion, name changed to Mercer County District Library in 1994.",Public libraries,List of Carnegie libraries in Ohio
Chillicothe,public,Chillicothe,Ohio,United States,"Apr 13, 1903","$30,000",,140 S. Paint St.,,,"Chillicothe,_OH_Library.jpg",,"Opened 1907, now the Chillicothe & Ross County Public Library (Main library)",Public libraries,List of Carnegie libraries in Ohio
Cincinnati Avondale,public,Cincinnati,Ohio,United States,"Apr 9, 1902","$286,000",,3566 Reading Rd.,,,Carnegie_lib_700_2.jpg,,Opened 1913,Public libraries,List of Carnegie libraries in Ohio
Cincinnati Cumminsville,public,Cincinnati,Ohio,United States,"Apr 9, 1902",—,,4219 Hamilton Ave.,,,Northside_Library_Cincinnati_2019.jpg,,"Opened 1908, now Northside Branch",Public libraries,List of Carnegie libraries in Ohio
Cincinnati East End,public,Cincinnati,Ohio,United States,"Apr 9, 1902",—,,3738 Eastern Ave.,,,Former_Carnegie_library_in_Columbia-Tusculum.jpg,,Open 1907–1959. Now The Carnegie Center,Public libraries,List of Carnegie libraries in Ohio
Cincinnati Hyde Park,public,Cincinnati,Ohio,United States,"Apr 9, 1902",—,,2747 Erie Ave.,,,PLCH_Hyde_Park_Branch.jpg,,Built 1912,Public libraries,List of Carnegie libraries in Ohio
Cincinnati North Cincinnati,public,Cincinnati,Ohio,United States,"Apr 9, 1902",—,,2802 Vine St.,,,"Public_Library,_North,_Cincinnati,_OH.jpg",,"Opened 1907, now Corryville Branch",Public libraries,List of Carnegie libraries in Ohio
Cincinnati Norwood,public,Norwood,Ohio,United States,"Nov 3, 1904","$23,000",,4325 Montgomery Rd.,,,"Public_Library,_Norwood,_Cincinnati,_OH.jpg",,Opened 1907,Public libraries,List of Carnegie libraries in Ohio
Cincinnati Price Hill,public,Cincinnati,Ohio,United States,"Apr 9, 1902",—,,3215 Warsaw Ave.,,,Cincinnati_Price_Hill_Carnegie_Library.jpg,,Opened 1909,Public libraries,List of Carnegie libraries in Ohio
Cincinnati Walnut Hills,public,Cincinnati,Ohio,United States,"Apr 9, 1902",—,,2533 Kemper Ln.,,,"Public_Library,_Walnut_Hills,_Cincinnati,_OH.jpg",,Opened 1906,Public libraries,List of Carnegie libraries in Ohio
Cincinnati West End,public,Cincinnati,Ohio,United States,"Apr 9, 1902",—,,NE corner of W. 8th St. & State Ave.,,,"Public_Library,_West_End,_Cincinnati,_OH.jpg",,"Opened 1908, demolished 1947",Public libraries,List of Carnegie libraries in Ohio
Cleveland Broadway,public,Cleveland,Ohio,United States,"Apr 4, 1903","$590,000",,5437 Broadway Ave.,,,Broadway_Avenue_Carnegie_Library.jpg,,"Open 1906–1987, later became a church, purchased in 2022 and reopened in 2023 as the Darl Center for Performing Arts",Public libraries,List of Carnegie libraries in Ohio
Cleveland Brooklyn,public,Cleveland,Ohio,United States,"Apr 4, 1903",—,,3706 Pearl Rd.,,,"Brooklyn_Carnegie_Library,_Cleveland_Ohio.jpg",,Opened 1919,Public libraries,List of Carnegie libraries in Ohio
Cleveland Carnegie West,public,Cleveland,Ohio,United States,"Apr 4, 1903",—,,1900 Fulton Rd.,,,"Carnegie_West_Branch,_Cleveland,_OH_Public_Library.jpg",,Opened 1910,Public libraries,List of Carnegie libraries in Ohio
Cleveland East 79th,public,Cleveland,Ohio,United States,"Apr 4, 1903",—,,1215 E. 79th St.,,,"East_79th_Branch_of_the_Cleveland,_OH_Public_Library.jpg",,"Open 1916–1989, now a drug abuse treatment program",Public libraries,List of Carnegie libraries in Ohio
Cleveland Hough,public,Cleveland,Ohio,United States,"Apr 4, 1903",—,,1765 Crawford Rd.,,,Afommus.jpg,https://en.wikipedia.org/wiki/The_African_American_Museum_in_Cleveland,"Open 1907–1984, later African American Museum, closed since 2005. On Preservation Ohio's 2020 most endangered historic sites list.",Public libraries,List of Carnegie libraries in Ohio
Cleveland Jefferson,public,Cleveland,Ohio,United States,"Apr 4, 1903",—,,850 Jefferson Ave.,,,"Jefferson_Branch,_Cleveland,_OH_Public_Library.jpg",,Opened 1918,Public libraries,List of Carnegie libraries in Ohio
Cleveland Lorain,public,Cleveland,Ohio,United States,"Apr 4, 1903",—,,8216 Lorain Ave.,,,"Lorain_Ave_Carnegie_Library_in_the_City_of_Cleveland,_Ohio.jpg",,Opened 1912,Public libraries,List of Carnegie libraries in Ohio
Cleveland Miles Park,public,Cleveland,Ohio,United States,"Apr 4, 1903",—,,9250 Miles Park Ave.,,,"Miles_Park_Branch,_Cleveland,_OH_Public_Library.jpg",,,Public libraries,List of Carnegie libraries in Ohio
Cleveland Quincy,public,Cleveland,Ohio,United States,"Apr 4, 1903",—,,2390 E. 79th St.,,,"Quincy_Branch,_Cleveland_OH_Public_Library.jpg",,Open 1914–1977,Public libraries,List of Carnegie libraries in Ohio
Cleveland Saint Clair,public,Cleveland,Ohio,United States,"Apr 4, 1903",—,,1368 E. 55th St.,,,Lake_Shore_Bank_and_Cleveland_Public_Library_St._Clair_Branch.jpg,,"Open 1905–1946, now Goodrich-Gannett Neighborhood Center",Public libraries,List of Carnegie libraries in Ohio
Cleveland South,public,Cleveland,Ohio,United States,"Apr 4, 1903",—,,3096 Scranton Rd.,,,"South_Branch_Carnegie_Library_in_Cleveland,_Ohio.jpg",,"Closed since March 2013 but reopened on December 1, 2018.",Public libraries,List of Carnegie libraries in Ohio
Cleveland Sterling,public,Cleveland,Ohio,United States,"Apr 4, 1903",—,,2200 E. 30th St.,,,"Sterling_Branch,_Cleveland,_OH_Public_Library.jpg",,Opened 1913,Public libraries,List of Carnegie libraries in Ohio
Cleveland Superior,public,Cleveland,Ohio,United States,"Apr 4, 1903",—,,1351 E. 105th St.,,,Public_Library_Carnegie_Superior_Branch.jpg,,Closed 1990,Public libraries,List of Carnegie libraries in Ohio
Cleveland Woodland,public,Cleveland,Ohio,United States,"Apr 4, 1903",—,,5806 Woodland Ave.,,,"Woodland_Branch,_Cleveland,_OH_Public_Library.jpg",,"Opened 1904, burned 1957",Public libraries,List of Carnegie libraries in Ohio
Clyde,public,Clyde,Ohio,United States,"Dec 2, 1904","$12,500",,222 W. Buckeye St.,,,Clyde-Carnegie_Library_PC110097.jpg,,,Public libraries,List of Carnegie libraries in Ohio
Columbus,public,Columbus,Ohio,United States,"Dec 30, 1901","$200,000",,96 S. Grant Ave.,,,"Carnegie_Library,_Columbus,_Ohio_(Postcard).jpg","https://en.wikipedia.org/wiki/Main_Library_(Columbus,_Ohio)",,Public libraries,List of Carnegie libraries in Ohio
Coshocton,public,Coshocton,Ohio,United States,"Dec 27, 1902","$17,000",,4th and Chestnut Sts.,,,Coshocton_Carnegie_library.jpg,,"Open 1904–1974, vacant",Public libraries,List of Carnegie libraries in Ohio
Dayton East 5th,public,Dayton,Ohio,United States,"Jan 6, 1911","$50,000",,2160 E. 5th St.,,,"Dayton_East_Library,_OH.jpg",,"formerly housed the Dayton Southeast Priority Board (1999-2012), during which time (2008) it received an Ohio Historic Preservation Merit Award; currently being used as the administrative office for the St. Mary Development Organization",Public libraries,List of Carnegie libraries in Ohio
Dayton West 5th,public,Dayton,Ohio,United States,"Jan 6, 1911",—,,1612 W. 5th St.,,,"Dayton_West_Library,_OH.jpg",,Burned in 1979,Public libraries,List of Carnegie libraries in Ohio
Defiance,public,Defiance,Ohio,United States,"Nov 25, 1903","$22,000",,320 Fort St.,,,Defiance_Public_Library.jpg,https://en.wikipedia.org/wiki/Defiance_Public_Library,,Public libraries,List of Carnegie libraries in Ohio
Delaware,public,Delaware,Ohio,United States,"Dec 27, 1902","$21,500",,101 N. Sandusky St.,,,Delaware_Public_Library_entrance.jpg,https://en.wikipedia.org/wiki/Delaware_Public_Library,Now County offices.,Public libraries,List of Carnegie libraries in Ohio
Delphos,public,Delphos,Ohio,United States,"May 2, 1911","$12,500",,309 W. 2nd St.,,,"page1-120px-Delphos,_OH_Public_Library.pdf.jpg",,Opened 1912,Public libraries,List of Carnegie libraries in Ohio
East Cleveland,public,East Cleveland,Ohio,United States,"Dec 20, 1904","$35,000",,14101 Euclid Ave.,,,EastClevelandPublicLibrary-Jan2017.jpg,,,Public libraries,List of Carnegie libraries in Ohio
East Liverpool,public,East Liverpool,Ohio,United States,"Jun 30, 1899","$50,000",,219 E. 4th St.,,,"Carnegie_Public_Library,_East_Liverpool.jpg","https://en.wikipedia.org/wiki/Carnegie_Public_Library_(East_Liverpool,_Ohio)",First (along with Steubenville) Carnegie Library in Ohio,Public libraries,List of Carnegie libraries in Ohio
Fostoria,public,Fostoria,Ohio,United States,"Mar 20, 1903","$20,000",,205 Perry St.,,,"Kaubisch_Library,_Fostoria_OH_1924.jpg",,"Opened 1914, extensively altered",Public libraries,List of Carnegie libraries in Ohio
Galion,public,Galion,Ohio,United States,"Apr 11, 1902","$15,000",,123 N. Market St.,,,"Galion,_Ohio.jpg",,,Public libraries,List of Carnegie libraries in Ohio
Gallipolis,public,Gallipolis,Ohio,United States,"Dec 27, 1902","$12,500",,61 State St.,,,Carnegie_library_in_Gallipolis.jpg,,Now a school district office,Public libraries,List of Carnegie libraries in Ohio
Geneva,public,Geneva,Ohio,United States,"Dec 14, 1908","$10,000",,117 W. Main St.,,,"Geneva,_OH_Public_Library.jpg",,"Open 1910–1997, now a courthouse",Public libraries,List of Carnegie libraries in Ohio
Germantown,public,Germantown,Ohio,United States,"Dec 20, 1904","$10,000",,47 W. Center St.,,,Germantown_Historical_Society.JPG,,"Closed 1984, now historical society",Public libraries,List of Carnegie libraries in Ohio
Greenville,public,Greenville,Ohio,United States,"Mar 7, 1901","$25,000",,520 Sycamore St.,,,Greenville_Carnegie_Library.jpg,https://en.wikipedia.org/wiki/Greenville_Carnegie_Library,,Public libraries,List of Carnegie libraries in Ohio
Kent,public,Kent,Ohio,United States,"Aug 16, 1901","$11,500",,312 W. Main St.,,,Kent_Carnegie_library.jpg,https://en.wikipedia.org/wiki/Kent_Free_Library,,Public libraries,List of Carnegie libraries in Ohio
Kenton,public,Kenton,Ohio,United States,"Jan 22, 1902","$20,000",,121 N. Detroit St.,,,Old_Kenton_Public_Library.jpg,https://en.wikipedia.org/wiki/Kenton_Public_Library,Now a dentist office,Public libraries,List of Carnegie libraries in Ohio
Kinsman,public,Kinsman,Ohio,United States,"Mar 29, 1911","$7,000",,6420 Church St.,,,Kinsman_Carnegie_Library.jpg,,,Public libraries,List of Carnegie libraries in Ohio
Lakewood,public,Lakewood,Ohio,United States,"May 2, 1907","$44,600",,15425 Detroit Ave.,,,"lossless-page1-120px-1916_Public_Library,_Lakewood,_OH.tif.png",,,Public libraries,List of Carnegie libraries in Ohio
Lebanon,public,Lebanon,Ohio,United States,"Feb 20, 1903","$10,000",,101 S. Broadway,,,Lebanon_Carnegie_Library.jpg,,Opened 1908,Public libraries,List of Carnegie libraries in Ohio
Lima,public,Lima,Ohio,United States,"Jun 21, 1901","$34,000",,corner of McDonel and Market St.,,,"Lima,_OH_Public_Library.jpg",,,Public libraries,List of Carnegie libraries in Ohio
London,public,London,Ohio,United States,"Mar 14, 1902","$10,000",,20 E. 1st St.,,,"London,_Ohio_Public_Library.jpg",,,Public libraries,List of Carnegie libraries in Ohio
Lorain,public,Lorain,Ohio,United States,"Jul 8, 1902","$30,000",,329 W. 10th St.,,,"Lorain,_OH_Public_Library.jpg",,Open 1904–1957. Now home to the Lorain Historical Society which invested $2 million into renovations and reopened both floors in November 2015.,Public libraries,List of Carnegie libraries in Ohio
Madison,public,Madison,Ohio,United States,"Jun 1, 1915","$10,000",,126 W. Main St.,,,"Madison,_OH_Public_Library.jpg",,"Open 1919–1974, future home of the Madison Historical Society",Public libraries,List of Carnegie libraries in Ohio
Mansfield,public,Mansfield,Ohio,United States,"Mar 27, 1903","$37,000",,43 W. 3rd St.,,,Mansfield-ohio-library.jpg,,,Public libraries,List of Carnegie libraries in Ohio
Marietta,public,Marietta,Ohio,United States,"Jan 2, 1913","$30,000",,615 5th St.,,,"Marietta,_OH_Public_Library.jpg",,Only library in the United States built atop an Indian mound.,Public libraries,List of Carnegie libraries in Ohio
Marion,public,Marion,Ohio,United States,"Dec 27, 1902","$30,000",,244 S. Main St.,,,"Former_library_in_Marion,_Ohio.jpg","https://en.wikipedia.org/wiki/Marion_Public_Library_(Marion,_Ohio)","Open 1907–1980, now a Children's Museum",Public libraries,List of Carnegie libraries in Ohio
Marysville,public,Marysville,Ohio,United States,"Nov 27, 1906","$10,000",,231 S. Court St.,,,"Public_Library,_Marysville,_OH.jpg",,Demolished.,Public libraries,List of Carnegie libraries in Ohio
Maumee,public,Maumee,Ohio,United States,"Sep 29, 1915","$10,000",,501 River Rd.,,,Maumee_Ohio_Carnegie_Library.JPG,,,Public libraries,List of Carnegie libraries in Ohio
Miamisburg,public,Miamisburg,Ohio,United States,"Dec 24, 1908","$12,500",,426 Central Ave.,,,"Miamisburg,_Ohio_Public_Library.jpg",,"Designed by Columbus architect Frank L. Packard. Open 1910–1981, now a civic center.",Public libraries,List of Carnegie libraries in Ohio
Middleport,public,Middleport,Ohio,United States,"Jan 31, 1911","$8,100",,178 S. 3rd St.,,,Middleport_Public_Library.jpg,https://en.wikipedia.org/wiki/Middleport_Public_Library,"Designed by Columbus architect Frank L. Packard. Listed on the National Register of Historic Places, 1986.",Public libraries,List of Carnegie libraries in Ohio
Middletown,public,Middletown,Ohio,United States,"Apr 26, 1902","$25,000",,1320 1st Ave.,,,"Middletown,_OH_Public_Library.jpg",,"Open 1913–1983, vacant",Public libraries,List of Carnegie libraries in Ohio
Milan,public,Milan,Ohio,United States,"Jan 6, 1911","$8,000",,19 E. Church St.,,,"Milan,_Ohio.jpg",,,Public libraries,List of Carnegie libraries in Ohio
Mount Sterling,public,Mount Sterling,Ohio,United States,"Jan 23, 1911","$10,000",,60 W. Columbus St.,,,"Mount_Sterling,_Ohio,_Public_Library.jpg",,,Public libraries,List of Carnegie libraries in Ohio
Napoleon,public,Napoleon,Ohio,United States,"Mar 29, 1911","$10,000",,845 Woodlawn Ave.,,,"Napolean,_OH_Public_Library.jpg",,"Open 1913–1965, now library storage",Public libraries,List of Carnegie libraries in Ohio
New London,public,New London,Ohio,United States,"Jun 11, 1914","$10,000",,67 S. Main St.,,,"New_London,_OH_Public_Library.jpg",,Opened 1916,Public libraries,List of Carnegie libraries in Ohio
Norwalk,public,Norwalk,Ohio,United States,"Feb 2, 1903","$15,000",,46 W. Main St.,,,"Norwalk,_Ohio.jpg",,Designed by Columbus architect Frank L. Packard. Opened 1905.,Public libraries,List of Carnegie libraries in Ohio
Paulding,public,Paulding,Ohio,United States,"Jul 13, 1912","$40,000",,205 S. Main St.,,,Paulding_County_Carnegie_Library.jpg,https://en.wikipedia.org/wiki/Paulding_County_Carnegie_Library,The first Carnegie library to serve an entire county,Public libraries,List of Carnegie libraries in Ohio
Pickerington,public,Pickerington,Ohio,United States,"Jan 27, 1912","$10,000",,15 W. Columbus St.,,,Pickerington_Carnegie_Library.jpg,,Now houses township historical society,Public libraries,List of Carnegie libraries in Ohio
Pomeroy,public,Pomeroy,Ohio,United States,"Jan 27, 1912","$10,000",,200 E. 2nd St.,,,"Pomeroy,_Ohio_Public_Library.jpg",,Designed by Columbus architects Richard Z. Dawson Jr. and Harry Clyde Holbrook. Open 1914–1989. Now law offices.,Public libraries,List of Carnegie libraries in Ohio
Portsmouth,public,Portsmouth,Ohio,United States,"Jul 8, 1901","$50,000",,1220 Gallia St.,,,Portsmouth_Public_Library.JPG,https://en.wikipedia.org/wiki/Portsmouth_Public_Library_(Ohio),Opened 1906,Public libraries,List of Carnegie libraries in Ohio
Ripley,public,Ripley,Ohio,United States,"Jan 2, 1913","$10,000",,27 Main St.,,,Union_Township_Library_in_Ripley.jpg,,Opened 1915,Public libraries,List of Carnegie libraries in Ohio
Rockford,public,Rockford,Ohio,United States,"Jan 18, 1910","$10,000",,162 S. Main St.,,,Rockford_Carnegie_Library.jpg,,,Public libraries,List of Carnegie libraries in Ohio
Salem,public,Salem,Ohio,United States,"Jan 22, 1903","$20,000",,821 E. State St.,,,"Salem,_OH_Public_Library.jpg",,Opened 1905,Public libraries,List of Carnegie libraries in Ohio
Sandusky,public,Sandusky,Ohio,United States,"Aug 7, 1899","$50,000",,114 W. Adams St.,,,Sandusky_Library.jpg,"https://en.wikipedia.org/wiki/Carnegie_Library_(Sandusky,_Ohio)","Opened 1901. On property adjacent to the Library is the former Erie County Jail, built in 1883. In 1996, the Library purchased the Jail from Erie County and embarked upon a $10 million expansion project to renovate and connect the two National Register of Historic Places buildings with new space. The Grand Opening and Rededication of the new Library was held on January 11, 2004.",Public libraries,List of Carnegie libraries in Ohio
South Brooklyn,public,South Brooklyn,Ohio,United States,"Mar 27, 1903","$11,800",,Pearl Rd. and Devonshire Rd.,,,"South_Brooklyn_Public_Library,_OH.jpg",,Open 1905–1936,Public libraries,List of Carnegie libraries in Ohio
Steubenville,public,Steubenville,Ohio,United States,"Jun 30, 1899","$62,000",,407 S. 4th St.,,,Main_Library_of_Steubenville_and_Jefferson_County_Ohio.jpg,,"First (along with East Liverpool) Carnegie Library approved in Ohio. Opened March 12, 1902. Renovated & Enlarged 2018.",Public libraries,List of Carnegie libraries in Ohio
Tiffin,public,Tiffin,Ohio,United States,"Feb 15, 1912","$25,000",,108 Jefferson St.,,,Tiffin_Ohio_Public_Library.jpg,,"Open 1913–1976, now court offices",Public libraries,List of Carnegie libraries in Ohio
Toledo Jermain,public,Toledo,Ohio,United States,"Dec 16, 1905","$125,000",,315 Galena St.,,,Toledo_Jermain_Carnegie_Library.JPG,,"Open 1918–1974, now a church",Public libraries,List of Carnegie libraries in Ohio
Toledo Kent,public,Toledo,Ohio,United States,"Dec 16, 1905",—,,3026 Collingwood Blvd.,,,"Toledo_Kent_Public_Library,_OH.jpg",,,Public libraries,List of Carnegie libraries in Ohio
Toledo Locke,public,Toledo,Ohio,United States,"Dec 16, 1905",—,,806 Main St.,,,Toledo_Locke_Carnegie_Library.JPG,,"Open 1917–2007, vacant",Public libraries,List of Carnegie libraries in Ohio
Toledo Mott,public,Toledo,Ohio,United States,"Dec 16, 1905",—,,1055 Dorr St.,,,"Toledo_Mott_Public_Library,_OH.jpg",,,Public libraries,List of Carnegie libraries in Ohio
Toledo South,public,Toledo,Ohio,United States,"Dec 16, 1905",—,,1638 Broadway,,,Toledo_South_Carnegie_Library.JPG,,"Open 1918–2004, health care clinic",Public libraries,List of Carnegie libraries in Ohio
Upper Sandusky,public,Upper Sandusky,Ohio,United States,"Jan 23, 1911","$10,000",,224 W. Johnson St.,,,"Upper_Sandusky,_OH_Library.jpg",,"Designed by Columbus architect Frank L. Packard. Open 1914–1986, now a doctor's office.",Public libraries,List of Carnegie libraries in Ohio
Warren,public,Warren,Ohio,United States,"Apr 23, 1903","$28,384",,"120 High St., NW",,,Warren_Public_Library.jpg,,,Public libraries,List of Carnegie libraries in Ohio
Washington Court House,public,Washington Court House,Ohio,United States,"Dec 30, 1901","$15,500",,127 S. North St.,,,"Washington_Court_House,_Ohio.jpg",,Designed by Columbus architect Frank L. Packard. Opened 1904.,Public libraries,List of Carnegie libraries in Ohio
Wauseon,public,Wauseon,Ohio,United States,"Nov 25, 1903","$8,000",,117 E. Elm St.,,,Wauseon_Ohio_Carnegie_Library.JPG,,Opened 1906,Public libraries,List of Carnegie libraries in Ohio
Wellsville,public,Wellsville,Ohio,United States,"Feb 15, 1912","$10,000",,115 9th St.,,,"Wellsville_Carnegie_Public_Library,_OH.jpg",,,Public libraries,List of Carnegie libraries in Ohio
Willoughby,public,Willoughby,Ohio,United States,"Dec 13, 1906","$14,500",,30 Public Sq.,,,"Public_Libary_Willoughby,_Ohio.jpg",,Opened 1909,Public libraries,List of Carnegie libraries in Ohio
Wilmington,public,Wilmington,Ohio,United States,"Feb 4, 1902","$12,500",,268 N. South St.,,,Wilmington_Carnegie_library_on_North_South_Street.jpg,,Opened 1904,Public libraries,List of Carnegie libraries in Ohio
Wooster,public,Wooster,Ohio,United States,"Feb 2, 1903","$15,000",,304 N. Market St.,,,"Wooster,_OH_Public_Library.jpg",,Demolished 1967,Public libraries,List of Carnegie libraries in Ohio
Xenia,public,Xenia,Ohio,United States,"Jan 10, 1902","$23,500",,194 E. Church St.,,,Xenia_Carnegie_Library.jpg,,"Opened 1908, vacant since the 1974 Xenia tornado. Purchased in 2021 for use as the ""Xenia Carnegie Cultural Centre with O’Neil’s Restaurant and Event Venue."" [4] [5]",Public libraries,List of Carnegie libraries in Ohio
Youngstown,public,Youngstown,Ohio,United States,"Feb 19, 1908","$50,000",,305 Wick Ave.,,,McMillan_Library_from_southwest.jpg,,Called the Reuben McMillan Free Library,Public libraries,List of Carnegie libraries in Ohio
Zanesville,public,Zanesville,Ohio,United States,"Dec 16, 1905","$54,000",,220 N. 5th St.,,,ZanesvilleOH_PublicLibrary_cropped.jpg,,,Public libraries,List of Carnegie libraries in Ohio
Cedarville College,academic,,Ohio,United States,,"$11,795",,160 N. Main St.,,,"Cedarville,_Ohio.jpg",https://en.wikipedia.org/wiki/Cedarville_University,"Open 1908–1960, now art studios",Academic libraries,List of Carnegie libraries in Ohio
Heidelberg University,academic,,Ohio,United States,,"$25,000",,28 Greenfield St.,41.11528,-83.16806,Pfleiderer_Center_for_Religion_and_the_Humanities.jpg,https://en.wikipedia.org/wiki/Heidelberg_University_(Ohio),"Open 1912–1967, now Pfleiderer Hall, houses humanities",Academic libraries,List of Carnegie libraries in Ohio
Marietta College,academic,,Ohio,United States,,"$40,000",,215 Fifth St.,,,"Marietta,_OH_College_Library.jpg",https://en.wikipedia.org/wiki/Marietta_College,"Open 1906–1961, now Irvine Administration Building",Academic libraries,List of Carnegie libraries in Ohio
Miami University,academic,,Ohio,United States,,"$40,000 $50,000",,101 Alumni Hall,,,Miamiu.jpg,https://en.wikipedia.org/wiki/Miami_University,"Designed by Columbus architect Frank L. Packard and built by Henry Karg of Westerville. Called Alumni Hall, it was the school's original library until 1973. Now houses the Department of Architecture and Interior Design.",Academic libraries,List of Carnegie libraries in Ohio
Oberlin College,academic,,Ohio,United States,,"$150,000",,52 W. Lorain St.,,,Oberlin_College_-_Carnegie_Building.jpg,https://en.wikipedia.org/wiki/Oberlin_College,"Open 1908–1974, now used for Oberlin College Library storage and offices",Academic libraries,List of Carnegie libraries in Ohio
Otterbein University,academic,,Ohio,United States,,"$20,000",,102 W. College Ave.,,,"Carnegie_Libraries_of_Ohio._Westerville,_Ohio._Clippinger_Hall_Otterbein_University,_now_Office_of_Admissions.jpg",https://en.wikipedia.org/wiki/Otterbein_University,"Designed by Columbus architect Frank L. Packard and built by Henry Karg of Westerville. Opened 1908. Renamed Clippinger Hall after Walter Gillan Clippinger, longest serving Otterbein president (1909-1939). Now houses Office of Admission. Listed on the National Register of Historic Places, 2021. Carnegie Libraries of Ohio written by Mary Ellen Armentrout, Otterbein Class of 1966.",Academic libraries,List of Carnegie libraries in Ohio
Wilberforce University,academic,,Ohio,United States,,"$17,950",,1400 Brush Row Rd.,,,Wilberforce_Carnegie_Library_front.jpg,https://en.wikipedia.org/wiki/Wilberforce_University,"Open 1909–1976, now part of National Afro-American Museum and Cultural Center",Academic libraries,List of Carnegie libraries in Ohio
Ardmore,public,Ardmore,Oklahoma,United States,"Mar 20, 1903","$15,000",,500 Stanley Street SW,,,Ardmore_July_2018_08_(Ardmore_Carnegie_Library).jpg,,Current location of the Pansy Garden Club,Public libraries,List of Carnegie libraries in Oklahoma
Bartlesville,public,Bartlesville,Oklahoma,United States,"Apr 23, 1908","$12,500",,7th and Osage,,,,,Currently Law Offices,Public libraries,List of Carnegie libraries in Oklahoma
Chickasha,public,Chickasha,Oklahoma,United States,"Feb 12, 1903","$10,000",,527 Iowa Ave,,,,,Razed in 1963,Public libraries,List of Carnegie libraries in Oklahoma
Collinsville,public,Collinsville,Oklahoma,United States,"Jun 1, 1915","$7,500",,1223 W Main St,,,,,,Public libraries,List of Carnegie libraries in Oklahoma
Cordell,public,Cordell,Oklahoma,United States,"Jan 6, 1911","$9,000",,105 E 1st St,,,Cordell_Carnegie_Public_Library_(22423712423).jpg,https://en.wikipedia.org/wiki/Cordell_Carnegie_Public_Library,Location of Washita County Historical Society museum since 1981,Public libraries,List of Carnegie libraries in Oklahoma
El Reno,public,El Reno,Oklahoma,United States,"Nov 25, 1903","$12,500",,215 E. Wade,,,Carnegie_Library_El_Reno_Oklahoma.jpg,"https://en.wikipedia.org/wiki/Carnegie_Library_(El_Reno,_Oklahoma)",,Public libraries,List of Carnegie libraries in Oklahoma
Elk City,public,Elk City,Oklahoma,United States,"Apr 13, 1914","$10,000",,221 West Broadway,,,,,,Public libraries,List of Carnegie libraries in Oklahoma
Enid,public,Enid,Oklahoma,United States,"Feb 20, 1904","$25,000",,402 North Independence Avenue,,,,,Razed in 1972,Public libraries,List of Carnegie libraries in Oklahoma
Frederick,public,Frederick,Oklahoma,United States,"Sep 25, 1914","$10,000",,200 East Grand,,,,,,Public libraries,List of Carnegie libraries in Oklahoma
Guthrie,public,Guthrie,Oklahoma,United States,"Oct 17, 1901","$26,000",,406 E Oklahoma Ave,,,Carnegie_Library_1.JPG,"https://en.wikipedia.org/wiki/Carnegie_Library_(Guthrie,_Oklahoma)",Now part of the Oklahoma Territorial Museum,Public libraries,List of Carnegie libraries in Oklahoma
Hobart,public,Hobart,Oklahoma,United States,"May 2, 1911","$10,000",,200 S Main,,,Hobart_Public_Library.jpg,,,Public libraries,List of Carnegie libraries in Oklahoma
Lawton,public,Lawton,Oklahoma,United States,"Mar 31, 1916","$20,000",,"5th & ""B"" Avenue",,,Carnegie_library_lawton_ok.jpg,,Currently the home of Arts for All and under the guardianship of the McMahon Auditorium Authority and the City of Lawton Arts and Humanities division,Public libraries,List of Carnegie libraries in Oklahoma
McAlester,public,McAlester,Oklahoma,United States,"Mar 24, 1906","$25,000",,325 E. Grand Avenue,,,,,Razed in 1973,Public libraries,List of Carnegie libraries in Oklahoma
Miami,public,Miami,Oklahoma,United States,"Mar 15, 1916","$10,000",,200 N. Main,,,,,Razed in 1962,Public libraries,List of Carnegie libraries in Oklahoma
Muskogee,public,Muskogee,Oklahoma,United States,"Aug 30, 1910","$60,000",,401 E. Broadway,,,,,Currently occupied by Ark of Faith,Public libraries,List of Carnegie libraries in Oklahoma
Oklahoma City,public,Oklahoma City,Oklahoma,United States,"Oct 27, 1899","$60,000",,131 Dean A. McGee Avenue,,,,,Razed in 1951,Public libraries,List of Carnegie libraries in Oklahoma
Perry,public,Perry,Oklahoma,United States,"Feb 13, 1909","$10,000",,302 North 7th Street,,,,,,Public libraries,List of Carnegie libraries in Oklahoma
Ponca City,public,Ponca City,Oklahoma,United States,"Aug 29, 1908","$6,500",,Grand Avenue and Fifth Street,,,,,Razed in 1935,Public libraries,List of Carnegie libraries in Oklahoma
Sapulpa,public,Sapulpa,Oklahoma,United States,"Jan 28, 1916","$25,000",,27 W Dewey,,,,,,Public libraries,List of Carnegie libraries in Oklahoma
Shawnee,public,Shawnee,Oklahoma,United States,"Jun 2, 1904","$15,500",,331 North Broadway,,,"Carnegie_Library,_Shawnee,_Oklahoma.jpg",,Now the District Attorney's office,Public libraries,List of Carnegie libraries in Oklahoma
Tahlequah,public,Tahlequah,Oklahoma,United States,"Mar 25, 1905","$10,000",,120 S. College Ave,,,"Tahlequah_Public_Library,_Carnegie_Building.jpg",,"A new building was attached to the Carnegie building and was dedicated in 1978. This new addition currently serves as the primary library facility while the Carnegie building serves as a meeting and special occasion area, still in use by the Tahlequah Public Library.",Public libraries,List of Carnegie libraries in Oklahoma
Tulsa,public,Tulsa,Oklahoma,United States,"Nov 30, 1910","$55,000",,3rd and Cheyenne,,,,,Razed in 1965,Public libraries,List of Carnegie libraries in Oklahoma
University of Oklahoma,academic,Norman,Oklahoma,United States,"February 20, 1903","$30,000",,650 Parrington Oval,,,CarnegieHall.JPG,,"Now the Department of Classics and Letters, the Institute for the American Constitutional Heritage, and the Office of Academic Integrity",Public libraries,List of Carnegie libraries in Oklahoma
Wagoner,public,Wagoner,Oklahoma,United States,"Dec 7, 1911","$10,000",,102 South State,,,"Wagoner,_Oklahoma_Carnegie_Library_1912_2021090600009.jpg",,,Public libraries,List of Carnegie libraries in Oklahoma
Woodward,public,Woodward,Oklahoma,United States,"Dec 3, 1915","$10,000",,1207 8th Street,,,,,,Public libraries,List of Carnegie libraries in Oklahoma
"Albany Carnegie Library (Albany, Oregon)",public,Albany,Oregon,United States,"Apr 8, 1911","$12,500",,302 SW Ferry St.,,,"Albany,_Oregon_-_library_03.jpg",,Part of the Monteith Historic District (info),Public libraries,List of Carnegie libraries in Oregon
Ashland Carnegie Library,public,Ashland,Oregon,United States,"Jun 25, 1909","$15,000",,,,,Ashland_Carnegie_Library.jpg,,,Public libraries,List of Carnegie libraries in Oregon
Baker City Carnegie Library,public,Baker City,Oregon,United States,"Dec 13, 1907","$25,000",,"2020 Auburn Ave, Baker City, OR, 97814",,,"Carnegie_Library_(Baker_City,_Oregon).jpg",,Now known as the Crossroads Arts Center and part of the Baker Historic District (info),Public libraries,List of Carnegie libraries in Oregon
"Coos Bay Carnegie Library – See Marshfield Carnegie Library, below",public,,Oregon,United States,,,,,,,,,,Public libraries,List of Carnegie libraries in Oregon
Dallas Carnegie Library,public,Dallas,Oregon,United States,"Dec 7, 1911","$10,000",,"187 SW Court Street, Dallas, OR 97338",,,"Carnegie_Library_in_Dallas,_Oregon_(8113589613).jpg",,New library opened in 1990. [3],Public libraries,List of Carnegie libraries in Oregon
Enterprise Carnegie Library,public,Enterprise,Oregon,United States,"Jan 31, 1913","$5,000",,,,,Enterprise_Public_Library_-_Enterprise_Oregon.jpg,,On the National Register of Historic Places (NRHP).,Public libraries,List of Carnegie libraries in Oregon
Eugene Carnegie Library,public,Eugene,Oregon,United States,"Dec 14, 1903","$10,000",,,,,"Eugene_Public_Library,_circa_1910.jpg",,Demolished in the 1950s. [4],Public libraries,List of Carnegie libraries in Oregon
Grants Pass Carnegie Library,public,Grants Pass,Oregon,United States,"Nov 18, 1903","$12,500",,,,,,,"Built in 1921, it was the last-built Carnegie library in Oregon. Demolished in 1959.",Public libraries,List of Carnegie libraries in Oregon
Gresham Carnegie Library,public,Gresham,Oregon,United States,"Feb 21, 1901",—,,"410 N. Main St. Gresham, OR",,,Gresham_Carnegie_Library_-_Gresham_Oregon.jpg,https://en.wikipedia.org/wiki/Gresham_Carnegie_Library,The building is on the National Register of Historic Places (NRHP) and is no longer part of the Multnomah County Library system. It is also known as the Gresham Pioneer Museum. (info),Public libraries,List of Carnegie libraries in Oregon
Hermiston Carnegie Library,public,Hermiston,Oregon,United States,"Jan 6, 1915","$5,000",,"215 E Gladys Ave, Hermiston, OR 97838",,,,,,Public libraries,List of Carnegie libraries in Oregon
Hillsboro Carnegie Library,public,Hillsboro,Oregon,United States,"Nov 3, 1913","$10,000",,,,,Hillsboro_Carnegie_Library_building_-_main_facade_(2023).jpg,https://en.wikipedia.org/wiki/Hillsboro_Carnegie_Library,,Public libraries,List of Carnegie libraries in Oregon
Hood River Carnegie Library,public,Hood River,Oregon,United States,"Dec 3, 1912","$17,500",,,,,Hood_River_County_Library-Georgiana_Smith_Park_-_Hood_River_Oregon.jpg,,On the National Register of Historic Places (NRHP),Public libraries,List of Carnegie libraries in Oregon
Klamath Falls Carnegie Library,public,Klamath Falls,Oregon,United States,"Mar 14, 1913","$20,000",,N. Alameda Ave. and Monclaire St.,,,KF_Carnegie.jpg,,"Open 1914–1928, then used as a county public library and a high school library until 1957. Demolished to make room for school cafeteria in 1958.",Public libraries,List of Carnegie libraries in Oregon
La Grande Carnegie Library,public,La Grande,Oregon,United States,"Apr 2, 1913","$12,500",,"1006 Penn Avenue, La Grande 97850",,,"Carnegie_Library_(La_Grande,_Oregon).jpg",,Now Art Center East a member based non-profit arts services organization.,Public libraries,List of Carnegie libraries in Oregon
Marshfield Carnegie Library,public,Marshfield,Oregon,United States,"Apr 28, 1913","$12,500",,"515 W. Market St. Coos Bay, OR",,,Coos_Bay_Carnegie_Library_-_Coos_Bay_Oregon.jpg,,Marshfield is now known as Coos Bay. The building is listed as the Coos Bay Carnegie Library in the National Register of Historic Places and is also known as the Coos Old Museum. (info),Public libraries,List of Carnegie libraries in Oregon
McMinnville Carnegie Library,public,McMinnville,Oregon,United States,"Jan 6, 1912","$10,000",,,,,McMinnville_Oregon_Library.JPG,,(info),Public libraries,List of Carnegie libraries in Oregon
Medford Carnegie Library,public,Medford,Oregon,United States,"Jan 6, 1911","$20,000",,,,,Medford_Carnegie_Library_-_Medford_Oregon.jpg,https://en.wikipedia.org/wiki/Medford_Carnegie_Library,On the National Register of Historic Places (NRHP),Public libraries,List of Carnegie libraries in Oregon
Milton Carnegie Library,public,Milton,Oregon,United States,"Jan 6, 1915","$7,500",,"815 S Main St, Milton-Freewater, OR 97862",,,MiltonCarnegieLibrary.jpg,,Milton is now part of Milton-Freewater. The building is currently used as retail space.,Public libraries,List of Carnegie libraries in Oregon
Newberg Public Library,public,Newberg,Oregon,United States,"Mar 18, 1911","$10,000",,,,,Newberg_Oregon_library.JPG,https://en.wikipedia.org/wiki/Newberg_Public_Library,,Public libraries,List of Carnegie libraries in Oregon
Ontario Carnegie Library,public,Ontario,Oregon,United States,"Dec 3, 1912","$7,500",,,,,,,"Demolished in 1964, but photo exists at ontariocommunitylibrary.org",Public libraries,List of Carnegie libraries in Oregon
Oregon City Carnegie Library,public,Oregon City,Oregon,United States,"Dec 23, 1911","$12,500",,"606 John Adams Street, Oregon City, OR 97045",,,OREGON_CITY_OREGON_CARNEGIE_LIBRARY_copy.jpg,https://en.wikipedia.org/wiki/Oregon_City_Carnegie_Library,Built in 1912–13. Currently in use as the City Public Library. Listed on the National Register of Historic Places.,Public libraries,List of Carnegie libraries in Oregon
Albina Library,public,Portland,Oregon,United States,"Feb 21, 1901","$165,000",,"216 NE Knott Street, Portland, OR 97212",,,Title_Wave_Used_Bookstore_(ex-Albina_Carnegie_Library)_in_Portland_OR.jpg,https://en.wikipedia.org/wiki/Albina_Library,"This building was in use as Multnomah County Library's ""Title Wave Used Bookstore"" until summer 2020, [5] but now hosts the Albina Branch",Public libraries,List of Carnegie libraries in Oregon
Arleta Carnegie Library,public,Portland,Oregon,United States,"Feb 21, 1901",—,,"4420 SE 64th Avenue, Portland, OR 97206",,,Arleta_Library_-_Portland_Oregon.jpg,https://en.wikipedia.org/wiki/Arleta_Branch_Library,The building is no longer part of the Multnomah County Library system.,Public libraries,List of Carnegie libraries in Oregon
East Portland Carnegie Library,public,Portland,Oregon,United States,"Feb 21, 1901",—,,"1110 SE Alder Street, Portland, OR 97214",,,East_Portland_Branch_Multnomah_Library_-_Portland_Oregon.jpg,https://en.wikipedia.org/wiki/East_Portland_Carnegie_Library,The building is on the National Register of Historic Places (NRHP) and is no longer part of the Multnomah County Library system.,Public libraries,List of Carnegie libraries in Oregon
North Portland Library,public,Portland,Oregon,United States,1912 [6],—,,"512 N Killingsworth Street, Portland, OR 97217",,,North_Portland_Public_Library.jpg,https://en.wikipedia.org/wiki/North_Portland_Library,Still part of the Multnomah County Library system,Public libraries,List of Carnegie libraries in Oregon
St. Johns Carnegie Library,public,Portland,Oregon,United States,"Feb 21, 1901",—,,"7510 N Charleston Avenue, Portland, OR 97203",,,St._Johns_Library_in_Portland.jpg,https://en.wikipedia.org/wiki/St._Johns_Carnegie_Library,"St. Johns was formerly a separate city, annexed by Portland in 1915. This library is still part of the Multnomah County Library system.",Public libraries,List of Carnegie libraries in Oregon
South Portland Carnegie Library,public,Portland,Oregon,United States,"Feb 21, 1901",—,,,,,South_Portland_Carnegie_Library_-_South_Portland_HD_60_-_Portland_Oregon.jpg,,No longer part of the Multnomah County Library system,Public libraries,List of Carnegie libraries in Oregon
Salem Carnegie Library,public,Salem,Oregon,United States,"Dec 24, 1907","$27,500",,"790 State Street, Salem, OR 97301",,,Oregon_Civic_Justice_Center.JPG,https://en.wikipedia.org/wiki/Salem_Carnegie_Library_(Oregon),Owned by Willamette University,Public libraries,List of Carnegie libraries in Oregon
The Dalles Carnegie Library,public,The Dalles,Oregon,United States,"Mar 9, 1907","$10,000",,"220 E 4th Street, The Dalles, OR 97058",,,Carnegie_Library_in_The_Dalles_Oregon.jpg,https://en.wikipedia.org/wiki/The_Dalles_Carnegie_Library,On the National Register of Historic Places (NRHP),Public libraries,List of Carnegie libraries in Oregon
Umatilla County Library,public,Pendleton,Oregon,United States,"Jan 6, 1915","$25,000",,"214 N. Main St. Pendleton, OR",,,"Carnegie_Library_(Pendleton,_Oregon).jpg",https://en.wikipedia.org/wiki/Umatilla_County_Library,On the National Register of Historic Places (NRHP). Building now serves as the Pendleton Center for the Arts.,Public libraries,List of Carnegie libraries in Oregon
Union Carnegie Library,public,Union,Oregon,United States,"Apr 25, 1911","$5,500",,,,,"Carnegie_Library_(Union,_Oregon).jpg",,Cornerstone shows 1912,Public libraries,List of Carnegie libraries in Oregon
Woodburn Carnegie Library,public,Woodburn,Oregon,United States,"Jan 14, 1914","$10,000",,,,,,,,Public libraries,List of Carnegie libraries in Oregon
Pacific University,academic,,Oregon,United States,"Apr 5, 1905","$20,000",,,,,Carnegie_Hall_Pacific_University.JPG,https://en.wikipedia.org/wiki/Pacific_University,Built in 1912 as Pacific University 's first library. Designed by Whidden & Lewis. Now used as classrooms. [8],Academic library,List of Carnegie libraries in Oregon
Chestnut Hill,public,,Pennsylvania,United States,,,,8711 Germantown Avenue (19118),40.077255,-75.208755,Phila_FLP_ChestnutHill01.png,,,Philadelphia,List of Carnegie libraries in Pennsylvania
Cobbs Creek,public,,Pennsylvania,United States,,,,"5800 Cobbs Creek Parkway, (19143)",39.94572,-75.241500,Phila_FLP_CobbsCreek01.png,,,Philadelphia,List of Carnegie libraries in Pennsylvania
Falls of Schuylkill,public,,Pennsylvania,United States,,,,3501 Midvale Avenue (19129),40.014201,-75.191874,Phila_FLP_FallsSchuylkill02.png,,,Philadelphia,List of Carnegie libraries in Pennsylvania
Frankford,public,,Pennsylvania,United States,,,,4634 Frankford Avenue (19124),,,,,Replaced by modern building [3],Philadelphia,List of Carnegie libraries in Pennsylvania
Germantown,public,,Pennsylvania,United States,,,,5818 Germantown Avenue (19144),40.037324,-75.176045,Germantown_Free_Library.JPG,,Senior citizens center [4],Philadelphia,List of Carnegie libraries in Pennsylvania
Greenwich,public,,Pennsylvania,United States,,,,,,,,,Original razed [4],Philadelphia,List of Carnegie libraries in Pennsylvania
Haddington,public,,Pennsylvania,United States,,,,446 North 65th Street (19151),39.970048,-75.249346,Phila_FLP_Haddington01.jpg,,,Philadelphia,List of Carnegie libraries in Pennsylvania
Kingsessing,public,,Pennsylvania,United States,,,,1201 South 51st Street (19143),39.942406,-75.219037,Phila_FLP_Kingsessing02.jpg,,,Philadelphia,List of Carnegie libraries in Pennsylvania
Lehigh,public,,Pennsylvania,United States,,,,601 West Lehigh Avenue (19133),39.992343,-75.142173,Phila_FLP_LehighAvenue02.png,,Renamed Lillian Marerro Branch ca. 2005 [6],Philadelphia,List of Carnegie libraries in Pennsylvania
Logan,public,,Pennsylvania,United States,,,,"1333 Wagner Avenue (19141),",40.031457,-75.145342,Phila_FLP_Logan01.png,,,Philadelphia,List of Carnegie libraries in Pennsylvania
Manayunk,public,,Pennsylvania,United States,,,,Fleming and Dupont Streets (19128),40.031107,-75.222124,,,Now an apartment building [7],Philadelphia,List of Carnegie libraries in Pennsylvania
McPherson Square,public,,Pennsylvania,United States,,,,601 East Indiana Avenue (19134),39.994808,-75.11878,Phila_FLP_McPherson01.jpg,,,Philadelphia,List of Carnegie libraries in Pennsylvania
Nicetown,public,,Pennsylvania,United States,,,,1715 Hunting Park Avenue (19124),,,,,"Replaced by modern building in 1961, at 3720 Broad Street 19140 [9]",Philadelphia,List of Carnegie libraries in Pennsylvania
Oak Lane,public,,Pennsylvania,United States,,,,6614 North 12th Street (19126),40.053362,-75.137714,Phila_FLP_OakLane01.png,,Land gift of citizens of Oak Lane and Vicinity [10],Philadelphia,List of Carnegie libraries in Pennsylvania
Paschalville,public,,Pennsylvania,United States,,,,6942 Woodland Avenue (19142),39.920410,-75.24089,Phila_FLP_Paschalville.01.png,,Faces South 70th Street,Philadelphia,List of Carnegie libraries in Pennsylvania
Passyunk,public,,Pennsylvania,United States,,,,1935 Shunk Street (19145),39.919622,-75.1802,Phila_FLP_Passyunk01.png,,"Opened 1914, Renamed 2004: Thomas F. Donatucci Sr. Branch [11]",Philadelphia,List of Carnegie libraries in Pennsylvania
Richmond,public,,Pennsylvania,United States,,,,2987 Almond Street (19134),39.982963,-75.108653,Phila_FLP_Richmond01.jpg,,,Philadelphia,List of Carnegie libraries in Pennsylvania
South Philadelphia,public,,Pennsylvania,United States,,,,2407 S Broad Street,,,,,,Philadelphia,List of Carnegie libraries in Pennsylvania
Southwark,public,,Pennsylvania,United States,,,,1108 South 5th Street,,,,,Now houses Philadelphia Overseas Chinese Association,Philadelphia,List of Carnegie libraries in Pennsylvania
Spring Garden,public,,Pennsylvania,United States,,,,1700 Spring Garden Street,,,,,Razed [4],Philadelphia,List of Carnegie libraries in Pennsylvania
Tacony,public,,Pennsylvania,United States,,,,6742 Torresdale Avenue (19135),40.025356,-75.0452300,Phila_FLP_Tacony01.jpg,,"Land gift of Jacob S. Disston, Esq. 1906 [12]",Philadelphia,List of Carnegie libraries in Pennsylvania
Thomas Holme,public,,Pennsylvania,United States,,,,7810 Frankford Avenue (19136),40.040293,-75.031184,Phila_FLP_Holmesburg01.jpg,,Holmesburg Library Land gift of Lower Dublin Academy [13],Philadelphia,List of Carnegie libraries in Pennsylvania
Walnut Street,public,,Pennsylvania,United States,,,,140 South 40th Street (19104),39.954112,-75.202589,Phila_FLP_WalnutStreet01.png,,West Philadelphia Branch,Philadelphia,List of Carnegie libraries in Pennsylvania
Wissahickon,public,,Pennsylvania,United States,,,,Manayunk Avenue and Osbourne Street,,,,,Razed [4],Philadelphia,List of Carnegie libraries in Pennsylvania
Wyoming,public,,Pennsylvania,United States,,,,231 East Wyoming Avenue (19120),40.021191,-75.121402,Phila_FLP_Wyoming02.jpg,,"Opened October 30, 1930, it was the last library funded by Carnegie. [14]",Philadelphia,List of Carnegie libraries in Pennsylvania
Allegheny,public,,Pennsylvania,United States,1886,"$481,012",,6 Allegheny Square East,,,Carnegie_Free_Library_of_Allegheny.jpg,https://en.wikipedia.org/wiki/Carnegie_Free_Library_of_Allegheny,"The first Carnegie Library in the US to be commissioned and the second to open. Dedicated by Carnegie and U.S. President Benjamin Harrison on February 20, 1890. Also houses the first Carnegie Hall in the US, which is now used by the New Hazlett Theater. And starting in 2017, the library space is being renovated and being turned into the Museum Lab, which is a part of the Children's Museum across the street, and will open in April 2019.",Public libraries,List of Carnegie libraries in Pennsylvania
Beaver Falls,public,,Pennsylvania,United States,"Aug 15, 1899","$50,000",,1301 7th Ave.,,,Carnegie_Free_Library_in_Beaver_Falls.jpg,https://en.wikipedia.org/wiki/Carnegie_Free_Library_of_Beaver_Falls,The 20th Carnegie Library in the U.S. to be commissioned.,Public libraries,List of Carnegie libraries in Pennsylvania
Braddock,public,,Pennsylvania,United States,1887,"$357,782",,419 Library St.,40.401869,-79.865425,CarnegieFreeLibraryofBraddock.jpg,https://en.wikipedia.org/wiki/Carnegie_Free_Library_of_Braddock,"The first Carnegie Library in the US to open and the second to be commissioned. Dedicated by Carnegie and U.S. President Benjamin Harrison on March 30, 1889. Originally, it was not a publicly supported library but was fully funded by the Carnegie Steel Co. and governed by its officials. The first of four such libraries in the US to be fully endowed. An 1893 expansion doubled the size of the building and includes the third Carnegie Music Hall in the US, a Gymnasium, and a swimming pool (currently out of use).",Public libraries,List of Carnegie libraries in Pennsylvania
Bradford,public,,Pennsylvania,United States,"Jan 19, 1900","$40,000",,27 Congress St.,,,Bradford_PA_Carnegie_Public_Library_pre_1920.jpg,,"Library moved to a new building in 1991. Now a restaurant, Beefeaters at the Historic Carnegie Library. [17] [18]",Public libraries,List of Carnegie libraries in Pennsylvania
Butler,public,,Pennsylvania,United States,"May 3, 1917","$37,000",,218 N. McKean St.,,,,,The last library commissioned by Carnegie in Pennsylvania and among the last in the entire country. Opened 1921; renovated 1966 and 2003,Public libraries,List of Carnegie libraries in Pennsylvania
Carnegie,public,,Pennsylvania,United States,"Apr 26, 1898","$310,000",,300 Beechwood Ave.,,,AndrewCarnegieFreeLibrary.jpg,"https://en.wikipedia.org/wiki/Andrew_Carnegie_Free_Library_(Carnegie,_Pennsylvania)","The seventh Carnegie Library in the USA commissioned and the third to be fully endowed. Opened May 1, 1901. Official name: Andrew Carnegie Free Library. Of the 2,509 libraries built by Andrew Carnegie, it was the only public library granted permission to use both his first and last names. In addition to the library, it includes a 788-seat Music Hall, 140-seat Lecture Hall, Civil War Museum, and a small in-town park. [19]",Public libraries,List of Carnegie libraries in Pennsylvania
Connellsville,public,,Pennsylvania,United States,"Apr 22, 1899","$75,000",,299 S. Pittsburgh St.,,,Carnegie_Free_Library_Connellsville_Pennsylvania.jpg,"https://en.wikipedia.org/wiki/Carnegie_Free_Library_(Connellsville,_Pennsylvania)",The 13th library in the US to receive a grant.,Public libraries,List of Carnegie libraries in Pennsylvania
Corry,public,,Pennsylvania,United States,"Nov 9, 1916","$15,000",,203 N. Center St.,,,"Corry,_Pennsylvania_(4826624112).jpg",,Now a restaurant,Public libraries,List of Carnegie libraries in Pennsylvania
Duquesne,public,,Pennsylvania,United States,"Jan 23, 1901","$310,000",,,,,,,The fourth and final library to be fully endowed. Carnegie had a Steel Mill here. Demolished in June 1968,Public libraries,List of Carnegie libraries in Pennsylvania
Easton,public,,Pennsylvania,United States,"Jul 4, 1901","$57,500",,515 Church St.,,,Easton_Area_Public_Library_in_Easton_PA.jpg,https://en.wikipedia.org/wiki/Easton_Area_Public_Library,,Public libraries,List of Carnegie libraries in Pennsylvania
Edgewood,public,,Pennsylvania,United States,"May 8, 1914","$12,500",,4400 Greensburg Pike,,,,,"C.C. Mellor Memorial Library, opened September 1, 1916. Named for Charles C. Mellor, one of the original trustees, appointed by Andrew Carnegie, of the Carnegie Library of Pittsburgh.",Public libraries,List of Carnegie libraries in Pennsylvania
Hamburg,public,,Pennsylvania,United States,"Feb 20, 1903","$10,000",,35 N. 3rd St.,,,Hamburg_Public_Library_BerksCo_PA.JPG,"https://en.wikipedia.org/wiki/Hamburg_Public_Library_(Hamburg,_Pennsylvania)",,Public libraries,List of Carnegie libraries in Pennsylvania
Homestead,public,,Pennsylvania,United States,"Nov 27, 1896","$322,067",,510 E. 10th Ave.,,,CarnegieLibraryofHomestead.jpg,https://en.wikipedia.org/wiki/Carnegie_Library_of_Homestead,"The sixth Carnegie Library in the US to be commissioned and the second to be fully endowed. Opened November 5, 1898. It was the 7th to open—the Lawrenceville branch of Pittsburgh, commissioned at the same time as its main branch, opened 6 months earlier. Also contains a Carnegie Music Hall, a lecture hall, a gymnasium, a swimming pool, and a bowling alley.",Public libraries,List of Carnegie libraries in Pennsylvania
Johnstown,public,,Pennsylvania,United States,"Mar 9, 1890","$55,332",,304 Washington St.,,,Johnstown_Flood_Museum_(11718055843).jpg,https://en.wikipedia.org/wiki/Cambria_Public_Library_Building,"The fourth Carnegie Library commissioned in the US and the first outside of Allegheny County, Pennsylvania. Now the Johnstown Flood Museum.",Public libraries,List of Carnegie libraries in Pennsylvania
Mansfield,public,,Pennsylvania,United States,"Mar 29, 1911","$5,000",,71 N. Main St.,,,,,,Public libraries,List of Carnegie libraries in Pennsylvania
McKeesport,public,,Pennsylvania,United States,"Apr 2, 1899","$50,000",,1507 Library Ave.,,,CarnegieFreeLibraryofMckeesport.jpg,"https://en.wikipedia.org/wiki/Carnegie_Free_Library_(McKeesport,_Pennsylvania)","The 12th library in the US to receive a grant from Carnegie. Opened July 15, 1902.",Public libraries,List of Carnegie libraries in Pennsylvania
Midland,public,,Pennsylvania,United States,"May 8, 1914","$20,000",,61 9th St.,,,Midland_Carnegie_Library.jpg,,,Public libraries,List of Carnegie libraries in Pennsylvania
North Bessemer,public,,Pennsylvania,United States,"May 1, 1901","$20,600",,,,,,,Demolished in the 1950s,Public libraries,List of Carnegie libraries in Pennsylvania
Oakmont,public,,Pennsylvania,United States,"Jan 24, 1899","$25,000",,700 Allegheny River Blvd.,,,"Carnegie_Library,_Oakmont,_2015-02-27.jpg",,The tenth library in the US to receive a grant. Opened 1901.,Public libraries,List of Carnegie libraries in Pennsylvania
Oil City,public,,Pennsylvania,United States,"Apr 12, 1900","$44,000",,2 Central Ave.,,,Oil_City_Carnegie_Library.jpg,,,Public libraries,List of Carnegie libraries in Pennsylvania
Phoenixville,public,,Pennsylvania,United States,"Mar 9, 1901","$20,000",,183 2nd Ave.,,,Line_art_of_Phoenixville_Public_Library.gif,,"Library trustees contacted Carnegie with their request in 1901. The new building, made of Avondale Stone and Indiana Limestone, opened in September 1902. In 1987 an addition was added to one side of the building to increase space and add ADA access. [20]",Public libraries,List of Carnegie libraries in Pennsylvania
Pittsburgh Main,public,,Pennsylvania,United States,"Feb 6, 1890","$1,160,614 [21]",,4400 Forbes Ave.,,,Carnegie_Library_of_Pittsburgh_1.jpg,https://en.wikipedia.org/wiki/Carnegie_Library_of_Pittsburgh,"The third Carnegie Library commissioned in the US and the first to have multiple branches. Main library dedicated November 5, 1895, at which time Carnegie announced an additional gift to enlarge the building. The mammoth structure in the Oakland neighborhood of Pittsburgh contains the Main Library, Carnegie Music Hall (the fourth to open in the USA), Carnegie Museum of Natural History, and Carnegie Museum of Art.",Public libraries,List of Carnegie libraries in Pennsylvania
Pittsburgh East Liberty,public,,Pennsylvania,United States,"Feb 6, 1890",—,,,,,,,"Opened 1905, demolished in the 1960s. In 1967 a new Carnegie library opened at a different location in East Liberty. That structure was renovated in 2010 by Edge Studio.",Public libraries,List of Carnegie libraries in Pennsylvania
Pittsburgh Hazelwood,public,,Pennsylvania,United States,"Feb 6, 1890",—,,4748 Monongahela St.,,,Hazelwood_Branch_Library_abandoned.jpg,https://en.wikipedia.org/wiki/Hazelwood_Branch_of_the_Carnegie_Library_of_Pittsburgh,"Opened August 15, 1900. The eleventh Carnegie funded library to open in America. Relocated to Second Avenue in 2004.",Public libraries,List of Carnegie libraries in Pennsylvania
Pittsburgh Homewood,public,,Pennsylvania,United States,?,"$160,500 [22]",,7101 Hamilton Ave.,,,HomewoodCarnegieLibraryofPittsburgh.jpg,https://en.wikipedia.org/wiki/Homewood_Branch_of_the_Carnegie_Library_of_Pittsburgh,"Opened 1910, it was not part of Carnegie's original grant to Pittsburgh but part of a later gift. It's the last library Carnegie built in the city of Pittsburgh and is much bigger than a typical branch building. It's the library featured in episodes of the PBS show Mr. Rogers Neighborhood. Includes 300-seat auditorium. Renovated 2004.",Public libraries,List of Carnegie libraries in Pennsylvania
Pittsburgh Lawrenceville,public,,Pennsylvania,United States,"Feb 6, 1890",—,,279 Fisk St.,,,CarnegieLibaryLawrencevillePHLF.jpg,https://en.wikipedia.org/wiki/Lawrenceville_Branch_of_the_Carnegie_Library_of_Pittsburgh,"Opened May 10, 1898. The 6th Carnegie Library to open in the US, it was the first 'self-service' library using an open-stacks policy. It was planned so one librarian could oversee the entire operation with a circulation desk flanked by turnstiles that admitted readers to the open stacks one at a time. Also the first library to have a room for children. The reading rooms were separated by walls that became glass partitions above waist level—under the watchful eye of the librarian. [1] [23]",Public libraries,List of Carnegie libraries in Pennsylvania
Pittsburgh Mount Washington,public,,Pennsylvania,United States,"Feb 6, 1890",—,,315 Grandview Ave.,,,"CarnegieLibraryofPittsburgh,MountWashington.JPG",https://en.wikipedia.org/wiki/Mount_Washington_Branch_of_the_Carnegie_Library_of_Pittsburgh,"Opened May 31, 1900; the tenth Carnegie funded library to open in America",Public libraries,List of Carnegie libraries in Pennsylvania
Pittsburgh South Side,public,,Pennsylvania,United States,"Feb 6, 1890",—,,2205 E. Carson St.,,,SouthSideCarnegieLibraryPittsburgh.jpg,https://en.wikipedia.org/wiki/South_Side_Branch_of_the_Carnegie_Library_of_Pittsburgh,"Opened January 30, 1908, the last of those which were financed from Mr. Carnegie's original gift to the city.",Public libraries,List of Carnegie libraries in Pennsylvania
Pittsburgh West End,public,,Pennsylvania,United States,"Feb 6, 1890",—,,47 Wabash St.,,,WestEndCarnegieLibraryofPittsburgh.jpg,https://en.wikipedia.org/wiki/West_End_Branch_of_the_Carnegie_Library_of_Pittsburgh,"Opened January 31, 1899. The eighth Carnegie funded library to open in America. It was Carnegie's second library (after Lawrenceville branch) to have open shelves for patrons and second neighborhood branch—which he scaled down considerably from the huge structures built as central libraries and cultural centers such as Braddock, Allegheny, Homestead, and Pittsburgh Main Branch.",Public libraries,List of Carnegie libraries in Pennsylvania
Pittsburgh Wylie Avenue,public,,Pennsylvania,United States,"Feb 6, 1890",—,,1911 Wylie Ave.,,,,,"Opened June 1, 1899. The ninth Carnegie funded library to open in America. Branch relocated in 1982. Original building now a mosque",Public libraries,List of Carnegie libraries in Pennsylvania
Pottsville,public,,Pennsylvania,United States,"Jan 28, 1916","$45,000",,215 W. Market St.,,,,,,Public libraries,List of Carnegie libraries in Pennsylvania
Reading,public,,Pennsylvania,United States,"Apr 16, 1910","$111,180",,100 S. 5th St.,,,,,"Dedicated May 15, 1913",Public libraries,List of Carnegie libraries in Pennsylvania
Ridley Park,public,,Pennsylvania,United States,"Jun 24, 1911","$10,000",,107 E. Ward St.,,,Ridley_Park_PA_Public_Library.JPG,,"Dedicated July 4, 1912",Public libraries,List of Carnegie libraries in Pennsylvania
Swissvale,public,,Pennsylvania,United States,"Nov 17, 1914","$25,000",,1800 Monongahela Ave.,,,Swissvale_Carnegie_library.jpg,,"Opened February 4, 1918. The last Library built by Carnegie in his adopted home of Allegheny County.",Public libraries,List of Carnegie libraries in Pennsylvania
Bucknell University,academic,,Pennsylvania,United States,"Mar 10, 1904","$30,000",,,,,,https://en.wikipedia.org/wiki/Bucknell_University,Now houses the history department,Academic libraries,List of Carnegie libraries in Pennsylvania
College of Physicians,academic,,Pennsylvania,United States,"Mar 4, 1903","$100,000",,19 S. 22nd St.,39.953333,-75.176667,College_of_Physicians_1.JPG,https://en.wikipedia.org/wiki/College_of_Physicians_of_Philadelphia,,Academic libraries,List of Carnegie libraries in Pennsylvania
Grove City College,academic,,Pennsylvania,United States,"Apr 28, 1900","$32,000",,,,,,https://en.wikipedia.org/wiki/Grove_City_College,Now the alumni center,Academic libraries,List of Carnegie libraries in Pennsylvania
Institute for Colored Youth,academic,,Pennsylvania,United States,"Jul 12, 1905","$10,000",,,,,1909_Cheyney_Library.JPG,https://en.wikipedia.org/wiki/Cheyney_University_of_Pennsylvania,,Academic libraries,List of Carnegie libraries in Pennsylvania
Juniata College,academic,,Pennsylvania,United States,"Mar 15, 1905","$28,000",,,,,"Juniata_College_in_Huntingdon,_Pennsylvania_27.jpg",https://en.wikipedia.org/wiki/Juniata_College,Now an art museum,Academic libraries,List of Carnegie libraries in Pennsylvania
Lebanon Valley College,academic,,Pennsylvania,United States,"Feb 5, 1904","$20,000",,,,,Lebanon_Valley_College.jpg,https://en.wikipedia.org/wiki/Lebanon_Valley_College,Now the admissions office,Academic libraries,List of Carnegie libraries in Pennsylvania
Pennsylvania State College,academic,,Pennsylvania,United States,"Jun 26, 1902","$150,000",,,,,CarnegieBuildingPennStateUniversity.jpg,https://en.wikipedia.org/wiki/Pennsylvania_State_University,Now the College of Communications,Academic libraries,List of Carnegie libraries in Pennsylvania
Perkiomen Seminary,academic,,Pennsylvania,United States,"Apr 24, 1906 Jan 2, 1913","$6,000 $15,000",,,,,Carnegie_Library_of_The_Perkiomen_School.jpg,https://en.wikipedia.org/wiki/Perkiomen_Seminary,,Academic libraries,List of Carnegie libraries in Pennsylvania
Swarthmore College,academic,,Pennsylvania,United States,"Feb 2, 1906","$50,000",,,,,,https://en.wikipedia.org/wiki/Swarthmore_College,"Open 1907–1967, burned September 16, 1983",Academic libraries,List of Carnegie libraries in Pennsylvania
Anderson,public,Anderson,South Carolina,United States,"Mar 14, 1905","$18,700",,405 N. Main St.,,,Anderson_Arts_Center_-_Old_Carnegie_Library.jpg,,"Open 1908–1971, now an arts center",Public libraries,List of Carnegie libraries in South Carolina
Beaufort,public,Beaufort,South Carolina,United States,"Sep 25, 1914","$7,500",,701 Craven St.,,,Beaufort_(SC)_Public_Library.jpg,,Open 1918–1964,Public libraries,List of Carnegie libraries in South Carolina
Camden,public,Camden,South Carolina,United States,"Nov 17, 1914","$5,000",,1314 Broad St.,,,Camden_-_Public_Library.jpg,,"Open 1916–1973, now a museum",Public libraries,List of Carnegie libraries in South Carolina
Charleston,public,Charleston,South Carolina,United States,"Feb 26, 1914","$5,000",,164 King St.,,,CLS_1914_medium.jpg,https://en.wikipedia.org/wiki/Charleston_Library_Society,Not a public library,Public libraries,List of Carnegie libraries in South Carolina
Darlington,public,Darlington,South Carolina,United States,"May 15, 1916","$10,000",,127 N. Main St.,,,,,Open 1920–1988,Public libraries,List of Carnegie libraries in South Carolina
Gaffney,public,Gaffney,South Carolina,United States,"Apr 2, 1913","$7,500",,210 N. Limestone St.,,,CarnegieFreeLibrary_9887.jpg,,"Open 1914–1972, now county offices",Public libraries,List of Carnegie libraries in South Carolina
Greenwood,public,Greenwood,South Carolina,United States,"May 15, 1916","$12,500",,,,,,,"Open 1917–1958, demolished in the 1960s",Public libraries,List of Carnegie libraries in South Carolina
Honea Path,public,Honea Path,South Carolina,United States,"Mar 7, 1907","$5,000",,318 N. Shirley Ave.,,,Honea_Path_-_Carnegie_Library.jpg,,Opened 1908,Public libraries,List of Carnegie libraries in South Carolina
Kingstree,public,Kingstree,South Carolina,United States,"Apr 19, 1915","$6,000",,135 Hampton Ave.,,,,,"Open 1917–2001, now a museum",Public libraries,List of Carnegie libraries in South Carolina
Latta,public,Latta,South Carolina,United States,"Apr 3, 1912","$5,000",,101 N. Marion St.,,,Latta_-_Carnegie_Library.jpg,,Opened 1914,Public libraries,List of Carnegie libraries in South Carolina
Marion,public,Marion,South Carolina,United States,"Nov 16, 1904","$7,500",,101 E. Court St.,,,Marion_-_Carnegie_Library.jpg,,Opened 1906,Public libraries,List of Carnegie libraries in South Carolina
Spartanburg,public,Spartanburg,South Carolina,United States,"Jun 23, 1903","$15,000",,,,,Kennedy_Free_Library.jpg,,"Opened 1906, demolished c.1956",Public libraries,List of Carnegie libraries in South Carolina
Sumter,public,Sumter,South Carolina,United States,"Sep 29, 1915","$10,000",,219 W. Liberty St.,,,"Carnegie_Public_Library_Sumter,_SC.jpg","https://en.wikipedia.org/wiki/Carnegie_Public_Library_(Sumter,_South_Carolina)","Open 1917–1968, now the county genealogical society",Public libraries,List of Carnegie libraries in South Carolina
Union,public,Union,South Carolina,United States,"Jan 13, 1903","$10,000",,300 E. South St.,,,"Carnegie_Free_Library,_300_East_South_Street,_Union_(Union_County,_South_Carolina).jpg",,Opened 1905,Public libraries,List of Carnegie libraries in South Carolina
Benedict College,academic,,South Carolina,United States,"Mar 15, 1904","$6,000",,,,,,https://en.wikipedia.org/wiki/Benedict_College,Replaced by Starks Center in 1937,Academic libraries,List of Carnegie libraries in South Carolina
Converse College,academic,,South Carolina,United States,"Mar 17, 1904","$10,000",,140 N Fairview Ave,,,Converse_College_-_Former_Carnegie_Library.jpg,https://en.wikipedia.org/wiki/Converse_College,"Open 1905–1951, now offices",Academic libraries,List of Carnegie libraries in South Carolina
Furman University,academic,,South Carolina,United States,"Mar 15, 1905","$19,000",,,,,Greenville_-_Carnegie_Library.jpg,https://en.wikipedia.org/wiki/Furman_University,"Open 1906, demolished 1961 after the university moved",Academic libraries,List of Carnegie libraries in South Carolina
Winthrop College,academic,,South Carolina,United States,"Feb 27, 1904","$30,000",,1898 Alumni Dr.,,,Winthrop_College_-_Library.jpg,https://en.wikipedia.org/wiki/Winthrop_University,"Open 1905–1961, now the Rutledge Building, houses art classes and galleries",Academic libraries,List of Carnegie libraries in South Carolina
Aberdeen,public,Aberdeen,South Dakota,United States,"Mar 14, 1901","$15,000",,,,,,,Open 1902–1950,Public libraries,List of Carnegie libraries in South Dakota
Armour,public,Armour,South Dakota,United States,"Feb 26, 1914","$7,500",,915 Main St.,,,"Armour,_South_Dakota,_Carnegie_library_from_SE_1.jpg",,,Public libraries,List of Carnegie libraries in South Dakota
Britton,public,Britton,South Dakota,United States,"May 8, 1914","$7,500",,,,,,,"Open 1921–2002, demolished for school expansion",Public libraries,List of Carnegie libraries in South Dakota
Brookings,public,Brookings,South Dakota,United States,"Dec 13, 1907","$10,000",,524 4th St.,,,BrookingsCarnegie.jpg,,"Open 1915–1976, now the Brookings Arts Council",Public libraries,List of Carnegie libraries in South Dakota
Canton,public,Canton,South Dakota,United States,"Dec 2, 1904","$10,000",,,,,,,Now a day care center,Public libraries,List of Carnegie libraries in South Dakota
Dallas,public,Dallas,South Dakota,United States,"Apr 28, 1913","$5,000",,405 Main St.,,,Dallas_SD_Carnegie_library_from_W_2.JPG,,"Opened September 18, 1914",Public libraries,List of Carnegie libraries in South Dakota
Deadwood,public,Deadwood,South Dakota,United States,"Apr 11, 1902","$15,000",,435 Williams St.,,,,,,Public libraries,List of Carnegie libraries in South Dakota
Dell Rapids,public,Dell Rapids,South Dakota,United States,"Nov 20, 1908","$6,000",,513 N. Orleans Ave.,,,"Carnegie_Library_Dell_Rapids,_SD_1.jpg",,,Public libraries,List of Carnegie libraries in South Dakota
Hot Springs,public,Hot Springs,South Dakota,United States,"Mar 9, 1907","$10,000",,145 N. Chicago St.,,,HotSpringsSD_Library.jpg,,Now an insurance office,Public libraries,List of Carnegie libraries in South Dakota
Huron,public,Huron,South Dakota,United States,"Dec 13, 1907","$10,000",,,,,,,Open 1909–1965,Public libraries,List of Carnegie libraries in South Dakota
Lake Andes Carnegie Library,public,Lake Andes,South Dakota,United States,"Nov 21, 1911","$5,000",,500 Main St.,,,"Lake_Andes,_South_Dakota_library_from_N.jpg",https://en.wikipedia.org/wiki/Lake_Andes_Carnegie_Library,"Listed on National Register of Historic Places in 2000, still in operation in 2022.",Public libraries,List of Carnegie libraries in South Dakota
Madison,public,Madison,South Dakota,United States,"Jan 16, 1906","$10,000",,209 E. Center St.,,,Madison_Public_Library.jpg,,,Public libraries,List of Carnegie libraries in South Dakota
Milbank,public,Milbank,South Dakota,United States,"Apr 11, 1905","$7,000",,211 S. 3rd St.,,,"Milbank_Carnegie_Library2_NRHP_78002555_Gtant_County,_SD.jpg",,"Closed 1979, now a museum",Public libraries,List of Carnegie libraries in South Dakota
Mitchell,public,Mitchell,South Dakota,United States,"Jan 10, 1902","$12,000",,119 W. 3rd Ave.,,,"Carnegie_Library_Mitchell,_South_Dakota.jpg",,Now houses historical and genealogical societies,Public libraries,List of Carnegie libraries in South Dakota
Pierre,public,Pierre,South Dakota,United States,"Mar 20, 1903","$12,500",,,,,,,"Open 1905–1972. Heavily damaged by fire in 1994, demolished 1995",Public libraries,List of Carnegie libraries in South Dakota
Rapid City,public,Rapid City,South Dakota,United States,"Mar 11, 1914","$12,500",,604 Kansas City St.,,,Rapid_City_Carnegie_Library_2017.JPG,,,Public libraries,List of Carnegie libraries in South Dakota
Redfield,public,Redfield,South Dakota,United States,"Mar 14, 1902","$10,000",,5 E. 5th Ave.,,,"REDFIELD_CARNEGIE_LIBRARY,_SPINK_COUNTY,_SD.JPG",,Opened in 1902,Public libraries,List of Carnegie libraries in South Dakota
Sioux Falls,public,Sioux Falls,South Dakota,United States,"Jan 24, 1901","$30,000",,235 W. 10th St.,,,Carnegie_Library_Sioux_Falls_1.jpg,,"Open 1903–1972, now the town hall",Public libraries,List of Carnegie libraries in South Dakota
Sisseton,public,Sisseton,South Dakota,United States,"Jun 11, 1914","$7,500",,215 Oak St. E,,,Sisseton_Carnegie_library_from_SSW_1.jpg,,,Public libraries,List of Carnegie libraries in South Dakota
Tyndall,public,Tyndall,South Dakota,United States,"Dec 3, 1915","$7,500",,110 W. 17th Ave.,,,Tyndall_SD_Carnegie_library_from_SW_1.JPG,,,Public libraries,List of Carnegie libraries in South Dakota
Vermillion,public,Vermillion,South Dakota,United States,"Feb 20, 1903","$10,000",,12 Church St.,,,VermilionSD_CarnegieLibraryBuilding.jpg,,,Public libraries,List of Carnegie libraries in South Dakota
Wagner,public,Wagner,South Dakota,United States,"Jun 1, 1915","$5,000",,,,,,,,Public libraries,List of Carnegie libraries in South Dakota
Watertown,public,Watertown,South Dakota,United States,"Apr 13, 1903","$10,000",,27 1st Ave. SE,,,"CARNEGIE_FREE_PUBLIC_LIBRARY,_CODINGTON_COUNTY,_SD.JPG",,"Open 1906–1967, now a museum",Public libraries,List of Carnegie libraries in South Dakota
Wessington Springs,public,Wessington Springs,South Dakota,United States,"May 3, 1917","$7,000",,109 W. Main St.,,,Wessington_Springs_library_from_NE_1.jpg,,,Public libraries,List of Carnegie libraries in South Dakota
Yankton,public,Yankton,South Dakota,United States,"Mar 14, 1902","$12,000",,4th and Capitol Sts.,,,Yankton_Carnegie_Library_from_E_1.JPG,,,Public libraries,List of Carnegie libraries in South Dakota
University of South Dakota,academic,,South Dakota,United States,"Feb 2, 1906","$40,000",,350 E. Clark St.,,,National_Music_Museum.jpg,https://en.wikipedia.org/wiki/University_of_South_Dakota,Now the National Music Museum,Academic libraries,List of Carnegie libraries in South Dakota
Yankton College,academic,,South Dakota,United States,"Feb 2, 1904","$17,000",,About 1048 Douglas Ave.,42.88000,-97.39083,,https://en.wikipedia.org/wiki/Yankton_College,"Became the Art Building in 1970. Part of Federal Prison Camp, Yankton since 1988",Academic libraries,List of Carnegie libraries in South Dakota
Brownsville Carnegie Library,public,Brownsville,Tennessee,United States,"Dec 2, 1909","$7,500",,121 W. Main St.,,,Brownsville_Carnegie_Library-Brownsville_TN.jpg,https://en.wikipedia.org/wiki/Brownsville_Carnegie_Library,"Built 1910–1912; open 1912–2002, now Chamber of Commerce; possibly designed by Neander M. Woods Jr., Memphis; rehabbed 1993 [3] Listed on National Register of Historic Places in 2018.",Public libraries,List of Carnegie libraries in Tennessee
Old Library Building,public,Chattanooga,Tennessee,United States,"Dec 27, 1900","$50,000",,200 E. 8th St.,,,OldLibraryChattanooga.jpg,"https://en.wikipedia.org/wiki/Old_Library_Building_(Chattanooga,_Tennessee)","Built 1903–1905; open 1905–1940, rehabbed late 1960s for private offices; listed on National Register of Historic Places, 1973; designed by Reuben H. Hunt, Chattanooga, TN [4]",Public libraries,List of Carnegie libraries in Tennessee
Etowah,public,Etowah,Tennessee,United States,"Sep 29, 1915","$8,000",,723-725 Ohio Ave.,,,Etowah-Carnegie-Library-tn1.jpg,,"Built 1915–1916; still functions as a library; also serves as Etowah's city hall; designed by unnamed local architect/engineer/draftsman; listed on National Register of Historic Places, 2003 [5]",Public libraries,List of Carnegie libraries in Tennessee
Greeneville,public,Greeneville,Tennessee,United States,"Nov 3, 1913","$10,000",,109 West Summer St.,,,,,"Built 1914–1915; closed 1970s; listed on National Register of Historic Places, 1974; designed by Aaron T. Simmons, Bloomington, IL; also women's rest room until 1975; National Guard headquarters late 1970s; vacant [6]",Public libraries,List of Carnegie libraries in Tennessee
Harriman,public,Harriman,Tennessee,United States,"Nov 20, 1908","$10,000",,601 Walden St.,,,Harriman-public-library-tn1.jpg,,"Built 1909–1910; still in use as a public library; listed on National Register of Historic Places, 1989; designed by Paul O. Moratz, Bloomington, IL [7]",Public libraries,List of Carnegie libraries in Tennessee
Jackson,public,Jackson,Tennessee,United States,"Feb 13, 1901","$30,000",,305 E. College St.,,,Jackson_Free_Library.JPG,https://en.wikipedia.org/wiki/Carnegie_Center_for_Arts_and_History,"Built 1901–1903; closed 1968, rehabbed 1981 as an art and history center; listed on National Register of Historic Places, 1975; designed by Anthony Ten Eyck Brown and Frederick H. Brown, Nashville [8]",Public libraries,List of Carnegie libraries in Tennessee
Johnson City,public,Johnson City,Tennessee,United States,"Dec 23, 1902","$16,000",,,,,,,"Built 1902–1904, part of Mountain Branch, National Home for Disabled Volunteer Soldiers; now a lecture hall; National Historic Landmark; designed by Joseph H. Freeland, NYC; rehabbed 1998 [9]",Public libraries,List of Carnegie libraries in Tennessee
Knoxville,public,Knoxville,Tennessee,United States,"May 15, 1916","$10,000",,,,,,,"Built 1916–1918; Free Colored Carnegie Branch, demolished 1965; designed by Albert B. Baumann, Knoxville; closed 1965 [10]",Public libraries,List of Carnegie libraries in Tennessee
Nashville Main,public,Nashville,Tennessee,United States,"Jul 23, 1901","$100,000",,222 8th Ave. N.,,,,,"Built 1904; demolished 1963; designed by Albert Randolph Ross, NYC, with Thompson, Gibel & Asmus, Nashville (Supervising Architects); integrated 1949–1954; closed 1963 and replaced with Ben West Library 1963-1965 [11]",Public libraries,List of Carnegie libraries in Tennessee
Nashville Carnegie,public,Nashville,Tennessee,United States,"January 31, 1912","$25,000",,1001 Monroe St.,,,,,"Built 1913–1915, still in use as a public library; part of the Buena Vista Historic District, 1980; designed by Clarence K. Colley, Nashville; rehabbed 1981–1983; designated Local Landmark [12]",Public libraries,List of Carnegie libraries in Tennessee
Nashville East,public,Nashville,Tennessee,United States,"January 31, 1912","$25,000",,206 Gallatin Ave.,,,,,"Built 1917–1919, still in use as a public library; listed on National Register of Historic Places, 1982; designed by Clarence K. Colley, Nashville; restored 1998–2000; designated Local Landmark [13]",Public libraries,List of Carnegie libraries in Tennessee
Nashville Negro Branch,public,Nashville,Tennessee,United States,"January 31, 1912","$25,000",,220 12th Ave. N.,,,,,"Built 1916–1918; closed 1949, demolished ca.1969; designed by Clarence K. Colley and Robert Sharp, Nashville [14]",Public libraries,List of Carnegie libraries in Tennessee
Union City,public,Union City,Tennessee,United States,"Apr 8, 1910","$10,000",,,,,,,"Built 1910; demolished by WPA, 1938; designed by Henry D. Whitfield, NYC [15]",Public libraries,List of Carnegie libraries in Tennessee
Fisk University,academic,,Tennessee,United States,"Mar 15, 1905","$20,000",,1720 Meharry Blvd.,36.167620,-86.805034,Fisk_University_Carnegie_Library.jpg,https://en.wikipedia.org/wiki/Fisk_University,"Fisk University Carnegie Library, now Fisk's Academic Building; built 1908–1909, listed on National Register of Historic Places, 1977 (African-American University); design attributed to Shepley, Rutan & Coolidge, Boston, and built by Gabriel Moses McKissack III, Nashville; rehabbed 1995 [16]",Academic libraries,List of Carnegie libraries in Tennessee
Knoxville College,academic,,Tennessee,United States,"Mar 15, 1907","$10,000",,901 Knoxville College Dr.,,,,https://en.wikipedia.org/wiki/Knoxville_College,"Built 1909; demolished 1966; Alumni Memorial Library built in same location in 1967 (African-American University); designed by Martin E. Parmelee, Knoxville [17]",Academic libraries,List of Carnegie libraries in Tennessee
Lincoln Memorial University,academic,,Tennessee,United States,"Apr 18, 1904","$20,000",,Campus quad,36.581027,-83.660447,,https://en.wikipedia.org/wiki/Lincoln_Memorial_University,"Built 1904–1906; still in use as an academic library; design attributed to Gideon T. Spencer, Superintendent of Buildings and Grounds, LMU [18]",Academic libraries,List of Carnegie libraries in Tennessee
Peabody College for Teachers,academic,,Tennessee,United States,"Jan 11, 1917","$180,000",,1210 21st Ave. S.,,,PeabodyLibraryVandy.JPG,https://en.wikipedia.org/wiki/Peabody_College,"Built 1917–1919; still in use as an academic library; designated National Historic Landmark, 1965; listed on NRHP, 1966; designed by Edward L. Tilton, NYC; George Peabody College for Teachers merged in 1979 with Vanderbilt University [19]",Academic libraries,List of Carnegie libraries in Tennessee
University of Tennessee,academic,,Tennessee,United States,"Mar 15, 1905","$40,000",,1404 Circle Dr.,,,,https://en.wikipedia.org/wiki/University_of_Tennessee,"Built 1910–1911; converted into administrative offices with PWA funds in 1934, demolished above foundations. Now the Austin Peay Building, houses the department of psychology; designed by Patton & Miller, Chicago, with Martin Parmelee, Knoxville (supervising architect) [20]",Academic libraries,List of Carnegie libraries in Tennessee
Tusculum College,academic,,Tennessee,United States,ca.1908,"$10,500",,910 Erwin Hwy,,,,,"Built 1910–1911, still in use as an academic library; listed on National Register of Historic Places, 1981; half of $22,000 grant shared with Washington College; possibly designed by Patton & Miller, Chicago [21]",Academic libraries,List of Carnegie libraries in Tennessee
Washington College,academic,,Tennessee,United States,ca.1908,"$10,500",,116 Doak Lane,,,,,"Built 1909–1910, vacant; listed on National Register of Historic Places, 2002; half of $22,000 grant shared with Tusculum College; academy closed 2000 [22]",Academic libraries,List of Carnegie libraries in Tennessee
Abilene,public,Abilene,Texas,United States,"Mar 9, 1907","$17,500",,,,,,,Building demolished in 1958,Public libraries,List of Carnegie libraries in Texas
Ballinger,public,Ballinger,Texas,United States,"Feb 10, 1908","$17,500",,204 N 8th St,,,Carnegie_library_ballinger.jpg,,Still a public library,Public libraries,List of Carnegie libraries in Texas
Belton,public,Belton,Texas,United States,"Feb 2, 1903","$10,000",,201 N Main St,,,Carnegie_library_belton_2008.jpg,,Now the Bell County Museum,Public libraries,List of Carnegie libraries in Texas
Brownwood,public,Brownwood,Texas,United States,"Mar 27, 1903","$15,000",,,,,,,Building demolished in 1965,Public libraries,List of Carnegie libraries in Texas
Bryan,public,Bryan,Texas,United States,"Apr 11, 1902","$10,000",,111 S Main St,,,"Bryan,_Texas_Carnegie_Public_Library.jpg",,Now the Carnegie History Center,Public libraries,List of Carnegie libraries in Texas
Clarksville,public,Clarksville,Texas,United States,"Sep 5, 1902","$10,000",,,,,,,Building destroyed by fire in 1980,Public libraries,List of Carnegie libraries in Texas
Cleburne,public,Cleburne,Texas,United States,"Apr 13, 1903","$20,000",,201 N Caddo St,,,Carnegie_library_cleburne_2010.jpg,,Now the Layland Museum,Public libraries,List of Carnegie libraries in Texas
Corsicana,public,Corsicana,Texas,United States,"Mar 16, 1904","$25,000",,,,,,,Building demolished in 1967,Public libraries,List of Carnegie libraries in Texas
Dallas Main,public,Dallas,Texas,United States,"Aug 23, 1899","$76,000",,Commerce & Harwood Streets,,,"Dallas,_Texas._Carnegie_Library_-_photograph_between_1903_and_1907.jpg",,Building demolished in 1954,Public libraries,List of Carnegie libraries in Texas
Dallas Branch,public,Dallas,Texas,United States,"Aug 23, 1899",—,,,,,,,Building demolished,Public libraries,List of Carnegie libraries in Texas
El Paso,public,El Paso,Texas,United States,"Jan 9, 1902","$37,500",,,,,El_Paso_Public_Library_Carnegie_Building.jpg,https://en.wikipedia.org/wiki/El_Paso_Public_Library,Building demolished in 1968,Public libraries,List of Carnegie libraries in Texas
Fort Worth,public,Fort Worth,Texas,United States,"Jun 30, 1899","$50,000",,W 9th St and Throckmorton St,,,CarnegieLibrary_web.jpg,,Building demolished in 1937,Public libraries,List of Carnegie libraries in Texas
Franklin,public,Franklin,Texas,United States,"Apr 2, 1913","$7,500",,315 E Decherd,,,Franklin_carnegie_library.jpg,https://en.wikipedia.org/wiki/Franklin_Carnegie_Library,Now the Robertson County Public Library,Public libraries,List of Carnegie libraries in Texas
Gainesville,public,Gainesville,Texas,United States,"Apr 3, 1912","$15,000",,201 S Denton St,,,Gainesville_June_2017_33_(Butterfield_Stage).jpg,,Now the Butterfield Stage,Public libraries,List of Carnegie libraries in Texas
Greenville,public,Greenville,Texas,United States,"Apr 13, 1903","$15,000",,,,,"Carnegie_Library,_Greenville,_Tx_(6329246435).jpg",,Building demolished in 1953,Public libraries,List of Carnegie libraries in Texas
Houston Main,public,Houston,Texas,United States,"Oct 28, 1899","$65,000",,,,,Houston_Carnegie_Library_1904.jpg,,Building demolished,Public libraries,List of Carnegie libraries in Texas
Houston Segregated,public,Houston,Texas,United States,"Oct 28, 1899","$15,000",,"Frederick St. and Robin St. (later replatted, the area is now Two Allen Center)",,,,,Building demolished in 1970s,Public libraries,List of Carnegie libraries in Texas
Jefferson,public,Jefferson,Texas,United States,"May 15, 1906","$10,000",,301 W Lafayette,,,Jefferson.Carnegie.Library.TX.2010.jpg,https://en.wikipedia.org/wiki/Jefferson_Carnegie_Library,Still the Jefferson Carnegie Library,Public libraries,List of Carnegie libraries in Texas
Memphis,public,Memphis,Texas,United States,"Jan 27, 1912","$10,000",,,,,,,Building demolished in mid-1980s,Public libraries,List of Carnegie libraries in Texas
Palestine,public,Palestine,Texas,United States,"Sep 27, 1912","$15,000",,502 N Queen St,,,Palestine_carnegie_library.jpg,,Resumed service as the Palestine Public Library in June 2023,Public libraries,List of Carnegie libraries in Texas
Pecos,public,Pecos,Texas,United States,"Jun 25, 1911","$9,000",,,,,,,Building demolished in early 1960s,Public libraries,List of Carnegie libraries in Texas
Pittsburg,public,Pittsburg,Texas,United States,"Apr 30, 1898","$5,000",,,,,,,The eighth library in the US to be commissioned by Carnegie and only the second outside of Southwestern Pennsylvania. Building destroyed by fire in 1939,Public libraries,List of Carnegie libraries in Texas
San Antonio,public,San Antonio,Texas,United States,"Jan 6, 1900","$70,000",,,,,"San_Antonio,_Texas._Carnegie_Library.jpg",,Building demolished,Public libraries,List of Carnegie libraries in Texas
Sherman,public,Sherman,Texas,United States,"Apr 3, 1912","$20,000",,301 S Walnut,,,Shermanpubliclibrary.jpg,,Now The Sherman Museum,Public libraries,List of Carnegie libraries in Texas
Stamford,public,Stamford,Texas,United States,"Jun 29, 1908","$15,000",,600 E McHarg St,,,,,Still the Stamford Carnegie Library,Public libraries,List of Carnegie libraries in Texas
Sulphur Springs,public,Sulphur Springs,Texas,United States,"Apr 10, 1909","$12,000",,100 Jefferson St W,,,,,Now Alliance Bank,Public libraries,List of Carnegie libraries in Texas
Temple,public,Temple,Texas,United States,"Jan 22, 1902","$15,000",,,,,,,Building destroyed by fire in 1918,Public libraries,List of Carnegie libraries in Texas
Terrell,public,Terrell,Texas,United States,"Feb 20, 1903","$10,000",,207 N Frances St,,,CarnegieLibraryTerrell1.JPG,,Now the Terrell Heritage Museum,Public libraries,List of Carnegie libraries in Texas
Tyler,public,Tyler,Texas,United States,"Mar 20, 1903","$15,000",,125 S College St,,,Tyler_carnegie_library.jpg,"https://en.wikipedia.org/wiki/Carnegie_Public_Library_(Tyler,_Texas)",Now the Smith County History Center,Public libraries,List of Carnegie libraries in Texas
Vernon,public,Vernon,Texas,United States,"Apr 19, 1915","$12,500",,,,,,,Building demolished in late 1970s,Public libraries,List of Carnegie libraries in Texas
Waco,public,Waco,Texas,United States,"Apr 28, 1902","$30,000",,,,,,,Building demolished,Public libraries,List of Carnegie libraries in Texas
Winnsboro,public,Winnsboro,Texas,United States,"Apr 6, 1908","$10,000",,,,,,,Building demolished in 1967,Public libraries,List of Carnegie libraries in Texas
Wiley University,academic,,Texas,United States,"Mar 26, 1906","$15,000",,711 Wiley Ave.,,,"Carnegie_Library,_Wiley_University.jpg",https://en.wikipedia.org/wiki/Wiley_University,Now the Willis J. King Administration Building,Academic library,List of Carnegie libraries in Texas
American Fork,public,American Fork,Utah,United States,"Sep 26, 1919","$10,000",,54 E. Main St.,,,,,Last Carnegie library granted in the United States; demolished,Carnegie libraries,List of Carnegie libraries in Utah
Beaver,public,Beaver,Utah,United States,"Dec 8, 1913","$10,000",,55 W. Center St.,38.27333,-112.64139,Beaver_Utah_Library.jpeg,,"Federal Revival style, built c. 1917",Carnegie libraries,List of Carnegie libraries in Utah
Brigham City,public,Brigham City,Utah,United States,"Jun 11, 1914","$12,500",,26 E. Forest St.,41.51083,-112.01417,Carnegie_Library_Brigham_City_Utah.jpeg,,"Prairie Style, completed December 15, 1915",Carnegie libraries,List of Carnegie libraries in Utah
Cedar City,public,Cedar City,Utah,United States,"Apr 3, 1912","$10,000",,Near 20 N. Main St.,,,,,"Completed in 1914, condemned c. 1947, demolished c. 1969",Carnegie libraries,List of Carnegie libraries in Utah
Chapman Branch,public,Salt Lake City,Utah,United States,"Mar 31, 1916","$25,000",,577 S. 900 West,40.75667,-111.91611,Chapman_Branch_Library_SLC.jpeg,https://en.wikipedia.org/wiki/Chapman_Branch_Library,"Classical Revival style, dedicated May 1918",Carnegie libraries,List of Carnegie libraries in Utah
Ephraim,public,Ephraim,Utah,United States,"Jan 14, 1914","$10,000",,30 S. Main St.,39.36806,-111.58667,Ephraim_Utah_Carnegie_Library.jpeg,,"Beaux-Arts style, dedicated March 27, 1915",Carnegie libraries,List of Carnegie libraries in Utah
Eureka,public,Eureka,Utah,United States,"Dec 24, 1907","$11,000",,263 W. Main St.,39.95417,-112.12028,Memorial_Building_Eureka_Utah.jpeg,,"Dedicated October 13, 1909, extensively altered in 1947; now the Eureka Memorial Building",Carnegie libraries,List of Carnegie libraries in Utah
Garland,public,Garland,Utah,United States,"Jan 17, 1912","$8,000",,86 W. Factory St.,41.74139,-112.16278,Carnegie_Library_Garland_Utah.jpeg,,"Classical Revival style, dedicated December 12, 1914",Carnegie libraries,List of Carnegie libraries in Utah
Lehi,public,Lehi,Utah,United States,"Nov 7, 1917","$10,000",,51 N. Center St.,40.38861,-111.84889,Lehi_Utah_Carnegie_library.jpeg,,"North wing of the old Lehi City Hall, Mission Style, dedicated December 30, 1921. Now a museum",Carnegie libraries,List of Carnegie libraries in Utah
Manti,public,Manti,Utah,United States,"Mar 21, 1910","$11,470",,2 S. Main St.,39.26528,-111.63306,Manti_Utah_Carnegie_Library.jpeg,,"Classical Revival style, dedicated January 2, 1912",Carnegie libraries,List of Carnegie libraries in Utah
Mount Pleasant,public,Mount Pleasant,Utah,United States,"May 15, 1916","$10,000",,24 E. Main St.,39.54667,-111.45389,Mt_Pleasant_Utah_Carnegie_Library.jpeg,,"Prairie Style, dedicated February 15, 1917",Carnegie libraries,List of Carnegie libraries in Utah
Murray,public,Murray,Utah,United States,"Jan 6, 1911","$10,000",,184 E. Vine St.,40.66361,-111.88667,Murray_City_Library.JPG,,"Demolished March 11, 2020",Carnegie libraries,List of Carnegie libraries in Utah
Ogden,public,Ogden,Utah,United States,"Mar 9, 1901","$25,000",,26th St. and Washington Blvd.,,,,,"Opened April 21, 1903; demolished February 10, 1969",Carnegie libraries,List of Carnegie libraries in Utah
Panguitch,public,Panguitch,Utah,United States,"Dec 3, 1915","$6,000",,75 E. Center St.,37.82306,-112.43361,Carnegie_Library_Panguitch_Utah.jpeg,,Built c. 1918,Carnegie libraries,List of Carnegie libraries in Utah
Parowan,public,Parowan,Utah,United States,"Jan 31, 1913","$6,000",,,,,,,Demolished,Carnegie libraries,List of Carnegie libraries in Utah
Price,public,Price,Utah,United States,"Jan 2, 1913","$10,000",,159 E. Main St.,,,,,"Finished January 17, 1915. Demolished and replaced by a new library building in 1957",Carnegie libraries,List of Carnegie libraries in Utah
Provo,public,Provo,Utah,United States,"Apr 8, 1907","$17,500",,15 N. 100 East,40.23389,-111.657083,,,Original building completely enclosed by a 1939 WPA -sponsored addition,Carnegie libraries,List of Carnegie libraries in Utah
Richfield,public,Richfield,Utah,United States,"Jan 6, 1911","$10,000",,83 E. Center St.,38.76833,-112.08250,Carnegie_Library_Richfield_Utah.jpeg,https://en.wikipedia.org/wiki/Richfield_Carnegie_Library,"American Craftsman style, dedicated May 14, 1913",Carnegie libraries,List of Carnegie libraries in Utah
Richmond,public,Richmond,Utah,United States,"Sep 27, 1912","$8,000",,38 W. Main St.,41.92306,-111.80889,Richmond_Utah_Carnegie_Library.jpeg,,"Classical Revival style, opened October 20, 1914",Carnegie libraries,List of Carnegie libraries in Utah
Smithfield,public,Smithfield,Utah,United States,"Jan 7, 1918","$12,000",,25 N. Main St.,41.83722,-111.82028,Smithfield_Utah_Carnegie_Library.jpeg,,"Prairie Style, completed in 1921",Carnegie libraries,List of Carnegie libraries in Utah
Springville,public,Springville,Utah,United States,"Nov 9, 1916","$10,000",,175 S. Main St.,40.16417,-111.61000,Springville_Utah_Carnegie_Library.jpeg,https://en.wikipedia.org/wiki/Springville_Carnegie_Library,"Prairie Style, opened January 1922. Now a museum",Carnegie libraries,List of Carnegie libraries in Utah
St. George,public,St. George,Utah,United States,"Jan 31, 1913","$8,000",,,,,,,"Completed in 1916, demolished in 1981",Carnegie libraries,List of Carnegie libraries in Utah
Tooele,public,Tooele,Utah,United States,"Jan 5, 1909","$5,000",,47 E. Vine St.,40.53111,-112.29667,Tooele_Utah_Carnegie_Library.jpeg,https://en.wikipedia.org/wiki/Tooele_Carnegie_Library,"Classical Revival style, opened May 10, 1911. Now a museum",Carnegie libraries,List of Carnegie libraries in Utah
Fletcher Free Library,public,Burlington,Vermont,United States,"Jul 25, 1901","$50,000",,235 College St.,44.477462,-73.210080,BurlingtonVTCarnegie.JPG,https://en.wikipedia.org/wiki/Fletcher_Free_Library,"Designed by architect Walter R. B. Willcox of Burlington. This building opened on August 17, 1904. In the late 1970s a large grant was awarded to repair the building, which was later expanded in 1981. [4]",Public libraries,List of Carnegie libraries in Vermont
Fair Haven Public Library,public,Fair Haven,Vermont,United States,"Jan 19, 1905","$8,000",,107 N. Main St.,43.597425,-73.262157,2004_library_Fair_Haven_Vermont_113906084.jpg,,"Designed by architects McLean & Wright of Boston. [5] This building opened on March 18, 1908, and was expanded in 1997.",Public libraries,List of Carnegie libraries in Vermont
Morristown Centennial Library,public,Morristown,Vermont,United States,"Mar 18, 1911","$7,000",,7 Richmond St.,44.563047,-72.595575,,,"This building opened in July 1913, and an expansion was finished in spring 2013. [6]",Public libraries,List of Carnegie libraries in Vermont
Rockingham Free Public Library,public,Rockingham,Vermont,United States,"Jun 1, 1903","$15,000",,65 Westminster St.,43.168128,-72.445221,2003_library_Rockingham_Vermont_113820737.jpg,https://en.wikipedia.org/wiki/Rockingham_Free_Public_Library,"Designed by architects Henry M. Francis & Sons of Fitchburg, Massachusetts, this building was opened in 1909. The grant was initially refused by the town, who did not agree to the annual maintenance tax until 1908. It was expanded in 1929 and 1967.",Public libraries,List of Carnegie libraries in Vermont
Norwich University,academic,Northfield,Vermont,United States,"Mar 18, 1905","$25,000",,Chaplin Hall,44.139148,-72.660699,,https://en.wikipedia.org/wiki/Norwich_University,"Designed by architects Kirby, Petit & Green of New York City with supervising architect Frank A. Walker of Montpelier. [8] It served as a library from its dedication in 1908 until 1991. It now houses the School of Architecture & Art and is known as Chaplin Hall.",Academic library,List of Carnegie libraries in Vermont
Norfolk Main,public,Norfolk,Virginia,United States,"Mar 8, 1901","$50,000",,345 W. Freemason St.,36.851806,-76.295417,Old_Norfolk_Public_Library.jpg,,"Designed by Herbert G. Hale and Henry G. Morse, the Norfolk library has, since 1970, served as office space. [3]",Public libraries,List of Carnegie libraries in Virginia
Norfolk Van Wyck,public,Norfolk,Virginia,United States,"Mar 8, 1901","$20,000",,345 Shirley Ave.,36.874403,-76.290436,,,"This library was funded by a Carnegie grant and a donation from H.D. Van Wyck in 1901, but did not open until May 15, 1916. It was designed by Ferguson, Calrow, and Wren. [4]",Public libraries,List of Carnegie libraries in Virginia
Waynesboro,public,Waynesboro,Virginia,United States,"Feb 26, 1914","$8,000",,301 Walnut Ave.,38.067222,-78.892917,,,"Part of Fishburne Military School since 1984, this building was designed by T. J. Collins & Sons. Now used for JROTC classrooms.",Public libraries,List of Carnegie libraries in Virginia
The College of William & Mary,academic,,Virginia,United States,"Mar 31, 1905 Dec 14, 1921","$20,000 $25,000",,,,,,https://en.wikipedia.org/wiki/The_College_of_William_%26_Mary,"Open 1909–1966, now Tucker Hall",Academic libraries,List of Carnegie libraries in Virginia
Manassas Industrial Institute,academic,,Virginia,United States,"Apr 16, 1908","$15,000",,,,,Carnegie_Hall_Arch.JPG,https://en.wikipedia.org/wiki/Manassas_Industrial_School_for_Colored_Youth,Only entrance arch remains,Academic libraries,List of Carnegie libraries in Virginia
Randolph-Macon College,academic,,Virginia,United States,"May 2, 1921","$60,000",,,,,,https://en.wikipedia.org/wiki/Randolph-Macon_College,Now Peele Hall,Academic libraries,List of Carnegie libraries in Virginia
Washington and Lee University,academic,,Virginia,United States,"Mar 15, 1905","$55,000",,,,,,https://en.wikipedia.org/wiki/Washington_and_Lee_University,"Open 1908–1979, known as Huntley Hall, now houses the Williams School of Commerce",Academic libraries,List of Carnegie libraries in Virginia
Aberdeen,public,Aberdeen,Washington (state),United States,"January 18, 1907","$15,000",,"121 E. Market Street, Aberdeen, WA. 98520-5292",,,"Public_Library,_Aberdeen,_Wash.jpg",,Designed in Neoclassical Revival style by local architect George B. Reid. Built by American Contracting Company. Razed c. 1965 for current library.,Carnegie libraries,List of Carnegie libraries in Washington (state)
Anacortes,public,Anacortes,Washington (state),United States,"December 14, 1908","$10,000",,"1305 8th Street, Anacortes, WA. 98221-1833",,,Anacortes_Public_Library_(now_museum)_03.jpg,,"Designed by Cox, Piper & Carder of Bellingham, WA. Now the Anacortes Museum",Carnegie libraries,List of Carnegie libraries in Washington (state)
Auburn,public,Auburn,Washington (state),United States,"May 17, 1912","$9,000",,"306 Auburn Avenue, Auburn, WA. 98002-5013",,,"Auburn,_WA_-_Auburn_Dance_Center_02.jpg",,Designed by David J. Myers. Currently a dance studio,Carnegie libraries,List of Carnegie libraries in Washington (state)
Bellingham Central,public,Bellingham,Washington (state),United States,"March 27, 1903","$36,000",,"Champion & Commercial Streets, Bellingham, WA. 98225",,,Bellingham_Carnegie_Library.jpg,,"Formally opened February 22, 1908. Razed for parking lot.",Carnegie libraries,List of Carnegie libraries in Washington (state)
Bellingham Fairhaven,public,Bellingham,Washington (state),United States,"March 27, 1903",—,,"1117 12th Street, Bellingham, WA. 98225-6617",,,B'ham_Fairhaven_Library_02.jpg,,"Designed by Seattle firm of Elliot & West. Opened December 20, 1904.",Carnegie libraries,List of Carnegie libraries in Washington (state)
Burlington,public,Burlington,Washington (state),United States,"April 13, 1914","$5,000",,"901 E. Fairhaven Ave., Burlington, WA. 98233-1900",,,Carnegie_Libray_Burlington.jpg,,Designed by Blackwell and Baker in Mediterranean Revival style. Built by Whipple and Hedrick. Currently part of Burlington-Edison School District offices,Carnegie libraries,List of Carnegie libraries in Washington (state)
Centralia,public,Centralia,Washington (state),United States,"January 6, 1911","$15,000",,"110 South Silver Street, Centralia, WA. 98531-4296",,,"Centralia,_WA_library.jpg",,"Designed by Watson M. Vernon of Aberdeen, WA. in Neoclassical Revival style. Expanded and renovated in 1976 by Harry B. Rich of Seattle.",Carnegie libraries,List of Carnegie libraries in Washington (state)
Chehalis,public,Chehalis,Washington (state),United States,"May 8, 1908","$10,000",,"400 N. Market Blvd., Chehalis, WA. 98532-0419",,,Chehalis_Carnegie_Library.jpg,,"Originally designed by Y.D. Hensill of Eugene, Oregon. Heavily remodeled after 1949 Olympia earthquake and razed in 2007 for a new library",Carnegie libraries,List of Carnegie libraries in Washington (state)
Clarkston Public Library,public,Clarkston,Washington (state),United States,"January 17, 1912","$10,000",,"6th & Chestnut Streets, Clarkston, WA. 99403-2644",,,Clarkston_Public_Library_1_-_Clarkston_Washington.jpg,https://en.wikipedia.org/wiki/Clarkston_Public_Library,"Designed in Neoclassical Revival style with Prairie style influences by Lewiston, Idaho architect J.H. Nave. Incorporated into Clarkston High School campus as counseling center.",Carnegie libraries,List of Carnegie libraries in Washington (state)
Edmonds,public,Edmonds,Washington (state),United States,"January 31, 1910","$5,000",,"118 5th Avenue North, Edmonds, WA. 98020-3145",,,Edmonds_WA_museum_02.jpg,"https://en.wikipedia.org/wiki/Andrew_Carnegie_Library_(Edmonds,_Washington)",Designed by H.B. Ward in 2nd Renaissance Revival style. Operated as a library until 1982. Now a museum,Carnegie libraries,List of Carnegie libraries in Washington (state)
Ellensburg,public,Ellensburg,Washington (state),United States,"January 8, 1908","$10,000",,"209 North Ruby Street, Ellensburg, WA. 98926-3338",,,Ellensburg_Library.jpg,,Designed by S.C. Irwin in Neoclassical Revival style. Opened October 1909. Replaced by new library in 1965.,Carnegie libraries,List of Carnegie libraries in Washington (state)
Everett,public,Everett,Washington (state),United States,"January 6, 1903","$25,000",,"3001 Oakes Avenue, Everett, WA. 98201",,,Everett_-_Carnegie_Library_03.jpg,https://en.wikipedia.org/wiki/Everett_Carnegie_Library,"Designed by August F. Heide in Italianate style. Design inspired by Carnegie Library at Pomona, California which was in turn modeled after the Boston Public Library, McKim Building. Currently being renovated for Snohomish County Museum.",Carnegie libraries,List of Carnegie libraries in Washington (state)
Goldendale,public,Goldendale,Washington (state),United States,"November 3, 1913","$8,000",,"131 West Burgen Street, Goldendale, WA. 98620-9544",,,Goldendale_Free_Public_Library_-_Goldendale_Washington.jpg,,"Building designed by A.E. Doyle, with 1985 addition.",Carnegie libraries,List of Carnegie libraries in Washington (state)
Hoquiam,public,Hoquiam,Washington (state),United States,"December 2, 1909","$20,000",,"420 7th Street, Hoquiam, WA. 98550-3616",,,Hoquiam_Timberland_Library_01.jpg,,"Designed by Claude and Starck in the Prairie style. Built by Fred Knack. Opened 1911, remodeled and expanded in 1989-90.",Carnegie libraries,List of Carnegie libraries in Washington (state)
North Yakima,public,North Yakima,Washington (state),United States,"December 14, 1903","$15,000",,"104 N. 3rd Street, Yakima, WA",,,North_Yakima_Library.jpg,,"Designed by Charles Bebb. Opened 1906, Replaced by current Central Library in 1950s.",Carnegie libraries,List of Carnegie libraries in Washington (state)
Olympia,public,Olympia,Washington (state),United States,"March 20, 1903","$25,000",,"620 Franklin St. SE, Olympia, WA. 98501-1359",,,Olympia_Public_Library.jpg,,Designed by Joseph Wohleb of Olympia with Blackwell & Baker of Seattle in Neoclassical Revival style. Currently houses a non-denominational church.,Carnegie libraries,List of Carnegie libraries in Washington (state)
Pasco,public,Pasco,Washington (state),United States,"December 13, 1909","$10,000",,"305 North 4th Avenue, Pasco, WA 99301-5324",,,Pasco_Carnegie_Library.jpg,,Designed by Wilson and Ginnold in the Spanish Revival style. Built by R.L. Ross. Now the Franklin County Historical Museum,Carnegie libraries,List of Carnegie libraries in Washington (state)
Port Angeles,public,Port Angeles,Washington (state),United States,"November 9, 1916","$12,500",,"207 South Lincoln Street, Port Angeles, WA 98362-3002",,,Port_Angeles_-_Carnegie_Library.jpg,,Designed by Harold H. Ginnold in the Neoclassical Revival style. Built by Chris Kuppler. Now Clallam County Historical Society museum,Carnegie libraries,List of Carnegie libraries in Washington (state)
Port Townsend,public,Port Townsend,Washington (state),United States,"July 13, 1912","$12,500",,"1220 Lawrence Street, Port Townsend, WA. 98368",,,Port_Townsend_Library.JPG,,Designed by C. Lewis Wilson & Co. in the Renaissance Revival style with 1990 addition.,Carnegie libraries,List of Carnegie libraries in Washington (state)
Prosser,public,Prosser,Washington (state),United States,"April 28, 1909","$5,000",,"902 7th Street, Prosser, WA. 99350-1454",,,"Prosser,_WA_-_Carnegie_Library.jpg",,Designed in the Neoclassical Revival style by C.D. Walter. Built by F.W. Berndt. Demolished in 1974. [3],Carnegie libraries,List of Carnegie libraries in Washington (state)
Puyallup,public,Puyallup,Washington (state),United States,"February 15, 1912","$12,500",,"330 South Meridian, Puyallup, WA. 98371-5914",,,Puyallup_-_Carnegie_Library.JPG,https://en.wikipedia.org/wiki/Puyallup_Public_Library#Carnegie_Library,"Designed by Roland E. Borhek in the Georgian style and dedicated on February 11, 1913. Razed c. 1961",Carnegie libraries,List of Carnegie libraries in Washington (state)
Renton,public,Renton,Washington (state),United States,"May 21, 1913","$10,000",,"Bronson Way N. near Park Ave. N., Renton, WA 98057-2163",,,TransparentPlaceholder.png,,"Designed by Harold H. Ginnold in the Georgian style. Officially opened March 11, 1914. Razed c. 1968 for park expansion; new library built nearby",Carnegie libraries,List of Carnegie libraries in Washington (state)
Ritzville,public,Ritzville,Washington (state),United States,"December 24, 1906","$10,500",,"302 W. Main St., Ritzville, WA. 99169",,,"Ritzville,_WA_-_Carnegie_Library.JPG",,Designed by Preusse and Zittel in the Neoclassical Revival style. Built by S.S. Schuler. Opened in 1907.,Carnegie libraries,List of Carnegie libraries in Washington (state)
Seattle Main,public,Seattle,Washington (state),United States,"January 6, 1901","$430,000",,"1000 Fourth Avenue, Seattle, WA 98104",,,Seattle_-_Carnegie_Library_01.jpg,,Designed in the Beaux Arts Classical style by P.J. Weber of Chicago. Built by Causey and Carney. Razed 1957-8 for new Library,Carnegie libraries,List of Carnegie libraries in Washington (state)
Seattle Ballard,public,Seattle,Washington (state),United States,"March 27, 1903","$15,000",,"2026 Northwest Market Street, Seattle, WA. 98107-4080",,,Ballard_Carnegie_04.jpg,https://en.wikipedia.org/wiki/Ballard_Carnegie_Library,Designed in the Neoclassical Revival style by Henderson Ryan. Library moved to new quarters in 1963. Building currently houses a bar called Kangaroo and Kiwi.,Carnegie libraries,List of Carnegie libraries in Washington (state)
Seattle Columbia,public,Seattle,Washington (state),United States,"January 6, 1901",—,,"4721 Rainier Avenue South, Seattle, WA 98118-1696",,,Seattle_-_Columbia_City_Library_10.jpg,,"Designed in the Georgian Revival style by Seattle architects W. Marbury Somervell and Harlan Thomas. Opened December 30, 1915 [4] Received addition in 2004",Carnegie libraries,List of Carnegie libraries in Washington (state)
Seattle Fremont,public,Seattle,Washington (state),United States,"January 6, 1901",—,,"1501 North 45th Street, Seattle, WA 98103-6708",,,Seattle_Fremont_Library_01.jpg,,"Designed in Italian Farmhouse style by Daniel R. Huntington. Construction delayed by World War I, opened July 27, 1921. [5] Minor renovations, mostly to lower level in 1987.",Carnegie libraries,List of Carnegie libraries in Washington (state)
Seattle Green Lake,public,Seattle,Washington (state),United States,"January 6, 1901",—,,"7364 East Green Lake Dr. N., Seattle, WA 98115",,,Green_Lake_Library-1.jpg,,"Designed in French Renaissance style by W. Marbury Somervell and Joseph S. Coté. Built by Westlake Construction Company. Opened July 1910 [6] Building renovated in 60s, 80s and 2000s.",Carnegie libraries,List of Carnegie libraries in Washington (state)
Seattle Queen Anne,public,Seattle,Washington (state),United States,"January 6, 1901",—,,"400 West Garfield St., Seattle, WA 98119",,,Seattle_Public_Library_Queen_Anne_Branch_01.jpg,,"Designed in the English Scholastic style by W. Marbury Somervell and Harlan Thomas. Opened January 1, 1914. [7] Interior renovated in the 70s.",Carnegie libraries,List of Carnegie libraries in Washington (state)
Seattle University,academic,Seattle,Washington (state),United States,"January 6, 1901",—,,"5009 Roosevelt Way Northeast, Seattle, WA 98105-3610",,,Seattle_-_U._Dist_Library_05.jpg,,"Designed in Neoclassical Revival style by W. Marbury Somervell and Joseph S. Coté. Opened August 6, 1910. [8] Renovated in 60s, 80s and 2000s.",Carnegie libraries,List of Carnegie libraries in Washington (state)
Seattle West Seattle,public,Seattle,Washington (state),United States,"January 6, 1901",—,,"2306 42nd Ave. S.W., Seattle, WA 98116",,,West_Seattle_Library_01.jpg,,"Designed in French Renaissance Revival style by W. Marbury Somervell and Joseph S. Coté. Opened July 23, 1910 [9] Minor renovations in 30s, 40s, 60s and 2000s.",Carnegie libraries,List of Carnegie libraries in Washington (state)
Sedro-Woolley,public,Sedro-Woolley,Washington (state),United States,"July 9, 1913","$10,000",,"226 Bennett Street, Sedro-Woolley, WA 98284-1607",,,TransparentPlaceholder.png,,Designed in Neoclassical Revival style by Charles Saunders and opened in 1915.. Razed for Sedro-Woolley High School expansion,Carnegie libraries,List of Carnegie libraries in Washington (state)
Snohomish,public,Snohomish,Washington (state),United States,"March 13, 1909","$10,000",,"105 Cedar Avenue, Snohomish, WA. 98290",,,"Snohomish,_WA_-_Carnegie_Library_and_war_memorial.jpg",,Designed in Neoclassical Revival/Prairie Style by Bigger and Warner. Opened in 1910 and expanded in 1968. Later used by Arts of Snohomish until its closure in 2017. [10] Completely renovated and reopened for public use in 2021. [11],Carnegie libraries,List of Carnegie libraries in Washington (state)
South Bend,public,South Bend,Washington (state),United States,"January 20, 1908","$10,000",,"1216 1st Street, South Bend, WA 98586",,,South_Bend_Carnegie_Library_NRHP_82004269.jpg,,Designed in Renaissance Revival style by James T. Walsh. Built by Willapa Construction and opened in 1913. Renovations include window replacement as well as ADA restroom and lift.,Carnegie libraries,List of Carnegie libraries in Washington (state)
Spokane Main,public,Spokane,Washington (state),United States,"March 27, 1903","$155,000",,"10 S. Cedar Street, Spokane, WA. 99201-6823",,,Spokane_Public_Library.JPG,,"Designed in Neoclassical Revival style by Spokane firm of Preusse & Zittel. Built by H.J. Skinner. Library moved to former Sears Department Store building in 1963. Building currently houses Integrus, an architectural firm.",Carnegie libraries,List of Carnegie libraries in Washington (state)
Spokane Altamont,public,Spokane,Washington (state),United States,"March 27, 1903",—,,"25 South Altamont Street, Spokane, WA 99202-3952",,,"Spokane_Public_Library_NRHP_82004290_Spokane_County,_WA.jpg",,Designed in Neoclassical Revival style by Spokane Architect Albert Held. Opened in 1914. [12] Currently an office for Naegeli Court Reporters. [13],Carnegie libraries,List of Carnegie libraries in Washington (state)
Spokane Heath,public,Spokane,Washington (state),United States,"March 27, 1903",—,,"527 East Mission Avenue, Spokane, WA 99202-1917",,,Spokane_Public_Library_-_Heath_Branch.JPG,,"Designed in Gothic Revival style by Spokane architect Julius Zittel, and opened in 1914. It is located in Spokane's Mission Hill Historic District.",Carnegie libraries,List of Carnegie libraries in Washington (state)
Spokane North Hill,public,Spokane,Washington (state),United States,"March 27, 1903",—,,"925 W. Montgomery Avenue, Spokane, WA 99205-1186",,,"Library_Branch_at_Montgomery_and_Monroe,_Spokane,_WA.jpg",,Designed in Neoclassical Revival style by Albert Held. Opened in 1914. Sold to Veterans of Foreign Wars in 1967. Currently occupied by a law firm.,Carnegie libraries,List of Carnegie libraries in Washington (state)
Sunnyside,public,Sunnyside,Washington (state),United States,"April 16, 1910","$5,000",,"621 Grant Avenue, Sunnyside, WA 98944",,,"Carnegie_Library,_Sunnyside,_WA.jpg",,Designed in Neoclassical Revival style by E.H. Ragland and opened in 1911. Razed for new library in 1964.,Carnegie libraries,List of Carnegie libraries in Washington (state)
Tacoma,public,Tacoma,Washington (state),United States,"March 8, 1901","$75,000",,S 12th St & Tacoma Ave S,,,Tacoma_Public_Library.jpg,,"Designed in Neoclassical Revival style by Jardine, Kent & Jardine of New York City with Norton L. Taylor & Everett Babcock supervising architects. Officially opened June 5, 1903. 1949 earthquake damaged building's dome. 1952 addition to library included significant interior modifications.",Carnegie libraries,List of Carnegie libraries in Washington (state)
Vancouver,public,Vancouver,Washington (state),United States,"January 20, 1908","$10,000",,"1511 Main St., Vancouver, Wa. 98660-2945",,,Clark_County_Museum_after_Makeover.jpg,,Designed in Neoclassical Revival style by Dennis Nichols and William Kaufman. Built by Ole Larson. Opened New Year's Eve 1909. Library replaced in 1963. Building now serves as Clark County Historical Museum,Carnegie libraries,List of Carnegie libraries in Washington (state)
Walla Walla,public,Walla Walla,Washington (state),United States,"November 18, 1903","$25,000",,"109 S. Palouse St., Walla Walla, WA 99362-3247",,,Walla_Walla_Library.jpg,,Designed in Neoclassical Revival style by Henry Osterman. Served as library until 1970. Now the Carnegie Art Center. [14],Carnegie libraries,List of Carnegie libraries in Washington (state)
Wenatchee,public,Wenatchee,Washington (state),United States,"March 27, 1909","$10,000",,"Douglas Street and South Chelan Avenue, Wenatchee, WA 98801-2202",,,"Wenatchee,_WA_-_Carnegie_Library_02.jpg",,Designed in Renaissance Revival style by Blackwell and Baker. Opened in 1912. Library moved in 1939. Now housing Wenatchee city park offices.,Carnegie libraries,List of Carnegie libraries in Washington (state)
Main,public,,"Washington, D.C.",United States,,,,Mt. Vernon Square,38.9026,-77.0229,2008-0601-DC-CityMuseumCarnegieLibrary.jpg,https://en.wikipedia.org/wiki/Carnegie_Library_of_Washington_D.C.,"The 11th library in the US to receive a grant. Designed by New York firm Ackerman and Ross, this Beaux-Arts building was dedicated on January 7, 1903. Andrew Carnegie and President Theodore Roosevelt attended the ceremony. The building ceased to serve as the central branch of DC Public Library in 1970; it now houses the offices, collections, and research library of the Historical Society of Washington, D.C. [1] It also houses an Apple store.",Carnegie libraries,"List of Carnegie libraries in Washington, D.C."
Mount Pleasant,public,,"Washington, D.C.",United States,,,,"1600 Lamont St., NW",38.930558,-77.037176,Mount_Pleasant_library_(4356776281).jpg,"https://en.wikipedia.org/wiki/Mount_Pleasant_Library_(Washington,_D.C.)","Designed by noted library architect Edward Lippincott Tilton, this is the last library built with Carnegie funds in Washington, D.C., having opened on May 15, 1925. [2]",Carnegie libraries,"List of Carnegie libraries in Washington, D.C."
Southeast,public,,"Washington, D.C.",United States,,,,"403 7th St., SE",38.8840750,-76.9964583,Southeast_Neighborhood_Library.jpg,https://en.wikipedia.org/wiki/Southeast_Neighborhood_Library,"Another building designed by Edward Lippincott Tilton, this library sits on a triangular site. It opened December 8, 1922. [3]",Carnegie libraries,"List of Carnegie libraries in Washington, D.C."
Takoma Park,public,,"Washington, D.C.",United States,,,,"416 Cedar St., NW",38.9747194,-77.0186333,"Takoma_Park_neighborhood_branch_of_the_D.C._Public_Library_System,_416_Cedar_St.,_N.W.,_Washington,_D.C_LCCN2012630213.jpg",https://en.wikipedia.org/wiki/Takoma_Park_Neighborhood_Library,"Built in the Renaissance Revival style by Marsh and Peter and opening on November 17, 1911, this was the first branch library in Washington, D.C. The building was renovated in 2008 and 2009. [4]",Carnegie libraries,"List of Carnegie libraries in Washington, D.C."
Howard University,academic,,"Washington, D.C.",United States,"Dec 2, 1907","$50,000",,Carnegie Bldg.,38.9228667,-77.0208444,,https://en.wikipedia.org/wiki/Howard_University,"A Whitfield & King of New York design, this building was dedicated April 25, 1910, in exercises attended by Andrew Carnegie and President William Howard Taft. It was repurposed in 1937, now serving as office space. [6]",Academic library,"List of Carnegie libraries in Washington, D.C."
Hinton,public,Hinton,West Virginia,United States,"Apr 8, 1907","$12,500",,419 Ballengee St.,37.674888,-80.887120,,,The library was built in 1911–12. [3] Now Veterans Memorial Museum,Public libraries,List of Carnegie libraries in West Virginia
Huntington,public,Huntington,West Virginia,United States,"Dec 30, 1901","$35,000",,900 5th Ave.,38.419721,-82.443531,Carnegie_Public_Library_2012-10-14_15-18-12.jpg,"https://en.wikipedia.org/wiki/Carnegie_Public_Library_(Huntington,_West_Virginia)","After opening July 27, 1904, this library served the community until 1980, when a new library opened across the street. This building is currently Huntington Junior College.",Public libraries,List of Carnegie libraries in West Virginia
Parkersburg,public,Parkersburg,West Virginia,United States,"Dec 29, 1903","$34,000",,725 Green St.,39.265886,-81.556213,Parkersburg_Carnegie_Library.jpg,"https://en.wikipedia.org/wiki/Carnegie_Library_(Parkersburg,_West_Virginia)","Opened on October 5, 1905, this library closed in 1976 when a new library was built. It later housed Trans-Allegheny Books, the largest used bookstore in West Virginia. The bookstore closed in 2010. [4]",Public libraries,List of Carnegie libraries in West Virginia
Bethany College,academic,Bethany,West Virginia,United States,"Feb 16, 1905","$20,000",,Cramblet Hall,40.204853,-80.559901,,https://en.wikipedia.org/wiki/Bethany_College_(West_Virginia),"Serving as a library until 1960, this building reopened as Cramblet Hall on June 3, 1961, and has since housed various offices. [6]",Academic library,List of Carnegie libraries in West Virginia
Antigo,public,Antigo,Wisconsin,United States,"Mar 20, 1903","$15,000",,404 Superior St.,45.13806,-89.15278,Antigo_public_museum.jpg,https://en.wikipedia.org/wiki/Antigo_Public_Library_and_Deleglise_Cabin,,Public libraries,List of Carnegie libraries in Wisconsin
Arcadia,public,Arcadia,Wisconsin,United States,"Mar 14, 1905","$5,000",,406 E. Main St.,45.25222,-91.49556,"Arcadia_Free_Public_Library_NRHP_94000388_Trempeleau_County,_WI.jpg",https://en.wikipedia.org/wiki/Arcadia_Free_Public_Library,,Public libraries,List of Carnegie libraries in Wisconsin
Baraboo,public,Baraboo,Wisconsin,United States,"Mar 14, 1902","$15,000",,230 4th Ave.,43.47111,-89.74556,Baraboo_Public_Library.jpg,https://en.wikipedia.org/wiki/Baraboo_Public_Library,Designed by Louis Claude. [2],Public libraries,List of Carnegie libraries in Wisconsin
Barron,public,Barron,Wisconsin,United States,"May 17, 1912","$7,000",,10 N. 3rd St.,,,,,,Public libraries,List of Carnegie libraries in Wisconsin
Bayfield,public,Bayfield,Wisconsin,United States,"Feb 2, 1903","$10,000",,37 N. Broad St.,,,18BayfieldLibrary.jpg,,,Public libraries,List of Carnegie libraries in Wisconsin
Beloit,public,Beloit,Wisconsin,United States,"Jul 16, 1901","$25,000",,,,,,,,Public libraries,List of Carnegie libraries in Wisconsin
Berlin,public,Berlin,Wisconsin,United States,"Feb 2, 1903","$12,250",,121 W. Park Ave.,,,Berlin_(Wisconsin)_Public_Library.jpg,,,Public libraries,List of Carnegie libraries in Wisconsin
Black River Falls,public,Black River Falls,Wisconsin,United States,"Mar 11, 1914","$10,000",,321 Main St.,44.29528,-90.85139,Black_River_Falls_Wisconsin_Public_Library_Carnegie.jpg,https://en.wikipedia.org/wiki/Black_River_Falls_Public_Library,,Public libraries,List of Carnegie libraries in Wisconsin
Chippewa Falls,public,Chippewa Falls,Wisconsin,United States,"Feb 15, 1902","$20,000",,,,,,,,Public libraries,List of Carnegie libraries in Wisconsin
Clintonville,public,Clintonville,Wisconsin,United States,"Apr 19, 1915","$9,000",,95 S. Main St.,,,,,,Public libraries,List of Carnegie libraries in Wisconsin
Columbus,public,Columbus,Wisconsin,United States,"Mar 27, 1903","$10,000",,112 S. Dickason Blvd.,43.33889,-89.01611,ColumbusWisconsinPublicLibrarySign.jpg,"https://en.wikipedia.org/wiki/Columbus_Public_Library_(Columbus,_Wisconsin)",,Public libraries,List of Carnegie libraries in Wisconsin
Cumberland,public,Cumberland,Wisconsin,United States,"Jan 19, 1905","$10,000",,1305 2nd Ave.,45.53417,-91.73861,Cumberland_Public_Library.JPG,https://en.wikipedia.org/wiki/Cumberland_Public_Library,,Public libraries,List of Carnegie libraries in Wisconsin
Darlington,public,Darlington,Wisconsin,United States,"Feb 5, 1904","$10,000",,525 N. Main St.,,,,,,Public libraries,List of Carnegie libraries in Wisconsin
Durand,public,Durand,Wisconsin,United States,"Dec 23, 1905","$7,500",,315 W. 2nd Ave.,44.62778,-91.96667,"Durand_Free_Library_NRHP_80000173_Pepin_County,_WI.jpg",,,Public libraries,List of Carnegie libraries in Wisconsin
Eau Claire,public,Eau Claire,Wisconsin,United States,"Feb 4, 1902","$40,000",,217 S. Farwell St.,44.81194,-91.49806,"217_South_Farwell_Street,_Eau_Claire,_WI.jpg",https://en.wikipedia.org/wiki/Eau_Claire_Public_Library,,Public libraries,List of Carnegie libraries in Wisconsin
Edgerton,public,Edgerton,Wisconsin,United States,"Mar 14, 1905","$10,000",,101 Albion St.,,,,,,Public libraries,List of Carnegie libraries in Wisconsin
Elroy,public,Elroy,Wisconsin,United States,"Nov 24, 1905","$10,000",,501 2nd Main St.,,,,,,Public libraries,List of Carnegie libraries in Wisconsin
Fond du Lac,public,Fond du Lac,Wisconsin,United States,"Feb 4, 1902","$30,000",,,,,,,,Public libraries,List of Carnegie libraries in Wisconsin
Green Bay,public,Green Bay,Wisconsin,United States,"Feb 13, 1901","$45,000",,125 S. Jefferson St.,44.51222,-88.01361,Kellogg_Public_Library.jpg,https://en.wikipedia.org/wiki/Kellogg_Public_Library_and_Neville_Public_Museum,,Public libraries,List of Carnegie libraries in Wisconsin
Hayward,public,Hayward,Wisconsin,United States,"Dec 14, 1903","$10,000",,Main St. and U.S. Route 63,,,,,,Public libraries,List of Carnegie libraries in Wisconsin
Hudson,public,Hudson,Wisconsin,United States,"Mar 20, 1903","$12,000",,304 Locust St.,44.97583,-92.75528,"Hudson,_WI_Public_Library_1.jpg",https://en.wikipedia.org/wiki/Hudson_Public_Library,,Public libraries,List of Carnegie libraries in Wisconsin
Janesville,public,Janesville,Wisconsin,United States,"Mar 7, 1901","$30,000",,64 S. Main St.,42.68139,-89.02083,Janesville_Public_Library.JPG,"https://en.wikipedia.org/wiki/Janesville_Public_Library_(Janesville,_Wisconsin)",,Public libraries,List of Carnegie libraries in Wisconsin
Jefferson,public,Jefferson,Wisconsin,United States,"Jan 23, 1911","$10,000",,305 S. Main St.,43.00333,-88.80750,Jefferson_Public_Library.jpg,"https://en.wikipedia.org/wiki/Jefferson_Public_Library_(Jefferson,_Wisconsin)",,Public libraries,List of Carnegie libraries in Wisconsin
Kaukauna,public,Kaukauna,Wisconsin,United States,"Dec 27, 1902","$12,000",,111 Main Ave.,44.27972,-88.27056,KaukaunaFreePublicLibrary.jpg,https://en.wikipedia.org/wiki/Free_Public_Library_of_Kaukauna,,Public libraries,List of Carnegie libraries in Wisconsin
Kilbourn,public,Kilbourn,Wisconsin,United States,"Feb 15, 1912","$6,000",,429 Broadway,43.62806,-89.77083,OldKilbournLibrary.jpg,https://en.wikipedia.org/wiki/Kilbourn_Public_Library,,Public libraries,List of Carnegie libraries in Wisconsin
Ladysmith,public,Ladysmith,Wisconsin,United States,"Feb 6, 1907","$10,000",,101 Lake Avenue E.,,,Ladysmith_Carnegie_Library.jpg,,Designed by Claude and Starck. [3],Public libraries,List of Carnegie libraries in Wisconsin
Madison Main,public,Madison,Wisconsin,United States,"Aug 16, 1901","$90,000",,,,,,,,Public libraries,List of Carnegie libraries in Wisconsin
Madison 6th Ward,public,Madison,Wisconsin,United States,1911,"$15,000",,1249 Williamson St.,,,,,,Public libraries,List of Carnegie libraries in Wisconsin
Manitowoc,public,Manitowoc,Wisconsin,United States,"Dec 27, 1902","$25,000",,,,,,,,Public libraries,List of Carnegie libraries in Wisconsin
Medford,public,Medford,Wisconsin,United States,"May 21, 1913","$6,000",,104 E. Perkins St.,45.13389,-90.34167,Medford_Wisconsin_Public_Library.jpg,https://en.wikipedia.org/wiki/Medford_Free_Public_Library,,Public libraries,List of Carnegie libraries in Wisconsin
Merrill,public,Merrill,Wisconsin,United States,"Dec 13, 1907","$17,500",,106 W. 1st St.,45.17972,-89.70139,TB_Scott_Free_Library_Merrill_Wisconsin.jpg,https://en.wikipedia.org/wiki/T.B._Scott_Free_Library,,Public libraries,List of Carnegie libraries in Wisconsin
Neenah,public,Neenah,Wisconsin,United States,"Oct 3, 1901","$12,500",,,,,,,,Public libraries,List of Carnegie libraries in Wisconsin
Neillsville,public,Neillsville,Wisconsin,United States,"Nov 3, 1913","$10,000",,409 Hewett St.,,,,,,Public libraries,List of Carnegie libraries in Wisconsin
New London,public,New London,Wisconsin,United States,"Nov 25, 1903","$10,000",,406 S. Pearl St.,,,,,,Public libraries,List of Carnegie libraries in Wisconsin
Platteville,public,Platteville,Wisconsin,United States,"Jan 14, 1914","$12,500",,190 Market St.,,,Former_Historic_Library_Building.jpg,,,Public libraries,List of Carnegie libraries in Wisconsin
Plymouth,public,Plymouth,Wisconsin,United States,"Apr 6, 1908","$10,000",,130 Division St.,,,,,,Public libraries,List of Carnegie libraries in Wisconsin
Racine Main,public,Racine,Wisconsin,United States,"Jul 16, 1901","$50,000",,701 S. Main St.,42.72583,-87.78222,Racine_Heritage_Museum.jpg,https://en.wikipedia.org/wiki/Racine_Public_Library,,Public libraries,List of Carnegie libraries in Wisconsin
Racine Uptown,public,Racine,Wisconsin,United States,1914,"$10,000",,1407 S. Memorial Dr.,,,Racine_Uptown_Carnegie_Library.jpg,,Date of grant not clear; branch was opened in 1914. [4],Public libraries,List of Carnegie libraries in Wisconsin
Reedsburg,public,Reedsburg,Wisconsin,United States,"Jan 23, 1911","$10,000",,345 Vine St.,,,Reedsburg_Vine_Street_Building_2023_(cropped).jpg,,,Public libraries,List of Carnegie libraries in Wisconsin
Rhinelander,public,Rhinelander,Wisconsin,United States,"Jan 2, 1903","$15,000",,106 N. Stevens St.,,,Rhinelander_Wisconsin_Public_Library.jpg,,,Public libraries,List of Carnegie libraries in Wisconsin
Rice Lake,public,Rice Lake,Wisconsin,United States,"Dec 22, 1903","$10,000",,16 S. Main St.,45.50111,-91.73389,,https://en.wikipedia.org/wiki/Rice_Lake_Carnegie_Library,,Public libraries,List of Carnegie libraries in Wisconsin
Richland Center,public,Richland Center,Wisconsin,United States,"Dec 22, 1903","$10,000",,,,,,,,Public libraries,List of Carnegie libraries in Wisconsin
Ripon,public,Ripon,Wisconsin,United States,"Apr 11, 1902","$12,000",,401 Watson St.,,,RiponPublicLibraryCarnegieWisconsin.jpg,,,Public libraries,List of Carnegie libraries in Wisconsin
Shawano,public,Shawano,Wisconsin,United States,"Jun 11, 1914","$10,000",,121 E. Green Bay St.,,,,,,Public libraries,List of Carnegie libraries in Wisconsin
Sheboygan,public,Sheboygan,Wisconsin,United States,"Mar 6, 1901","$35,000",,705 N. 8th St.,,,,https://en.wikipedia.org/wiki/Mead_Public_Library,Library moved to newer structure at 710 N. 8th St. in 1974; building used for other purposes as linked in article until exterior was converted into a modern 'ruin' structure surrounding a garden by current owners John Michael Kohler Arts Center in 1999.,Public libraries,List of Carnegie libraries in Wisconsin
South Milwaukee,public,South Milwaukee,Wisconsin,United States,"Sep 29, 1915","$15,000",,,,,,,,Public libraries,List of Carnegie libraries in Wisconsin
Sparta,public,Sparta,Wisconsin,United States,"Feb 4, 1902","$12,000",,124 W. Main St.,43.94417,-90.81139,SpartaFreeLibrary.jpg,https://en.wikipedia.org/wiki/Sparta_Free_Library,,Public libraries,List of Carnegie libraries in Wisconsin
Stevens Point,public,Stevens Point,Wisconsin,United States,"Apr 26, 1902","$21,859",,,,,,,,Public libraries,List of Carnegie libraries in Wisconsin
Stoughton,public,Stoughton,Wisconsin,United States,"Dec 23, 1905","$13,000",,304 S. 4th St.,,,StoughtonWisconsinPublicLibraryUS51.jpg,,,Public libraries,List of Carnegie libraries in Wisconsin
Sturgeon Bay,public,Sturgeon Bay,Wisconsin,United States,"Apr 25, 1911","$12,500",,354 Michigan St.,44.83500,-87.37556,CarnegieFreeLibrarySturgeonBayWisconsin.jpg,"https://en.wikipedia.org/wiki/Carnegie_Free_Library_(Sturgeon_Bay,_Wisconsin)",,Public libraries,List of Carnegie libraries in Wisconsin
Superior Main,public,Superior,Wisconsin,United States,"Mar 7, 1901","$70,000",,1204 Hammond Ave.,,,2009-0617-Superior-CarnegieLibrary1.jpg,,,Public libraries,List of Carnegie libraries in Wisconsin
Superior East End,public,Superior,Wisconsin,United States,1917,"$20,000",,2306 E. 5th St.,,,,,,Public libraries,List of Carnegie libraries in Wisconsin
Tomah,public,Tomah,Wisconsin,United States,"Mar 16, 1915","$10,000",,716 Superior Ave.,43.97972,-90.50389,PublicLibraryTomahWI.JPG,https://en.wikipedia.org/wiki/Tomah_Public_Library,,Public libraries,List of Carnegie libraries in Wisconsin
Two Rivers,public,Two Rivers,Wisconsin,United States,"Jan 9, 1913","$12,500",,1516 16th St.,,,,,The library has been razed and is now a parking lot.,Public libraries,List of Carnegie libraries in Wisconsin
Viroqua,public,Viroqua,Wisconsin,United States,"Feb 5, 1904","$10,000",,118 E. Jefferson St.,,,,,,Public libraries,List of Carnegie libraries in Wisconsin
Washburn,public,Washburn,Wisconsin,United States,"Feb 12, 1903","$18,000",,307 Washington Ave.,46.67278,-90.89528,Washburn_Public_Library.JPG,https://en.wikipedia.org/wiki/Washburn_Public_Library,,Public libraries,List of Carnegie libraries in Wisconsin
Watertown,public,Watertown,Wisconsin,United States,"Apr 20, 1905","$20,000",,100 S. Water St.,,,Watertown_Public_Library.jpg,,,Public libraries,List of Carnegie libraries in Wisconsin
Waukesha,public,Waukesha,Wisconsin,United States,"Mar 14, 1902","$15,000",,321 W. Wisconsin Ave.,,,,,,Public libraries,List of Carnegie libraries in Wisconsin
Waupaca,public,Waupaca,Wisconsin,United States,"Apr 28, 1913","$10,000",,321 S. Main St.,44.35528,-89.08472,WaupacaHistoricalSocietyWaupacaFreeLibraryFront.jpg,https://en.wikipedia.org/wiki/Waupaca_Free_Public_Library,,Public libraries,List of Carnegie libraries in Wisconsin
Waupun,public,Waupun,Wisconsin,United States,"Mar 8, 1904","$11,653",,22 S. Madison St.,43.63250,-88.73000,"Carnegie_Library,_Waupun_Wisconsin.jpg",https://en.wikipedia.org/wiki/Waupun_Public_Library,Designed by H. A. Foeller.,Public libraries,List of Carnegie libraries in Wisconsin
Wausau,public,Wausau,Wisconsin,United States,"Jan 6, 1903","$29,000",,,,,,,,Public libraries,List of Carnegie libraries in Wisconsin
Wauwatosa,public,Wauwatosa,Wisconsin,United States,"Feb 7, 1905","$6,000",,,,,,,,Public libraries,List of Carnegie libraries in Wisconsin
West Allis,public,West Allis,Wisconsin,United States,"Mar 14, 1913","$15,000",,1508 S. 75th St.,,,,,,Public libraries,List of Carnegie libraries in Wisconsin
Beloit College,academic,,Wisconsin,United States,"Apr 24, 1903","$50,000",,,,,,https://en.wikipedia.org/wiki/Beloit_College,,Academic libraries,List of Carnegie libraries in Wisconsin
Lawrence College,academic,,Wisconsin,United States,"Jan 7, 1905","$54,000",,,,,,https://en.wikipedia.org/wiki/Lawrence_University,,Academic libraries,List of Carnegie libraries in Wisconsin
Basin,public,Basin,Wyoming,United States,"Jun 29, 1908","$17,500",,,,,,,Demolished in 1954,Carnegie libraries,List of Carnegie libraries in Wyoming
Buffalo,public,Buffalo,Wyoming,United States,"Jan 14, 1909","$12,500",,90 North Main Street,44.34806,-106.69944,OldLibraryBuffaloWY.jpg,"https://en.wikipedia.org/wiki/Carnegie_Public_Library_(Buffalo,_Wyoming)","Completed in 1909, now a museum",Carnegie libraries,List of Carnegie libraries in Wyoming
Casper,public,Casper,Wyoming,United States,"Feb 13, 1906","$13,000",,2nd and Durban Streets,,,,,"Completed in 1910, demolished in May–June 1970",Carnegie libraries,List of Carnegie libraries in Wyoming
Cheyenne,public,Cheyenne,Wyoming,United States,"Dec 27, 1899","$50,000",,22nd Street and Capitol Avenue,,,,,"Completed in 1902, demolished in 1971",Carnegie libraries,List of Carnegie libraries in Wyoming
Cody,public,Cody,Wyoming,United States,"Apr 13, 1914","$15,000",,,,,,,"Completed in 1916, demolished in 1965",Carnegie libraries,List of Carnegie libraries in Wyoming
Douglas,public,Douglas,Wyoming,United States,"Jul 20, 1908","$10,000",,300 Walnut Street,,,,,"Completed in 1911, demolished on September 8, 1966",Carnegie libraries,List of Carnegie libraries in Wyoming
Evanston,public,Evanston,Wyoming,United States,"Feb 20, 1903","$11,000",,1020 Front Street,41.26861,-110.965139,Evanston_Wyoming_Carnegie_Library.jpeg,,"Completed in 1906, now houses the Uinta County Museum and Chamber of Commerce",Carnegie libraries,List of Carnegie libraries in Wyoming
Green River,public,Green River,Wyoming,United States,"Dec 8, 1905","$20,000",,177 North Center Street,41.52917,-109.46750,,,"Completed in 1906, now vacant",Carnegie libraries,List of Carnegie libraries in Wyoming
Lander,public,Lander,Wyoming,United States,"Nov 27, 1906","$15,000",,451 North 2nd Street,42.83639,-108.72806,"Carnegie_Library,_Lander,_WY_(Front).JPG",,Completed in 1907,Carnegie libraries,List of Carnegie libraries in Wyoming
Laramie,public,Laramie,Wyoming,United States,"Jan 2, 1903","$20,000",,405 East Grand Avenue,41.31111,-105.59194,Carnegie_Library_2016-10-15_2790.jpg,,Now houses government offices,Carnegie libraries,List of Carnegie libraries in Wyoming
Lusk,public,Lusk,Wyoming,United States,"May 8, 1914","$11,000",,425 South Main Street,42.76000,-104.45167,LuskWY_CarnegieLibrary.jpg,,Completed in 1919,Carnegie libraries,List of Carnegie libraries in Wyoming
Newcastle,public,Newcastle,Wyoming,United States,"Feb 20, 1911","$12,500",,23 West Main Street,43.85556,-104.20306,NewcastleWY_Library.jpg,,Completed in 1911,Carnegie libraries,List of Carnegie libraries in Wyoming
Rock Springs,public,Rock Springs,Wyoming,United States,"Dec 13, 1907","$12,500",,400 C Street,41.58361,-109.218750,1910postcardLibraryRockSpringsWY.jpg,,"Completed in 1910, extensively altered",Carnegie libraries,List of Carnegie libraries in Wyoming
Sheridan,public,Sheridan,Wyoming,United States,"Mar 18, 1904","$12,500",,,,,,,"Completed in 1905, demolished in 1974",Carnegie libraries,List of Carnegie libraries in Wyoming
Thermopolis,public,Thermopolis,Wyoming,United States,"Apr 3, 1917","$12,500",,328 Arapahoe Street,43.64722,-108.20722,CarnegieLibraryThermopolisWY.jpg,,"Completed in 1919, now houses government offices",Carnegie libraries,List of Carnegie libraries in Wyoming
Wheatland,public,Wheatland,Wyoming,United States,"May 15, 1916","$12,500",,904 9th Street,42.05667,-104.95306,,,"Completed in 1917, completely enclosed by a 1965 addition",Carnegie libraries,List of Carnegie libraries in Wyoming
"Bridgetown, (St. Michael)",public,"Bridgetown, (St. Michael)",the Caribbean,Barbados,"Aug 22, 1903","$23,330",,Coleridge St.,,,"National_Library_Service_of_Barbados,_Bridgetown-2.jpg",,UNESCO listed main branch of the National Library Service of Barbados,,List of Carnegie libraries in the Caribbean
Roseau,public,Roseau,the Caribbean,Dominica,"Mar 14, 1905","$7,500",,,,,,,,,List of Carnegie libraries in the Caribbean
Georgetown,public,Georgetown,the Caribbean,Guyana,"Oct 15, 1906","$34,100",,,,,,,,,List of Carnegie libraries in the Caribbean
San Juan,public,San Juan,the Caribbean,Puerto Rico,c. 1914,"$100,000",,,,,"Biblioteca_Carnegie,_San_Juan,_Puerto_Rico._(02).jpg",,Listed on the National Register of Historic Places as Biblioteca Carnegie,,List of Carnegie libraries in the Caribbean
Castries,public,Castries,the Caribbean,Saint Lucia,"May 15, 1916","$10,400",,,,,,,,,List of Carnegie libraries in the Caribbean
Kingstown,public,Kingstown,the Caribbean,Saint Vincent,"Oct 15, 1906","$9,825",,,,,,,,,List of Carnegie libraries in the Caribbean
Carapichaima,public,Carapichaima,the Caribbean,Trinidad and Tobago,c. 1919,,,,,,Indian_Caribbean_Historical_Museum.jpg,,Now the Indian Caribbean Museum of Trinidad and Tobago,,List of Carnegie libraries in the Caribbean
San Fernando,public,San Fernando,the Caribbean,Trinidad and Tobago,"Sep 25, 1914","$12,200",,,,,STAPP_018_San_Fernando_Carnegie_Free_Library_(cropped).jpg,,Site of the 1921 meeting requesting elected representation,,List of Carnegie libraries in the Caribbean
