name,kind,city,region,country,date_granted,grant,address,lat,lon,wikipedia_url,image_source,image_title,image_url,photographer,licence,licence_url,credit_page,postable
Curepipe,public,Curepipe,Africa,Mauritius,"Feb 26, 1914","$8,765",,,,,wikipedia-list,File:Curepipe_carnegie_library_(11291448586).jpg,https://upload.wikimedia.org/wikipedia/commons/6/66/Curepipe_carnegie_library_%2811291448586%29.jpg?utm_source=commons.wikimedia.org&utm_campaign=imageinfo&utm_content=thumbnail_unscaled,"JuliaC2006 from Rochester, UK",CC BY 2.0,https://creativecommons.org/licenses/by/2.0,https://commons.wikimedia.org/wiki/File:Curepipe_carnegie_library_(11291448586).jpg,yes
Victoria,public,Victoria,Africa,Seychelles,"Aug 6, 1907","$9,740",,,,,,,,,,,,no
Barberton,public,Barberton,Africa,South Africa,"Dec 22, 1911","$4,385",,,,,,,,,,,,no
Benoni,public,Benoni,Africa,South Africa,"Dec 8, 1913","$13,330",,,,,,,,,,,,no
Germiston,public,Germiston,Africa,South Africa,"Mar 16, 1915","$26,470",,,,,,,,,,,,no
Harrismith,public,Harrismith,Africa,South Africa,"Nov 14, 1907","$9,825",,,,,,,,,,,,no
Hopetown,public,Hopetown,Africa,South Africa,"Mar 21, 1908","$4,850",,,,,,,,,,,,no
Krugersdorp,public,Krugersdorp,Africa,South Africa,"May 3, 1917","$15,840",,,,,,,,,,,,no
Moorreesburg,public,Moorreesburg,Africa,South Africa,"Aug 21, 1911","$7,290","On Church Street, between the Dutch Reformed Church and Townhall.",,,,wikipedia-list,File:Carnegie_library_002.jpg,https://upload.wikimedia.org/wikipedia/commons/f/f0/Carnegie_library_002.jpg?utm_source=commons.wikimedia.org&utm_campaign=imageinfo&utm_content=thumbnail_unscaled,Christopher Murphy,CC BY-SA 4.0,https://creativecommons.org/licenses/by-sa/4.0,https://commons.wikimedia.org/wiki/File:Carnegie_library_002.jpg,yes
Muizenberg,public,Muizenberg,Africa,South Africa,"Jun 25, 1909","$7,800",Main Road,,,,wikipedia-list,File:Old_Police_Station_186_Main_Road_Muizenberg_Cape_Town_-_Side_view_-_adjoining_to_the_right_is_the_Od_Magistrate's_Court.JPG,https://upload.wikimedia.org/wikipedia/commons/thumb/a/a0/Old_Police_Station_186_Main_Road_Muizenberg_Cape_Town_-_Side_view_-_adjoining_to_the_right_is_the_Od_Magistrate%27s_Court.JPG/1920px-Old_Police_Station_186_Main_Road_Muizenberg_Cape_Town_-_Side_view_-_adjoining_to_the_right_is_the_Od_Magistrate%27s_Court.JPG?utm_source=commons.wikimedia.org&utm_campaign=imageinfo&utm_content=thumbnail,Debbie Louise Lloyd,CC BY-SA 3.0,https://creativecommons.org/licenses/by-sa/3.0,https://commons.wikimedia.org/wiki/File:Old_Police_Station_186_Main_Road_Muizenberg_Cape_Town_-_Side_view_-_adjoining_to_the_right_is_the_Od_Magistrate%27s_Court.JPG,yes
Newcastle,public,Newcastle,Africa,South Africa,"Dec 8, 1913","$7,290",,,,,commons-namesearch,File:9 2 429 0008-Carnegie Library-Voortrekker Street-Newcastle-s.jpg,https://upload.wikimedia.org/wikipedia/commons/9/9b/9_2_429_0008-Carnegie_Library-Voortrekker_Street-Newcastle-s.jpg?utm_source=commons.wikimedia.org&utm_campaign=imageinfo&utm_content=thumbnail_unscaled,Janek Szymanowski,CC BY-SA 3.0,https://creativecommons.org/licenses/by-sa/3.0,https://commons.wikimedia.org/wiki/File:9_2_429_0008-Carnegie_Library-Voortrekker_Street-Newcastle-s.jpg,yes
Potchefstroom,public,Potchefstroom,Africa,South Africa,"Apr 30, 1912","$12,175",,,,,wikipedia-list,File:Carnegie_Library_Potchefstroom-001.jpg,https://upload.wikimedia.org/wikipedia/commons/2/21/Carnegie_Library_Potchefstroom-001.jpg?utm_source=commons.wikimedia.org&utm_campaign=imageinfo&utm_content=thumbnail_unscaled,Leo za1,CC BY-SA 3.0,https://creativecommons.org/licenses/by-sa/3.0,https://commons.wikimedia.org/wiki/File:Carnegie_Library_Potchefstroom-001.jpg,yes
Standerton,public,Standerton,Africa,South Africa,"Dec 22, 1911","$7,300",,,,,,,,,,,,no
Vryheid,public,Vryheid,Africa,South Africa,"Oct 15, 1906","$7,300",,,,,,,,,,,,no
Anniston,public,Anniston,Alabama,United States,"May 15, 1916","$20,000",Wilmer Ave. & E 10th St.,33.6572000,-85.8284083,,wikipedia-list,"File:Anniston,_Alabama_Carnegie_library.png",https://upload.wikimedia.org/wikipedia/commons/2/20/Anniston%2C_Alabama_Carnegie_library.png?utm_source=commons.wikimedia.org&utm_campaign=imageinfo&utm_content=thumbnail_unscaled,"E.O. Knopp Co., Milwaukee",Public domain,,"https://commons.wikimedia.org/wiki/File:Anniston,_Alabama_Carnegie_library.png",yes
Avondale,public,Avondale,Alabama,United States,"Dec 13, 1907","$10,000",,,,,,,,,,,,no
Bessemer,public,Bessemer,Alabama,United States,"Feb 13, 1906","$10,000",321 18th St. N,33.4022833,-86.9546833,,,,,,,,,no
Decatur,public,Decatur,Alabama,United States,"Feb 12, 1903","$12,000",207 Church St. NE,34.6125306,-86.982000,,,,,,,,,no
Ensley,public,Ensley,Alabama,United States,"Mar 25, 1905","$10,000",Corner of Avenue H and 18th St.,,,,,,,,,,,no
Eufaula Carnegie Library,public,Eufaula,Alabama,United States,"Feb 2, 1903","$10,000",217 N Eufaula Ave.,31.8967972,-85.1456528,https://en.wikipedia.org/wiki/Eufaula_Carnegie_Library,wikipedia-list,File:Eufaula_Carnegie_Library.JPG,https://upload.wikimedia.org/wikipedia/commons/thumb/d/da/Eufaula_Carnegie_Library.JPG/1920px-Eufaula_Carnegie_Library.JPG?utm_source=commons.wikimedia.org&utm_campaign=imageinfo&utm_content=thumbnail,Rivers Langley; SaveRivers,CC BY-SA 3.0,https://creativecommons.org/licenses/by-sa/3.0,https://commons.wikimedia.org/wiki/File:Eufaula_Carnegie_Library.JPG,yes
Gadsden,public,Gadsden,Alabama,United States,"Nov 18, 1903","$10,000",701 Forrest Ave.,34.0225472,-86.0454583,,,,,,,,,no
Huntsville,public,Huntsville,Alabama,United States,"May 8, 1914","$12,500",,,,https://en.wikipedia.org/wiki/Huntsville_Madison_County_Public_Library,,,,,,,,no
Montgomery,public,Montgomery,Alabama,United States,"Feb 13, 1901","$50,000",100 S Lawrence St.,32.3768639,-86.3062333,,wikipedia-list,File:Carnegie_Library_Montgomery.jpg,https://upload.wikimedia.org/wikipedia/commons/thumb/1/1c/Carnegie_Library_Montgomery.jpg/1920px-Carnegie_Library_Montgomery.jpg?utm_source=commons.wikimedia.org&utm_campaign=imageinfo&utm_content=thumbnail,Detroit Publishing Co.,Public domain,,https://commons.wikimedia.org/wiki/File:Carnegie_Library_Montgomery.jpg,yes
Selma,public,Selma,Alabama,United States,"Apr 13, 1903","$11,800",912 Selma Avenue,32.4082083,-87.0218194,,wikipedia-list,File:Carnegie_Library_Selma.jpg,https://upload.wikimedia.org/wikipedia/commons/f/fc/Carnegie_Library_Selma.jpg?utm_source=commons.wikimedia.org&utm_campaign=imageinfo&utm_content=thumbnail_unscaled,The Rotograph Co. (publishers),Public domain,,https://commons.wikimedia.org/wiki/File:Carnegie_Library_Selma.jpg,yes
Talladega,public,Talladega,Alabama,United States,"Feb 13, 1906","$12,500",200 South St. E,33.4337861,-86.099833,,wikipedia-list,File:Talladega_Public_Library_Talladega_Alabama_USA.jpg,https://upload.wikimedia.org/wikipedia/commons/a/a1/Talladega_Public_Library_Talladega_Alabama_USA.jpg?utm_source=commons.wikimedia.org&utm_campaign=imageinfo&utm_content=thumbnail_unscaled,Brian K. Chatham,CC BY-SA 3.0,https://creativecommons.org/licenses/by-sa/3.0,https://commons.wikimedia.org/wiki/File:Talladega_Public_Library_Talladega_Alabama_USA.jpg,yes
Troy,public,Troy,Alabama,United States,"Apr 6, 1908","$10,000",306 E Academy St.,31.8099500,-85.969111,,wikipedia-list,File:Troy_Alabama_Carnegie_Library.jpg,https://upload.wikimedia.org/wikipedia/commons/1/10/Troy_Alabama_Carnegie_Library.jpg?utm_source=commons.wikimedia.org&utm_campaign=imageinfo&utm_content=thumbnail_unscaled,Hoteltwo,CC BY-SA 3.0,https://creativecommons.org/licenses/by-sa/3.0,https://commons.wikimedia.org/wiki/File:Troy_Alabama_Carnegie_Library.jpg,yes
Union Springs,public,Union Springs,Alabama,United States,"Jan 6, 1911","$7,000",103 Prairie St. N,32.1412611,-85.7161056,,,,,,,,,no
West End,public,West End,Alabama,United States,"Feb 1, 1909","$10,000",Tuscaloosa Ave. SW & 13th St. SW,33.4935944,-86.8535333,,,,,,,,,no
Phoenix,public,Phoenix,Arizona,United States,"Apr 26, 1902","$25,000",1101 W Washington St.,33.4476722,-112.0869972,https://en.wikipedia.org/wiki/Phoenix_Carnegie_Library_and_Library_Park,wikipedia-list,File:P-Phoenix_Carnegie_Library_and_Library_Park-1907.jpg,https://upload.wikimedia.org/wikipedia/commons/thumb/c/cb/P-Phoenix_Carnegie_Library_and_Library_Park-1907.jpg/1920px-P-Phoenix_Carnegie_Library_and_Library_Park-1907.jpg?utm_source=commons.wikimedia.org&utm_campaign=imageinfo&utm_content=thumbnail,Tony the Marine (talk),CC BY-SA 3.0,https://creativecommons.org/licenses/by-sa/3.0,https://commons.wikimedia.org/wiki/File:P-Phoenix_Carnegie_Library_and_Library_Park-1907.jpg,yes
Prescott,public,Prescott,Arizona,United States,"Jul 4, 1899","$4,000",125 E Gurley St.,34.5416722,-112.4675889,"https://en.wikipedia.org/wiki/Carnegie_Library_(Prescott,_Arizona)",wikipedia-list,File:OldPublicLibraryPrescott422.jpg,https://upload.wikimedia.org/wikipedia/commons/thumb/4/40/OldPublicLibraryPrescott422.jpg/1920px-OldPublicLibraryPrescott422.jpg?utm_source=commons.wikimedia.org&utm_campaign=imageinfo&utm_content=thumbnail,Doncram,CC BY-SA 3.0,https://creativecommons.org/licenses/by-sa/3.0,https://commons.wikimedia.org/wiki/File:OldPublicLibraryPrescott422.jpg,yes
Tucson,public,Tucson,Arizona,United States,"Oct 27, 1899","$25,000",200 S 6th Ave.,32.2191917,-110.9691556,,wikipedia-list,File:Pcplold.jpg,https://upload.wikimedia.org/wikipedia/commons/5/54/Pcplold.jpg?utm_source=commons.wikimedia.org&utm_campaign=imageinfo&utm_content=thumbnail_unscaled,Pima County,CC BY 3.0,https://creativecommons.org/licenses/by/3.0,https://commons.wikimedia.org/wiki/File:Pcplold.jpg,yes
Yuma,public,Yuma,Arizona,United States,"Sep 14, 1917","$10,000",350 S 3rd Ave.,32.7206139,-114.6240639,,,,,,,,,no
Eureka Springs,public,Eureka Springs,Arkansas,United States,"Apr 23, 1906","$15,500",194 Spring St.,36.4075806,-93.7366333,,wikipedia-list,File:Carnegie_Public_Library_in_Eureka_Springs_AR.jpg,https://upload.wikimedia.org/wikipedia/commons/thumb/3/3c/Carnegie_Public_Library_in_Eureka_Springs_AR.jpg/1920px-Carnegie_Public_Library_in_Eureka_Springs_AR.jpg?utm_source=commons.wikimedia.org&utm_campaign=imageinfo&utm_content=thumbnail,"CZmarlin — Christopher Ziemnowicz, a photo credit would be appreciated if this image is used anywhere other than Wikipedia. Please leave a note at Wikipedia here. Thank you!",CC BY 3.0,https://creativecommons.org/licenses/by/3.0,https://commons.wikimedia.org/wiki/File:Carnegie_Public_Library_in_Eureka_Springs_AR.jpg,yes
Fort Smith,public,Fort Smith,Arkansas,United States,"Mar 24, 1906","$25,000",318 N. 13th St.,35.385611,-94.4158111,,,,,,,,,no
Little Rock,public,Little Rock,Arkansas,United States,"Mar 24, 1906","$88,100",W. 7th St. and S. Louisiana St.,34.7422083,-92.2730639,,wikipedia-list,"File:Little_Rock,_Arkansas_Carnegie_library.jpg",https://upload.wikimedia.org/wikipedia/commons/4/4b/Little_Rock%2C_Arkansas_Carnegie_library.jpg?utm_source=commons.wikimedia.org&utm_campaign=imageinfo&utm_content=thumbnail_unscaled,S. H. Kress &amp; Co.,Public domain,,"https://commons.wikimedia.org/wiki/File:Little_Rock,_Arkansas_Carnegie_library.jpg",yes
Morrilton,public,Morrilton,Arkansas,United States,"Sep 20, 1915","$10,000",101 W. Church St.,35.1511306,-92.7454556,https://en.wikipedia.org/wiki/Conway_County_Library,wikipedia-list,File:Morrilton_Library.JPG,https://upload.wikimedia.org/wikipedia/commons/thumb/1/13/Morrilton_Library.JPG/1920px-Morrilton_Library.JPG?utm_source=commons.wikimedia.org&utm_campaign=imageinfo&utm_content=thumbnail,Cid.williams,CC BY-SA 3.0,https://creativecommons.org/licenses/by-sa/3.0,https://commons.wikimedia.org/wiki/File:Morrilton_Library.JPG,yes
Alameda,public,Alameda,California,United States,"Oct 3, 1899","$35,000","2264 Santa Clara Ave, Alameda, CA 94105",37.76583,-122.24361,https://en.wikipedia.org/wiki/Alameda_Free_Library,wikipedia-list,"File:Alameda_Free_Library_(Alameda,_CA).JPG",https://upload.wikimedia.org/wikipedia/commons/0/0e/Alameda_Free_Library_%28Alameda%2C_CA%29.JPG?utm_source=commons.wikimedia.org&utm_campaign=imageinfo&utm_content=thumbnail_unscaled,Sanfranman59,CC BY-SA 3.0,https://creativecommons.org/licenses/by-sa/3.0,"https://commons.wikimedia.org/wiki/File:Alameda_Free_Library_(Alameda,_CA).JPG",yes
Alturas,public,Alturas,California,United States,"Nov 20, 1908","$10,000","201 S. Court St, Alturas, CA 96101",41.48417,-120.54083,,wikipedia-list,File:Alturas_Carnegie_Library.jpg,https://upload.wikimedia.org/wikipedia/commons/thumb/c/c1/Alturas_Carnegie_Library.jpg/1920px-Alturas_Carnegie_Library.jpg?utm_source=commons.wikimedia.org&utm_campaign=imageinfo&utm_content=thumbnail,Kedntay,CC BY-SA 4.0,https://creativecommons.org/licenses/by-sa/4.0,https://commons.wikimedia.org/wiki/File:Alturas_Carnegie_Library.jpg,yes
Anaheim,public,Anaheim,California,United States,"Feb 6, 1907","$10,000","241 S. Anaheim Blvd, Anaheim, CA 92805",33.83417,-117.91361,"https://en.wikipedia.org/wiki/Carnegie_Library_(Anaheim,_California)",wikipedia-list,File:Anaheim_Public_Library_(Carnegie_Library).JPG,https://upload.wikimedia.org/wikipedia/commons/thumb/5/5e/Anaheim_Public_Library_%28Carnegie_Library%29.JPG/1920px-Anaheim_Public_Library_%28Carnegie_Library%29.JPG?utm_source=commons.wikimedia.org&utm_campaign=imageinfo&utm_content=thumbnail,Cbl62,CC BY-SA 3.0,https://creativecommons.org/licenses/by-sa/3.0,https://commons.wikimedia.org/wiki/File:Anaheim_Public_Library_(Carnegie_Library).JPG,yes
Antioch,public,Antioch,California,United States,"Jun 1, 1915","$2,500","519 F St, Antioch, CA 94505",38.01444,-121.81250,,commons-geosearch,"File:Carnegie Library in Antioch, California, front.jpg",https://upload.wikimedia.org/wikipedia/commons/thumb/a/a7/Carnegie_Library_in_Antioch%2C_California%2C_front.jpg/1920px-Carnegie_Library_in_Antioch%2C_California%2C_front.jpg?utm_source=commons.wikimedia.org&utm_campaign=imageinfo&utm_content=thumbnail,Mliu92,CC BY-SA 4.0,https://creativecommons.org/licenses/by-sa/4.0,"https://commons.wikimedia.org/wiki/File:Carnegie_Library_in_Antioch,_California,_front.jpg",yes
Auburn,public,Auburn,California,United States,"Mar 9, 1907","$10,000","175 Almond St, Auburn, CA 95603",38.89972,-121.07194,"https://en.wikipedia.org/wiki/Auburn_Public_Library_(Auburn,_California)",wikipedia-list,File:Auburn_Public_Library_2012-09-16_17-07-11.jpg,https://upload.wikimedia.org/wikipedia/commons/thumb/4/45/Auburn_Public_Library_2012-09-16_17-07-11.jpg/1920px-Auburn_Public_Library_2012-09-16_17-07-11.jpg?utm_source=commons.wikimedia.org&utm_campaign=imageinfo&utm_content=thumbnail,liannadavis,CC BY-SA 3.0,https://creativecommons.org/licenses/by-sa/3.0,https://commons.wikimedia.org/wiki/File:Auburn_Public_Library_2012-09-16_17-07-11.jpg,yes
Azusa,public,Azusa,California,United States,"Dec 24, 1908","$10,000","213 E Foothill Blvd, Azusa, CA 91702",34.13500,-117.90556,,,,,,,,,no
Bayliss District,public,Bayliss,California,United States,"Jan 5, 1916","$4,000","7830 County Rd 39, Glenn, CA 95943",39.58278,-122.04667,,wikipedia-list,File:Bayliss_Carnegie_Library_(April_2023)-3563.jpg,https://upload.wikimedia.org/wikipedia/commons/thumb/b/b6/Bayliss_Carnegie_Library_%28April_2023%29-3563.jpg/1920px-Bayliss_Carnegie_Library_%28April_2023%29-3563.jpg?utm_source=commons.wikimedia.org&utm_campaign=imageinfo&utm_content=thumbnail,Frank Schulenburg,CC BY-SA 4.0,https://creativecommons.org/licenses/by-sa/4.0,https://commons.wikimedia.org/wiki/File:Bayliss_Carnegie_Library_(April_2023)-3563.jpg,yes
Beaumont,public,Beaumont,California,United States,"Apr 28, 1913","$10,000","125 E 8th St, Beamont, CA 92223",33.93222,-116.98111,https://en.wikipedia.org/wiki/Beaumont_Library_District,wikipedia-list,File:Bldflag.jpg,https://upload.wikimedia.org/wikipedia/commons/5/57/Bldflag.jpg?utm_source=commons.wikimedia.org&utm_campaign=imageinfo&utm_content=thumbnail_unscaled,Lurend,CC BY-SA 4.0,https://creativecommons.org/licenses/by-sa/4.0,https://commons.wikimedia.org/wiki/File:Bldflag.jpg,yes
Berkeley,public,Berkeley,California,United States,"Feb 12, 1903","$40,000",Shattuck Ave. and Kittridge St.,37.86806,-122.26861,,commons-geosearch,"File:Berkeley Public Library - Berkeley, California - Sarah Stierch - J.jpg",https://upload.wikimedia.org/wikipedia/commons/thumb/4/40/Berkeley_Public_Library_-_Berkeley%2C_California_-_Sarah_Stierch_-_J.jpg/1920px-Berkeley_Public_Library_-_Berkeley%2C_California_-_Sarah_Stierch_-_J.jpg?utm_source=commons.wikimedia.org&utm_campaign=imageinfo&utm_content=thumbnail,Sarah Stierch,CC BY 4.0,https://creativecommons.org/licenses/by/4.0,"https://commons.wikimedia.org/wiki/File:Berkeley_Public_Library_-_Berkeley,_California_-_Sarah_Stierch_-_J.jpg",yes
Biggs,public,Biggs,California,United States,"Apr 23, 1906","$5,000","464 B St, Biggs, CA 95917",39.41333,-121.71028,,wikipedia-list,File:Building_on_6th_and_B_Street_in_Biggs-L1003954.jpg,https://upload.wikimedia.org/wikipedia/commons/thumb/c/c5/Building_on_6th_and_B_Street_in_Biggs-L1003954.jpg/1920px-Building_on_6th_and_B_Street_in_Biggs-L1003954.jpg?utm_source=commons.wikimedia.org&utm_campaign=imageinfo&utm_content=thumbnail,Frank Schulenburg,CC BY-SA 4.0,https://creativecommons.org/licenses/by-sa/4.0,https://commons.wikimedia.org/wiki/File:Building_on_6th_and_B_Street_in_Biggs-L1003954.jpg,yes
Calexico,public,Calexico,California,United States,"Mar 16, 1915","$10,000","420 Heber Ave, Calexico, CA 92231",32.66944,-115.49250,https://en.wikipedia.org/wiki/Calexico_Carnegie_Library,wikipedia-list,"File:Carnegie_Library,_Calexico,_California.jpg",https://upload.wikimedia.org/wikipedia/commons/4/40/Carnegie_Library%2C_Calexico%2C_California.jpg?utm_source=commons.wikimedia.org&utm_campaign=imageinfo&utm_content=thumbnail_unscaled,Cbl62,CC BY-SA 3.0,https://creativecommons.org/licenses/by-sa/3.0,"https://commons.wikimedia.org/wiki/File:Carnegie_Library,_Calexico,_California.jpg",yes
Chico,public,Chico,California,United States,"Jan 7, 1904","$10,000","141 Salem St, Chico, CA 95928",39.72917,-121.84222,,wikipedia-list,"File:Chico_Museum,_California_-_panoramio.jpg",https://upload.wikimedia.org/wikipedia/commons/thumb/c/cb/Chico_Museum%2C_California_-_panoramio.jpg/1920px-Chico_Museum%2C_California_-_panoramio.jpg?utm_source=commons.wikimedia.org&utm_campaign=imageinfo&utm_content=thumbnail,MARELBU,CC BY 3.0,https://creativecommons.org/licenses/by/3.0,"https://commons.wikimedia.org/wiki/File:Chico_Museum,_California_-_panoramio.jpg",yes
Chula Vista,public,Chula Vista,California,United States,"Mar 31, 1916","$10,000",,,,,,,,,,,,no
Clovis,public,Clovis,California,United States,"Mar 11, 1914","$7,000","325 Pollasky Ave, Clovis, CA 93612",36.82583,-119.70167,,,,,,,,,no
Coalinga,public,Coalinga,California,United States,"Jan 27, 1912","$20,000",,,,,,,,,,,,no
Colton,public,Colton,California,United States,"Apr 10, 1906","$10,000","380 N La Cadena Dr, Colton, CA 92324",34.06861,-117.32361,https://en.wikipedia.org/wiki/Colton_Carnegie_Library,wikipedia-list,File:Colton_Area_Museum.jpg,https://upload.wikimedia.org/wikipedia/commons/thumb/2/2a/Colton_Area_Museum.jpg/1920px-Colton_Area_Museum.jpg?utm_source=commons.wikimedia.org&utm_campaign=imageinfo&utm_content=thumbnail,Oleknutlee,Public domain,,https://commons.wikimedia.org/wiki/File:Colton_Area_Museum.jpg,yes
Colusa,public,Colusa,California,United States,"Jan 19, 1905","$10,000","260 6th St, Colusa, CA 95932",39.21361,-122.00972,https://en.wikipedia.org/wiki/Colusa_Carnegie_Library,wikipedia-list,"File:Colusa,_California_police_department_from_SE_2.JPG",https://upload.wikimedia.org/wikipedia/commons/thumb/7/74/Colusa%2C_California_police_department_from_SE_2.JPG/1920px-Colusa%2C_California_police_department_from_SE_2.JPG?utm_source=commons.wikimedia.org&utm_campaign=imageinfo&utm_content=thumbnail,Ammodramus,CC0,http://creativecommons.org/publicdomain/zero/1.0/deed.en,"https://commons.wikimedia.org/wiki/File:Colusa,_California_police_department_from_SE_2.JPG",yes
Concord,public,Concord,California,United States,"Jun 1, 1915","$2,500",,,,,,,,,,,,no
Corning,public,Corning,California,United States,"Aug 11, 1913","$10,000","618 4th St, Corning, CA 96021",39.92889,-122.18111,,commons-geosearch,File:Corning City Library (2023)-L1003483.jpg,https://upload.wikimedia.org/wikipedia/commons/thumb/c/cf/Corning_City_Library_%282023%29-L1003483.jpg/1920px-Corning_City_Library_%282023%29-L1003483.jpg?utm_source=commons.wikimedia.org&utm_campaign=imageinfo&utm_content=thumbnail,Frank Schulenburg,CC BY-SA 4.0,https://creativecommons.org/licenses/by-sa/4.0,https://commons.wikimedia.org/wiki/File:Corning_City_Library_(2023)-L1003483.jpg,yes
Corona,public,Corona,California,United States,"Mar 25, 1905","$11,500",,,,"https://en.wikipedia.org/wiki/Andrew_Carnegie_Library_(Corona,_California)",,,,,,,,no
Covina,public,Covina,California,United States,"Apr 11, 1905","$9,000",,,,,,,,,,,,no
Dinuba,public,Dinuba,California,United States,"Mar 16, 1915","$8,000",,,,,,,,,,,,no
Dixon,public,Dixon,California,United States,"Nov 21, 1911","$10,000","135 E B St, Dixon, CA 95620",38.44667,-121.82194,,wikipedia-list,"File:Dixon_Carnegie_Library,_135_E._B_St.,_Dixon,_CA_5-4-2013_6-50-34_PM.JPG",https://upload.wikimedia.org/wikipedia/commons/thumb/7/7c/Dixon_Carnegie_Library%2C_135_E._B_St.%2C_Dixon%2C_CA_5-4-2013_6-50-34_PM.JPG/1920px-Dixon_Carnegie_Library%2C_135_E._B_St.%2C_Dixon%2C_CA_5-4-2013_6-50-34_PM.JPG?utm_source=commons.wikimedia.org&utm_campaign=imageinfo&utm_content=thumbnail,Sanfranman59,CC BY-SA 3.0,https://creativecommons.org/licenses/by-sa/3.0,"https://commons.wikimedia.org/wiki/File:Dixon_Carnegie_Library,_135_E._B_St.,_Dixon,_CA_5-4-2013_6-50-34_PM.JPG",yes
Eagle Rock,public,Eagle Rock,California,United States,"Mar 11, 1914","$7,500","2225 Colorado Blvd, Los Angeles, CA 90041",34.13944,-118.21472,https://en.wikipedia.org/wiki/Center_for_the_Arts_Eagle_Rock,wikipedia-list,File:2007September_formerEagleRockBranchLibrary.jpg,https://upload.wikimedia.org/wikipedia/commons/7/7c/2007September_formerEagleRockBranchLibrary.jpg?utm_source=commons.wikimedia.org&utm_campaign=imageinfo&utm_content=thumbnail_unscaled,Doncram,CC BY-SA 3.0,https://creativecommons.org/licenses/by-sa/3.0,https://commons.wikimedia.org/wiki/File:2007September_formerEagleRockBranchLibrary.jpg,yes
East San Diego,public,East San Diego,California,United States,"Jun 1, 1915","$10,000",,,,,,,,,,,,no
El Centro,public,El Centro,California,United States,"Feb 13, 1909","$10,000","539 State St, El Centro, CA 92243",32.79139,-115.55583,,,,,,,,,no
Escondido,public,Escondido,California,United States,"Jun 29, 1908","$7,500",,,,,commons-namesearch,File:Escondido Carnegie Library.jpg,https://upload.wikimedia.org/wikipedia/commons/b/ba/Escondido_Carnegie_Library.jpg?utm_source=commons.wikimedia.org&utm_campaign=imageinfo&utm_content=thumbnail_unscaled,Escondido Historical Society,Public domain,,https://commons.wikimedia.org/wiki/File:Escondido_Carnegie_Library.jpg,yes
Eureka,public,Eureka,California,United States,"Oct 3, 1901","$20,000","636 F St, Eureka, CA 95501",40.80056,-124.16444,"https://en.wikipedia.org/wiki/Carnegie_Free_Library_(Eureka,_California)",wikipedia-list,File:Morris_Graves_Museum_-_Carnegie_Library_Building.jpg,https://upload.wikimedia.org/wikipedia/commons/thumb/1/13/Morris_Graves_Museum_-_Carnegie_Library_Building.jpg/1920px-Morris_Graves_Museum_-_Carnegie_Library_Building.jpg?utm_source=commons.wikimedia.org&utm_campaign=imageinfo&utm_content=thumbnail,Nytasi,CC0,http://creativecommons.org/publicdomain/zero/1.0/deed.en,https://commons.wikimedia.org/wiki/File:Morris_Graves_Museum_-_Carnegie_Library_Building.jpg,yes
Exeter,public,Exeter,California,United States,"May 8, 1914","$5,000","309 S E St., Exeter, CA 93221",36.29361,-119.13889,https://en.wikipedia.org/wiki/Exeter_Public_Library,wikipedia-list,File:2009-0725-CA-ExeterPublicLibrary.jpg,https://upload.wikimedia.org/wikipedia/commons/thumb/6/6d/2009-0725-CA-ExeterPublicLibrary.jpg/1920px-2009-0725-CA-ExeterPublicLibrary.jpg?utm_source=commons.wikimedia.org&utm_campaign=imageinfo&utm_content=thumbnail,Bobak Ha'Eri,CC BY 3.0,https://creativecommons.org/licenses/by/3.0,https://commons.wikimedia.org/wiki/File:2009-0725-CA-ExeterPublicLibrary.jpg,yes
Ferndale,public,Ferndale,California,United States,"Mar 21, 1908","$8,000","807 Main St, Ferndale, CA 95536",40.57972,-124.25972,https://en.wikipedia.org/wiki/Ferndale_Public_Library,wikipedia-list,File:Ferndale_CA_Public_Library.jpg,https://upload.wikimedia.org/wikipedia/commons/d/d5/Ferndale_CA_Public_Library.jpg?utm_source=commons.wikimedia.org&utm_campaign=imageinfo&utm_content=thumbnail_unscaled,Ellin Beltz,Public domain,,https://commons.wikimedia.org/wiki/File:Ferndale_CA_Public_Library.jpg,yes
Fresno,public,Fresno,California,United States,"Feb 14, 1901","$30,000","1330 Broadway Street, Fresno CA 93721",,,,wikipedia-list,File:Fresno_Carnegie_Library_Front_View.jpg,https://upload.wikimedia.org/wikipedia/commons/3/38/Fresno_Carnegie_Library_Front_View.jpg?utm_source=commons.wikimedia.org&utm_campaign=imageinfo&utm_content=thumbnail_unscaled,Unknown authorUnknown author,Public domain,,https://commons.wikimedia.org/wiki/File:Fresno_Carnegie_Library_Front_View.jpg,yes
Fullerton,public,Fullerton,California,United States,"Dec 8, 1905","$10,000",,,,,,,,,,,,no
Gilroy,public,Gilroy,California,United States,"Mar 12, 1906","$10,000","195 5th St, Gilroy, CA 95020",37.00778,-121.57167,https://en.wikipedia.org/wiki/Gilroy_Free_Library,wikipedia-list,File:USA-Gilroy-Carnegie_Library-1.jpg,https://upload.wikimedia.org/wikipedia/commons/thumb/2/2a/USA-Gilroy-Carnegie_Library-1.jpg/1920px-USA-Gilroy-Carnegie_Library-1.jpg?utm_source=commons.wikimedia.org&utm_campaign=imageinfo&utm_content=thumbnail,Eugene Zelenko,CC BY-SA 4.0,https://creativecommons.org/licenses/by-sa/4.0,https://commons.wikimedia.org/wiki/File:USA-Gilroy-Carnegie_Library-1.jpg,yes
Glendale,public,Glendale,California,United States,"Aug 11, 1911","$12,500",,,,,,,,,,,,no
Grass Valley,public,Grass Valley,California,United States,"Jan 6, 1915","$15,000","207 Mill St, Grass Valley, CA 95945",39.21667,-121.06306,https://en.wikipedia.org/wiki/Grass_Valley_Public_Library,wikipedia-list,File:GrassValley_CARoyceLibarary.JPG,https://upload.wikimedia.org/wikipedia/commons/e/e2/GrassValley_CARoyceLibarary.JPG?utm_source=commons.wikimedia.org&utm_campaign=imageinfo&utm_content=thumbnail_unscaled,Isaac Crumm,Public domain,,https://commons.wikimedia.org/wiki/File:GrassValley_CARoyceLibarary.JPG,yes
Gridley,public,Gridley,California,United States,"Jan 2, 1913","$7,000","519 Kentucky St, Gridley, CA 95966",39.36361,-121.69667,,,,,,,,,no
Hanford,public,Hanford,California,United States,"Mar 20, 1903","$12,500","109 East Eighth St, Hanford, CA 93230",36.32750,-119.64528,https://en.wikipedia.org/wiki/Hanford_Carnegie_Museum,wikipedia-list,File:Carnegie_090907_2.JPG,https://upload.wikimedia.org/wikipedia/commons/thumb/f/fe/Carnegie_090907_2.JPG/1920px-Carnegie_090907_2.JPG?utm_source=commons.wikimedia.org&utm_campaign=imageinfo&utm_content=thumbnail,Armona at en.wikipedia,CC BY-SA 3.0,http://creativecommons.org/licenses/by-sa/3.0/,https://commons.wikimedia.org/wiki/File:Carnegie_090907_2.JPG,yes
Hayward,public,Hayward,California,United States,"Feb 20, 1906","$11,750",,,,,,,,,,,,no
Healdsburg,public,Healdsburg,California,United States,"Aug 31, 1909","$10,000","221 Matheson St, Healdsburg, CA 95448",38.61111,-122.86722,,wikipedia-list,"File:Healdsburg_Carnegie_Library,_221_Matheson_St.,_Healdsburg,_CA_7-3-2010_4-29-17_PM.JPG",https://upload.wikimedia.org/wikipedia/commons/e/ee/Healdsburg_Carnegie_Library%2C_221_Matheson_St.%2C_Healdsburg%2C_CA_7-3-2010_4-29-17_PM.JPG?utm_source=commons.wikimedia.org&utm_campaign=imageinfo&utm_content=thumbnail_unscaled,Sanfranman59,CC BY-SA 3.0,https://creativecommons.org/licenses/by-sa/3.0,"https://commons.wikimedia.org/wiki/File:Healdsburg_Carnegie_Library,_221_Matheson_St.,_Healdsburg,_CA_7-3-2010_4-29-17_PM.JPG",yes
Hemet,public,Hemet,California,United States,"Nov 30, 1910","$10,000",,,,,,,,,,,,no
Hollister,public,Hollister,California,United States,"Apr 16, 1910","$10,000","375 Fifth St, Hollister, CA 95023",36.85111,-121.40333,https://en.wikipedia.org/wiki/Hollister_Carnegie_Library,wikipedia-list,File:Hollistor_City_Hall.jpg,https://upload.wikimedia.org/wikipedia/commons/f/f6/Hollistor_City_Hall.jpg?utm_source=commons.wikimedia.org&utm_campaign=imageinfo&utm_content=thumbnail_unscaled,BrendelSignature,CC BY-SA 3.0,http://creativecommons.org/licenses/by-sa/3.0/,https://commons.wikimedia.org/wiki/File:Hollistor_City_Hall.jpg,yes
Hollywood,public,Hollywood,California,United States,"Feb 28, 1906","$10,000",,,,,,,,,,,,no
Huntington Beach,public,Huntington Beach,California,United States,"Feb 13, 1913","$10,000",,,,,,,,,,,,no
Imperial,public,Imperial,California,United States,"Jan 23, 1909","$10,000",,,,,,,,,,,,no
Inglewood,public,Inglewood,California,United States,"Nov 9, 1916","$10,000",101 S Grevillea Ave,33.96167,-118.35472,,wikipedia-list,"File:Inglewood_Public_Library,_circa_1950.jpg",https://upload.wikimedia.org/wikipedia/commons/7/71/Inglewood_Public_Library%2C_circa_1950.jpg?utm_source=commons.wikimedia.org&utm_campaign=imageinfo&utm_content=thumbnail_unscaled,Unknown authorUnknown author,GFDL,http://www.gnu.org/copyleft/fdl.html,"https://commons.wikimedia.org/wiki/File:Inglewood_Public_Library,_circa_1950.jpg",yes
Lakeport,public,Lakeport,California,United States,"Nov 17, 1914","$8,000","200 Park St, Lakeport, CA 95453",39.04306,-122.91389,https://en.wikipedia.org/wiki/Lakeport_Carnegie_Library,wikipedia-list,File:Carnegie_Library_Lakeport_California.jpg,https://upload.wikimedia.org/wikipedia/commons/thumb/b/b7/Carnegie_Library_Lakeport_California.jpg/1920px-Carnegie_Library_Lakeport_California.jpg?utm_source=commons.wikimedia.org&utm_campaign=imageinfo&utm_content=thumbnail,sporst,CC BY 2.0,https://creativecommons.org/licenses/by/2.0,https://commons.wikimedia.org/wiki/File:Carnegie_Library_Lakeport_California.jpg,yes
Lincoln,public,Lincoln,California,United States,"Dec 13, 1907","$6,000","590 5th St, Lincoln, CA 95648",38.89194,-121.29111,,wikipedia-list,File:Lincoln_(California)_Public_Library.jpg,https://upload.wikimedia.org/wikipedia/commons/thumb/a/aa/Lincoln_%28California%29_Public_Library.jpg/1920px-Lincoln_%28California%29_Public_Library.jpg?utm_source=commons.wikimedia.org&utm_campaign=imageinfo&utm_content=thumbnail,T71024,CC BY-SA 3.0,https://creativecommons.org/licenses/by-sa/3.0,https://commons.wikimedia.org/wiki/File:Lincoln_(California)_Public_Library.jpg,yes
Livermore,public,Livermore,California,United States,"Aug 5, 1909","$10,000","2155 3rd St, Livermore, CA 94550",37.67944,-121.76861,https://en.wikipedia.org/wiki/Livermore_Carnegie_Library_and_Park,wikipedia-list,File:Livermore_Carnegie_Library_Front_View.JPG,https://upload.wikimedia.org/wikipedia/commons/thumb/0/0a/Livermore_Carnegie_Library_Front_View.JPG/1920px-Livermore_Carnegie_Library_Front_View.JPG?utm_source=commons.wikimedia.org&utm_campaign=imageinfo&utm_content=thumbnail,Saehrimnir,CC BY-SA 3.0,https://creativecommons.org/licenses/by-sa/3.0,https://commons.wikimedia.org/wiki/File:Livermore_Carnegie_Library_Front_View.JPG,yes
Lodi,public,Lodi,California,United States,"Dec 13, 1907","$9,000","305 W Pine St, Lodi, CA 95240",38.13444,-121.27639,,wikipedia-list,"File:Carnegie_building_in_Lodi,_California.jpg",https://upload.wikimedia.org/wikipedia/commons/thumb/c/c2/Carnegie_building_in_Lodi%2C_California.jpg/1920px-Carnegie_building_in_Lodi%2C_California.jpg?utm_source=commons.wikimedia.org&utm_campaign=imageinfo&utm_content=thumbnail,Kiddo27,CC BY-SA 4.0,https://creativecommons.org/licenses/by-sa/4.0,"https://commons.wikimedia.org/wiki/File:Carnegie_building_in_Lodi,_California.jpg",yes
Lompoc,public,Lompoc,California,United States,"Dec 13, 1909","$10,000","200 South H St, Lompoc, CA 93436",34.63694,-120.45750,,wikipedia-list,File:Lompoc_Museum.jpg,https://upload.wikimedia.org/wikipedia/commons/thumb/1/18/Lompoc_Museum.jpg/1920px-Lompoc_Museum.jpg?utm_source=commons.wikimedia.org&utm_campaign=imageinfo&utm_content=thumbnail,WalkThisWay1962,CC BY-SA 4.0,https://creativecommons.org/licenses/by-sa/4.0,https://commons.wikimedia.org/wiki/File:Lompoc_Museum.jpg,yes
Long Beach,public,Long Beach,California,United States,"Jan 19, 1905","$30,000",,,,,,,,,,,,no
Los Angeles Arroyo Seco,public,Los Angeles,California,United States,"Jan 31, 1911","$210,000",,,,,,,,,,,,no
Los Angeles Boyle Heights,public,Los Angeles,California,United States,"Jan 31, 1911",—,,,,,,,,,,,,no
Los Angeles Cahuenga Branch,public,Los Angeles,California,United States,"Jan 31, 1911",—,"4591 W Santa Monica Blvd, Los Angeles, CA 90029",34.09083,-118.28889,https://en.wikipedia.org/wiki/Cahuenga_Branch,wikipedia-list,File:Cahuenga_branch_los_angeles_public_library.jpg,https://upload.wikimedia.org/wikipedia/commons/thumb/a/a6/Cahuenga_branch_los_angeles_public_library.jpg/1920px-Cahuenga_branch_los_angeles_public_library.jpg?utm_source=commons.wikimedia.org&utm_campaign=imageinfo&utm_content=thumbnail,"Mfield, Matthew Field, http://www.photography.mattfield.com",CC BY-SA 3.0,https://creativecommons.org/licenses/by-sa/3.0,https://commons.wikimedia.org/wiki/File:Cahuenga_branch_los_angeles_public_library.jpg,yes
Los Angeles Lincoln Heights,public,Los Angeles,California,United States,"Jan 31, 1911",—,"2530 Workman St, Los Angeles, CA 90031",34.07611,-118.21389,https://en.wikipedia.org/wiki/Lincoln_Heights_Branch,wikipedia-list,"File:Lincoln_Heights_Branch_Library,_Los_Angeles.JPG",https://upload.wikimedia.org/wikipedia/commons/thumb/a/a7/Lincoln_Heights_Branch_Library%2C_Los_Angeles.JPG/1920px-Lincoln_Heights_Branch_Library%2C_Los_Angeles.JPG?utm_source=commons.wikimedia.org&utm_campaign=imageinfo&utm_content=thumbnail,Los Angeles,CC BY-SA 3.0,https://creativecommons.org/licenses/by-sa/3.0,"https://commons.wikimedia.org/wiki/File:Lincoln_Heights_Branch_Library,_Los_Angeles.JPG",yes
Los Angeles Vermont Square,public,Los Angeles,California,United States,"Jan 31, 1911",—,"1201 W 48th St, Los Angeles, CA 90037",33.99972,-118.29583,https://en.wikipedia.org/wiki/Vermont_Square_Branch,wikipedia-list,"File:Vermont_Square_Branch_Library,_Los_Angeles.JPG",https://upload.wikimedia.org/wikipedia/commons/thumb/8/83/Vermont_Square_Branch_Library%2C_Los_Angeles.JPG/1920px-Vermont_Square_Branch_Library%2C_Los_Angeles.JPG?utm_source=commons.wikimedia.org&utm_campaign=imageinfo&utm_content=thumbnail,Los Angeles,CC BY-SA 3.0,https://creativecommons.org/licenses/by-sa/3.0,"https://commons.wikimedia.org/wiki/File:Vermont_Square_Branch_Library,_Los_Angeles.JPG",yes
Los Angeles Vernon,public,Los Angeles,California,United States,"Jan 31, 1911",—,,,,,,,,,,,,no
Los Gatos,public,Los Gatos,California,United States,"Oct 17, 1901","$10,400",,,,,,,,,,,,no
Mill Valley,public,Mill Valley,California,United States,"Jan 18, 1910","$10,000","52 Lovell Ave, Mill Valley, CA 94941",37.90611,-122.55000,,,,,,,,,no
Monrovia,public,Monrovia,California,United States,"Jan 19, 1905","$10,000",,,,,,,,,,,,no
Monterey,public,Monterey,California,United States,"Dec 24, 1907","$10,000","425 Van Buren St, Monterey, CA 93930",36.60000,-121.89722,,wikipedia-list,File:MIIS_Monterey.jpg,https://upload.wikimedia.org/wikipedia/commons/d/d6/MIIS_Monterey.jpg?utm_source=commons.wikimedia.org&utm_campaign=imageinfo&utm_content=thumbnail_unscaled,Kedntay,CC BY-SA 4.0,https://creativecommons.org/licenses/by-sa/4.0,https://commons.wikimedia.org/wiki/File:MIIS_Monterey.jpg,yes
National City,public,National City,California,United States,"Feb 13, 1909","$10,000",,,,,,,,,,,,no
Nevada City,public,Nevada City,California,United States,"Mar 20, 1904","$10,000","211 N Pine St, Nevada City, CA 95959",,,https://en.wikipedia.org/wiki/Doris_Foley_Library_for_Historical_Research,wikipedia-list,File:Nevada_City_Free_Public_Library.jpg,https://upload.wikimedia.org/wikipedia/commons/2/22/Nevada_City_Free_Public_Library.jpg?utm_source=commons.wikimedia.org&utm_campaign=imageinfo&utm_content=thumbnail_unscaled,bormang2,CC BY 2.0,https://creativecommons.org/licenses/by/2.0,https://commons.wikimedia.org/wiki/File:Nevada_City_Free_Public_Library.jpg,yes
Newman,public,Newman,California,United States,"Nov 17, 1914","$8,000","1209 Main St, Newman, CA 95360",,,,,,,,,,,no
Oakdale,public,Oakdale,California,United States,"May 15, 1916","$7,000","315 West F St, Oakdale, CA 95361",,,,,,,,,,,no
Oakland Main,public,Oakland,California,United States,"Aug 23, 1899","$190,000","659 14th St, Oakland, CA 94612",,,https://en.wikipedia.org/wiki/African_American_Museum_and_Library_at_Oakland,wikipedia-list,File:African_American_Museum_and_Library_at_Oakland_(2008).jpg,https://upload.wikimedia.org/wikipedia/commons/4/45/African_American_Museum_and_Library_at_Oakland_%282008%29.jpg?utm_source=commons.wikimedia.org&utm_campaign=imageinfo&utm_content=thumbnail_unscaled,Oakland Public Library,CC BY-SA 3.0,https://creativecommons.org/licenses/by-sa/3.0,https://commons.wikimedia.org/wiki/File:African_American_Museum_and_Library_at_Oakland_(2008).jpg,yes
Oakland Golden Gate,public,Oakland,California,United States,"Aug 23, 1899",—,"5606 San Pablo Ave, Oakland, CA 94608",,,,wikipedia-list,File:Oakland_Public_Library_Golden_Gate_Branch_2009.jpg,https://upload.wikimedia.org/wikipedia/commons/thumb/8/8c/Oakland_Public_Library_Golden_Gate_Branch_2009.jpg/1920px-Oakland_Public_Library_Golden_Gate_Branch_2009.jpg?utm_source=commons.wikimedia.org&utm_campaign=imageinfo&utm_content=thumbnail,Mike Linksvayer,CC0,http://creativecommons.org/publicdomain/zero/1.0/deed.en,https://commons.wikimedia.org/wiki/File:Oakland_Public_Library_Golden_Gate_Branch_2009.jpg,yes
Oakland Melrose,public,Oakland,California,United States,"Aug 23, 1899",—,"4805 Foothill Blvd, Oakland, CA 94601",,,,wikipedia-list,"File:Oakland_Free_Library-Melrose_Branch_(Oakland,_CA).JPG",https://upload.wikimedia.org/wikipedia/commons/6/6d/Oakland_Free_Library-Melrose_Branch_%28Oakland%2C_CA%29.JPG?utm_source=commons.wikimedia.org&utm_campaign=imageinfo&utm_content=thumbnail_unscaled,Sanfranman59,CC BY-SA 3.0,https://creativecommons.org/licenses/by-sa/3.0,"https://commons.wikimedia.org/wiki/File:Oakland_Free_Library-Melrose_Branch_(Oakland,_CA).JPG",yes
Oakland Miller,public,Oakland,California,United States,"Aug 23, 1899",—,"1449 Miller Avenue, Oakland, CA 94601",,,,wikipedia-list,"File:Oakland_Free_Library-23rd_Ave._Branch_(Oakland,_CA).JPG",https://upload.wikimedia.org/wikipedia/commons/7/77/Oakland_Free_Library-23rd_Ave._Branch_%28Oakland%2C_CA%29.JPG?utm_source=commons.wikimedia.org&utm_campaign=imageinfo&utm_content=thumbnail_unscaled,Sanfranman59,CC BY-SA 3.0,https://creativecommons.org/licenses/by-sa/3.0,"https://commons.wikimedia.org/wiki/File:Oakland_Free_Library-23rd_Ave._Branch_(Oakland,_CA).JPG",yes
Oakland Temescal,public,Oakland,California,United States,"Aug 23, 1899",—,"5205 Telegraph Ave, Oakland, CA 94609",,,,wikipedia-list,"File:Oakland_Free_Library-Alden_Branch_(Oakland,_CA).JPG",https://upload.wikimedia.org/wikipedia/commons/0/02/Oakland_Free_Library-Alden_Branch_%28Oakland%2C_CA%29.JPG?utm_source=commons.wikimedia.org&utm_campaign=imageinfo&utm_content=thumbnail_unscaled,Sanfranman59,CC BY-SA 3.0,https://creativecommons.org/licenses/by-sa/3.0,"https://commons.wikimedia.org/wiki/File:Oakland_Free_Library-Alden_Branch_(Oakland,_CA).JPG",yes
Ontario,public,Ontario,California,United States,"Jun 8, 1905","$12,000",,,,,,,,,,,,no
Orange,public,Orange,California,United States,"Mar 9, 1907","$10,000","407 E Chapman Ave, Orange, CA 92866",,,,,,,,,,,no
Orland,public,Orland,California,United States,"Nov 3, 1913","$8,000","912 3rd St, Orland, CA 95963",,,,,,,,,,,no
Orosi,public,Orosi,California,United States,"Sep 14, 1917","$3,000","12646 Ave 416, Orosi, CA 93647",,,https://en.wikipedia.org/wiki/Orosi_Branch_Library,wikipedia-list,File:2009-0725-CA-Orosi-library.jpg,https://upload.wikimedia.org/wikipedia/commons/thumb/f/fc/2009-0725-CA-Orosi-library.jpg/1920px-2009-0725-CA-Orosi-library.jpg?utm_source=commons.wikimedia.org&utm_campaign=imageinfo&utm_content=thumbnail,Bobak Ha'Eri,CC BY 3.0,https://creativecommons.org/licenses/by/3.0,https://commons.wikimedia.org/wiki/File:2009-0725-CA-Orosi-library.jpg,yes
Oroville,public,Oroville,California,United States,"May 2, 1911","$10,000","1675 Montgomery St, Oroville, CA 95965",,,https://en.wikipedia.org/wiki/Oroville_Carnegie_Library,wikipedia-list,"File:Oroville,_California_law_library_from_NW_1.JPG",https://upload.wikimedia.org/wikipedia/commons/thumb/1/16/Oroville%2C_California_law_library_from_NW_1.JPG/1920px-Oroville%2C_California_law_library_from_NW_1.JPG?utm_source=commons.wikimedia.org&utm_campaign=imageinfo&utm_content=thumbnail,Ammodramus,CC0,http://creativecommons.org/publicdomain/zero/1.0/deed.en,"https://commons.wikimedia.org/wiki/File:Oroville,_California_law_library_from_NW_1.JPG",yes
Oxnard,public,Oxnard,California,United States,"Feb 13, 1906","$12,000","424 South C St, Oxnard, CA 93030",,,https://en.wikipedia.org/wiki/Carnegie_Art_Museum,wikipedia-list,"File:Carneige_Art_Museum,_Oxnard.jpg",https://upload.wikimedia.org/wikipedia/commons/thumb/b/b4/Carneige_Art_Museum%2C_Oxnard.jpg/1920px-Carneige_Art_Museum%2C_Oxnard.jpg?utm_source=commons.wikimedia.org&utm_campaign=imageinfo&utm_content=thumbnail,Los Angeles,CC BY-SA 3.0,https://creativecommons.org/licenses/by-sa/3.0,"https://commons.wikimedia.org/wiki/File:Carneige_Art_Museum,_Oxnard.jpg",yes
Pacific Grove,public,Pacific Grove,California,United States,"Mar 12, 1906","$10,000","550 Central Ave, Pacific Grove, CA 93950",,,,wikipedia-list,File:Pacific_Grove_400.jpg,https://upload.wikimedia.org/wikipedia/commons/8/8b/Pacific_Grove_400.jpg?utm_source=commons.wikimedia.org&utm_campaign=imageinfo&utm_content=thumbnail_unscaled,Kedntay,CC BY-SA 4.0,https://creativecommons.org/licenses/by-sa/4.0,https://commons.wikimedia.org/wiki/File:Pacific_Grove_400.jpg,yes
Palo Alto,public,Palo Alto,California,United States,"Feb 20, 1903","$10,000",,,,,,,,,,,,no
Paso Robles,public,Paso Robles,California,United States,"Dec 13, 1906","$10,000","Paso Robles City Park, 800 12th St, Paso Robles, CA 93446",35.62611,-120.69000,,wikipedia-list,File:Paso_Robles_Carnegie.jpg,https://upload.wikimedia.org/wikipedia/commons/thumb/a/aa/Paso_Robles_Carnegie.jpg/1920px-Paso_Robles_Carnegie.jpg?utm_source=commons.wikimedia.org&utm_campaign=imageinfo&utm_content=thumbnail,Jack B. Erhart,Public domain,,https://commons.wikimedia.org/wiki/File:Paso_Robles_Carnegie.jpg,yes
Patterson,public,Patterson,California,United States,"Jun 6, 1917","$3,000","355 W Las Palmas Ave, Patterson, CA 95363",,,,wikipedia-list,File:Patterson_Branch_Library.JPG,https://upload.wikimedia.org/wikipedia/commons/thumb/c/c3/Patterson_Branch_Library.JPG/1920px-Patterson_Branch_Library.JPG?utm_source=commons.wikimedia.org&utm_campaign=imageinfo&utm_content=thumbnail,NewmanHouse2004,CC BY-SA 3.0,https://creativecommons.org/licenses/by-sa/3.0,https://commons.wikimedia.org/wiki/File:Patterson_Branch_Library.JPG,yes
Petaluma,public,Petaluma,California,United States,"Jan 13, 1903","$12,500","20 4th St, Petaluma, CA 94952",,,https://en.wikipedia.org/wiki/Free_Public_Library_of_Petaluma,wikipedia-list,"File:Free_Public_Library_of_Petaluma,_20_Fourth_St.,_Petaluma,_CA_5-31-2010_6-56-02_PM.JPG",https://upload.wikimedia.org/wikipedia/commons/2/2e/Free_Public_Library_of_Petaluma%2C_20_Fourth_St.%2C_Petaluma%2C_CA_5-31-2010_6-56-02_PM.JPG?utm_source=commons.wikimedia.org&utm_campaign=imageinfo&utm_content=thumbnail_unscaled,Sanfranman59,CC BY-SA 3.0,https://creativecommons.org/licenses/by-sa/3.0,"https://commons.wikimedia.org/wiki/File:Free_Public_Library_of_Petaluma,_20_Fourth_St.,_Petaluma,_CA_5-31-2010_6-56-02_PM.JPG",yes
Pomona,public,Pomona,California,United States,"Jan 23, 1902","$25,000","380 North Main Street, Pomona (former site)",,,,wikipedia-list,"File:Exterior_view_of_the_Pomona_Public_Library,_shown_from_the_right,_ca.1900_(CHS-5275).jpg",https://upload.wikimedia.org/wikipedia/commons/thumb/0/02/Exterior_view_of_the_Pomona_Public_Library%2C_shown_from_the_right%2C_ca.1900_%28CHS-5275%29.jpg/1920px-Exterior_view_of_the_Pomona_Public_Library%2C_shown_from_the_right%2C_ca.1900_%28CHS-5275%29.jpg?utm_source=commons.wikimedia.org&utm_campaign=imageinfo&utm_content=thumbnail,C. C. Pierce,Public domain,,"https://commons.wikimedia.org/wiki/File:Exterior_view_of_the_Pomona_Public_Library,_shown_from_the_right,_ca.1900_(CHS-5275).jpg",yes
Porterville,public,Porterville,California,United States,"Feb 6, 1907","$10,000",,,,,,,,,,,,no
Redding,public,Redding,California,United States,"Mar 20, 1903","$10,000",,,,,,,,,,,,no
Redwood City,public,Redwood City,California,United States,"Feb 20, 1904","$16,000",,,,,,,,,,,,no
Richmond,public,Richmond,California,United States,"Jan 14, 1909","$17,500","400 Nevin Ave, Richmond, CA 94801",,,,wikipedia-list,File:Richmond_carnegie_library.jpg,https://upload.wikimedia.org/wikipedia/commons/2/23/Richmond_carnegie_library.jpg?utm_source=commons.wikimedia.org&utm_campaign=imageinfo&utm_content=thumbnail_unscaled,Gioia000,CC BY-SA 4.0,https://creativecommons.org/licenses/by-sa/4.0,https://commons.wikimedia.org/wiki/File:Richmond_carnegie_library.jpg,yes
Riverbank,public,Riverbank,California,United States,"Jun 6, 1917","$3,000","3237 Santa Fe St, Riverbank, CA 95367",,,,wikipedia-list,File:Riverbank_Carnegie_Library.jpg,https://upload.wikimedia.org/wikipedia/commons/thumb/7/78/Riverbank_Carnegie_Library.jpg/1920px-Riverbank_Carnegie_Library.jpg?utm_source=commons.wikimedia.org&utm_campaign=imageinfo&utm_content=thumbnail,NewmanHouse2004,CC BY-SA 3.0,https://creativecommons.org/licenses/by-sa/3.0,https://commons.wikimedia.org/wiki/File:Riverbank_Carnegie_Library.jpg,yes
Riverside,public,Riverside,California,United States,"Aug 16, 1901","$52,500",,,,,wikipedia-list,"File:Exterior_view_of_the_Riverside_Public_Library,_ca.1910_(CHS-5278).jpg",https://upload.wikimedia.org/wikipedia/commons/thumb/5/5e/Exterior_view_of_the_Riverside_Public_Library%2C_ca.1910_%28CHS-5278%29.jpg/1920px-Exterior_view_of_the_Riverside_Public_Library%2C_ca.1910_%28CHS-5278%29.jpg?utm_source=commons.wikimedia.org&utm_campaign=imageinfo&utm_content=thumbnail,C. C. Pierce,Public domain,,"https://commons.wikimedia.org/wiki/File:Exterior_view_of_the_Riverside_Public_Library,_ca.1910_(CHS-5278).jpg",yes
Roseville,public,Roseville,California,United States,"Apr 25, 1911","$10,000","557 Lincoln St, Roseville, CA 95678",,,,wikipedia-list,"File:Carnegie_Library_(Roseville,_California),_facade,_oblique_view.jpg",https://upload.wikimedia.org/wikipedia/commons/thumb/6/68/Carnegie_Library_%28Roseville%2C_California%29%2C_facade%2C_oblique_view.jpg/1920px-Carnegie_Library_%28Roseville%2C_California%29%2C_facade%2C_oblique_view.jpg?utm_source=commons.wikimedia.org&utm_campaign=imageinfo&utm_content=thumbnail,T71024,CC BY-SA 3.0,https://creativecommons.org/licenses/by-sa/3.0,"https://commons.wikimedia.org/wiki/File:Carnegie_Library_(Roseville,_California),_facade,_oblique_view.jpg",yes
Sacramento,public,Sacramento,California,United States,"Feb 26, 1914","$100,000","828 I St, Sacramento, CA 95814",,,https://en.wikipedia.org/wiki/Sacramento_City_Library,wikipedia-list,File:Sacramento_City_Library.JPG,https://upload.wikimedia.org/wikipedia/commons/thumb/f/f6/Sacramento_City_Library.JPG/1920px-Sacramento_City_Library.JPG?utm_source=commons.wikimedia.org&utm_campaign=imageinfo&utm_content=thumbnail,Shortride,CC BY-SA 3.0,https://creativecommons.org/licenses/by-sa/3.0,https://commons.wikimedia.org/wiki/File:Sacramento_City_Library.JPG,yes
Salinas,public,Salinas,California,United States,"Mar 9, 1907","$10,000",,,,,,,,,,,,no
San Anselmo,public,San Anselmo,California,United States,"Jan 14, 1914","$10,000","110 Tunstead Ave, San Anselmo, CA 94960",,,,,,,,,,,no
San Bernardino,public,San Bernardino,California,United States,"Mar 14, 1902","$27,600",,,,,,,,,,,,no
San Diego,public,San Diego,California,United States,"Jul 7, 1899","$60,000",,,,,wikipedia-list,"File:05709-San_Diego-1905-Carnegie_Library,_San_Diego,_Cal.-Brück_&_Sohn_Kunstverlag.jpg",https://upload.wikimedia.org/wikipedia/commons/5/5c/05709-San_Diego-1905-Carnegie_Library%2C_San_Diego%2C_Cal.-Br%C3%BCck_%26_Sohn_Kunstverlag.jpg?utm_source=commons.wikimedia.org&utm_campaign=imageinfo&utm_content=thumbnail_unscaled,Brück &amp; Sohn Kunstverlag Meißen,CC0,http://creativecommons.org/publicdomain/zero/1.0/deed.en,"https://commons.wikimedia.org/wiki/File:05709-San_Diego-1905-Carnegie_Library,_San_Diego,_Cal.-Br%C3%BCck_%26_Sohn_Kunstverlag.jpg",yes
San Francisco Main,public,San Francisco,California,United States,"Jun 20, 1901","$375,000 [3]","Civic Center, 200 Larkin St, San Francisco, CA 94102",,,,wikipedia-list,File:Americana_1920_Libraries_-_San_Francisco_Public_Library.jpg,https://upload.wikimedia.org/wikipedia/commons/b/b9/Americana_1920_Libraries_-_San_Francisco_Public_Library.jpg?utm_source=commons.wikimedia.org&utm_campaign=imageinfo&utm_content=thumbnail_unscaled,Unknown photographer,Public domain,,https://commons.wikimedia.org/wiki/File:Americana_1920_Libraries_-_San_Francisco_Public_Library.jpg,yes
San Francisco Chinatown,public,San Francisco,California,United States,"Jun 20, 1901",—,"1135 Powell St, San Francisco, CA 94108",,,,wikipedia-list,File:San_Francisco_Public_Library_Chinatown_(36826034965).jpg,https://upload.wikimedia.org/wikipedia/commons/thumb/3/3b/San_Francisco_Public_Library_Chinatown_%2836826034965%29.jpg/1920px-San_Francisco_Public_Library_Chinatown_%2836826034965%29.jpg?utm_source=commons.wikimedia.org&utm_campaign=imageinfo&utm_content=thumbnail,Paul Sableman,CC BY 2.0,https://creativecommons.org/licenses/by/2.0,https://commons.wikimedia.org/wiki/File:San_Francisco_Public_Library_Chinatown_(36826034965).jpg,yes
San Francisco Golden Gate Valley,public,San Francisco,California,United States,"Jun 20, 1901",—,"1801 Green St, San Francisco, CA 94123",,,,wikipedia-list,File:Golden_Gate_Valley_Branch_(27589851925).jpg,https://upload.wikimedia.org/wikipedia/commons/thumb/b/b0/Golden_Gate_Valley_Branch_%2827589851925%29.jpg/1920px-Golden_Gate_Valley_Branch_%2827589851925%29.jpg?utm_source=commons.wikimedia.org&utm_campaign=imageinfo&utm_content=thumbnail,Eric E Castro from San Francisco,CC BY 2.0,https://creativecommons.org/licenses/by/2.0,https://commons.wikimedia.org/wiki/File:Golden_Gate_Valley_Branch_(27589851925).jpg,yes
San Francisco Mission,public,San Francisco,California,United States,"Jun 20, 1901",—,"3359 24th St, San Francisco, CA 94110",,,,wikipedia-list,"File:Mission_Library,_San_Francisco.jpg",https://upload.wikimedia.org/wikipedia/commons/thumb/4/42/Mission_Library%2C_San_Francisco.jpg/1920px-Mission_Library%2C_San_Francisco.jpg?utm_source=commons.wikimedia.org&utm_campaign=imageinfo&utm_content=thumbnail,Dreamyshade,CC BY-SA 4.0,https://creativecommons.org/licenses/by-sa/4.0,"https://commons.wikimedia.org/wiki/File:Mission_Library,_San_Francisco.jpg",yes
San Francisco Noe Valley,public,San Francisco,California,United States,"Jun 20, 1901",—,"451 Jersey St, San Francisco, CA 94114",,,,wikipedia-list,File:Noe_Valley_Library.jpg,https://upload.wikimedia.org/wikipedia/commons/9/9f/Noe_Valley_Library.jpg?utm_source=commons.wikimedia.org&utm_campaign=imageinfo&utm_content=thumbnail_unscaled,Jodafo66,CC BY-SA 4.0,https://creativecommons.org/licenses/by-sa/4.0,https://commons.wikimedia.org/wiki/File:Noe_Valley_Library.jpg,yes
San Francisco Presidio,public,San Francisco,California,United States,"Jun 20, 1901",—,"3150 Sacramento St, San Francisco, CA 94115",,,,wikipedia-list,File:Presidio_Branch_(27589850595).jpg,https://upload.wikimedia.org/wikipedia/commons/thumb/3/37/Presidio_Branch_%2827589850595%29.jpg/1920px-Presidio_Branch_%2827589850595%29.jpg?utm_source=commons.wikimedia.org&utm_campaign=imageinfo&utm_content=thumbnail,Eric E Castro from San Francisco,CC BY 2.0,https://creativecommons.org/licenses/by/2.0,https://commons.wikimedia.org/wiki/File:Presidio_Branch_(27589850595).jpg,yes
San Francisco Richmond,public,San Francisco,California,United States,"Jun 20, 1901",—,"351 9th Ave, San Francisco, CA 94118",,,,wikipedia-list,File:The_Richmond_Branch_(4498292138).jpg,https://upload.wikimedia.org/wikipedia/commons/thumb/d/d9/The_Richmond_Branch_%284498292138%29.jpg/1920px-The_Richmond_Branch_%284498292138%29.jpg?utm_source=commons.wikimedia.org&utm_campaign=imageinfo&utm_content=thumbnail,Eric E Castro from San Francisco,CC BY 2.0,https://creativecommons.org/licenses/by/2.0,https://commons.wikimedia.org/wiki/File:The_Richmond_Branch_(4498292138).jpg,yes
San Francisco Sunset,public,San Francisco,California,United States,"Jun 20, 1901",—,"1305 18th Ave, San Francisco, 94122",,,,wikipedia-list,File:Sunset_Branch_Library_(4504043356).jpg,https://upload.wikimedia.org/wikipedia/commons/thumb/d/d8/Sunset_Branch_Library_%284504043356%29.jpg/1920px-Sunset_Branch_Library_%284504043356%29.jpg?utm_source=commons.wikimedia.org&utm_campaign=imageinfo&utm_content=thumbnail,Eric E Castro from San Francisco,CC BY 2.0,https://creativecommons.org/licenses/by/2.0,https://commons.wikimedia.org/wiki/File:Sunset_Branch_Library_(4504043356).jpg,yes
San Jose Main,public,San Jose,California,United States,"Mar 8, 1901","$57,000",,,,https://en.wikipedia.org/wiki/Main_San_Jos%C3%A9_Carnegie_Library,wikipedia-list,File:San_Jose_Main_Carnegie_Library.jpg,https://upload.wikimedia.org/wikipedia/commons/thumb/9/92/San_Jose_Main_Carnegie_Library.jpg/1920px-San_Jose_Main_Carnegie_Library.jpg?utm_source=commons.wikimedia.org&utm_campaign=imageinfo&utm_content=thumbnail,Unknown authorUnknown author,Public domain,,https://commons.wikimedia.org/wiki/File:San_Jose_Main_Carnegie_Library.jpg,yes
San Jose East,public,San Jose,California,United States,"Mar 8, 1901",—,"1102 E Santa Clara St, San Jose, CA 95116",,,https://en.wikipedia.org/wiki/East_San_Jose_Carnegie_Branch_Library,wikipedia-list,File:East_San_Jose_Carnegie_Library.jpg,https://upload.wikimedia.org/wikipedia/commons/thumb/a/aa/East_San_Jose_Carnegie_Library.jpg/1920px-East_San_Jose_Carnegie_Library.jpg?utm_source=commons.wikimedia.org&utm_campaign=imageinfo&utm_content=thumbnail,LPS.1,CC BY-SA 3.0,https://creativecommons.org/licenses/by-sa/3.0,https://commons.wikimedia.org/wiki/File:East_San_Jose_Carnegie_Library.jpg,yes
San Leandro,public,San Leandro,California,United States,"Dec 13, 1907","$12,000",,,,,,,,,,,,no
San Luis Obispo,public,San Luis Obispo,California,United States,"Feb 12, 1903","$10,000","696 Monterey St, San Luis Obispo, CA 93401",,,https://en.wikipedia.org/wiki/San_Luis_Obispo_Carnegie_Library,wikipedia-list,File:SLO_historical_museum.jpg,https://upload.wikimedia.org/wikipedia/commons/thumb/4/47/SLO_historical_museum.jpg/1920px-SLO_historical_museum.jpg?utm_source=commons.wikimedia.org&utm_campaign=imageinfo&utm_content=thumbnail,You may select the license of your choice.,CC BY-SA 3.0,https://creativecommons.org/licenses/by-sa/3.0,https://commons.wikimedia.org/wiki/File:SLO_historical_museum.jpg,yes
San Mateo,public,San Mateo,California,United States,"Apr 20, 1905","$12,500",,,,,,,,,,,,no
San Pedro,public,San Pedro,California,United States,"Mar 25, 1905","$10,375",,,,,,,,,,,,no
San Rafael,public,San Rafael,California,United States,"Dec 20, 1904","$25,000","1100 E St, San Rafael, CA 94901",,,,,,,,,,,no
Sanger,public,Sanger,California,United States,"Nov 17, 1914","$10,000",,,,,,,,,,,,no
Santa Ana,public,Santa Ana,California,United States,"Jan 22, 1902","$15,000",,,,,,,,,,,,no
Santa Barbara,public,Santa Barbara,California,United States,"May 8, 1914","$50,000","40 E Anapamu St, Santa Barbara, CA 93101",,,,wikipedia-list,File:Santa_Barbara_library.jpg,https://upload.wikimedia.org/wikipedia/commons/thumb/f/ff/Santa_Barbara_library.jpg/1920px-Santa_Barbara_library.jpg?utm_source=commons.wikimedia.org&utm_campaign=imageinfo&utm_content=thumbnail,You may select the license of your choice.,CC BY-SA 3.0,https://creativecommons.org/licenses/by-sa/3.0,https://commons.wikimedia.org/wiki/File:Santa_Barbara_library.jpg,yes
Santa Cruz Main,public,Santa Cruz,California,United States,"Feb 15, 1902","$29,000",224 Church St,,,,,,,,,,,no
Santa Cruz East Cliff,public,Santa Cruz,California,United States,"Feb 15, 1902",—,"1305 E Cliff Dr, Santa Cruz, CA 95062",,,,wikipedia-list,File:Santa_Cruz_Museum_Exterior.jpg,https://upload.wikimedia.org/wikipedia/commons/e/e9/Santa_Cruz_Museum_Exterior.jpg?utm_source=commons.wikimedia.org&utm_campaign=imageinfo&utm_content=thumbnail_unscaled,SluggerBugger at English Wikipedia,CC BY-SA 3.0,https://creativecommons.org/licenses/by-sa/3.0,https://commons.wikimedia.org/wiki/File:Santa_Cruz_Museum_Exterior.jpg,yes
Santa Cruz Eastside,public,Santa Cruz,California,United States,"Feb 15, 1902",—,,,,,,,,,,,,no
Santa Cruz Garfield Park,public,Santa Cruz,California,United States,"Feb 15, 1902",—,"705 Woodrow Ave, Santa Cruz, CA 95060",,,,wikipedia-list,File:Garfield_Park_Library.jpg,https://upload.wikimedia.org/wikipedia/commons/d/d4/Garfield_Park_Library.jpg?utm_source=commons.wikimedia.org&utm_campaign=imageinfo&utm_content=thumbnail_unscaled,Mrwrite,Public domain,,https://commons.wikimedia.org/wiki/File:Garfield_Park_Library.jpg,yes
Santa Maria,public,Santa Maria,California,United States,"Jan 8, 1908","$10,000",420 S. Broadway Street,,,,wikipedia-list,File:Santa_Maria_Public_Library_-_Carnegie_Library.jpg,https://upload.wikimedia.org/wikipedia/commons/a/a6/Santa_Maria_Public_Library_-_Carnegie_Library.jpg?utm_source=commons.wikimedia.org&utm_campaign=imageinfo&utm_content=thumbnail_unscaled,Unknown authorUnknown author,Public domain,,https://commons.wikimedia.org/wiki/File:Santa_Maria_Public_Library_-_Carnegie_Library.jpg,yes
Santa Monica Main,public,Santa Monica,California,United States,"Apr 13, 1903","$25,000",,,,,wikipedia-list,"File:Santa_Monica_Public_Library,_503_Santa_Monica_Boulevard_-_1904.jpg",https://upload.wikimedia.org/wikipedia/commons/d/db/Santa_Monica_Public_Library%2C_503_Santa_Monica_Boulevard_-_1904.jpg?utm_source=commons.wikimedia.org&utm_campaign=imageinfo&utm_content=thumbnail_unscaled,Santa Monica Public Library Image Archives,Public domain,,"https://commons.wikimedia.org/wiki/File:Santa_Monica_Public_Library,_503_Santa_Monica_Boulevard_-_1904.jpg",yes
Santa Monica Ocean Park,public,Santa Monica,California,United States,"Apr 13, 1903",—,"2601 Main St, Santa Monica, CA 90405",,,,wikipedia-list,File:Ocean_Park_Public_Library.jpg,https://upload.wikimedia.org/wikipedia/commons/4/4d/Ocean_Park_Public_Library.jpg?utm_source=commons.wikimedia.org&utm_campaign=imageinfo&utm_content=thumbnail_unscaled,Self,CC BY 3.0,https://creativecommons.org/licenses/by/3.0,https://commons.wikimedia.org/wiki/File:Ocean_Park_Public_Library.jpg,yes
Santa Rosa,public,Santa Rosa,California,United States,"Mar 14, 1902","$26,900",,,,,commons-namesearch,File:06810-Santa Rosa-1905-Carnegie Library-Brück & Sohn Kunstverlag.jpg,https://upload.wikimedia.org/wikipedia/commons/e/eb/06810-Santa_Rosa-1905-Carnegie_Library-Br%C3%BCck_%26_Sohn_Kunstverlag.jpg?utm_source=commons.wikimedia.org&utm_campaign=imageinfo&utm_content=thumbnail_unscaled,Brück &amp; Sohn Kunstverlag Meißen,CC0,http://creativecommons.org/publicdomain/zero/1.0/deed.en,https://commons.wikimedia.org/wiki/File:06810-Santa_Rosa-1905-Carnegie_Library-Br%C3%BCck_%26_Sohn_Kunstverlag.jpg,yes
Sebastopol,public,Sebastopol,California,United States,"Nov 21, 1911","$7,500",,,,,,,,,,,,no
Selma,public,Selma,California,United States,"Mar 14, 1905","$6,000",,,,,,,,,,,,no
Sonoma,public,Sonoma,California,United States,"Apr 25, 1911","$6,000","453 1st St E, Sonoma, CA 95476",,,,,,,,,,,no
South Pasadena,public,South Pasadena,California,United States,"Dec 13, 1906","$18,600–1906, $6600–1916","1100 Oxley Str, South Pasadena, CA 91030",,,,wikipedia-list,File:South_Pasadena_Public_Library.jpg,https://upload.wikimedia.org/wikipedia/commons/thumb/4/4a/South_Pasadena_Public_Library.jpg/1920px-South_Pasadena_Public_Library.jpg?utm_source=commons.wikimedia.org&utm_campaign=imageinfo&utm_content=thumbnail,Cbl62,CC BY-SA 3.0,https://creativecommons.org/licenses/by-sa/3.0,https://commons.wikimedia.org/wiki/File:South_Pasadena_Public_Library.jpg,yes
South San Francisco,public,South San Francisco,California,United States,"May 8, 1914","$10,000","306 Walnut Ave, South San Francisco, CA 94080",,,,wikipedia-list,File:SSF_Grand_Avenue_library_front.JPG,https://upload.wikimedia.org/wikipedia/commons/thumb/4/46/SSF_Grand_Avenue_library_front.JPG/1920px-SSF_Grand_Avenue_library_front.JPG?utm_source=commons.wikimedia.org&utm_campaign=imageinfo&utm_content=thumbnail,BrokenSphere,CC BY-SA 3.0,https://creativecommons.org/licenses/by-sa/3.0,https://commons.wikimedia.org/wiki/File:SSF_Grand_Avenue_library_front.JPG,yes
St. Helena,public,St. Helena,California,United States,"Dec 13, 1906","$8,362","1360 Oak Avenue, St. Helena, CA 94574",,,,wikipedia-list,"File:St._Helena_Public_Library,_1360_Oak_Ave.,_St._Helena,_CA_10-16-2011_1-07-10_PM.JPG",https://upload.wikimedia.org/wikipedia/commons/thumb/c/cc/St._Helena_Public_Library%2C_1360_Oak_Ave.%2C_St._Helena%2C_CA_10-16-2011_1-07-10_PM.JPG/1920px-St._Helena_Public_Library%2C_1360_Oak_Ave.%2C_St._Helena%2C_CA_10-16-2011_1-07-10_PM.JPG?utm_source=commons.wikimedia.org&utm_campaign=imageinfo&utm_content=thumbnail,Sanfranman59,CC BY-SA 3.0,https://creativecommons.org/licenses/by-sa/3.0,"https://commons.wikimedia.org/wiki/File:St._Helena_Public_Library,_1360_Oak_Ave.,_St._Helena,_CA_10-16-2011_1-07-10_PM.JPG",yes
Tulare,public,Tulare,California,United States,"Dec 30, 1904","$10,000",,,,,,,,,,,,no
Turlock,public,Turlock,California,United States,"Jun 1, 1915","$9,200","250 N Broadway Ave, Turlock, CA 95380",,,,wikipedia-list,File:Turlock_Carnegie_Library2.jpg,https://upload.wikimedia.org/wikipedia/commons/a/ad/Turlock_Carnegie_Library2.jpg?utm_source=commons.wikimedia.org&utm_campaign=imageinfo&utm_content=thumbnail_unscaled,Saeidb,CC BY-SA 3.0,https://creativecommons.org/licenses/by-sa/3.0,https://commons.wikimedia.org/wiki/File:Turlock_Carnegie_Library2.jpg,yes
Ukiah City,public,Ukiah City,California,United States,"May 2, 1911","$8,000","320 S State St, Ukiah, CA 95482",,,,,,,,,,,no
Upland,public,Upland,California,United States,"May 2, 1911","$10,000","123 East D St, Upland, CA 91786",,,"https://en.wikipedia.org/wiki/Carnegie_Library_(Upland,_California)",,,,,,,,no
Vacaville,public,Vacaville,California,United States,"Mar 14, 1905","$12,500","300 Main St, Vacaville, CA 95688",,,,,,,,,,,no
Vallejo,public,Vallejo,California,United States,"Dec 27, 1902","$20,000",,,,,,,,,,,,no
Visalia,public,Visalia,California,United States,"Feb 2, 1903","$10,000",,,,,,,,,,,,no
Walnut Creek,public,Walnut Creek,California,United States,"Jun 1, 1915","$2,500",,,,,,,,,,,,no
Watsonville,public,Watsonville,California,United States,"Apr 23, 1903","$12,000",,,,,,,,,,,,no
Watts,public,Watts,California,United States,"Jan 9, 1913","$10,000",9901 Grandee Avenue,,,,,,,,,,,no
Whittier,public,Whittier,California,United States,"Dec 30, 1904","$12,500",Northeast corner of Greenleaf Ave. and Bailey St.,,,,,,,,,,,no
Willits,public,Willits,California,United States,"Dec 8, 1913","$8,000","85 E Commercial St, Willits, CA 95490",,,,wikipedia-list,File:Willits_Carnegie_Library_-_Willits_California.JPG,https://upload.wikimedia.org/wikipedia/commons/thumb/0/04/Willits_Carnegie_Library_-_Willits_California.JPG/1920px-Willits_Carnegie_Library_-_Willits_California.JPG?utm_source=commons.wikimedia.org&utm_campaign=imageinfo&utm_content=thumbnail,Ian Poellet,CC BY-SA 3.0,https://creativecommons.org/licenses/by-sa/3.0,https://commons.wikimedia.org/wiki/File:Willits_Carnegie_Library_-_Willits_California.JPG,yes
Willows,public,Willows,California,United States,"Feb 12, 1910","$10,000","336 W Walnut St, Willows, CA 95988",,,,,,,,,,,no
Woodland,public,Woodland,California,United States,"Feb 20, 1903","$22,000","250 First St., Woodland, CA 95695",,,https://en.wikipedia.org/wiki/Woodland_Public_Library,wikipedia-list,File:Woodland_Public_Library.jpg,https://upload.wikimedia.org/wikipedia/commons/thumb/4/4e/Woodland_Public_Library.jpg/1920px-Woodland_Public_Library.jpg?utm_source=commons.wikimedia.org&utm_campaign=imageinfo&utm_content=thumbnail,Epolk,CC0,http://creativecommons.org/publicdomain/zero/1.0/deed.en,https://commons.wikimedia.org/wiki/File:Woodland_Public_Library.jpg,yes
Yolo,public,Yolo,California,United States,"Sep 14, 1917","$3,000","37750 Sacramento St, Yolo, CA 95697",,,https://en.wikipedia.org/wiki/Yolo_Branch_Library,wikipedia-list,"File:Yolo_Branch_Library_-_Yolo,_CA.jpg",https://upload.wikimedia.org/wikipedia/commons/thumb/0/01/Yolo_Branch_Library_-_Yolo%2C_CA.jpg/1920px-Yolo_Branch_Library_-_Yolo%2C_CA.jpg?utm_source=commons.wikimedia.org&utm_campaign=imageinfo&utm_content=thumbnail,Brian Wickstrom,CC BY-SA 3.0,https://creativecommons.org/licenses/by-sa/3.0,"https://commons.wikimedia.org/wiki/File:Yolo_Branch_Library_-_Yolo,_CA.jpg",yes
Yreka,public,Yreka,California,United States,"Mar 14, 1913","$8,000","412 West Miner St, Yreka, CA 96097",,,,wikipedia-list,File:Carnegie_Library_Yreka.jpg,https://upload.wikimedia.org/wikipedia/commons/thumb/5/5d/Carnegie_Library_Yreka.jpg/1920px-Carnegie_Library_Yreka.jpg?utm_source=commons.wikimedia.org&utm_campaign=imageinfo&utm_content=thumbnail,sromanjuk,Public domain,,https://commons.wikimedia.org/wiki/File:Carnegie_Library_Yreka.jpg,yes
Amherstburg Public Library,public,Amherstburg,Ontario,Canada,"April 8, 1911","10,000",232 Sandwich St.,42.103056,-83.109392,,commons-geosearch,"File:Amherstburg (Carnegie) Library, Amherstburg, Ontario, 2026-05-10 11.jpg",https://upload.wikimedia.org/wikipedia/commons/thumb/7/75/Amherstburg_%28Carnegie%29_Library%2C_Amherstburg%2C_Ontario%2C_2026-05-10_11.jpg/1920px-Amherstburg_%28Carnegie%29_Library%2C_Amherstburg%2C_Ontario%2C_2026-05-10_11.jpg?utm_source=commons.wikimedia.org&utm_campaign=imageinfo&utm_content=thumbnail,Chris Woodrich,CC BY-SA 4.0,https://creativecommons.org/licenses/by-sa/4.0,"https://commons.wikimedia.org/wiki/File:Amherstburg_(Carnegie)_Library,_Amherstburg,_Ontario,_2026-05-10_11.jpg",yes
Aylmer Public Library,public,Aylmer,Ontario,Canada,"November 21, 1911","8,000",Centre St. and Sydenham St.,42.772122,-80.984354,,commons-geosearch,File:Old Town Hall Theatre & Library - panoramio.jpg,https://upload.wikimedia.org/wikipedia/commons/thumb/5/57/Old_Town_Hall_Theatre_%26_Library_-_panoramio.jpg/1920px-Old_Town_Hall_Theatre_%26_Library_-_panoramio.jpg?utm_source=commons.wikimedia.org&utm_campaign=imageinfo&utm_content=thumbnail,Peter Giesbrecht,CC BY-SA 3.0,https://creativecommons.org/licenses/by-sa/3.0,https://commons.wikimedia.org/wiki/File:Old_Town_Hall_Theatre_%26_Library_-_panoramio.jpg,yes
Ayr Public Library,public,Ayr,Ontario,Canada,"December 24, 1909","5,200",92 Stanley St.,43.285780,-80.449888,,,,,,,,,no
Barrie Public Library,public,Barrie,Ontario,Canada,"July 23, 1914","15,000",37 Mulcaster St.,44.390258,-79.685362,https://en.wikipedia.org/wiki/Barrie_Public_Library,commons-geosearch,File:Barrie Carnegie Library 2012.JPG,https://upload.wikimedia.org/wikipedia/commons/0/09/Barrie_Carnegie_Library_2012.JPG?utm_source=commons.wikimedia.org&utm_campaign=imageinfo&utm_content=thumbnail_unscaled,Colin Old,CC BY-SA 3.0,https://creativecommons.org/licenses/by-sa/3.0,https://commons.wikimedia.org/wiki/File:Barrie_Carnegie_Library_2012.JPG,yes
Beaverton Public Library,public,Beaverton,Ontario,Canada,"April 28, 1910","7,000",401 Simcoe St.,44.429055,-79.152703,,,,,,,,,no
Berlin Public Library,public,Berlin,Ontario,Canada,"March 14, 1902","40,900",Queen St. and Weber St.,43.451948,-80.487503,https://en.wikipedia.org/wiki/Kitchener_Public_Library#History,commons-geosearch,File:Central Library Kitchener Ontario April 2015.jpg,https://upload.wikimedia.org/wikipedia/commons/thumb/0/04/Central_Library_Kitchener_Ontario_April_2015.jpg/1920px-Central_Library_Kitchener_Ontario_April_2015.jpg?utm_source=commons.wikimedia.org&utm_campaign=imageinfo&utm_content=thumbnail,JustSomePics,CC BY-SA 4.0,https://creativecommons.org/licenses/by-sa/4.0,https://commons.wikimedia.org/wiki/File:Central_Library_Kitchener_Ontario_April_2015.jpg,yes
Bracebridge Public Library,public,Bracebridge,Ontario,Canada,"March 24, 1906","10,000",94 Manitoba St.,45.041753,-79.311901,,,,,,,,,no
Brampton Public Library,public,Brampton,Ontario,Canada,"April 11, 1902","12,500",55 Queen St. E,43.6871,-79.758517,https://en.wikipedia.org/wiki/Brampton_Library,,,,,,,,no
Brantford Public Library,public,Brantford,Ontario,Canada,"April 11, 1902","48,000 [18]",73 George St.,43.140883,-80.262456,https://en.wikipedia.org/wiki/County_of_Brant_Public_Library,,,,,,,,no
Brockville Public Library,public,Brockville,Ontario,Canada,"April 13, 1903","17,500",23 Buell St.,44.589384,-75.686768,https://en.wikipedia.org/wiki/Robert_Henry_Lindsay#Brockville_Library,,,,,,,,no
Brussels Public Library,public,Brussels,Ontario,Canada,"March 13, 1909","7,000",402 Turnberry St.,43.743353,-81.250428,,,,,,,,,no
Calgary Public Library,public,Calgary,Alberta,Canada,,"80,000",1221 2nd St. SW,51.040603,-114.068351,https://en.wikipedia.org/wiki/Calgary_Public_Library,commons-geosearch,File:Memorial Park Library - Calgary Public Library.jpg,https://upload.wikimedia.org/wikipedia/commons/thumb/e/ef/Memorial_Park_Library_-_Calgary_Public_Library.jpg/1920px-Memorial_Park_Library_-_Calgary_Public_Library.jpg?utm_source=commons.wikimedia.org&utm_campaign=imageinfo&utm_content=thumbnail,Dean T Mullin of the Calgary Public Library,CC0,http://creativecommons.org/publicdomain/zero/1.0/deed.en,https://commons.wikimedia.org/wiki/File:Memorial_Park_Library_-_Calgary_Public_Library.jpg,yes
Campbellford Public Library,public,Campbellford,Ontario,Canada,"January 6, 1911","8,000",98 Bridge St. E,44.308068,-77.794994,,,,,,,,,no
Chatham Public Library,public,Chatham,Ontario,Canada,"February 13, 1902","19,000",,,,,,,,,,,,no
Clinton Public Library,public,Clinton,Ontario,Canada,"January 6, 1915","4,900",23 Albert St.,43.618066,-81.539583,"https://en.wikipedia.org/wiki/Clinton_Branch,_Huron_County_Library",,,,,,,,no
Collingwood Public Library,public,Collingwood,Ontario,Canada,"August 16, 1901","14,500",Maple St. and Second St.,44.500591,-80.220087,,,,,,,,,no
Cornwall Public Library,public,Cornwall,Ontario,Canada,"December 21, 1901","8,000",Second St. and Sydney St.,45.018924,-74.726613,,,,,,,,,no
Dawson City Public Library,public,Dawson City,Yukon,Canada,1902,"25,000",Queen St. and 4th Ave.,64.060605,-139.430481,,,,,,,,,no
Dresden Public Library,public,Dresden,Ontario,Canada,"November 27, 1906","8,000",187 Brown St.,42.589871,-82.180672,,commons-geosearch,"File:Chatham-Kent Library (Dresden Branch), Dresden, Ontario, 2025-09-13.jpg",https://upload.wikimedia.org/wikipedia/commons/thumb/2/2b/Chatham-Kent_Library_%28Dresden_Branch%29%2C_Dresden%2C_Ontario%2C_2025-09-13.jpg/1920px-Chatham-Kent_Library_%28Dresden_Branch%29%2C_Dresden%2C_Ontario%2C_2025-09-13.jpg?utm_source=commons.wikimedia.org&utm_campaign=imageinfo&utm_content=thumbnail,Chris Woodrich,CC BY-SA 4.0,https://creativecommons.org/licenses/by-sa/4.0,"https://commons.wikimedia.org/wiki/File:Chatham-Kent_Library_(Dresden_Branch),_Dresden,_Ontario,_2025-09-13.jpg",yes
Dundas Public Library,public,Dundas,Ontario,Canada,"December 30, 1904","12,000",10 King St. W,43.266033,-79.954691,https://en.wikipedia.org/wiki/Hamilton_Public_Library_(Ontario)#History,,,,,,,,no
Durham Public Library,public,Durham,Ontario,Canada,"January 6, 1911","8,000",240 Garafraxa St. N,44.180166,-80.819536,,,,,,,,,no
Edmonton Public Library,public,Edmonton,Alberta,Canada,1913 [35],"75,000",MacDonald Dr. west of 100th St.,53.540278,-113.490833,https://en.wikipedia.org/wiki/Edmonton_Public_Library,,,,,,,,no
Elmira Public Library,public,Elmira,Ontario,Canada,"March 18, 1911","7,000",65 Arthur St. S,43.597068,-80.558674,,,,,,,,,no
Elora Public Library,public,Elora,Ontario,Canada,"March 23, 1909","6,400",144 Geddes St.,43.683886,-80.430897,,commons-geosearch,File:Elora site Library - panoramio.jpg,https://upload.wikimedia.org/wikipedia/commons/thumb/6/63/Elora_site_Library_-_panoramio.jpg/1920px-Elora_site_Library_-_panoramio.jpg?utm_source=commons.wikimedia.org&utm_campaign=imageinfo&utm_content=thumbnail,Francine Pallister,CC BY-SA 3.0,https://creativecommons.org/licenses/by-sa/3.0,https://commons.wikimedia.org/wiki/File:Elora_site_Library_-_panoramio.jpg,yes
Essex Public Library,public,Essex,Ontario,Canada,"January 6, 1911","6,000",18 Gordon Ave.,42.174616,-82.820791,,,,,,,,,no
Exeter Public Library,public,Exeter,Ontario,Canada,"January 2, 1913","8,000",Main St. and Sanders St.,43.347270,-81.480577,,,,,,,,,no
Fergus Public Library,public,Fergus,Ontario,Canada,"January 29, 1908","7,000",190 Saint Andrew St. W,43.704951,-80.378522,,commons-geosearch,File:Wellington County Library.jpg,https://upload.wikimedia.org/wikipedia/commons/thumb/3/38/Wellington_County_Library.jpg/1920px-Wellington_County_Library.jpg?utm_source=commons.wikimedia.org&utm_campaign=imageinfo&utm_content=thumbnail,Peter Broster,CC BY-SA 4.0,https://creativecommons.org/licenses/by-sa/4.0,https://commons.wikimedia.org/wiki/File:Wellington_County_Library.jpg,yes
Forest Public Library,public,Forest,Ontario,Canada,"May 16, 1911","5,000",,,,,,,,,,,,no
Fort Frances Public Library,public,Fort Frances,Ontario,Canada,"May 8, 1914","10,000",363 Church St.,48.608761,-93.393739,,,,,,,,,no
Fort William (Thunder Bay) Public Library,public,Fort William,Ontario,Canada,"November 20, 1908","50,000",216 Brodie St. S,48.381634,-89.246629,https://en.wikipedia.org/wiki/Thunder_Bay_Public_Library#History,,,,,,,,no
Galt (Cambridge) Public Library,public,Cambridge,Ontario,Canada,"April 11, 1902","23,000",34 Water St. N,43.360389,-80.315327,,,,,,,,,no
Glencoe Public Library,public,Glencoe,Ontario,Canada,"November 11, 1914","5,000",Main St.,42.747486,-81.710371,,,,,,,,,no
Goderich Public Library,public,Goderich,Ontario,Canada,"March 14, 1902","10,000",52 Montreal St.,43.741402,-81.713564,"https://en.wikipedia.org/wiki/Goderich_Branch,_Huron_County_Library",commons-geosearch,File:Public Library.jpg,https://upload.wikimedia.org/wikipedia/commons/thumb/d/db/Public_Library.jpg/1920px-Public_Library.jpg?utm_source=commons.wikimedia.org&utm_campaign=imageinfo&utm_content=thumbnail,Ian Furst,CC BY-SA 3.0,https://creativecommons.org/licenses/by-sa/3.0,https://commons.wikimedia.org/wiki/File:Public_Library.jpg,yes
Grand Valley Public Library,public,Grand Valley,Ontario,Canada,"February 13, 1909","7,500",4 Amaranth St. E,43.899424,-80.313532,,,,,,,,,no
Gravenhurst Public Library,public,Gravenhurst,Ontario,Canada,"March 24, 1906","7,000",275 Muskoka Rd. S,44.918330,-79.373426,,,,,,,,,no
Grimsby Public Library,public,Grimsby,Ontario,Canada,"January 6, 1911","8,000",25 Adelaide St.,43.194536,-79.559408,,commons-geosearch,"File:Carnegie Library - Grimsby, ON.jpg",https://upload.wikimedia.org/wikipedia/commons/thumb/1/13/Carnegie_Library_-_Grimsby%2C_ON.jpg/1920px-Carnegie_Library_-_Grimsby%2C_ON.jpg?utm_source=commons.wikimedia.org&utm_campaign=imageinfo&utm_content=thumbnail,JFVoll,CC BY-SA 4.0,https://creativecommons.org/licenses/by-sa/4.0,"https://commons.wikimedia.org/wiki/File:Carnegie_Library_-_Grimsby,_ON.jpg",yes
Guelph Public Library,public,Guelph,Ontario,Canada,"October 17, 1901","14,500",100 Norfolk St.,43.545441,-80.2524,,,,,,,,,no
Hamilton Public Library,public,Hamilton,Ontario,Canada,"March 23, 1909","100,000",55 Main St. W,43.255897,-79.871738,https://en.wikipedia.org/wiki/Hamilton_Public_Library,commons-geosearch,"File:Carnegie Library in Hamilton, Ontario.jpg",https://upload.wikimedia.org/wikipedia/commons/thumb/f/f2/Carnegie_Library_in_Hamilton%2C_Ontario.jpg/1920px-Carnegie_Library_in_Hamilton%2C_Ontario.jpg?utm_source=commons.wikimedia.org&utm_campaign=imageinfo&utm_content=thumbnail,User:Saforrest,CC BY-SA 3.0,https://creativecommons.org/licenses/by-sa/3.0,"https://commons.wikimedia.org/wiki/File:Carnegie_Library_in_Hamilton,_Ontario.jpg",yes
Hanover Public Library,public,Hanover,Ontario,Canada,"May 15, 1906","10,000",451 10th Ave.,44.151754,-81.026359,,,,,,,,,no
Harriston Public Library,public,Harriston,Ontario,Canada,"May 8, 1908","10,000",88 Mill St.,43.911707,-80.868444,,,,,,,,,no
Hespeler Public Library,public,Hespeler,Ontario,Canada,"January 18, 1910","14,280",5 Tannery St. E,43.430746,-80.309492,,commons-geosearch,File:Hespeler-Library-Cambridge-.jpg,https://upload.wikimedia.org/wikipedia/commons/thumb/7/74/Hespeler-Library-Cambridge-.jpg/1920px-Hespeler-Library-Cambridge-.jpg?utm_source=commons.wikimedia.org&utm_campaign=imageinfo&utm_content=thumbnail,DavidArthur,CC BY-SA 3.0,https://creativecommons.org/licenses/by-sa/3.0,https://commons.wikimedia.org/wiki/File:Hespeler-Library-Cambridge-.jpg,yes
Ingersoll Public Library,public,Ingersoll,Ontario,Canada,"June 29, 1908","10,000",1 Charles St E,,,,,,,,,,,no
Kemptville Public Library,public,Kemptville,Ontario,Canada,"April 23, 1906","3,000",207 Prescott St.,45.014901,-75.644668,,,,,,,,,no
Kenora Public Library,public,Kenora,Ontario,Canada,"May 21, 1913","15,000",24 Main St. S,49.768317,-94.489817,,,,,,,,,no
Kincardine Public Library,public,Kincardine,Ontario,Canada,"April 10, 1906","5,000",727 Queen St.,44.175764,-81.636264,,,,,,,,,no
Kingsville Public Library,public,Kingsville,Ontario,Canada,"March 29, 1911","5,000",28 Division St. S,42.036810,-82.739680,,commons-geosearch,"File:Essex County Library, Kingsville Branch, Kingsville, Ontario, 2025-06-29.jpg",https://upload.wikimedia.org/wikipedia/commons/thumb/8/82/Essex_County_Library%2C_Kingsville_Branch%2C_Kingsville%2C_Ontario%2C_2025-06-29.jpg/1920px-Essex_County_Library%2C_Kingsville_Branch%2C_Kingsville%2C_Ontario%2C_2025-06-29.jpg?utm_source=commons.wikimedia.org&utm_campaign=imageinfo&utm_content=thumbnail,Chris Woodrich,CC BY-SA 4.0,https://creativecommons.org/licenses/by-sa/4.0,"https://commons.wikimedia.org/wiki/File:Essex_County_Library,_Kingsville_Branch,_Kingsville,_Ontario,_2025-06-29.jpg",yes
Leamington Public Library,public,Leamington,Ontario,Canada,"March 21, 1910","10,000",northwest corner of Erie Street North and John Street,,,,,,,,,,,no
Lethbridge Public Library,public,Lethbridge,Alberta,Canada,,"25,000",601 – 3rd Ave. S,49.695908,-112.838633,https://en.wikipedia.org/wiki/Lethbridge_Public_Library,,,,,,,,no
Lindsay Public Library,public,Lindsay,Ontario,Canada,"January 23, 1902","13,500",190 Kent St. W,44.354215,-78.740366,,,,,,,,,no
Listowel Public Library,public,Listowel,Ontario,Canada,"November 25, 1903","10,000",260 Main St. W,43.732217,-80.955108,,commons-geosearch,"File:North Perth Public Library, Listowel Branch - Listowel, ON.jpg",https://upload.wikimedia.org/wikipedia/commons/thumb/9/93/North_Perth_Public_Library%2C_Listowel_Branch_-_Listowel%2C_ON.jpg/1920px-North_Perth_Public_Library%2C_Listowel_Branch_-_Listowel%2C_ON.jpg?utm_source=commons.wikimedia.org&utm_campaign=imageinfo&utm_content=thumbnail,JFVoll,CC BY-SA 4.0,https://creativecommons.org/licenses/by-sa/4.0,"https://commons.wikimedia.org/wiki/File:North_Perth_Public_Library,_Listowel_Branch_-_Listowel,_ON.jpg",yes
Lucknow Public Library,public,Lucknow,Ontario,Canada,"April 20, 1905","7,500",526 Campbell St.,43.958252,-81.508206,,,,,,,,,no
Markdale Public Library,public,Markdale,Ontario,Canada,August 1914,"7,000",21 Main St. E.,44.318933,-80.647567,,,,,,,,,no
Merritton Public Library,public,Merritton,Ontario,Canada,"March 31, 1916","8,500",344 Merritt St.,43.140365,-79.213573,,,,,,,,,no
Midland Public Library,public,Midland,Ontario,Canada,"March 21, 1910","12,500",526 Hugel Ave.,44.749850,-79.886146,,commons-geosearch,"File:Library Midland, Ontario.jpg",https://upload.wikimedia.org/wikipedia/commons/thumb/1/1c/Library_Midland%2C_Ontario.jpg/1920px-Library_Midland%2C_Ontario.jpg?utm_source=commons.wikimedia.org&utm_campaign=imageinfo&utm_content=thumbnail,Mykola Swarnyk,CC BY-SA 3.0,https://creativecommons.org/licenses/by-sa/3.0,"https://commons.wikimedia.org/wiki/File:Library_Midland,_Ontario.jpg",yes
Milverton Public Library,public,Milverton,Ontario,Canada,"December 24, 1908","7,000",27 Main St. S,43.564329,-80.923414,,,,,,,,,no
Mimico Public Library,public,"Mimico, Toronto",Ontario,Canada,"February 26, 1914","7,500",47 Station Rd.,43.614709,-79.493930,https://en.wikipedia.org/wiki/Mimico_Centennial_Library,,,,,,,,no
Mitchell Public Library,public,Mitchell,Ontario,Canada,"March 21, 1908","6,000",105 Saint Andrew St.,43.466332,-81.196619,,commons-geosearch,"File:West Perth Public Library - Mitchell, ON.jpg",https://upload.wikimedia.org/wikipedia/commons/thumb/8/8e/West_Perth_Public_Library_-_Mitchell%2C_ON.jpg/1920px-West_Perth_Public_Library_-_Mitchell%2C_ON.jpg?utm_source=commons.wikimedia.org&utm_campaign=imageinfo&utm_content=thumbnail,JFVoll,CC BY-SA 4.0,https://creativecommons.org/licenses/by-sa/4.0,"https://commons.wikimedia.org/wiki/File:West_Perth_Public_Library_-_Mitchell,_ON.jpg",yes
Mount Forest Public Library,public,Mount Forest,Ontario,Canada,"April 10, 1909","6,000",118 Main St. N,43.982940,-80.737179,,commons-geosearch,"File:Mount Forest Carnegie Library - Mount Forest, ON.jpg",https://upload.wikimedia.org/wikipedia/commons/thumb/4/44/Mount_Forest_Carnegie_Library_-_Mount_Forest%2C_ON.jpg/1920px-Mount_Forest_Carnegie_Library_-_Mount_Forest%2C_ON.jpg?utm_source=commons.wikimedia.org&utm_campaign=imageinfo&utm_content=thumbnail,JFVoll,CC BY-SA 4.0,https://creativecommons.org/licenses/by-sa/4.0,"https://commons.wikimedia.org/wiki/File:Mount_Forest_Carnegie_Library_-_Mount_Forest,_ON.jpg",yes
New Hamburg Public Library,public,New Hamburg,Ontario,Canada,"April 30, 1912","8,000",145 Huron St.,43.378279,-80.712584,,,,,,,,,no
New Liskeard Public Library,public,New Liskeard,Ontario,Canada,"April 16, 1910","10,900",50 Whitewood Ave.,47.508430,-79.672333,,,,,,,,,no
New Westminster Public Library,public,New Westminster,British Columbia,Canada,1902,"15,000",Carnarvon St and Mackenzie St.,49.203617,-122.910050,,,,,,,,,no
Niagara Falls Public Library,public,Niagara Falls,Ontario,Canada,"December 8, 1905","15,000",5017 Victoria Ave.,43.101568,-79.073178,https://en.wikipedia.org/wiki/Niagara_Falls_Public_Library_(Ontario),,,,,,,,no
North Battleford Public Library,public,North Battleford,Saskatchewan,Canada,1913,"15,000",1 Railway Ave. E,52.772488,-108.299066,,,,,,,,,no
North Bay Public Library,public,North Bay,Ontario,Canada,"April 25, 1911","16,395",200 McIntyre St E,,,,,,,,,,,no
Norwich Public Library,public,Norwich,Ontario,Canada,"May 8, 1915","7,000",21 Stover St. N,42.989110,-80.597959,,,,,,,,,no
Norwood Public Library,public,Norwood,Ontario,Canada,"June 11, 1914","5,000",2363 County Road 45,,,,,,,,,,,no
Orangeville Public Library,public,Orangeville,Ontario,Canada,"June 2, 1904","12,500",144 Broadway,43.919464,-80.096049,,,,,,,,,no
Orillia Public Library,public,Orillia,Ontario,Canada,"April 10, 1909","13,500",36 Mississaga St. W.,44.607765,-79.420802,https://en.wikipedia.org/wiki/Orillia_Public_Library,,,,,,,,no
Oshawa Public Library,public,Oshawa,Ontario,Canada,"November 24, 1906","14,000",Athol St. and Simcoe St.,43.896600,-78.863149,https://en.wikipedia.org/wiki/Oshawa_Public_Library,,,,,,,,no
Ottawa Public Library — Main Branch,public,Ottawa,Ontario,Canada,"November 6, 1901","100,000",120 Metcalfe St.,45.420351,-75.695195,https://en.wikipedia.org/wiki/Ottawa_Public_Library,commons-geosearch,File:Ottawa Library.jpg,https://upload.wikimedia.org/wikipedia/commons/e/eb/Ottawa_Library.jpg?utm_source=commons.wikimedia.org&utm_campaign=imageinfo&utm_content=thumbnail_unscaled,Peregrine981,CC BY-SA 3.0,http://creativecommons.org/licenses/by-sa/3.0/,https://commons.wikimedia.org/wiki/File:Ottawa_Library.jpg,yes
Ottawa Public Library — Rosemount Branch,public,Ottawa,Ontario,Canada,"March 31, 1917","15,000",18 Rosemount Ave.,45.401646,-75.726227,https://en.wikipedia.org/wiki/Ottawa_Public_Library,commons-geosearch,File:Kids Group at the Rosemount Library (51909890943).jpg,https://upload.wikimedia.org/wikipedia/commons/thumb/1/19/Kids_Group_at_the_Rosemount_Library_%2851909890943%29.jpg/1920px-Kids_Group_at_the_Rosemount_Library_%2851909890943%29.jpg?utm_source=commons.wikimedia.org&utm_campaign=imageinfo&utm_content=thumbnail,Ross Dunn,CC BY-SA 2.0,https://creativecommons.org/licenses/by-sa/2.0,https://commons.wikimedia.org/wiki/File:Kids_Group_at_the_Rosemount_Library_(51909890943).jpg,yes
Owen Sound & North Grey Union Public Library,public,Owen Sound,Ontario,Canada,"June 2, 1904","25,000",824 1st Ave. W,44.5638804,-80.9448949,https://en.wikipedia.org/wiki/Owen_Sound_%26_North_Grey_Union_Public_Library,,,,,,,,no
Palmerston Public Library,public,Palmerston,Ontario,Canada,"February 4, 1902","10,000",265 Bell St.,43.833118,-80.849214,,,,,,,,,no
Paris Public Library,public,Paris,Ontario,Canada,"January 2, 1903","10,000",12 William St.,43.193564,-80.385943,,commons-geosearch,File:County of Brant Public Library Paris Branch.jpg,https://upload.wikimedia.org/wikipedia/commons/d/db/County_of_Brant_Public_Library_Paris_Branch.jpg?utm_source=commons.wikimedia.org&utm_campaign=imageinfo&utm_content=thumbnail_unscaled,Misty De Meo,CC BY-SA 3.0,https://creativecommons.org/licenses/by-sa/3.0,https://commons.wikimedia.org/wiki/File:County_of_Brant_Public_Library_Paris_Branch.jpg,yes
Parkhill Public Library,public,Parkhill,Ontario,Canada,"January 14, 1914","8,000",233 Main St.,43.162384,-81.684145,,,,,,,,,no
Pembroke Public Library,public,Pembroke,Ontario,Canada,"December 24, 1907","14,000",237 Victoria St.,45.825189,-77.113011,https://en.wikipedia.org/wiki/Pembroke_Public_Library,,,,,,,,no
Penetanguishene Public Library [27],public,Penetanguishene,Ontario,Canada,"December 13, 1907","13,000",24 Simcoe St.,44.770047620586745,-79.932276145597,,,,,,,,,no
Perth Public Library,public,Perth,Ontario,Canada,"February 13, 1906","10,000",77 Gore St. E,44.899253,-76.248709,,commons-geosearch,File:Perth Library-Old Fire Hall - panoramio.jpg,https://upload.wikimedia.org/wikipedia/commons/9/97/Perth_Library-Old_Fire_Hall_-_panoramio.jpg?utm_source=commons.wikimedia.org&utm_campaign=imageinfo&utm_content=thumbnail_unscaled,Bwake,CC BY-SA 3.0,https://creativecommons.org/licenses/by-sa/3.0,https://commons.wikimedia.org/wiki/File:Perth_Library-Old_Fire_Hall_-_panoramio.jpg,yes
Peterborough Public Library,public,Peterborough,Ontario,Canada,"March 21, 1908","30,000",519 George St N,44.3093328,-78.320282,https://en.wikipedia.org/wiki/Peterborough_Public_Library,commons-geosearch,"File:301. A. Peterborough Public Library, Peterborough, 1911 (26524097505).jpg",https://upload.wikimedia.org/wikipedia/commons/thumb/9/9d/301._A._Peterborough_Public_Library%2C_Peterborough%2C_1911_%2826524097505%29.jpg/1920px-301._A._Peterborough_Public_Library%2C_Peterborough%2C_1911_%2826524097505%29.jpg?utm_source=commons.wikimedia.org&utm_campaign=imageinfo&utm_content=thumbnail,Community Archives,Public domain,,"https://commons.wikimedia.org/wiki/File:301._A._Peterborough_Public_Library,_Peterborough,_1911_(26524097505).jpg",yes
Picton Public Library,public,Picton,Ontario,Canada,"February 13, 1906","12,500",208 Main St.,44.007310,-77.141553,,commons-geosearch,"File:Picton Branch Library - Picton, ON.jpg",https://upload.wikimedia.org/wikipedia/commons/thumb/2/22/Picton_Branch_Library_-_Picton%2C_ON.jpg/1920px-Picton_Branch_Library_-_Picton%2C_ON.jpg?utm_source=commons.wikimedia.org&utm_campaign=imageinfo&utm_content=thumbnail,JFVoll,CC BY-SA 4.0,https://creativecommons.org/licenses/by-sa/4.0,"https://commons.wikimedia.org/wiki/File:Picton_Branch_Library_-_Picton,_ON.jpg",yes
Port Elgin Public Library,public,Port Elgin,Ontario,Canada,"March 9, 1907","8,800",708 Goderich St.,44.438516,-81.387177,,commons-geosearch,File:Inside of Port Elgin Public Library.jpg,https://upload.wikimedia.org/wikipedia/commons/thumb/2/2b/Inside_of_Port_Elgin_Public_Library.jpg/1920px-Inside_of_Port_Elgin_Public_Library.jpg?utm_source=commons.wikimedia.org&utm_campaign=imageinfo&utm_content=thumbnail,Gogerr,CC BY-SA 4.0,https://creativecommons.org/licenses/by-sa/4.0,https://commons.wikimedia.org/wiki/File:Inside_of_Port_Elgin_Public_Library.jpg,yes
Port Hope Public Library,public,Port Hope,Ontario,Canada,"January 6, 1911","10,000",31 Queen St.,43.949474,-78.292930,https://en.wikipedia.org/wiki/Port_Hope_Public_Library,commons-geosearch,"File:Port Hope Public Library, April 1 2025.jpg",https://upload.wikimedia.org/wikipedia/commons/thumb/5/5c/Port_Hope_Public_Library%2C_April_1_2025.jpg/1920px-Port_Hope_Public_Library%2C_April_1_2025.jpg?utm_source=commons.wikimedia.org&utm_campaign=imageinfo&utm_content=thumbnail,Dillan Payne,CC BY-SA 2.0,https://creativecommons.org/licenses/by-sa/2.0,"https://commons.wikimedia.org/wiki/File:Port_Hope_Public_Library,_April_1_2025.jpg",yes
Preston Public Library,public,Preston,Ontario,Canada,"February 13, 1909","12,000",156 Argyle St. N,43.397160,-80.359124,,,,,,,,,no
Regina Public Library,public,Regina,Saskatchewan,Canada,1910,"50,000",1900 Lorne St.,50.448781,-104.613705,https://en.wikipedia.org/wiki/Regina_Public_Library,,,,,,,,no
Renfrew Public Library,public,Renfrew,Ontario,Canada,"March 16, 1915","16,000",13 Railway Ave.,45.472864,-76.684528,,commons-geosearch,File:Renfrew Public Library.jpg,https://upload.wikimedia.org/wikipedia/commons/5/5f/Renfrew_Public_Library.jpg?utm_source=commons.wikimedia.org&utm_campaign=imageinfo&utm_content=thumbnail_unscaled,Scotwood72,CC BY-SA 4.0,https://creativecommons.org/licenses/by-sa/4.0,https://commons.wikimedia.org/wiki/File:Renfrew_Public_Library.jpg,yes
Saint John Public Library,public,Saint John,New Brunswick,Canada,,"50,000",20 Hazen Ave.,45.275281,-66.063194,https://en.wikipedia.org/wiki/Saint_John_Free_Public_Library,,,,,,,,no
Sarnia Public Library,public,Sarnia,Ontario,Canada,"January 10, 1902","20,000",,,,,,,,,,,,no
Sault Ste. Marie Public Library,public,Sault Ste. Marie,Ontario,Canada,"December 14, 1901 1907","10,000 15,500",Queen St. and East St.,46.507738,-84.327670,,commons-geosearch,"File:Hub Trail, by Library - panoramio.jpg",https://upload.wikimedia.org/wikipedia/commons/thumb/0/01/Hub_Trail%2C_by_Library_-_panoramio.jpg/1920px-Hub_Trail%2C_by_Library_-_panoramio.jpg?utm_source=commons.wikimedia.org&utm_campaign=imageinfo&utm_content=thumbnail,Dan Gowans,CC BY-SA 3.0,https://creativecommons.org/licenses/by-sa/3.0,"https://commons.wikimedia.org/wiki/File:Hub_Trail,_by_Library_-_panoramio.jpg",yes
Seaforth Public Library,public,Seaforth,Ontario,Canada,"July 20, 1908","10,000",108 Main St. S,43.553172,-81.393463,,,,,,,,,no
Selkirk Public Library,public,Selkirk,Manitoba,Canada,1908,"10,000",Eaton Ave. and Eveline St.,50.142559,-96.870137,,,,,,,,,no
Shelburne Public Library,public,Shelburne,Ontario,Canada,"January 21, 1911","6,000",201 Owen Sound St.,44.079324,-80.204945,https://en.wikipedia.org/wiki/Shelburne_Public_Library_(Ontario),,,,,,,,no
Simcoe Public Library,public,Simcoe,Ontario,Canada,"January 31, 1910","10,000",23 Argyle St.,42.837496,-80.302944,,,,,,,,,no
Smiths Falls Public Library,public,Smiths Falls,Ontario,Canada,"January 23, 1902","11,000",81 Beckwith St. N,44.902693,-76.021417,,,,,,,,,no
St. Catharines Public Library,public,St. Catharines,Ontario,Canada,"December 31, 1901","25,000",59 Church St.,43.159116,-79.246243,https://en.wikipedia.org/wiki/St._Catharines_Library,commons-geosearch,File:Homeless man in a hammock outside of the St. Catharines Public Library.jpg,https://upload.wikimedia.org/wikipedia/commons/thumb/e/e6/Homeless_man_in_a_hammock_outside_of_the_St._Catharines_Public_Library.jpg/1920px-Homeless_man_in_a_hammock_outside_of_the_St._Catharines_Public_Library.jpg?utm_source=commons.wikimedia.org&utm_campaign=imageinfo&utm_content=thumbnail,Gogerr,CC BY-SA 4.0,https://creativecommons.org/licenses/by-sa/4.0,https://commons.wikimedia.org/wiki/File:Homeless_man_in_a_hammock_outside_of_the_St._Catharines_Public_Library.jpg,yes
St. Marys Public Library,public,St. Marys,Ontario,Canada,"March 8, 1904","10,000",15 Church St. N,43.260248,-81.140737,,commons-geosearch,"File:St. Marys Public Library interior - St. Marys, ON.jpg",https://upload.wikimedia.org/wikipedia/commons/thumb/c/c1/St._Marys_Public_Library_interior_-_St._Marys%2C_ON.jpg/1920px-St._Marys_Public_Library_interior_-_St._Marys%2C_ON.jpg?utm_source=commons.wikimedia.org&utm_campaign=imageinfo&utm_content=thumbnail,JFVoll,CC BY-SA 4.0,https://creativecommons.org/licenses/by-sa/4.0,"https://commons.wikimedia.org/wiki/File:St._Marys_Public_Library_interior_-_St._Marys,_ON.jpg",yes
St. Thomas Public Library,public,St. Thomas,Ontario,Canada,"March 20, 1903","27,000",9 Mondamin St.,42.779414,-81.193019,,,,,,,,,no
Stirling Public Library,public,Stirling,Ontario,Canada,"April 13, 1914","5,000",43 W Front St.,44.293222,-77.559399,,,,,,,,,no
Stouffville Public Library,public,Stouffville,Ontario,Canada,"April 28, 1913","5,000",7 Main St. E,43.974902,-79.231220,https://en.wikipedia.org/wiki/Whitchurch%E2%80%93Stouffville_Public_Library,,,,,,,,no
Stratford Public Library,public,Stratford,Ontario,Canada,"December 14, 1901","15,000",19 Andrew St.,43.371039,-80.985721,,commons-geosearch,File:Stratford Public Library.jpg,https://upload.wikimedia.org/wikipedia/commons/thumb/3/37/Stratford_Public_Library.jpg/1920px-Stratford_Public_Library.jpg?utm_source=commons.wikimedia.org&utm_campaign=imageinfo&utm_content=thumbnail,Jfvoll,CC BY-SA 4.0,https://creativecommons.org/licenses/by-sa/4.0,https://commons.wikimedia.org/wiki/File:Stratford_Public_Library.jpg,yes
Tavistock Public Library,public,Tavistock,Ontario,Canada,"April 13, 1914","7,500",31 Maria St.,43.318840,-80.835270,,,,,,,,,no
Teeswater Public Library,public,Teeswater,Ontario,Canada,"April 8, 1907","10,000",2 Clinton St. S,43.998159,-81.286624,,,,,,,,,no
Thorold Public Library,public,Thorold,Ontario,Canada,"April 26, 1902","10,000",1 Ormond St. S,43.124884,-79.198964,,,,,,,,,no
Tillsonburg Public Library,public,Tillsonburg,Ontario,Canada,"January 2, 1913","10,000",Broadway St. and Washington Grande Ave.,42.862183,-80.729442,,,,,,,,,no
Toronto Public Library — Beaches Branch,public,Toronto,Ontario,Canada,"August 8, 1908","15,000",2161 Queen St. E,43.670283,-79.298175,https://en.wikipedia.org/wiki/Toronto_Public_Library,commons-geosearch,File:Toronto Public Library Beaches Branch.jpg,https://upload.wikimedia.org/wikipedia/commons/thumb/e/ef/Toronto_Public_Library_Beaches_Branch.jpg/1920px-Toronto_Public_Library_Beaches_Branch.jpg?utm_source=commons.wikimedia.org&utm_campaign=imageinfo&utm_content=thumbnail,LoganP25,CC BY-SA 4.0,https://creativecommons.org/licenses/by-sa/4.0,https://commons.wikimedia.org/wiki/File:Toronto_Public_Library_Beaches_Branch.jpg,yes
Toronto Public Library — Central Reference Branch,public,Toronto,Ontario,Canada,"January 23, 1903","275,000",214 College St.,43.658706,-79.396477,,,,,,,,,no
Toronto Public Library — High Park Branch,public,Toronto,Ontario,Canada,"August 8, 1908","15,000",228 Roncesvalles Ave.,43.644722,-79.448466,https://en.wikipedia.org/wiki/Toronto_Public_Library,commons-geosearch,"File:High Park Library, Roncesvalles.jpg",https://upload.wikimedia.org/wikipedia/commons/thumb/7/7a/High_Park_Library%2C_Roncesvalles.jpg/1920px-High_Park_Library%2C_Roncesvalles.jpg?utm_source=commons.wikimedia.org&utm_campaign=imageinfo&utm_content=thumbnail,Qviri,CC BY-SA 4.0,https://creativecommons.org/licenses/by-sa/4.0,"https://commons.wikimedia.org/wiki/File:High_Park_Library,_Roncesvalles.jpg",yes
Toronto Public Library — Queen & Lisgar Branch,public,Toronto,Ontario,Canada,"January 23, 1903","25,000",1115 Queen St. W,43.643258,-79.423427,https://en.wikipedia.org/wiki/Toronto_Public_Library,,,,,,,,no
Toronto Public Library — Riverdale Branch,public,Toronto,Ontario,Canada,"January 23, 1903","25,000",370 Broadview Ave.,43.665901,-79.352794,,commons-geosearch,"File:View of the beautiful olf Library, at Broadview and Gerrard, from the window of a 504 King streetcar, 2016 08 19 (18).JPG - panoramio.jpg",https://upload.wikimedia.org/wikipedia/commons/thumb/6/67/View_of_the_beautiful_olf_Library%2C_at_Broadview_and_Gerrard%2C_from_the_window_of_a_504_King_streetcar%2C_2016_08_19_%2818%29.JPG_-_panoramio.jpg/1920px-View_of_the_beautiful_olf_Library%2C_at_Broadview_and_Gerrard%2C_from_the_window_of_a_504_King_streetcar%2C_2016_08_19_%2818%29.JPG_-_panoramio.jpg?utm_source=commons.wikimedia.org&utm_campaign=imageinfo&utm_content=thumbnail,OldYorkGuy,CC BY-SA 3.0,https://creativecommons.org/licenses/by-sa/3.0,"https://commons.wikimedia.org/wiki/File:View_of_the_beautiful_olf_Library,_at_Broadview_and_Gerrard,_from_the_window_of_a_504_King_streetcar,_2016_08_19_(18).JPG_-_panoramio.jpg",yes
Toronto Public Library — Wychwood Branch,public,Toronto,Ontario,Canada,"August 8, 1908","20,000",1431 Bathurst St.,43.682011,-79.417821,,,,,,,,,no
Toronto Public Library — Yorkville Branch,public,Toronto,Ontario,Canada,"January 23, 1903","25,000",22 Yorkville Ave.,43.671810,-79.388624,,commons-geosearch,File:Windows of Toronto Reference Library.jpg,https://upload.wikimedia.org/wikipedia/commons/thumb/0/0a/Windows_of_Toronto_Reference_Library.jpg/1920px-Windows_of_Toronto_Reference_Library.jpg?utm_source=commons.wikimedia.org&utm_campaign=imageinfo&utm_content=thumbnail,Maksim Sokolov (maxergon.com),CC BY-SA 4.0,https://creativecommons.org/licenses/by-sa/4.0,https://commons.wikimedia.org/wiki/File:Windows_of_Toronto_Reference_Library.jpg,yes
Toronto Junction Public Library,public,Toronto Junction,Ontario,Canada,"April 6, 1908","20,000",145 Annette St.,43.663589,-79.466221,,,,,,,,,no
Vancouver Public Library,public,Vancouver,British Columbia,Canada,"March 25, 1901","50,000",401 Main St.,49.2812,-123.1,https://en.wikipedia.org/wiki/Vancouver_Public_Library,commons-geosearch,File:Carnegie Centre Staircase.jpg,https://upload.wikimedia.org/wikipedia/commons/2/2a/Carnegie_Centre_Staircase.jpg?utm_source=commons.wikimedia.org&utm_campaign=imageinfo&utm_content=thumbnail_unscaled,Fred Fierling,CC BY-SA 3.0,https://creativecommons.org/licenses/by-sa/3.0,https://commons.wikimedia.org/wiki/File:Carnegie_Centre_Staircase.jpg,yes
Victoria Public Library,public,Victoria,British Columbia,Canada,,,794 Yates St.,48.425999,-123.362201,,,,,,,,,no
Walkerton Public Library,public,Walkerton,Ontario,Canada,"March 29, 1911","10,000",253 Durham St. E,44.133347,-81.149205,,commons-geosearch,"File:Walkerton Public Library - Walkerton, ON.jpg",https://upload.wikimedia.org/wikipedia/commons/thumb/d/dc/Walkerton_Public_Library_-_Walkerton%2C_ON.jpg/1920px-Walkerton_Public_Library_-_Walkerton%2C_ON.jpg?utm_source=commons.wikimedia.org&utm_campaign=imageinfo&utm_content=thumbnail,JFVoll,CC BY-SA 4.0,https://creativecommons.org/licenses/by-sa/4.0,"https://commons.wikimedia.org/wiki/File:Walkerton_Public_Library_-_Walkerton,_ON.jpg",yes
Wallaceburg Public Library,public,Wallaceburg,Ontario,Canada,"March 24, 1906","11,500",,,,,,,,,,,,no
Waterloo Public Library,public,Waterloo,Ontario,Canada,"July 18, 1902","10,000",40 Albert St.,43.466830,-80.524598,https://en.wikipedia.org/wiki/Waterloo_Public_Library,commons-geosearch,"File:Carnegie Library - Waterloo, ON.jpg",https://upload.wikimedia.org/wikipedia/commons/thumb/3/30/Carnegie_Library_-_Waterloo%2C_ON.jpg/1920px-Carnegie_Library_-_Waterloo%2C_ON.jpg?utm_source=commons.wikimedia.org&utm_campaign=imageinfo&utm_content=thumbnail,JFVoll,CC BY-SA 3.0,https://creativecommons.org/licenses/by-sa/3.0,"https://commons.wikimedia.org/wiki/File:Carnegie_Library_-_Waterloo,_ON.jpg",yes
Watford Public Library,public,Watford,Ontario,Canada,"May 17, 1912","6,000",5317 Nauvoo Rd.,42.949930,-81.879985,,,,,,,,,no
Welland Public Library,public,Welland,Ontario,Canada,"December 8, 1913","25,000",140 King St.,42.989391,-79.251041,,,,,,,,,no
Weston Public Library,public,"Weston, Toronto",Ontario,Canada,"January 2, 1913","10,000",2 King St.,43.701479,-79.520574,,commons-geosearch,File:Weston-toronto-public-library.jpg,https://upload.wikimedia.org/wikipedia/commons/3/33/Weston-toronto-public-library.jpg?utm_source=commons.wikimedia.org&utm_campaign=imageinfo&utm_content=thumbnail_unscaled,Alaney2k,CC BY 4.0,https://creativecommons.org/licenses/by/4.0,https://commons.wikimedia.org/wiki/File:Weston-toronto-public-library.jpg,yes
Whitby Public Library,public,Whitby,Ontario,Canada,"April 8, 1911","10,000",132 Dundas St. W,43.879570,-78.943344,https://en.wikipedia.org/wiki/Whitby_Public_Library,commons-geosearch,"File:Librarian, Marie Bracey, 1952.jpg",https://upload.wikimedia.org/wikipedia/commons/e/ee/Librarian%2C_Marie_Bracey%2C_1952.jpg?utm_source=commons.wikimedia.org&utm_campaign=imageinfo&utm_content=thumbnail_unscaled,Unknown authorUnknown author,CC BY-SA 4.0,https://creativecommons.org/licenses/by-sa/4.0,"https://commons.wikimedia.org/wiki/File:Librarian,_Marie_Bracey,_1952.jpg",yes
Winnipeg Public Library — William Avenue,public,Winnipeg,Manitoba,Canada,1904,"75,000",380 William Ave.,49.900702,-97.144695,https://en.wikipedia.org/wiki/Winnipeg_Public_Library,,,,,,,,no
Winnipeg Public Library — Cornish Branch,public,Winnipeg,Manitoba,Canada,1914,"30,000",20 West Gate,49.878094,-97.159007,,,,,,,,,no
Winnipeg Public Library — St. John's Branch,public,Winnipeg,Manitoba,Canada,1914,"28,800",500 Salter St.,49.925302,-97.132972,,,,,,,,,no
Windsor Public Library,public,Windsor,Ontario,Canada,"February 13, 1901","27,000",Park St. and Victoria St.,42.31592,-83.04035,https://en.wikipedia.org/wiki/Windsor_Public_Library,,,,,,,,no
Woodstock Public Library,public,Woodstock,Ontario,Canada,"July 6, 1905","24,000",449 Hunter St.,43.131102,-80.762525,,,,,,,,,no
Alamosa,public,Alamosa,Colorado,United States,"Mar 21, 1908","$6,000",,,,,,,,,,,,no
Boulder,public,Boulder,Colorado,United States,"Feb 20, 1904","$15,000",1125 Pine St.,,,"https://en.wikipedia.org/wiki/Carnegie_Library_(Boulder,_Colorado)",wikipedia-list,File:Carnegie_Library_Boulder_CO.jpg,https://upload.wikimedia.org/wikipedia/commons/thumb/2/28/Carnegie_Library_Boulder_CO.jpg/1920px-Carnegie_Library_Boulder_CO.jpg?utm_source=commons.wikimedia.org&utm_campaign=imageinfo&utm_content=thumbnail,Hustvedt,CC BY-SA 3.0,https://creativecommons.org/licenses/by-sa/3.0,https://commons.wikimedia.org/wiki/File:Carnegie_Library_Boulder_CO.jpg,yes
Brush,public,Brush,Colorado,United States,"Jun 11, 1914","$6,000",500 Clayton St.,,,,wikipedia-list,"File:Brush,_Colorado_Carnegie_Library.JPG",https://upload.wikimedia.org/wikipedia/commons/thumb/8/8a/Brush%2C_Colorado_Carnegie_Library.JPG/1920px-Brush%2C_Colorado_Carnegie_Library.JPG?utm_source=commons.wikimedia.org&utm_campaign=imageinfo&utm_content=thumbnail,Jeffrey Beall,CC BY 4.0,https://creativecommons.org/licenses/by/4.0,"https://commons.wikimedia.org/wiki/File:Brush,_Colorado_Carnegie_Library.JPG",yes
Cañon City,public,Cañon City,Colorado,United States,"Dec 14, 1901","$13,000",516 Macon Ave.,,,,wikipedia-list,File:Canon_City_Colorado_Old_Carnegie_Library.jpg,https://upload.wikimedia.org/wikipedia/commons/thumb/c/cd/Canon_City_Colorado_Old_Carnegie_Library.jpg/1920px-Canon_City_Colorado_Old_Carnegie_Library.jpg?utm_source=commons.wikimedia.org&utm_campaign=imageinfo&utm_content=thumbnail,Jeffrey Beall,CC BY-SA 2.0,https://creativecommons.org/licenses/by-sa/2.0,https://commons.wikimedia.org/wiki/File:Canon_City_Colorado_Old_Carnegie_Library.jpg,yes
Old Colorado City Branch,public,Old Colorado City,Colorado,United States,Jan 1903,"$10,000",2418 W. Pikes Peak Ave.,,,https://en.wikipedia.org/wiki/Old_Colorado_City_Branch_Carnegie_Library,wikipedia-list,File:Old_Colorado_City_Carnegie_Library.jpg,https://upload.wikimedia.org/wikipedia/commons/thumb/9/94/Old_Colorado_City_Carnegie_Library.jpg/1920px-Old_Colorado_City_Carnegie_Library.jpg?utm_source=commons.wikimedia.org&utm_campaign=imageinfo&utm_content=thumbnail,Drasmussen,CC BY-SA 3.0,https://creativecommons.org/licenses/by-sa/3.0,https://commons.wikimedia.org/wiki/File:Old_Colorado_City_Carnegie_Library.jpg,yes
Colorado Springs,public,Colorado Springs,Colorado,United States,"Jan 2, 1903","$60,000",21 W. Kiowa St.,,,https://en.wikipedia.org/wiki/Colorado_Springs_Public_Library-Carnegie_Building,wikipedia-list,File:Colorado_Springs_Public_Library-Carnegie_Building.JPG,https://upload.wikimedia.org/wikipedia/commons/thumb/8/8e/Colorado_Springs_Public_Library-Carnegie_Building.JPG/1920px-Colorado_Springs_Public_Library-Carnegie_Building.JPG?utm_source=commons.wikimedia.org&utm_campaign=imageinfo&utm_content=thumbnail,Jeffrey Beall,CC BY-SA 3.0,https://creativecommons.org/licenses/by-sa/3.0,https://commons.wikimedia.org/wiki/File:Colorado_Springs_Public_Library-Carnegie_Building.JPG,yes
Delta,public,Delta,Colorado,United States,"Feb 20, 1911","$6,500",211 W. 6th St.,,,,wikipedia-list,File:Delta_Carnegie_Library.JPG,https://upload.wikimedia.org/wikipedia/commons/thumb/d/d4/Delta_Carnegie_Library.JPG/1920px-Delta_Carnegie_Library.JPG?utm_source=commons.wikimedia.org&utm_campaign=imageinfo&utm_content=thumbnail,Jeffrey Beall,CC BY 4.0,https://creativecommons.org/licenses/by/4.0,https://commons.wikimedia.org/wiki/File:Delta_Carnegie_Library.JPG,yes
Denver Main Branch,public,Denver,Colorado,United States,"Mar 14, 1902","$360,000 [c]",144 W. Colfax Ave.,,,,wikipedia-list,File:McNichols_Civic_Center_Building.JPG,https://upload.wikimedia.org/wikipedia/commons/thumb/4/4a/McNichols_Civic_Center_Building.JPG/1920px-McNichols_Civic_Center_Building.JPG?utm_source=commons.wikimedia.org&utm_campaign=imageinfo&utm_content=thumbnail,Jeffrey Beall,CC BY-SA 3.0,https://creativecommons.org/licenses/by-sa/3.0,https://commons.wikimedia.org/wiki/File:McNichols_Civic_Center_Building.JPG,yes
Denver Warren Branch,public,Denver,Colorado,United States,"Mar 14, 1902",,3354 High St.,,,,wikipedia-list,File:Warren_Branch_Library.JPG,https://upload.wikimedia.org/wikipedia/commons/thumb/c/cf/Warren_Branch_Library.JPG/1920px-Warren_Branch_Library.JPG?utm_source=commons.wikimedia.org&utm_campaign=imageinfo&utm_content=thumbnail,Jeffrey Beall,CC BY 4.0,https://creativecommons.org/licenses/by/4.0,https://commons.wikimedia.org/wiki/File:Warren_Branch_Library.JPG,yes
Denver Woodbury Branch,public,Denver,Colorado,United States,"Mar 14, 1902",,3265 Federal Blvd.,,,,wikipedia-list,"File:Woodbury_Branch_Library_(Denver,_Colorado).JPG",https://upload.wikimedia.org/wikipedia/commons/thumb/9/9a/Woodbury_Branch_Library_%28Denver%2C_Colorado%29.JPG/1920px-Woodbury_Branch_Library_%28Denver%2C_Colorado%29.JPG?utm_source=commons.wikimedia.org&utm_campaign=imageinfo&utm_content=thumbnail,Jeffrey Beall,CC BY 4.0,https://creativecommons.org/licenses/by/4.0,"https://commons.wikimedia.org/wiki/File:Woodbury_Branch_Library_(Denver,_Colorado).JPG",yes
Denver Dickinson Branch,public,Denver,Colorado,United States,"Mar 14, 1902",,1545 Hooker St.,,,,wikipedia-list,File:Dickinson_Branch_Library.JPG,https://upload.wikimedia.org/wikipedia/commons/thumb/d/db/Dickinson_Branch_Library.JPG/1920px-Dickinson_Branch_Library.JPG?utm_source=commons.wikimedia.org&utm_campaign=imageinfo&utm_content=thumbnail,Jeffrey Beall,CC BY-SA 3.0,https://creativecommons.org/licenses/by-sa/3.0,https://commons.wikimedia.org/wiki/File:Dickinson_Branch_Library.JPG,yes
Denver Decker Branch,public,Denver,Colorado,United States,"Mar 14, 1902",,1501 S. Logan St.,,,,wikipedia-list,"File:Decker_Branch_Library_(Denver,_Colorado).JPG",https://upload.wikimedia.org/wikipedia/commons/thumb/2/28/Decker_Branch_Library_%28Denver%2C_Colorado%29.JPG/1920px-Decker_Branch_Library_%28Denver%2C_Colorado%29.JPG?utm_source=commons.wikimedia.org&utm_campaign=imageinfo&utm_content=thumbnail,Jeffrey Beall,CC BY 4.0,https://creativecommons.org/licenses/by/4.0,"https://commons.wikimedia.org/wiki/File:Decker_Branch_Library_(Denver,_Colorado).JPG",yes
"Denver John ""Thunderbird Man"" Emhoolah Jr. Branch",public,Denver,Colorado,United States,"Mar 14, 1902",,675 Santa Fe Dr.,,,,wikipedia-list,"File:Byers_Branch_Library_(Denver,_Colorado).JPG",https://upload.wikimedia.org/wikipedia/commons/thumb/c/cf/Byers_Branch_Library_%28Denver%2C_Colorado%29.JPG/1920px-Byers_Branch_Library_%28Denver%2C_Colorado%29.JPG?utm_source=commons.wikimedia.org&utm_campaign=imageinfo&utm_content=thumbnail,Jeffrey Beall,CC BY 4.0,https://creativecommons.org/licenses/by/4.0,"https://commons.wikimedia.org/wiki/File:Byers_Branch_Library_(Denver,_Colorado).JPG",yes
Denver Smiley Branch,public,Denver,Colorado,United States,"Mar 14, 1902",,4501 W. 46th Ave.,,,,wikipedia-list,"File:Smiley_Branch_Library_(Denver,_Colorado).JPG",https://upload.wikimedia.org/wikipedia/commons/thumb/e/e4/Smiley_Branch_Library_%28Denver%2C_Colorado%29.JPG/1920px-Smiley_Branch_Library_%28Denver%2C_Colorado%29.JPG?utm_source=commons.wikimedia.org&utm_campaign=imageinfo&utm_content=thumbnail,Jeffrey Beall,CC BY 4.0,https://creativecommons.org/licenses/by/4.0,"https://commons.wikimedia.org/wiki/File:Smiley_Branch_Library_(Denver,_Colorado).JPG",yes
Denver Park Hill Branch,public,Denver,Colorado,United States,"Mar 14, 1902",,4705 Montview Blvd.,,,,wikipedia-list,File:Park_Hill_Branch_Library.JPG,https://upload.wikimedia.org/wikipedia/commons/thumb/9/9f/Park_Hill_Branch_Library.JPG/1920px-Park_Hill_Branch_Library.JPG?utm_source=commons.wikimedia.org&utm_campaign=imageinfo&utm_content=thumbnail,Jeffrey Beall,CC BY 4.0,https://creativecommons.org/licenses/by/4.0,https://commons.wikimedia.org/wiki/File:Park_Hill_Branch_Library.JPG,yes
Denver Elyria Branch,public,Denver,Colorado,United States,"Mar 14, 1902",,1901 E. 47th Ave.,,,,wikipedia-list,File:Elyria_Branch_Library.JPG,https://upload.wikimedia.org/wikipedia/commons/thumb/5/56/Elyria_Branch_Library.JPG/1920px-Elyria_Branch_Library.JPG?utm_source=commons.wikimedia.org&utm_campaign=imageinfo&utm_content=thumbnail,Jeffrey Beall,CC BY 4.0,https://creativecommons.org/licenses/by/4.0,https://commons.wikimedia.org/wiki/File:Elyria_Branch_Library.JPG,yes
Durango,public,Durango,Colorado,United States,"Jan 16, 1906","$15,000",1188 E. 2nd Ave.,,,,wikipedia-list,File:City_of_Durango_Carnegie_Building.JPG,https://upload.wikimedia.org/wikipedia/commons/thumb/8/8e/City_of_Durango_Carnegie_Building.JPG/1920px-City_of_Durango_Carnegie_Building.JPG?utm_source=commons.wikimedia.org&utm_campaign=imageinfo&utm_content=thumbnail,Jeffrey Beall,CC BY 4.0,https://creativecommons.org/licenses/by/4.0,https://commons.wikimedia.org/wiki/File:City_of_Durango_Carnegie_Building.JPG,yes
Florence,public,Florence,Colorado,United States,"Feb 3, 1917","$10,000",100 W. 2nd St.,,,,wikipedia-list,"File:Florence,_Colorado_Carnegie_library.JPG",https://upload.wikimedia.org/wikipedia/commons/thumb/8/86/Florence%2C_Colorado_Carnegie_library.JPG/1920px-Florence%2C_Colorado_Carnegie_library.JPG?utm_source=commons.wikimedia.org&utm_campaign=imageinfo&utm_content=thumbnail,Jeffrey Beall,CC BY 4.0,https://creativecommons.org/licenses/by/4.0,"https://commons.wikimedia.org/wiki/File:Florence,_Colorado_Carnegie_library.JPG",yes
Fort Collins,public,Fort Collins,Colorado,United States,"Jan 22, 1903","$12,500",200 Mathews St.,,,https://en.wikipedia.org/wiki/Fort_Collins_Museum_and_Discovery_Science_Center,,,,,,,,no
Fort Morgan,public,Fort Morgan,Colorado,United States,"Nov 17, 1914","$10,000",414 Main St.,,,,,,,,,,,no
Grand Junction,public,Grand Junction,Colorado,United States,"Dec 21, 1899","$8,000",7th St. and Grand Ave.,,,,,,,,,,,no
Idaho Springs,public,Idaho Springs,Colorado,United States,"Jun 1, 1903","$10,443",219 14th Ave.,,,,wikipedia-list,File:Carnegie_Library_(Idaho_Sps)_2016-07-12_1134.jpg,https://upload.wikimedia.org/wikipedia/commons/thumb/6/66/Carnegie_Library_%28Idaho_Sps%29_2016-07-12_1134.jpg/1920px-Carnegie_Library_%28Idaho_Sps%29_2016-07-12_1134.jpg?utm_source=commons.wikimedia.org&utm_campaign=imageinfo&utm_content=thumbnail,Chris Light,CC BY-SA 4.0,https://creativecommons.org/licenses/by-sa/4.0,https://commons.wikimedia.org/wiki/File:Carnegie_Library_(Idaho_Sps)_2016-07-12_1134.jpg,yes
Lamar,public,Lamar,Colorado,United States,"Feb 6, 1907","$12,000",,,,,,,,,,,,no
Leadville,public,Leadville,Colorado,United States,"Jun 21, 1901","$20,000",102 E. 9th St.,,,,wikipedia-list,File:Leadville_Heritage_Museum.jpeg,https://upload.wikimedia.org/wikipedia/commons/thumb/b/b7/Leadville_Heritage_Museum.jpeg/1920px-Leadville_Heritage_Museum.jpeg?utm_source=commons.wikimedia.org&utm_campaign=imageinfo&utm_content=thumbnail,Ntsimp,CC0,http://creativecommons.org/publicdomain/zero/1.0/deed.en,https://commons.wikimedia.org/wiki/File:Leadville_Heritage_Museum.jpeg,yes
Littleton,public,Littleton,Colorado,United States,"Jan 6, 1915","$8,000",2707 W. Main St.,,,,wikipedia-list,File:Carnegie_Library_2015-06_812.jpg,https://upload.wikimedia.org/wikipedia/commons/thumb/9/9d/Carnegie_Library_2015-06_812.jpg/1920px-Carnegie_Library_2015-06_812.jpg?utm_source=commons.wikimedia.org&utm_campaign=imageinfo&utm_content=thumbnail,Chris Light,CC BY-SA 4.0,https://creativecommons.org/licenses/by-sa/4.0,https://commons.wikimedia.org/wiki/File:Carnegie_Library_2015-06_812.jpg,yes
Longmont,public,Longmont,Colorado,United States,"Dec 13, 1907","$12,500",457 Fourth Ave.,,,,wikipedia-list,File:Longmont_Carnegie_Library.jpg,https://upload.wikimedia.org/wikipedia/commons/thumb/3/30/Longmont_Carnegie_Library.jpg/1920px-Longmont_Carnegie_Library.jpg?utm_source=commons.wikimedia.org&utm_campaign=imageinfo&utm_content=thumbnail,Nyttend,Public domain,,https://commons.wikimedia.org/wiki/File:Longmont_Carnegie_Library.jpg,yes
Loveland,public,Loveland,Colorado,United States,"May 2, 1907","$10,000",205 E. 6th St.,,,,,,,,,,,no
Manitou,public,Manitou Springs,Colorado,United States,"Dec 13, 1909","$6,500",701 Manitou Ave.,,,,wikipedia-list,File:Manitou_Springs_Library.JPG,https://upload.wikimedia.org/wikipedia/commons/thumb/6/6c/Manitou_Springs_Library.JPG/1920px-Manitou_Springs_Library.JPG?utm_source=commons.wikimedia.org&utm_campaign=imageinfo&utm_content=thumbnail,Jeffrey Beall,CC BY 4.0,https://creativecommons.org/licenses/by/4.0,https://commons.wikimedia.org/wiki/File:Manitou_Springs_Library.JPG,yes
Monte Vista,public,Monte Vista,Colorado,United States,"May 15, 1916","$10,000",120 Jefferson St.,,,"https://en.wikipedia.org/wiki/Carnegie_Library_(Monte_Vista,_Colorado)",wikipedia-list,"File:Carnegie_Library_(Monte_Vista,_Colorado).JPG",https://upload.wikimedia.org/wikipedia/commons/thumb/8/8b/Carnegie_Library_%28Monte_Vista%2C_Colorado%29.JPG/1920px-Carnegie_Library_%28Monte_Vista%2C_Colorado%29.JPG?utm_source=commons.wikimedia.org&utm_campaign=imageinfo&utm_content=thumbnail,Jeffrey Beall,CC BY-SA 3.0,https://creativecommons.org/licenses/by-sa/3.0,"https://commons.wikimedia.org/wiki/File:Carnegie_Library_(Monte_Vista,_Colorado).JPG",yes
Pueblo,public,Pueblo,Colorado,United States,"Feb 4, 1902","$70,000",100 E. Abriendo Ave.,,,,,,,,,,,no
Rocky Ford,public,Rocky Ford,Colorado,United States,"Dec 24, 1907","$10,000",1005 Sycamore Ave.,,,,wikipedia-list,"File:Rocky_Ford,_Colorado_Carnegie_library_from_N_1.JPG",https://upload.wikimedia.org/wikipedia/commons/thumb/d/dc/Rocky_Ford%2C_Colorado_Carnegie_library_from_N_1.JPG/1920px-Rocky_Ford%2C_Colorado_Carnegie_library_from_N_1.JPG?utm_source=commons.wikimedia.org&utm_campaign=imageinfo&utm_content=thumbnail,Ammodramus,CC0,http://creativecommons.org/publicdomain/zero/1.0/deed.en,"https://commons.wikimedia.org/wiki/File:Rocky_Ford,_Colorado_Carnegie_library_from_N_1.JPG",yes
Salida,public,Salida,Colorado,United States,"Dec 23, 1905","$9,000",405 E St.,,,,wikipedia-list,File:NW_Corner_of_Library.jpg,https://upload.wikimedia.org/wikipedia/commons/thumb/a/ab/NW_Corner_of_Library.jpg/1920px-NW_Corner_of_Library.jpg?utm_source=commons.wikimedia.org&utm_campaign=imageinfo&utm_content=thumbnail,SRL1908,CC BY-SA 4.0,https://creativecommons.org/licenses/by-sa/4.0,https://commons.wikimedia.org/wiki/File:NW_Corner_of_Library.jpg,yes
Silverton,public,Silverton,Colorado,United States,"Jan 19, 1905","$12,000",1111 Reese St.,,,,wikipedia-list,File:Silverton_(Colorado)_Public_Library.JPG,https://upload.wikimedia.org/wikipedia/commons/thumb/c/c1/Silverton_%28Colorado%29_Public_Library.JPG/1920px-Silverton_%28Colorado%29_Public_Library.JPG?utm_source=commons.wikimedia.org&utm_campaign=imageinfo&utm_content=thumbnail,Jeffrey Beall,CC BY 4.0,https://creativecommons.org/licenses/by/4.0,https://commons.wikimedia.org/wiki/File:Silverton_(Colorado)_Public_Library.JPG,yes
Sterling,public,Sterling,Colorado,United States,"Dec 3, 1915","$12,500",210 S. 4th St.,,,,wikipedia-list,File:Sterling_Public_Library_(old).JPG,https://upload.wikimedia.org/wikipedia/commons/thumb/7/75/Sterling_Public_Library_%28old%29.JPG/1920px-Sterling_Public_Library_%28old%29.JPG?utm_source=commons.wikimedia.org&utm_campaign=imageinfo&utm_content=thumbnail,Jeffrey Beall,CC BY-SA 3.0,https://creativecommons.org/licenses/by-sa/3.0,https://commons.wikimedia.org/wiki/File:Sterling_Public_Library_(old).JPG,yes
Trinidad,public,Trinidad,Colorado,United States,"Mar 20, 1903","$15,000",202 N. Animas St.,,,,wikipedia-list,"File:Trinidad,_CO,_Public_Library_IMG_5020.JPG",https://upload.wikimedia.org/wikipedia/commons/thumb/2/27/Trinidad%2C_CO%2C_Public_Library_IMG_5020.JPG/1920px-Trinidad%2C_CO%2C_Public_Library_IMG_5020.JPG?utm_source=commons.wikimedia.org&utm_campaign=imageinfo&utm_content=thumbnail,Billy Hathorn,CC BY-SA 3.0,https://creativecommons.org/licenses/by-sa/3.0,"https://commons.wikimedia.org/wiki/File:Trinidad,_CO,_Public_Library_IMG_5020.JPG",yes
Bridgeport East Branch,public,Bridgeport,Connecticut,United States,"Apr 13, 1914","$50,000",201 Jane St.,41.19033,-73.18236,,,,,,,,,no
Bridgeport North Branch,public,Bridgeport,Connecticut,United States,"Apr 13, 1914","($50,000)",3455 Madison Ave.,41.19345,-73.19791,,commons-geosearch,"File:Public Library, Bridgeport, Conn. (2381537787).jpg",https://upload.wikimedia.org/wikipedia/commons/7/7e/Public_Library%2C_Bridgeport%2C_Conn._%282381537787%29.jpg?utm_source=commons.wikimedia.org&utm_campaign=imageinfo&utm_content=thumbnail_unscaled,Boston Public Library,CC BY 2.0,https://creativecommons.org/licenses/by/2.0,"https://commons.wikimedia.org/wiki/File:Public_Library,_Bridgeport,_Conn._(2381537787).jpg",yes
Derby Neck,public,Derby,Connecticut,United States,"Mar 12, 1906","$3,400",307 Hawthorne Ave.,41.33147,-73.10092,,,,,,,,,no
Enfield,public,Enfield,Connecticut,United States,"Nov 9, 1910","$20,000",159 Pearl St.,41.99490,-72.59019,,wikipedia-list,"File:Pearl_Street_Branch_Library,_Thompsonville_CT.jpg",https://upload.wikimedia.org/wikipedia/commons/thumb/d/d9/Pearl_Street_Branch_Library%2C_Thompsonville_CT.jpg/1920px-Pearl_Street_Branch_Library%2C_Thompsonville_CT.jpg?utm_source=commons.wikimedia.org&utm_campaign=imageinfo&utm_content=thumbnail,John Phelan,CC BY 4.0,https://creativecommons.org/licenses/by/4.0,"https://commons.wikimedia.org/wiki/File:Pearl_Street_Branch_Library,_Thompsonville_CT.jpg",yes
New Haven Fair Haven Branch,public,New Haven,Connecticut,United States,"Mar 14, 1913","$60,000",182 Grand Ave.,41.30957,-72.89431,,,,,,,,,no
New Haven Davenport Branch,public,New Haven,Connecticut,United States,"Mar 14, 1913","($60,000)",265 Portsea St.,41.29736,-72.93497,,,,,,,,,no
New Haven Dixwell Branch,public,New Haven,Connecticut,United States,"Mar 14, 1913","($60,000)",555 Dixwell Ave.,41.32944,-72.93504,,,,,,,,,no
Norwalk,public,Norwalk,Connecticut,United States,"Aug 16, 1901","$20,000",1 Belden Ave.,41.12100,-73.41528,,,,,,,,,no
South Norwalk,public,South Norwalk,Connecticut,United States,"Apr 23, 1908","$20,000",10 Washington St.,41.09962,-73.42114,,,,,,,,,no
Unionville,public,Unionville,Connecticut,United States,"Sep 25, 1914","$8,500",15 School St.,41.75888,-72.88856,https://en.wikipedia.org/wiki/West_End_Library,wikipedia-list,"File:West_End_Library,_Farmington,_Connecticut.jpg",https://upload.wikimedia.org/wikipedia/commons/thumb/6/61/West_End_Library%2C_Farmington%2C_Connecticut.jpg/1920px-West_End_Library%2C_Farmington%2C_Connecticut.jpg?utm_source=commons.wikimedia.org&utm_campaign=imageinfo&utm_content=thumbnail,"Doug Kerr from Albany, NY, United States",CC BY-SA 2.0,https://creativecommons.org/licenses/by-sa/2.0,"https://commons.wikimedia.org/wiki/File:West_End_Library,_Farmington,_Connecticut.jpg",yes
West Haven,public,West Haven,Connecticut,United States,"Aug 6, 1906","$10,000",300 Elm St.,41.27616,-72.95218,,,,,,,,,no
Anglesea Street,public,,Cork,Ireland,,,Anglesea Street,,,,wikipedia-list,"File:The_Carnegie_Free_Library,_Cork_(27602890902).jpg",https://upload.wikimedia.org/wikipedia/commons/thumb/8/81/The_Carnegie_Free_Library%2C_Cork_%2827602890902%29.jpg/1920px-The_Carnegie_Free_Library%2C_Cork_%2827602890902%29.jpg?utm_source=commons.wikimedia.org&utm_campaign=imageinfo&utm_content=thumbnail,Robert French,No restrictions,https://www.flickr.com/commons/usage/,"https://commons.wikimedia.org/wiki/File:The_Carnegie_Free_Library,_Cork_(27602890902).jpg",no
Ashe Street. Youghal,public,,Cork,Ireland,,,Ashe Street. Youghal,,,,,,,,,,,no
Millstreet,public,,Cork,Ireland,,,Millstreet,,,,,,,,,,,no
Balbriggan,public,,Dublin,Ireland,,,Balbriggan,,,,wikipedia-list,File:County_Dublin_-_Balbriggan_Carnegie_Free_Library_-_20200907181504.jpg,https://upload.wikimedia.org/wikipedia/commons/thumb/4/4d/County_Dublin_-_Balbriggan_Carnegie_Free_Library_-_20200907181504.jpg/1920px-County_Dublin_-_Balbriggan_Carnegie_Free_Library_-_20200907181504.jpg?utm_source=commons.wikimedia.org&utm_campaign=imageinfo&utm_content=thumbnail,Jonjobaker,CC BY-SA 4.0,https://creativecommons.org/licenses/by-sa/4.0,https://commons.wikimedia.org/wiki/File:County_Dublin_-_Balbriggan_Carnegie_Free_Library_-_20200907181504.jpg,no
Ballsbridge,public,,Dublin,Ireland,,,Ballsbridge,,,,,,,,,,,no
"Blackrock, Dublin",public,,Dublin,Ireland,,,"Blackrock, Dublin",,,,wikipedia-list,"File:Blackrock_Town_Hall,_Dublin.JPG",https://upload.wikimedia.org/wikipedia/commons/thumb/c/ca/Blackrock_Town_Hall%2C_Dublin.JPG/1920px-Blackrock_Town_Hall%2C_Dublin.JPG?utm_source=commons.wikimedia.org&utm_campaign=imageinfo&utm_content=thumbnail,DubhEire,CC BY-SA 3.0,https://creativecommons.org/licenses/by-sa/3.0,"https://commons.wikimedia.org/wiki/File:Blackrock_Town_Hall,_Dublin.JPG",no
Cabinteely,public,,Dublin,Ireland,,,Cabinteely,,,,,,,,,,,no
Clondalkin,public,,Dublin,Ireland,,,Clondalkin,,,,,,,,,,,no
Dalkey,public,,Dublin,Ireland,,,Dalkey,,,,,,,,,,,no
"Charleville Mall, North Strand",public,,Dublin,Ireland,,,"Charleville Mall, North Strand",,,,wikipedia-list,File:County_Dublin_-_Charleville_Mall_Library_-_20200907143550.jpg,https://upload.wikimedia.org/wikipedia/commons/thumb/f/f4/County_Dublin_-_Charleville_Mall_Library_-_20200907143550.jpg/1920px-County_Dublin_-_Charleville_Mall_Library_-_20200907143550.jpg?utm_source=commons.wikimedia.org&utm_campaign=imageinfo&utm_content=thumbnail,Smirkybec,CC BY-SA 4.0,https://creativecommons.org/licenses/by-sa/4.0,https://commons.wikimedia.org/wiki/File:County_Dublin_-_Charleville_Mall_Library_-_20200907143550.jpg,no
"Dundrum, Dublin",public,,Dublin,Ireland,,,"Dundrum, Dublin",,,,,,,,,,,no
Dún Laoghaire,public,,Dublin,Ireland,,,Dún Laoghaire,,,,,,,,,,,no
Garristown,public,,Dublin,Ireland,,,Garristown,,,,wikipedia-list,File:County_Dublin_-_Garristown_Carnegie_Free_Library_-_20210930131506.jpg,https://upload.wikimedia.org/wikipedia/commons/thumb/5/50/County_Dublin_-_Garristown_Carnegie_Free_Library_-_20210930131506.jpg/1920px-County_Dublin_-_Garristown_Carnegie_Free_Library_-_20210930131506.jpg?utm_source=commons.wikimedia.org&utm_campaign=imageinfo&utm_content=thumbnail,Dvcireland,CC BY-SA 4.0,https://creativecommons.org/licenses/by-sa/4.0,https://commons.wikimedia.org/wiki/File:County_Dublin_-_Garristown_Carnegie_Free_Library_-_20210930131506.jpg,no
Glencullen,public,,Dublin,Ireland,,,Glencullen,,,,,,,,,,,no
Kish Bank lighthouse,public,,Dublin,Ireland,,,Kish Bank lighthouse,,,,wikipedia-list,File:Carnegie_Library_Lighthouse_Service.JPG,https://upload.wikimedia.org/wikipedia/commons/1/11/Carnegie_Library_Lighthouse_Service.JPG?utm_source=commons.wikimedia.org&utm_campaign=imageinfo&utm_content=thumbnail_unscaled,ClemMcGann,Public domain,,https://commons.wikimedia.org/wiki/File:Carnegie_Library_Lighthouse_Service.JPG,no
"Lusk, County Dublin",public,,Dublin,Ireland,,,"Lusk, County Dublin",,,,wikipedia-list,File:County_Dublin_-_Lusk_Community_Hall_-_20190518165304.jpg,https://upload.wikimedia.org/wikipedia/commons/thumb/0/05/County_Dublin_-_Lusk_Community_Hall_-_20190518165304.jpg/1920px-County_Dublin_-_Lusk_Community_Hall_-_20190518165304.jpg?utm_source=commons.wikimedia.org&utm_campaign=imageinfo&utm_content=thumbnail,Jonjobaker,CC BY-SA 4.0,https://creativecommons.org/licenses/by-sa/4.0,https://commons.wikimedia.org/wiki/File:County_Dublin_-_Lusk_Community_Hall_-_20190518165304.jpg,no
Malahide,public,,Dublin,Ireland,,,Malahide,,,,wikipedia-list,File:MalahideLibrary.jpg,https://upload.wikimedia.org/wikipedia/commons/thumb/9/98/MalahideLibrary.jpg/1920px-MalahideLibrary.jpg?utm_source=commons.wikimedia.org&utm_campaign=imageinfo&utm_content=thumbnail,Rossyxan,CC BY-SA 4.0,https://creativecommons.org/licenses/by-sa/4.0,https://commons.wikimedia.org/wiki/File:MalahideLibrary.jpg,no
"Pearse Street, Dublin City Public Libraries and Archive",public,,Dublin,Ireland,,,"Pearse Street, Dublin City Public Libraries and Archive",,,,wikipedia-list,File:Dublin_City_Library_&_Archive.jpg,https://upload.wikimedia.org/wikipedia/commons/4/4b/Dublin_City_Library_%26_Archive.jpg?utm_source=commons.wikimedia.org&utm_campaign=imageinfo&utm_content=thumbnail_unscaled,Author: Dublin City Public Libraries,CC BY-SA 2.0,https://creativecommons.org/licenses/by-sa/2.0,https://commons.wikimedia.org/wiki/File:Dublin_City_Library_%26_Archive.jpg,no
Rathmines,public,,Dublin,Ireland,,,Rathmines,,,,,,,,,,,no
Sandyford,public,,Dublin,Ireland,,,Sandyford,,,,wikipedia-list,File:Sandyford_Community_Centre_-_geograph.org.uk_-_541143.jpg,https://upload.wikimedia.org/wikipedia/commons/1/1d/Sandyford_Community_Centre_-_geograph.org.uk_-_541143.jpg?utm_source=commons.wikimedia.org&utm_campaign=imageinfo&utm_content=thumbnail_unscaled,JP,CC BY-SA 2.0,https://creativecommons.org/licenses/by-sa/2.0,https://commons.wikimedia.org/wiki/File:Sandyford_Community_Centre_-_geograph.org.uk_-_541143.jpg,no
Shankill,public,,Dublin,Ireland,,,Shankill,,,,,,,,,,,no
"Skerries, County Dublin",public,,Dublin,Ireland,,,"Skerries, County Dublin",,,,wikipedia-list,File:County_Dublin_-_Skerries_Carnegie_Free_Library_-_20190615205222.jpg,https://upload.wikimedia.org/wikipedia/commons/thumb/4/49/County_Dublin_-_Skerries_Carnegie_Free_Library_-_20190615205222.jpg/1920px-County_Dublin_-_Skerries_Carnegie_Free_Library_-_20190615205222.jpg?utm_source=commons.wikimedia.org&utm_campaign=imageinfo&utm_content=thumbnail,Jonjobaker,CC BY-SA 4.0,https://creativecommons.org/licenses/by-sa/4.0,https://commons.wikimedia.org/wiki/File:County_Dublin_-_Skerries_Carnegie_Free_Library_-_20190615205222.jpg,no
"Swords, County Dublin",public,,Dublin,Ireland,,,"Swords, County Dublin",,,,wikipedia-list,File:County_Dublin_-_Swords_Carnegie_Free_Library_-_20180908220620.jpg,https://upload.wikimedia.org/wikipedia/commons/d/d4/County_Dublin_-_Swords_Carnegie_Free_Library_-_20180908220620.jpg?utm_source=commons.wikimedia.org&utm_campaign=imageinfo&utm_content=thumbnail_unscaled,Darcydwyer,CC BY-SA 4.0,https://creativecommons.org/licenses/by-sa/4.0,https://commons.wikimedia.org/wiki/File:County_Dublin_-_Swords_Carnegie_Free_Library_-_20180908220620.jpg,no
"Whitechurch, Dublin",public,,Dublin,Ireland,,,"Whitechurch, Dublin",,,,wikipedia-list,File:County_Dublin_-_Whitechurch_Branch_Library_-_20171011214552.jpg,https://upload.wikimedia.org/wikipedia/commons/thumb/f/fd/County_Dublin_-_Whitechurch_Branch_Library_-_20171011214552.jpg/1920px-County_Dublin_-_Whitechurch_Branch_Library_-_20171011214552.jpg?utm_source=commons.wikimedia.org&utm_campaign=imageinfo&utm_content=thumbnail,HighKing,CC BY-SA 4.0,https://creativecommons.org/licenses/by-sa/4.0,https://commons.wikimedia.org/wiki/File:County_Dublin_-_Whitechurch_Branch_Library_-_20171011214552.jpg,no
Caherciveen,public,,Kerry,Ireland,,,Caherciveen,,,,commons-namesearch,File:County Kerry - Caherciveen Carnegie Free Library - 20240506044647.jpg,https://upload.wikimedia.org/wikipedia/commons/thumb/a/ab/County_Kerry_-_Caherciveen_Carnegie_Free_Library_-_20240506044647.jpg/1920px-County_Kerry_-_Caherciveen_Carnegie_Free_Library_-_20240506044647.jpg?utm_source=commons.wikimedia.org&utm_campaign=imageinfo&utm_content=thumbnail,Gillfoto,CC BY-SA 4.0,https://creativecommons.org/licenses/by-sa/4.0,https://commons.wikimedia.org/wiki/File:County_Kerry_-_Caherciveen_Carnegie_Free_Library_-_20240506044647.jpg,no
Castleisland,public,,Kerry,Ireland,,,Castleisland,,,,,,,,,,,no
Dingle,public,,Kerry,Ireland,,,Dingle,,,,wikipedia-list,"File:Dingle,_Ireland_Carnegie_Library_-_July_2023.jpg",https://upload.wikimedia.org/wikipedia/commons/thumb/2/22/Dingle%2C_Ireland_Carnegie_Library_-_July_2023.jpg/1920px-Dingle%2C_Ireland_Carnegie_Library_-_July_2023.jpg?utm_source=commons.wikimedia.org&utm_campaign=imageinfo&utm_content=thumbnail,KMajeau,CC0,http://creativecommons.org/publicdomain/zero/1.0/deed.en,"https://commons.wikimedia.org/wiki/File:Dingle,_Ireland_Carnegie_Library_-_July_2023.jpg",no
Kenmare,public,,Kerry,Ireland,,,Kenmare,,,,wikipedia-list,File:Carnegie_Library_-_geograph.org.uk_-_1415293.jpg,https://upload.wikimedia.org/wikipedia/commons/1/1e/Carnegie_Library_-_geograph.org.uk_-_1415293.jpg?utm_source=commons.wikimedia.org&utm_campaign=imageinfo&utm_content=thumbnail_unscaled,John M,CC BY-SA 2.0,https://creativecommons.org/licenses/by-sa/2.0,https://commons.wikimedia.org/wiki/File:Carnegie_Library_-_geograph.org.uk_-_1415293.jpg,no
Killorglin,public,,Kerry,Ireland,,,Killorglin,,,,,,,,,,,no
Listowel,public,,Kerry,Ireland,,,Listowel,,,,,,,,,,,no
Tralee,public,,Kerry,Ireland,,,Tralee,,,,,,,,,,,no
"Kilkenny city, John's Quay",public,,Kilkenny,Ireland,,,"Kilkenny city, John's Quay",,,,wikipedia-list,File:Carnegie_Library_-_geograph.org.uk_-_3145738.jpg,https://upload.wikimedia.org/wikipedia/commons/thumb/8/8e/Carnegie_Library_-_geograph.org.uk_-_3145738.jpg/1920px-Carnegie_Library_-_geograph.org.uk_-_3145738.jpg?utm_source=commons.wikimedia.org&utm_campaign=imageinfo&utm_content=thumbnail,MunsterFan,CC BY-SA 2.0,https://creativecommons.org/licenses/by-sa/2.0,https://commons.wikimedia.org/wiki/File:Carnegie_Library_-_geograph.org.uk_-_3145738.jpg,no
Athea,public,,Limerick,Ireland,,,Athea,,,,,,,,,,,no
Askeaton,public,,Limerick,Ireland,,,Askeaton,,,,,,,,,,,no
Ballyhahill,public,,Limerick,Ireland,,,Ballyhahill,,,,,,,,,,,no
Ballysteen,public,,Limerick,Ireland,,,Ballysteen,,,,,,,,,,,no
"Broadford, County Limerick",public,,Limerick,Ireland,,,"Broadford, County Limerick",,,,,,,,,,,no
Clouncagh,public,,Limerick,Ireland,,,Clouncagh,,,,,,,,,,,no
Croagh,public,,Limerick,Ireland,,,Croagh,,,,,,,,,,,no
"Feenagh, County Limerick",public,,Limerick,Ireland,,,"Feenagh, County Limerick",,,,,,,,,,,no
Kilcolman,public,,Limerick,Ireland,,,Kilcolman,,,,,,,,,,,no
Kildimo,public,,Limerick,Ireland,,,Kildimo,,,,,,,,,,,no
"Pery Square, Limerick City",public,,Limerick,Ireland,,,"Pery Square, Limerick City",,,,wikipedia-list,File:Limerick_City_Gallery_of_Art_(14456343392).jpg,https://upload.wikimedia.org/wikipedia/commons/thumb/b/ba/Limerick_City_Gallery_of_Art_%2814456343392%29.jpg/1920px-Limerick_City_Gallery_of_Art_%2814456343392%29.jpg?utm_source=commons.wikimedia.org&utm_campaign=imageinfo&utm_content=thumbnail,"William Murphy from Dublin, Ireland",CC BY-SA 2.0,https://creativecommons.org/licenses/by-sa/2.0,https://commons.wikimedia.org/wiki/File:Limerick_City_Gallery_of_Art_(14456343392).jpg,no
Newcastle West,public,,Limerick,Ireland,,,Newcastle West,,,,,,,,,,,no
Pallaskenry,public,,Limerick,Ireland,,,Pallaskenry,,,,,,,,,,,no
Rathkeale,public,,Limerick,Ireland,,,Rathkeale,,,,,,,,,,,no
"Shanagolden, County Limerick",public,,Limerick,Ireland,,,"Shanagolden, County Limerick",,,,,,,,,,,no
Drogheda,public,,Louth,Ireland,,,Drogheda,,,,,,,,,,,no
"Ballyduff, County Waterford",public,,Waterford,Ireland,,,"Ballyduff, County Waterford",,,,,,,,,,,no
Cappoquin,public,,Waterford,Ireland,,,Cappoquin,,,,commons-namesearch,File:County Waterford - Cappoquin Carnegie Free Library - 20220819122132.jpg,https://upload.wikimedia.org/wikipedia/commons/thumb/c/c7/County_Waterford_-_Cappoquin_Carnegie_Free_Library_-_20220819122132.jpg/1920px-County_Waterford_-_Cappoquin_Carnegie_Free_Library_-_20220819122132.jpg?utm_source=commons.wikimedia.org&utm_campaign=imageinfo&utm_content=thumbnail,MonikaLisa2,CC BY-SA 4.0,https://creativecommons.org/licenses/by-sa/4.0,https://commons.wikimedia.org/wiki/File:County_Waterford_-_Cappoquin_Carnegie_Free_Library_-_20220819122132.jpg,no
"Lismore, County Waterford",public,,Waterford,Ireland,,,"Lismore, County Waterford",,,,,,,,,,,no
"Tallow, County Waterford",public,,Waterford,Ireland,,,"Tallow, County Waterford",,,,,,,,,,,no
Waterford City Library,public,,Waterford,Ireland,,,Waterford City Library,,,,wikipedia-list,File:Foundation_stone_of_Waterford_Free_Library.jpg,https://upload.wikimedia.org/wikipedia/commons/4/49/Foundation_stone_of_Waterford_Free_Library.jpg?utm_source=commons.wikimedia.org&utm_campaign=imageinfo&utm_content=thumbnail_unscaled,National Library of Ireland on The Commons,Public domain,,https://commons.wikimedia.org/wiki/File:Foundation_stone_of_Waterford_Free_Library.jpg,no
"Bray, County Wicklow",public,,Wicklow,Ireland,,,"Bray, County Wicklow",,,,,,,,,,,no
Enniskerry,public,,Wicklow,Ireland,,,Enniskerry,,,,,,,,,,,no
Greystones,public,,Wicklow,Ireland,,,Greystones,,,,,,,,,,,no
Brentford Library,public,London,England,United Kingdom,,,,,,https://en.wikipedia.org/wiki/Brentford_Library,,,,,,,,no
Bromley,public,London,England,United Kingdom,,,,,,,,,,,,,,no
Crofton Park,public,London,England,United Kingdom,,,,,,,,,,,,,,no
Cubitt Town,public,London,England,United Kingdom,,,,,,,,,,,,,,no
Custom House,public,London,England,United Kingdom,,,,,,,commons-namesearch,File:Custom House Carnegie Library - geograph.org.uk - 2572160.jpg,https://upload.wikimedia.org/wikipedia/commons/c/c3/Custom_House_Carnegie_Library_-_geograph.org.uk_-_2572160.jpg?utm_source=commons.wikimedia.org&utm_campaign=imageinfo&utm_content=thumbnail_unscaled,Nigel Cox,CC BY-SA 2.0,https://creativecommons.org/licenses/by-sa/2.0,https://commons.wikimedia.org/wiki/File:Custom_House_Carnegie_Library_-_geograph.org.uk_-_2572160.jpg,yes
Deptford,public,London,England,United Kingdom,,,,,,,,,,,,,,no
Enfield,public,London,England,United Kingdom,,,,,,,,,,,,,,no
Enfield Highway,public,London,England,United Kingdom,,,,,,,,,,,,,,no
Erith,public,London,England,United Kingdom,,,,,,,,,,,,,,no
Hanwell,public,London,England,United Kingdom,,,,,,,,,,,,,,no
Herne Hill,public,London,England,United Kingdom,,,,,,,commons-namesearch,"File:Carnegie Library, Herne Hill - geograph.org.uk - 2759584.jpg",https://upload.wikimedia.org/wikipedia/commons/b/b8/Carnegie_Library%2C_Herne_Hill_-_geograph.org.uk_-_2759584.jpg?utm_source=commons.wikimedia.org&utm_campaign=imageinfo&utm_content=thumbnail_unscaled,Richard Dorrell,CC BY-SA 2.0,https://creativecommons.org/licenses/by-sa/2.0,"https://commons.wikimedia.org/wiki/File:Carnegie_Library,_Herne_Hill_-_geograph.org.uk_-_2759584.jpg",yes
Homerton,public,London,England,United Kingdom,,,,,,,,,,,,,,no
Islington,public,London,England,United Kingdom,,,,,,,,,,,,,,no
Kingston upon Thames,public,London,England,United Kingdom,,,,,,,,,,,,,,no
"Lea Bridge Road, Leyton",public,London,England,United Kingdom,,,,,,,,,,,,,,no
Manor Park,public,London,England,United Kingdom,,,,,,,,,,,,,,no
New Cross,public,London,England,United Kingdom,,,,,,,,,,,,,,no
Southall,public,London,England,United Kingdom,,,,,,,,,,,,,,no
Sydenham,public,London,England,United Kingdom,,,,,,,,,,,,,,no
Teddington,public,London,England,United Kingdom,,,,,,,commons-namesearch,File:Teddington Carnegie Library.jpg,https://upload.wikimedia.org/wikipedia/commons/thumb/5/51/Teddington_Carnegie_Library.jpg/1920px-Teddington_Carnegie_Library.jpg?utm_source=commons.wikimedia.org&utm_campaign=imageinfo&utm_content=thumbnail,Jonathan Cardy,CC BY-SA 4.0,https://creativecommons.org/licenses/by-sa/4.0,https://commons.wikimedia.org/wiki/File:Teddington_Carnegie_Library.jpg,yes
Thornton Heath,public,London,England,United Kingdom,,,,,,,,,,,,,,no
Twickenham,public,London,England,United Kingdom,,,,,,,,,,,,,,no
Walthamstow,public,London,England,United Kingdom,,,,,,,,,,,,,,no
West Greenwich,public,London,England,United Kingdom,,,,,,,,,,,,,,no
Aston Cross,public,Birmingham,England,United Kingdom,,,,,,,,,,,,,,no
Bartley Green,public,Birmingham,England,United Kingdom,,,,,,,,,,,,,,no
Birchfield,public,Birmingham,England,United Kingdom,,,,,,,,,,,,,,no
Erdington,public,Birmingham,England,United Kingdom,,,,,,,commons-namesearch,"File:Gift of Carnegie-Erdington, Birmingham - geograph.org.uk - 3626937.jpg",https://upload.wikimedia.org/wikipedia/commons/thumb/a/a7/Gift_of_Carnegie-Erdington%2C_Birmingham_-_geograph.org.uk_-_3626937.jpg/1920px-Gift_of_Carnegie-Erdington%2C_Birmingham_-_geograph.org.uk_-_3626937.jpg?utm_source=commons.wikimedia.org&utm_campaign=imageinfo&utm_content=thumbnail,Martin Richard Phelan,CC BY-SA 2.0,https://creativecommons.org/licenses/by-sa/2.0,"https://commons.wikimedia.org/wiki/File:Gift_of_Carnegie-Erdington,_Birmingham_-_geograph.org.uk_-_3626937.jpg",yes
King's Heath,public,Birmingham,England,United Kingdom,,,,,,,,,,,,,,no
King's Norton,public,Birmingham,England,United Kingdom,,,,,,,,,,,,,,no
Northfield Library,public,Birmingham,England,United Kingdom,,,,,,https://en.wikipedia.org/wiki/Northfield_Library,,,,,,,,no
Rednal,public,Birmingham,England,United Kingdom,,,,,,,,,,,,,,no
Selly Oak Library,public,Birmingham,England,United Kingdom,,,,,,https://en.wikipedia.org/wiki/Selly_Oak_Library,,,,,,,,no
Stirchley,public,Birmingham,England,United Kingdom,,,,,,,,,,,,,,no
Earlsdon,public,Coventry,England,United Kingdom,,,,,,,commons-namesearch,"File:Earlsdon Carnegie Community Library, Earlsdon Avenue North, Coventry - geograph.org.uk - 6866252.jpg",https://upload.wikimedia.org/wikipedia/commons/thumb/1/1a/Earlsdon_Carnegie_Community_Library%2C_Earlsdon_Avenue_North%2C_Coventry_-_geograph.org.uk_-_6866252.jpg/1920px-Earlsdon_Carnegie_Community_Library%2C_Earlsdon_Avenue_North%2C_Coventry_-_geograph.org.uk_-_6866252.jpg?utm_source=commons.wikimedia.org&utm_campaign=imageinfo&utm_content=thumbnail,A J Paxton,CC BY-SA 2.0,https://creativecommons.org/licenses/by-sa/2.0,"https://commons.wikimedia.org/wiki/File:Earlsdon_Carnegie_Community_Library,_Earlsdon_Avenue_North,_Coventry_-_geograph.org.uk_-_6866252.jpg",yes
Foleshill,public,Coventry,England,United Kingdom,,,,,,,,,,,,,,no
Stoke Library,public,Coventry,England,United Kingdom,,,,,,,,,,,,,,no
Ashton-in-Makerfield,public,Greater Manchester,England,United Kingdom,,,,,,,commons-namesearch,"File:Carnegie Library and Lecture Hall, Ashton-in-Makerfield - geograph.org.uk - 7517565.jpg",https://upload.wikimedia.org/wikipedia/commons/8/8a/Carnegie_Library_and_Lecture_Hall%2C_Ashton-in-Makerfield_-_geograph.org.uk_-_7517565.jpg?utm_source=commons.wikimedia.org&utm_campaign=imageinfo&utm_content=thumbnail_unscaled,Alan Murray-Rust,CC BY-SA 2.0,https://creativecommons.org/licenses/by-sa/2.0,"https://commons.wikimedia.org/wiki/File:Carnegie_Library_and_Lecture_Hall,_Ashton-in-Makerfield_-_geograph.org.uk_-_7517565.jpg",yes
"Castleton, Rochdale",public,Greater Manchester,England,United Kingdom,,,,,,,,,,,,,,no
Chadderton,public,Greater Manchester,England,United Kingdom,,,,,,,,,,,,,,no
Chorlton,public,Greater Manchester,England,United Kingdom,,,,,,,,,,,,,,no
Didsbury,public,Greater Manchester,England,United Kingdom,,,,,,,,,,,,,,no
Eccles,public,Greater Manchester,England,United Kingdom,,,,,,,,,,,,,,no
Farnworth,public,Greater Manchester,England,United Kingdom,,,,,,,commons-namesearch,File:Farnworth - Carnegie Library - geograph.org.uk - 2880080.jpg,https://upload.wikimedia.org/wikipedia/commons/0/03/Farnworth_-_Carnegie_Library_-_geograph.org.uk_-_2880080.jpg?utm_source=commons.wikimedia.org&utm_campaign=imageinfo&utm_content=thumbnail_unscaled,Dave Bevis,CC BY-SA 2.0,https://creativecommons.org/licenses/by-sa/2.0,https://commons.wikimedia.org/wiki/File:Farnworth_-_Carnegie_Library_-_geograph.org.uk_-_2880080.jpg,yes
Levenshulme,public,Greater Manchester,England,United Kingdom,,,,,,,,,,,,,,no
Milnrow,public,Greater Manchester,England,United Kingdom,,,,,,,commons-namesearch,File:Milnrow Carnegie Library.jpg,https://upload.wikimedia.org/wikipedia/commons/thumb/c/c0/Milnrow_Carnegie_Library.jpg/1920px-Milnrow_Carnegie_Library.jpg?utm_source=commons.wikimedia.org&utm_campaign=imageinfo&utm_content=thumbnail,Rcsprinter123,CC0,http://creativecommons.org/publicdomain/zero/1.0/deed.en,https://commons.wikimedia.org/wiki/File:Milnrow_Carnegie_Library.jpg,yes
Pemberton,public,Greater Manchester,England,United Kingdom,,,,,,,commons-namesearch,File:Pemberton Carnegie Library.jpg,https://upload.wikimedia.org/wikipedia/commons/3/32/Pemberton_Carnegie_Library.jpg?utm_source=commons.wikimedia.org&utm_campaign=imageinfo&utm_content=thumbnail_unscaled,David Long,CC BY-SA 2.0,https://creativecommons.org/licenses/by-sa/2.0,https://commons.wikimedia.org/wiki/File:Pemberton_Carnegie_Library.jpg,yes
Royton,public,Greater Manchester,England,United Kingdom,,,,,,,,,,,,,,no
Stockport,public,Greater Manchester,England,United Kingdom,,,,,,https://en.wikipedia.org/wiki/Stockport_Central_Library,,,,,,,,no
Tyldesley,public,Greater Manchester,England,United Kingdom,,,,,,,,,,,,,,no
Westhoughton,public,Greater Manchester,England,United Kingdom,,,,,,,,,,,,,,no
Accrington Library,public,Lancashire,England,United Kingdom,,,,,,https://en.wikipedia.org/wiki/Accrington_Library,,,,,,,,no
Burnley,public,Lancashire,England,United Kingdom,,,,,,,,,,,,,,no
Clitheroe,public,Lancashire,England,United Kingdom,,,,,,https://en.wikipedia.org/wiki/Clitheroe_Library,commons-namesearch,"File:Andrew Carnegie Public Library, Clitheroe - geograph.org.uk - 5767569.jpg",https://upload.wikimedia.org/wikipedia/commons/d/d4/Andrew_Carnegie_Public_Library%2C_Clitheroe_-_geograph.org.uk_-_5767569.jpg?utm_source=commons.wikimedia.org&utm_campaign=imageinfo&utm_content=thumbnail_unscaled,G Laird,CC BY-SA 2.0,https://creativecommons.org/licenses/by-sa/2.0,"https://commons.wikimedia.org/wiki/File:Andrew_Carnegie_Public_Library,_Clitheroe_-_geograph.org.uk_-_5767569.jpg",yes
Darwen,public,Lancashire,England,United Kingdom,,,,,,https://en.wikipedia.org/wiki/Darwen_Library,commons-namesearch,File:Darwen - Carnegie Library - School Street frontage - geograph.org.uk - 4188639.jpg,https://upload.wikimedia.org/wikipedia/commons/c/c0/Darwen_-_Carnegie_Library_-_School_Street_frontage_-_geograph.org.uk_-_4188639.jpg?utm_source=commons.wikimedia.org&utm_campaign=imageinfo&utm_content=thumbnail_unscaled,Dave Bevis,CC BY-SA 2.0,https://creativecommons.org/licenses/by-sa/2.0,https://commons.wikimedia.org/wiki/File:Darwen_-_Carnegie_Library_-_School_Street_frontage_-_geograph.org.uk_-_4188639.jpg,yes
Haslingden,public,Lancashire,England,United Kingdom,,,,,,,,,,,,,,no
Rawtenstall,public,Lancashire,England,United Kingdom,,,,,,https://en.wikipedia.org/wiki/Rawtenstall_Library,commons-namesearch,File:Carnegie Library Rawtenstall.jpg,https://upload.wikimedia.org/wikipedia/commons/thumb/9/91/Carnegie_Library_Rawtenstall.jpg/1920px-Carnegie_Library_Rawtenstall.jpg?utm_source=commons.wikimedia.org&utm_campaign=imageinfo&utm_content=thumbnail,Tim Green,CC BY 2.0,https://creativecommons.org/licenses/by/2.0,https://commons.wikimedia.org/wiki/File:Carnegie_Library_Rawtenstall.jpg,yes
Oswaldtwistle,public,Lancashire,England,United Kingdom,,,,,,,commons-namesearch,"File:Carnegie Library, Oswaldtwistle - geograph.org.uk - 2959714.jpg",https://upload.wikimedia.org/wikipedia/commons/2/28/Carnegie_Library%2C_Oswaldtwistle_-_geograph.org.uk_-_2959714.jpg?utm_source=commons.wikimedia.org&utm_campaign=imageinfo&utm_content=thumbnail_unscaled,David Dixon,CC BY-SA 2.0,https://creativecommons.org/licenses/by-sa/2.0,"https://commons.wikimedia.org/wiki/File:Carnegie_Library,_Oswaldtwistle_-_geograph.org.uk_-_2959714.jpg",yes
St Annes-on-the-Sea,public,Lancashire,England,United Kingdom,,,,,,https://en.wikipedia.org/wiki/St_Annes-on-the-Sea_Carnegie_Library,,,,,,,,no
Birkenhead,public,Merseyside,England,United Kingdom,,,,,,,,,,,,,,no
Crosby,public,Merseyside,England,United Kingdom,,,,,,,commons-namesearch,"File:Carnegie Library, Crosby.jpg",https://upload.wikimedia.org/wikipedia/commons/thumb/a/a7/Carnegie_Library%2C_Crosby.jpg/1920px-Carnegie_Library%2C_Crosby.jpg?utm_source=commons.wikimedia.org&utm_campaign=imageinfo&utm_content=thumbnail,Rodhullandemu,CC BY-SA 4.0,https://creativecommons.org/licenses/by-sa/4.0,"https://commons.wikimedia.org/wiki/File:Carnegie_Library,_Crosby.jpg",yes
Garston,public,Merseyside,England,United Kingdom,,,,,,,,,,,,,,no
Newton-le-Willows,public,Merseyside,England,United Kingdom,,,,,,,,,,,,,,no
Sefton Park,public,Merseyside,England,United Kingdom,,,,,,,,,,,,,,no
Wallasey,public,Merseyside,England,United Kingdom,,,,,,,,,,,,,,no
Almondbury,public,,England,United Kingdom,,,,,,,,,,,,,,no
Annfield Plain,public,,England,United Kingdom,,,,,,,,,,,,,,no
"Arnold, Nottinghamshire",public,,England,United Kingdom,,,,,,,,,,,,,,no
Ashby,public,,England,United Kingdom,,,,,,,,,,,,,,no
Barrow in Furness,public,,England,United Kingdom,,,,,,https://en.wikipedia.org/wiki/Barrow-in-Furness_Main_Public_Library,,,,,,,,no
Batley,public,,England,United Kingdom,,,,,,,commons-namesearch,File:Batley - Carnegie Library.jpg,https://upload.wikimedia.org/wikipedia/commons/4/4c/Batley_-_Carnegie_Library.jpg?utm_source=commons.wikimedia.org&utm_campaign=imageinfo&utm_content=thumbnail_unscaled,Stanley Walker,CC BY-SA 2.0,https://creativecommons.org/licenses/by-sa/2.0,https://commons.wikimedia.org/wiki/File:Batley_-_Carnegie_Library.jpg,yes
Bideford,public,,England,United Kingdom,,,,,,,,,,,,,,no
Blackheath,public,,England,United Kingdom,,,,,,,,,,,,,,no
Blackpool,public,,England,United Kingdom,,,,,,,,,,,,,,no
Brierley Hill,public,,England,United Kingdom,,,,,,,,,,,,,,no
Bolton on Dearne,public,,England,United Kingdom,,,,,,,,,,,,,,no
Boston,public,,England,United Kingdom,,,,,,,,,,,,,,no
Bournemouth,public,Four Carnegie Libraries,England,United Kingdom,,,,,,,,,,,,,,no
Bridgwater,public,,England,United Kingdom,,,,,,,commons-namesearch,"File:Carnegie Library, Bridgwater (2503045914).jpg",https://upload.wikimedia.org/wikipedia/commons/8/8e/Carnegie_Library%2C_Bridgwater_%282503045914%29.jpg?utm_source=commons.wikimedia.org&utm_campaign=imageinfo&utm_content=thumbnail_unscaled,"JuliaC2006 from Rochester, UK",CC BY 2.0,https://creativecommons.org/licenses/by/2.0,"https://commons.wikimedia.org/wiki/File:Carnegie_Library,_Bridgwater_(2503045914).jpg",yes
Calne,public,,England,United Kingdom,,,,,,,,,,,,,,no
"Caversham, Reading",public,,England,United Kingdom,,,,,,,commons-namesearch,File:Caversham Carnegie Library - detail (2706045803).jpg,https://upload.wikimedia.org/wikipedia/commons/7/7b/Caversham_Carnegie_Library_-_detail_%282706045803%29.jpg?utm_source=commons.wikimedia.org&utm_campaign=imageinfo&utm_content=thumbnail_unscaled,"JuliaC2006 from Rochester, UK",CC BY 2.0,https://creativecommons.org/licenses/by/2.0,https://commons.wikimedia.org/wiki/File:Caversham_Carnegie_Library_-_detail_(2706045803).jpg,yes
Chatham,public,,England,United Kingdom,,,,,,,,,,,,,,no
Cleator Moor,public,,England,United Kingdom,,,,,,,,,,,,,,no
Cockermouth,public,,England,United Kingdom,,,,,,,,,,,,,,no
Cradley Heath,public,,England,United Kingdom,,,,,,,,,,,,,,no
Dalton-in-Furness,public,,England,United Kingdom,,,,,,,,,,,,,,no
Dartford,public,Opened in,England,United Kingdom,,,,,,https://en.wikipedia.org/wiki/Dartford_Library,,,,,,,,no
Derby,public,,England,United Kingdom,,,,,,,,,,,,,,no
Eastbourne,public,,England,United Kingdom,,,,,,,,,,,,,,no
Eastleigh,public,,England,United Kingdom,,,,,,,,,,,,,,no
Fenton,public,,England,United Kingdom,,,,,,https://en.wikipedia.org/wiki/Fenton_Carnegie_Library,,,,,,,,no
Folkestone,public,,England,United Kingdom,,,,,,,,,,,,,,no
Gainsborough,public,,England,United Kingdom,,,,,,,,,,,,,,no
Goole,public,,England,United Kingdom,,,,,,,,,,,,,,no
Gorleston-on-Sea,public,,England,United Kingdom,,,,,,,,,,,,,,no
Grantham,public,,England,United Kingdom,,,,,,,,,,,,,,no
Gravesend,public,,England,United Kingdom,,,,,,,commons-namesearch,File:Gravesend Carnegie Library (2911810977).jpg,https://upload.wikimedia.org/wikipedia/commons/0/0b/Gravesend_Carnegie_Library_%282911810977%29.jpg?utm_source=commons.wikimedia.org&utm_campaign=imageinfo&utm_content=thumbnail_unscaled,"JuliaC2006 from Rochester, UK",CC BY 2.0,https://creativecommons.org/licenses/by/2.0,https://commons.wikimedia.org/wiki/File:Gravesend_Carnegie_Library_(2911810977).jpg,yes
Grays,public,,England,United Kingdom,,,,,,,,,,,,,,no
Great Yarmouth,public,Opened April,England,United Kingdom,,,,,,,,,,,,,,no
Hartlepool,public,,England,United Kingdom,,,,,,,,,,,,,,no
Harrogate,public,,England,United Kingdom,,,,,,,commons-namesearch,File:Harrogate Carnegie library (5538011051).jpg,https://upload.wikimedia.org/wikipedia/commons/a/ab/Harrogate_Carnegie_library_%285538011051%29.jpg?utm_source=commons.wikimedia.org&utm_campaign=imageinfo&utm_content=thumbnail_unscaled,"JuliaC2006 from Rochester, UK",CC BY 2.0,https://creativecommons.org/licenses/by/2.0,https://commons.wikimedia.org/wiki/File:Harrogate_Carnegie_library_(5538011051).jpg,yes
Hove,public,,England,United Kingdom,,,,,,https://en.wikipedia.org/wiki/Hove_Library,,,,,,,,no
Huthwaite,public,,England,United Kingdom,,,,,,,commons-namesearch,"File:Carnegie Library, Huthwaite - geograph.org.uk - 7713298.jpg",https://upload.wikimedia.org/wikipedia/commons/e/e3/Carnegie_Library%2C_Huthwaite_-_geograph.org.uk_-_7713298.jpg?utm_source=commons.wikimedia.org&utm_campaign=imageinfo&utm_content=thumbnail_unscaled,Jonathan Thacker,CC BY-SA 2.0,https://creativecommons.org/licenses/by-sa/2.0,"https://commons.wikimedia.org/wiki/File:Carnegie_Library,_Huthwaite_-_geograph.org.uk_-_7713298.jpg",yes
Hull,public,,England,United Kingdom,,,,,,,,,,,,,,no
Ilkeston,public,,England,United Kingdom,,,,,,,commons-namesearch,"File:Carnegie Library, Ilkeston.jpg",https://upload.wikimedia.org/wikipedia/commons/c/cd/Carnegie_Library%2C_Ilkeston.jpg?utm_source=commons.wikimedia.org&utm_campaign=imageinfo&utm_content=thumbnail_unscaled,Alan Murray-Rust,CC BY-SA 2.0,https://creativecommons.org/licenses/by-sa/2.0,"https://commons.wikimedia.org/wiki/File:Carnegie_Library,_Ilkeston.jpg",yes
Ipswich,public,,England,United Kingdom,,,,,,"https://en.wikipedia.org/wiki/Ipswich_Public_Library_(Ipswich,_Suffolk)",,,,,,,,no
Irchester,public,Opened November,England,United Kingdom,,,,,,,commons-namesearch,File:Irchester Carnegie Library (211022484).jpg,https://upload.wikimedia.org/wikipedia/commons/f/fc/Irchester_Carnegie_Library_%28211022484%29.jpg?utm_source=commons.wikimedia.org&utm_campaign=imageinfo&utm_content=thumbnail_unscaled,"JuliaC2006 from Rochester, UK",CC BY 2.0,https://creativecommons.org/licenses/by/2.0,https://commons.wikimedia.org/wiki/File:Irchester_Carnegie_Library_(211022484).jpg,yes
Keighley,public,,England,United Kingdom,,,,,,https://en.wikipedia.org/wiki/Keighley_Library,,,,,,,,no
Kendal,public,,England,United Kingdom,,,,,,,commons-namesearch,"File:Carnegie Library, Kendal (geograph 6177091).jpg",https://upload.wikimedia.org/wikipedia/commons/thumb/2/21/Carnegie_Library%2C_Kendal_%28geograph_6177091%29.jpg/1920px-Carnegie_Library%2C_Kendal_%28geograph_6177091%29.jpg?utm_source=commons.wikimedia.org&utm_campaign=imageinfo&utm_content=thumbnail,Andrew Abbott,CC BY-SA 2.0,https://creativecommons.org/licenses/by-sa/2.0,"https://commons.wikimedia.org/wiki/File:Carnegie_Library,_Kendal_(geograph_6177091).jpg",yes
Kettering,public,,England,United Kingdom,,,,,,,commons-namesearch,File:Kettering Carnegie library.jpg,https://upload.wikimedia.org/wikipedia/commons/7/7f/Kettering_Carnegie_library.jpg?utm_source=commons.wikimedia.org&utm_campaign=imageinfo&utm_content=thumbnail_unscaled,JuliaC2006,CC BY 2.0,https://creativecommons.org/licenses/by/2.0,https://commons.wikimedia.org/wiki/File:Kettering_Carnegie_library.jpg,yes
King's Lynn,public,,England,United Kingdom,,,,,,,commons-namesearch,"File:Carnegie library, King's Lynn - geograph.org.uk - 1447061.jpg",https://upload.wikimedia.org/wikipedia/commons/f/fc/Carnegie_library%2C_King%27s_Lynn_-_geograph.org.uk_-_1447061.jpg?utm_source=commons.wikimedia.org&utm_campaign=imageinfo&utm_content=thumbnail_unscaled,Tim Heaton,CC BY-SA 2.0,https://creativecommons.org/licenses/by-sa/2.0,"https://commons.wikimedia.org/wiki/File:Carnegie_library,_King%27s_Lynn_-_geograph.org.uk_-_1447061.jpg",yes
Knutsford,public,,England,United Kingdom,,,,,,,,,,,,,,no
"Langley, Sandwell",public,,England,United Kingdom,,,,,,,,,,,,,,no
Leicester,public,Opened,England,United Kingdom,,,,,,,,,,,,,,no
Loughborough,public,Leicestershire built in,England,United Kingdom,,,,,,,commons-namesearch,File:Loughborough - Carnegie Library - geograph.org.uk - 2311991.jpg,https://upload.wikimedia.org/wikipedia/commons/c/cc/Loughborough_-_Carnegie_Library_-_geograph.org.uk_-_2311991.jpg?utm_source=commons.wikimedia.org&utm_campaign=imageinfo&utm_content=thumbnail_unscaled,Dave Bevis,CC BY-SA 2.0,https://creativecommons.org/licenses/by-sa/2.0,https://commons.wikimedia.org/wiki/File:Loughborough_-_Carnegie_Library_-_geograph.org.uk_-_2311991.jpg,yes
Lincoln,public,,England,United Kingdom,,,,,,,,,,,,,,no
Littlehampton,public,,England,United Kingdom,,,,,,,,,,,,,,no
Lowestoft,public,,England,United Kingdom,,,,,,,,,,,,,,no
Luton,public,Opened 1 October,England,United Kingdom,,,,,,,,,,,,,,no
Mansfield,public,,England,United Kingdom,,,,,,,commons-namesearch,"File:Carnegie Old Library, Mansfield.jpg",https://upload.wikimedia.org/wikipedia/commons/thumb/0/07/Carnegie_Old_Library%2C_Mansfield.jpg/1920px-Carnegie_Old_Library%2C_Mansfield.jpg?utm_source=commons.wikimedia.org&utm_campaign=imageinfo&utm_content=thumbnail,MatthewDavid41,CC BY-SA 4.0,https://creativecommons.org/licenses/by-sa/4.0,"https://commons.wikimedia.org/wiki/File:Carnegie_Old_Library,_Mansfield.jpg",yes
Melton Mowbray,public,,England,United Kingdom,,,,,,,,,,,,,,no
Middlesbrough,public,Central library,England,United Kingdom,,,,,,,,,,,,,,no
Neston,public,,England,United Kingdom,,,,,,,,,,,,,,no
Newbury,public,,England,United Kingdom,,,,,,,,,,,,,,no
Newcastle upon Tyne,public,,England,United Kingdom,,,,,,,,,,,,,,no
New Mills,public,,England,United Kingdom,,,,,,,,,,,,,,no
"Normanton, West Yorkshire",public,,England,United Kingdom,,,,,,,,,,,,,,no
Northampton,public,,England,United Kingdom,,,,,,,,,,,,,,no
Penistone,public,,England,United Kingdom,,,,,,,commons-namesearch,File:Penistone - Carnegie Library - geograph.org.uk - 513138.jpg,https://upload.wikimedia.org/wikipedia/commons/a/ae/Penistone_-_Carnegie_Library_-_geograph.org.uk_-_513138.jpg?utm_source=commons.wikimedia.org&utm_campaign=imageinfo&utm_content=thumbnail_unscaled,David Ward,CC BY-SA 2.0,https://creativecommons.org/licenses/by-sa/2.0,https://commons.wikimedia.org/wiki/File:Penistone_-_Carnegie_Library_-_geograph.org.uk_-_513138.jpg,yes
Pontefract,public,,England,United Kingdom,,,,,,,,,,,,,,no
Portsmouth,public,,England,United Kingdom,,,,,,,,,,,,,,no
Peterborough,public,,England,United Kingdom,,,,,,,,,,,,,,no
Ramsgate,public,Kent,England,United Kingdom,,,,,,,commons-namesearch,File:Ramsgate Carnegie library (3913362128).jpg,https://upload.wikimedia.org/wikipedia/commons/6/61/Ramsgate_Carnegie_library_%283913362128%29.jpg?utm_source=commons.wikimedia.org&utm_campaign=imageinfo&utm_content=thumbnail_unscaled,"JuliaC2006 from Rochester, UK",CC BY 2.0,https://creativecommons.org/licenses/by/2.0,https://commons.wikimedia.org/wiki/File:Ramsgate_Carnegie_library_(3913362128).jpg,yes
Rawmarsh,public,,England,United Kingdom,,,,,,,,,,,,,,no
Runcorn,public,,England,United Kingdom,,,,,,"https://en.wikipedia.org/wiki/Carnegie_Library,_Runcorn",commons-namesearch,"File:Carnegie Library, Egerton Street, Runcorn - geograph.org.uk - 6659669.jpg",https://upload.wikimedia.org/wikipedia/commons/e/ea/Carnegie_Library%2C_Egerton_Street%2C_Runcorn_-_geograph.org.uk_-_6659669.jpg?utm_source=commons.wikimedia.org&utm_campaign=imageinfo&utm_content=thumbnail_unscaled,Jaggery,CC BY-SA 2.0,https://creativecommons.org/licenses/by-sa/2.0,"https://commons.wikimedia.org/wiki/File:Carnegie_Library,_Egerton_Street,_Runcorn_-_geograph.org.uk_-_6659669.jpg",yes
Rushden,public,,England,United Kingdom,,,,,,,commons-namesearch,File:Rushden Carnegie Library (6583194511).jpg,https://upload.wikimedia.org/wikipedia/commons/f/fb/Rushden_Carnegie_Library_%286583194511%29.jpg?utm_source=commons.wikimedia.org&utm_campaign=imageinfo&utm_content=thumbnail_unscaled,"JuliaC2006 from Rochester, UK",CC BY 2.0,https://creativecommons.org/licenses/by/2.0,https://commons.wikimedia.org/wiki/File:Rushden_Carnegie_Library_(6583194511).jpg,yes
St Albans,public,Opened in,England,United Kingdom,,,,,,,commons-namesearch,"File:Former Carnegie Library, St Albans, June 2024.jpg",https://upload.wikimedia.org/wikipedia/commons/thumb/8/84/Former_Carnegie_Library%2C_St_Albans%2C_June_2024.jpg/1920px-Former_Carnegie_Library%2C_St_Albans%2C_June_2024.jpg?utm_source=commons.wikimedia.org&utm_campaign=imageinfo&utm_content=thumbnail,No Swan So Fine,CC BY-SA 4.0,https://creativecommons.org/licenses/by-sa/4.0,"https://commons.wikimedia.org/wiki/File:Former_Carnegie_Library,_St_Albans,_June_2024.jpg",yes
Sandown,public,,England,United Kingdom,,,,,,,,,,,,,,no
Scunthorpe,public,,England,United Kingdom,,,,,,,,,,,,,,no
Sevenoaks,public,,England,United Kingdom,,,,,,,commons-namesearch,File:Former Carnegie library in Sevenoaks.jpg,https://upload.wikimedia.org/wikipedia/commons/8/8e/Former_Carnegie_library_in_Sevenoaks.jpg?utm_source=commons.wikimedia.org&utm_campaign=imageinfo&utm_content=thumbnail_unscaled,JuliaC2006,CC BY 2.0,https://creativecommons.org/licenses/by/2.0,https://commons.wikimedia.org/wiki/File:Former_Carnegie_library_in_Sevenoaks.jpg,yes
"Shipley, West Yorkshire",public,,England,United Kingdom,,,,,,,commons-namesearch,File:Carnegie Library in Shipley.jpg,https://upload.wikimedia.org/wikipedia/commons/thumb/b/b0/Carnegie_Library_in_Shipley.jpg/1920px-Carnegie_Library_in_Shipley.jpg?utm_source=commons.wikimedia.org&utm_campaign=imageinfo&utm_content=thumbnail,Tim Green,CC BY 2.0,https://creativecommons.org/licenses/by/2.0,https://commons.wikimedia.org/wiki/File:Carnegie_Library_in_Shipley.jpg,yes
"Skipton, North Yorkshire",public,North Yorkshire,England,United Kingdom,,,,,,,,,,,,,,no
Southend-on-Sea,public,,England,United Kingdom,,,,,,,,,,,,,,no
Sowerby Bridge,public,,England,United Kingdom,,,,,,,,,,,,,,no
Stafford Old Borough Library,public,Opened,England,United Kingdom,,,,,,"https://en.wikipedia.org/wiki/Old_Borough_Library,_Stafford",,,,,,,,no
"Stamford, Lincolnshire",public,,England,United Kingdom,,,,,,,,,,,,,,no
"Stapleford, Nottinghamshire",public,,England,United Kingdom,,,,,,,commons-namesearch,"File:Carnegie Free Library, Stapleford - geograph.org.uk - 930666.jpg",https://upload.wikimedia.org/wikipedia/commons/a/a2/Carnegie_Free_Library%2C_Stapleford_-_geograph.org.uk_-_930666.jpg?utm_source=commons.wikimedia.org&utm_campaign=imageinfo&utm_content=thumbnail_unscaled,Oxymoron,CC BY-SA 2.0,https://creativecommons.org/licenses/by-sa/2.0,"https://commons.wikimedia.org/wiki/File:Carnegie_Free_Library,_Stapleford_-_geograph.org.uk_-_930666.jpg",yes
Stourbridge,public,,England,United Kingdom,,,,,,,,,,,,,,no
Stratford-upon-Avon,public,,England,United Kingdom,,,,,,,,,,,,,,no
Sunderland,public,Hendon,England,United Kingdom,,,,,,,,,,,,,,no
Taunton,public,Opened,England,United Kingdom,,,,,,,,,,,,,,no
Tinsley,public,,England,United Kingdom,,,,,,,commons-namesearch,"File:Former Carnegie - Tinsley, Sheffield (3423806119).jpg",https://upload.wikimedia.org/wikipedia/commons/c/c8/Former_Carnegie_-_Tinsley%2C_Sheffield_%283423806119%29.jpg?utm_source=commons.wikimedia.org&utm_campaign=imageinfo&utm_content=thumbnail_unscaled,"JuliaC2006 from Rochester, UK",CC BY 2.0,https://creativecommons.org/licenses/by/2.0,"https://commons.wikimedia.org/wiki/File:Former_Carnegie_-_Tinsley,_Sheffield_(3423806119).jpg",yes
Tividale,public,,England,United Kingdom,,,,,,,,,,,,,,no
Tuebrook,public,,England,United Kingdom,,,,,,,,,,,,,,no
Walkley,public,Sheffield,England,United Kingdom,,,,,,https://en.wikipedia.org/wiki/Walkley_Library,,,,,,,,no
Walsall,public,,England,United Kingdom,,,,,,,,,,,,,,no
Drury Lane Library,public,Wakefield,England,United Kingdom,,,,,,,,,,,,,,no
Wednesbury,public,,England,United Kingdom,,,,,,,,,,,,,,no
West Bromwich,public,,England,United Kingdom,,,,,,,,,,,,,,no
Workington,public,,England,United Kingdom,,,,,,,,,,,,,,no
Worthing,public,,England,United Kingdom,,,,,,,,,,,,,,no
Aberdeen Central Library,public,,Scotland,United Kingdom,,,,,,"https://en.wikipedia.org/wiki/Central_Library,_Aberdeen",,,,,,,,no
Airdrie Public Library,public,,Scotland,United Kingdom,,,,,,https://en.wikipedia.org/wiki/Airdrie_Public_Library,,,,,,,,no
"Arthurstone Library, Dundee",public,,Scotland,United Kingdom,,,,,,,commons-namesearch,"File:Arthurstone Public Library, Dundee (a Carnegie Library) - geograph.org.uk - 9110.jpg",https://upload.wikimedia.org/wikipedia/commons/8/8a/Arthurstone_Public_Library%2C_Dundee_%28a_Carnegie_Library%29_-_geograph.org.uk_-_9110.jpg?utm_source=commons.wikimedia.org&utm_campaign=imageinfo&utm_content=thumbnail_unscaled,Snaik,CC BY-SA 2.0,https://creativecommons.org/licenses/by-sa/2.0,"https://commons.wikimedia.org/wiki/File:Arthurstone_Public_Library,_Dundee_(a_Carnegie_Library)_-_geograph.org.uk_-_9110.jpg",yes
"Carnegie Library, Ayr",public,,Scotland,United Kingdom,,,,,,,commons-namesearch,"File:Carnegie Library, Ayr - geograph.org.uk - 6006752.jpg",https://upload.wikimedia.org/wikipedia/commons/thumb/c/cd/Carnegie_Library%2C_Ayr_-_geograph.org.uk_-_6006752.jpg/1920px-Carnegie_Library%2C_Ayr_-_geograph.org.uk_-_6006752.jpg?utm_source=commons.wikimedia.org&utm_campaign=imageinfo&utm_content=thumbnail,Billy McCrorie,CC BY-SA 2.0,https://creativecommons.org/licenses/by-sa/2.0,"https://commons.wikimedia.org/wiki/File:Carnegie_Library,_Ayr_-_geograph.org.uk_-_6006752.jpg",yes
"Blackness Library, Dundee",public,,Scotland,United Kingdom,,,,,,,,,,,,,,no
Bridgeton District Library,public,,Scotland,United Kingdom,,,,,,,,,,,,,,no
"Broughty Ferry Library, Dundee",public,,Scotland,United Kingdom,,,,,,,,,,,,,,no
Bo'ness,public,,Scotland,United Kingdom,,,,,,,,,,,,,,no
Burntisland,public,,Scotland,United Kingdom,,,,,,,,,,,,,,no
Castle Douglas,public,Library,Scotland,United Kingdom,,,,,,,,,,,,,,no
Bonnyrigg,public,,Scotland,United Kingdom,,,,,,,,,,,,,,no
Coatbridge library,public,,Scotland,United Kingdom,,,,,,https://en.wikipedia.org/wiki/Coatbridge_library,,,,,,,,no
Coldside Library,public,Dundee,Scotland,United Kingdom,,,,,,https://en.wikipedia.org/wiki/Coldside_Library,,,,,,,,no
Dennistoun Library,public,,Scotland,United Kingdom,,,,,,,,,,,,,,no
"Ewart Library, Dumfries",public,,Scotland,United Kingdom,,,,,,,,,,,,,,no
Dunfermline Carnegie Library,public,Dunfermline,Scotland,United Kingdom,,,,,,https://en.wikipedia.org/wiki/Dunfermline_Carnegie_Library,commons-namesearch,File:Dunfermline Carnegie Library ^ Galleries - geograph.org.uk - 6089061.jpg,https://upload.wikimedia.org/wikipedia/commons/b/b0/Dunfermline_Carnegie_Library_%5E_Galleries_-_geograph.org.uk_-_6089061.jpg?utm_source=commons.wikimedia.org&utm_campaign=imageinfo&utm_content=thumbnail_unscaled,Richard Sutcliffe,CC BY-SA 2.0,https://creativecommons.org/licenses/by-sa/2.0,https://commons.wikimedia.org/wiki/File:Dunfermline_Carnegie_Library_%5E_Galleries_-_geograph.org.uk_-_6089061.jpg,yes
"Edinburgh, Central Lending Library",public,,Scotland,United Kingdom,,,,,,"https://en.wikipedia.org/wiki/Edinburgh,_Central_Lending_Library",,,,,,,,no
Fraserburgh,public,,Scotland,United Kingdom,,,,,,,,,,,,,,no
Govanhill & Crosshill District Library,public,,Scotland,United Kingdom,,,,,,,,,,,,,,no
Grangemouth,public,,Scotland,United Kingdom,,,,,,,,,,,,,,no
Hamilton townhouse library,public,,Scotland,United Kingdom,,,,,,https://en.wikipedia.org/wiki/Hamilton_townhouse_library,,,,,,,,no
Hawick Library,public,,Scotland,United Kingdom,,,,,,https://en.wikipedia.org/wiki/Hawick_Library,,,,,,,,no
"Hugh Miller Institute, Cromarty",public,,Scotland,United Kingdom,,,,,,,,,,,,,,no
Hutchesontown District Library,public,,Scotland,United Kingdom,,,,,,,,,,,,,,no
Inverurie Public Library,public,,Scotland,United Kingdom,,,,,,,,,,,,,,no
Iona,public,,Scotland,United Kingdom,,,,,,,,,,,,,,no
Kirkwall,public,,Scotland,United Kingdom,,,,,,,,,,,,,,no
Jedburgh Library,public,,Scotland,United Kingdom,,,,,,https://en.wikipedia.org/wiki/Jedburgh_Library,commons-namesearch,File:Jedburgh carnegie library number one.jpg,https://upload.wikimedia.org/wikipedia/commons/thumb/c/cd/Jedburgh_carnegie_library_number_one.jpg/1920px-Jedburgh_carnegie_library_number_one.jpg?utm_source=commons.wikimedia.org&utm_campaign=imageinfo&utm_content=thumbnail,Victuallers,CC BY-SA 3.0,https://creativecommons.org/licenses/by-sa/3.0,https://commons.wikimedia.org/wiki/File:Jedburgh_carnegie_library_number_one.jpg,yes
Kinross,public,,Scotland,United Kingdom,,,,,,,commons-namesearch,File:Carnegie Library And Kinross Town Hall - geograph.org.uk - 2401964.jpg,https://upload.wikimedia.org/wikipedia/commons/4/49/Carnegie_Library_And_Kinross_Town_Hall_-_geograph.org.uk_-_2401964.jpg?utm_source=commons.wikimedia.org&utm_campaign=imageinfo&utm_content=thumbnail_unscaled,Martin Addison,CC BY-SA 2.0,https://creativecommons.org/licenses/by-sa/2.0,https://commons.wikimedia.org/wiki/File:Carnegie_Library_And_Kinross_Town_Hall_-_geograph.org.uk_-_2401964.jpg,yes
"Kingston District Library, Paisley Road",public,,Scotland,United Kingdom,,,,,,,,,,,,,,no
Maryhill Public Library,public,,Scotland,United Kingdom,,,,,,,,,,,,,,no
"Maxton, Roxburghshire",public,,Scotland,United Kingdom,,,,,,,,,,,,,,no
Maybole,public,,Scotland,United Kingdom,,,,,,,commons-namesearch,"File:The Carnegie Library, Maybole - geograph.org.uk - 2093440.jpg",https://upload.wikimedia.org/wikipedia/commons/thumb/5/5f/The_Carnegie_Library%2C_Maybole_-_geograph.org.uk_-_2093440.jpg/1920px-The_Carnegie_Library%2C_Maybole_-_geograph.org.uk_-_2093440.jpg?utm_source=commons.wikimedia.org&utm_campaign=imageinfo&utm_content=thumbnail,Humphrey Bolton,CC BY-SA 2.0,https://creativecommons.org/licenses/by-sa/2.0,"https://commons.wikimedia.org/wiki/File:The_Carnegie_Library,_Maybole_-_geograph.org.uk_-_2093440.jpg",yes
"Montrose, Angus",public,,Scotland,United Kingdom,,,,,,,,,,,,,,no
Motherwell,public,,Scotland,United Kingdom,,,,,,,,,,,,,,no
Parkhead District Library,public,,Scotland,United Kingdom,,,,,,,,,,,,,,no
Reading Rooms Dundee,public,,Scotland,United Kingdom,,,,,,,,,,,,,,no
Stirling,public,Central Library,Scotland,United Kingdom,,,,,,,commons-namesearch,"File:Stirling, Carnegie Public Library - Reference Library.jpg",https://upload.wikimedia.org/wikipedia/commons/thumb/f/fb/Stirling%2C_Carnegie_Public_Library_-_Reference_Library.jpg/1920px-Stirling%2C_Carnegie_Public_Library_-_Reference_Library.jpg?utm_source=commons.wikimedia.org&utm_campaign=imageinfo&utm_content=thumbnail,StirlingLibsAndArchives,CC BY-SA 4.0,https://creativecommons.org/licenses/by-sa/4.0,"https://commons.wikimedia.org/wiki/File:Stirling,_Carnegie_Public_Library_-_Reference_Library.jpg",yes
Tain,public,,Scotland,United Kingdom,,,,,,,,,,,,,,no
"Thurso, Highland",public,,Scotland,United Kingdom,,,,,,,,,,,,,,no
"Wick, Highland",public,,Scotland,United Kingdom,,,,,,,commons-namesearch,File:Wick Carnegie Public Library - geograph.org.uk - 5106586.jpg,https://upload.wikimedia.org/wikipedia/commons/0/03/Wick_Carnegie_Public_Library_-_geograph.org.uk_-_5106586.jpg?utm_source=commons.wikimedia.org&utm_campaign=imageinfo&utm_content=thumbnail_unscaled,JThomas,CC BY-SA 2.0,https://creativecommons.org/licenses/by-sa/2.0,https://commons.wikimedia.org/wiki/File:Wick_Carnegie_Public_Library_-_geograph.org.uk_-_5106586.jpg,yes
West Calder,public,,Scotland,United Kingdom,,,,,,,,,,,,,,no
Woodside Library,public,,Scotland,United Kingdom,,,,,,,,,,,,,,no
Abercanaid,public,,Wales,United Kingdom,,,,,,,,,,,,,,no
Abergavenny,public,,Wales,United Kingdom,,,,,,https://en.wikipedia.org/wiki/Abergavenny_Carnegie_Library,,,,,,,,no
Aberystwyth,public,,Wales,United Kingdom,,,,,,,,,,,,,,no
Bangor,public,,Wales,United Kingdom,,,,,,,,,,,,,,no
Barry,public,,Wales,United Kingdom,,,,,,https://en.wikipedia.org/wiki/Barry_Council_Office_and_Library,,,,,,,,no
Bridgend,public,,Wales,United Kingdom,,,,,,,,,,,,,,no
Brynmawr,public,,Wales,United Kingdom,,,,,,,commons-namesearch,"File:Entrance to the former Carnegie Library, Brynmawr - geograph.org.uk - 3068449.jpg",https://upload.wikimedia.org/wikipedia/commons/d/d6/Entrance_to_the_former_Carnegie_Library%2C_Brynmawr_-_geograph.org.uk_-_3068449.jpg?utm_source=commons.wikimedia.org&utm_campaign=imageinfo&utm_content=thumbnail_unscaled,Colin Cheesman,CC BY-SA 2.0,https://creativecommons.org/licenses/by-sa/2.0,"https://commons.wikimedia.org/wiki/File:Entrance_to_the_former_Carnegie_Library,_Brynmawr_-_geograph.org.uk_-_3068449.jpg",yes
Buckley,public,,Wales,United Kingdom,,,,,,,,,,,,,,no
"Canton, Cardiff",public,,Wales,United Kingdom,,,,,,,,,,,,,,no
Cathays,public,Cardiff,Wales,United Kingdom,,,,,,https://en.wikipedia.org/wiki/Cathays_Library,,,,,,,,no
Church Village,public,,Wales,United Kingdom,,,,,,,commons-namesearch,"File:Old Carnegie Library, Church Village.jpg",https://upload.wikimedia.org/wikipedia/commons/1/13/Old_Carnegie_Library%2C_Church_Village.jpg?utm_source=commons.wikimedia.org&utm_campaign=imageinfo&utm_content=thumbnail_unscaled,John Lord,CC BY-SA 2.0,https://creativecommons.org/licenses/by-sa/2.0,"https://commons.wikimedia.org/wiki/File:Old_Carnegie_Library,_Church_Village.jpg",yes
Coedpoeth,public,,Wales,United Kingdom,,,,,,,,,,,,,,no
Colwyn Bay,public,,Wales,United Kingdom,,,,,,,,,,,,,,no
Criccieth,public,,Wales,United Kingdom,,,,,,,,,,,,,,no
Deiniolen,public,,Wales,United Kingdom,,,,,,,,,,,,,,no
Dolgellau,public,,Wales,United Kingdom,,,,,,,,,,,,,,no
Dowlais,public,Merthyr Tydfil,Wales,United Kingdom,,,,,,,,,,,,,,no
Flint,public,,Wales,United Kingdom,,,,,,,,,,,,,,no
Llandrindod Wells,public,,Wales,United Kingdom,,,,,,,,,,,,,,no
Llandudno,public,,Wales,United Kingdom,,,,,,,,,,,,,,no
Merthyr Tydfil,public,,Wales,United Kingdom,,,,,,,,,,,,,,no
Newport,public,Rogerstone Library,Wales,United Kingdom,,,,,,,commons-namesearch,"File:Carnegie Library, Newport - geograph.org.uk - 1621495.jpg",https://upload.wikimedia.org/wikipedia/commons/4/44/Carnegie_Library%2C_Newport_-_geograph.org.uk_-_1621495.jpg?utm_source=commons.wikimedia.org&utm_campaign=imageinfo&utm_content=thumbnail_unscaled,John Grayson,CC BY-SA 2.0,https://creativecommons.org/licenses/by-sa/2.0,"https://commons.wikimedia.org/wiki/File:Carnegie_Library,_Newport_-_geograph.org.uk_-_1621495.jpg",yes
Penarth,public,,Wales,United Kingdom,,,,,,,,,,,,,,no
Penydarren,public,,Wales,United Kingdom,,,,,,,,,,,,,,no
Pontypool,public,,Wales,United Kingdom,,,,,,,,,,,,,,no
Rhyl,public,Flintshire (now Denbighshire),Wales,United Kingdom,,,,,,,,,,,,,,no
Skewen,public,,Wales,United Kingdom,,,,,,,commons-namesearch,File:Skewen Carnegie Hall.jpg,https://upload.wikimedia.org/wikipedia/commons/d/d9/Skewen_Carnegie_Hall.jpg?utm_source=commons.wikimedia.org&utm_campaign=imageinfo&utm_content=thumbnail_unscaled,JuliaC2006,CC BY 2.0,https://creativecommons.org/licenses/by/2.0,https://commons.wikimedia.org/wiki/File:Skewen_Carnegie_Hall.jpg,yes
Taibach,public,Neath Port Talbot,Wales,United Kingdom,,,,,,,,,,,,,,no
Trecynon,public,,Wales,United Kingdom,,,,,,,,,,,,,,no
Treharris,public,,Wales,United Kingdom,,,,,,,,,,,,,,no
Whitchurch,public,Cardiff,Wales,United Kingdom,,,,,,https://en.wikipedia.org/wiki/Whitchurch_Library,,,,,,,,no
Wrexham,public,Old Library,Wales,United Kingdom,,,,,,,commons-namesearch,"File:Old Carnegie Library, Wrexham, North Wales.jpg",https://upload.wikimedia.org/wikipedia/commons/thumb/1/15/Old_Carnegie_Library%2C_Wrexham%2C_North_Wales.jpg/1920px-Old_Carnegie_Library%2C_Wrexham%2C_North_Wales.jpg?utm_source=commons.wikimedia.org&utm_campaign=imageinfo&utm_content=thumbnail,Rosser1954,CC BY-SA 4.0,https://creativecommons.org/licenses/by-sa/4.0,"https://commons.wikimedia.org/wiki/File:Old_Carnegie_Library,_Wrexham,_North_Wales.jpg",yes
"Bangor, County Down",public,,Northern Ireland,United Kingdom,,,,,,,,,,,,,,no
Belfast,public,,Northern Ireland,United Kingdom,,,,,,,,,,,,,,no
"Belfast, Donegall Road",public,,Northern Ireland,United Kingdom,,,,,,,,,,,,,,no
"Belfast, Oldpark Road",public,,Northern Ireland,United Kingdom,,,,,,,,,,,,,,no
Derry,public,,Northern Ireland,United Kingdom,,,,,,,,,,,,,,no
Downpatrick,public,,Northern Ireland,United Kingdom,,,,,,,,,,,,,,no
Portadown,public,,Northern Ireland,United Kingdom,,,,,,,commons-namesearch,"File:The Carnegie Library, Edward Street, Portadown. - geograph.org.uk - 574774.jpg",https://upload.wikimedia.org/wikipedia/commons/1/1e/The_Carnegie_Library%2C_Edward_Street%2C_Portadown._-_geograph.org.uk_-_574774.jpg?utm_source=commons.wikimedia.org&utm_campaign=imageinfo&utm_content=thumbnail_unscaled,P Flannagan,CC BY-SA 2.0,https://creativecommons.org/licenses/by-sa/2.0,"https://commons.wikimedia.org/wiki/File:The_Carnegie_Library,_Edward_Street,_Portadown._-_geograph.org.uk_-_574774.jpg",yes
Lurgan,public,County Armagh,Northern Ireland,United Kingdom,,,,,,,commons-namesearch,"File:Carnegie Library, Lurgan - geograph.org.uk - 615722.jpg",https://upload.wikimedia.org/wikipedia/commons/0/03/Carnegie_Library%2C_Lurgan_-_geograph.org.uk_-_615722.jpg?utm_source=commons.wikimedia.org&utm_campaign=imageinfo&utm_content=thumbnail_unscaled,P Flannagan,CC BY-SA 2.0,https://creativecommons.org/licenses/by-sa/2.0,"https://commons.wikimedia.org/wiki/File:Carnegie_Library,_Lurgan_-_geograph.org.uk_-_615722.jpg",yes
Larne,public,County Antrim,Northern Ireland,United Kingdom,,,,,,,commons-namesearch,"File:Former Carnegie library, Larne (3) - geograph.org.uk - 2313764.jpg",https://upload.wikimedia.org/wikipedia/commons/e/e8/Former_Carnegie_library%2C_Larne_%283%29_-_geograph.org.uk_-_2313764.jpg?utm_source=commons.wikimedia.org&utm_campaign=imageinfo&utm_content=thumbnail_unscaled,Albert Bridge,CC BY-SA 2.0,https://creativecommons.org/licenses/by-sa/2.0,"https://commons.wikimedia.org/wiki/File:Former_Carnegie_library,_Larne_(3)_-_geograph.org.uk_-_2313764.jpg",yes
Bartow,public,Bartow,Florida,United States,"Mar 18, 1911","$8,000",310 E. Stanford,,,,wikipedia-list,"File:Public_Library,_Bartow,_FL.jpg",https://upload.wikimedia.org/wikipedia/commons/1/10/Public_Library%2C_Bartow%2C_FL.jpg?utm_source=commons.wikimedia.org&utm_campaign=imageinfo&utm_content=thumbnail_unscaled,Commercial Chrome,CC BY-SA 4.0,https://creativecommons.org/licenses/by-sa/4.0,"https://commons.wikimedia.org/wiki/File:Public_Library,_Bartow,_FL.jpg",yes
Bradenton,public,Bradenton,Florida,United States,"Feb 3, 1917","$10,000",1405 4th Ave. W,,,https://en.wikipedia.org/wiki/Bradenton_Carnegie_Library,wikipedia-list,File:Bradenton_FL_Carnegie_Library01.jpg,https://upload.wikimedia.org/wikipedia/commons/thumb/4/44/Bradenton_FL_Carnegie_Library01.jpg/1920px-Bradenton_FL_Carnegie_Library01.jpg?utm_source=commons.wikimedia.org&utm_campaign=imageinfo&utm_content=thumbnail,Ebyabe,CC BY-SA 3.0,https://creativecommons.org/licenses/by-sa/3.0,https://commons.wikimedia.org/wiki/File:Bradenton_FL_Carnegie_Library01.jpg,yes
Clearwater,public,Clearwater,Florida,United States,"Mar 16, 1915","$10,000",107 Oceola Ave.,,,,wikipedia-list,"File:Clearwater,_FL_Public_Library.jpg",https://upload.wikimedia.org/wikipedia/commons/4/44/Clearwater%2C_FL_Public_Library.jpg?utm_source=commons.wikimedia.org&utm_campaign=imageinfo&utm_content=thumbnail_unscaled,Burgert Brothers,CC BY-SA 4.0,https://creativecommons.org/licenses/by-sa/4.0,"https://commons.wikimedia.org/wiki/File:Clearwater,_FL_Public_Library.jpg",yes
Gainesville,public,Gainesville,Florida,United States,"Mar 31, 1916","$10,000",419 E. University Ave.,,,,wikipedia-list,"File:Gainesville,_FL_Public_Library.jpg",https://upload.wikimedia.org/wikipedia/commons/thumb/9/9e/Gainesville%2C_FL_Public_Library.jpg/1920px-Gainesville%2C_FL_Public_Library.jpg?utm_source=commons.wikimedia.org&utm_campaign=imageinfo&utm_content=thumbnail,"Gainesville, FL Library",CC BY-SA 4.0,https://creativecommons.org/licenses/by-sa/4.0,"https://commons.wikimedia.org/wiki/File:Gainesville,_FL_Public_Library.jpg",yes
Jacksonville,public,Jacksonville,Florida,United States,"Feb 13, 1902","$55,000",101 E. Adams St.,,,https://en.wikipedia.org/wiki/Jacksonville_Public_Library#Carnegie_Library,wikipedia-list,File:Jax_FL_Old_Free_Public_Library02.jpg,https://upload.wikimedia.org/wikipedia/commons/thumb/c/ce/Jax_FL_Old_Free_Public_Library02.jpg/1920px-Jax_FL_Old_Free_Public_Library02.jpg?utm_source=commons.wikimedia.org&utm_campaign=imageinfo&utm_content=thumbnail,Ebyabe,CC BY-SA 3.0,https://creativecommons.org/licenses/by-sa/3.0,https://commons.wikimedia.org/wiki/File:Jax_FL_Old_Free_Public_Library02.jpg,yes
Ocala,public,Ocala,Florida,United States,"Feb 21, 1907","$10,000",206 E. Ocklawaha Ave.,,,https://en.wikipedia.org/wiki/Ocala_Carnegie_Library,wikipedia-list,File:Ocala-Carnegie.jpg,https://upload.wikimedia.org/wikipedia/commons/a/ab/Ocala-Carnegie.jpg?utm_source=commons.wikimedia.org&utm_campaign=imageinfo&utm_content=thumbnail_unscaled,State Archives of Florida Postcard Collection,Public domain,,https://commons.wikimedia.org/wiki/File:Ocala-Carnegie.jpg,yes
Palmetto,public,Palmetto,Florida,United States,"Jan 14, 1914","$10,000",515 10th Ave. W,,,,wikipedia-list,File:Palmetto_FL_HD_Hist_Park_Carnegie_Lib01.jpg,https://upload.wikimedia.org/wikipedia/commons/thumb/e/e0/Palmetto_FL_HD_Hist_Park_Carnegie_Lib01.jpg/1920px-Palmetto_FL_HD_Hist_Park_Carnegie_Lib01.jpg?utm_source=commons.wikimedia.org&utm_campaign=imageinfo&utm_content=thumbnail,Ebyabe,CC BY-SA 3.0,https://creativecommons.org/licenses/by-sa/3.0,https://commons.wikimedia.org/wiki/File:Palmetto_FL_HD_Hist_Park_Carnegie_Lib01.jpg,yes
St. Petersburg,public,St. Petersburg,Florida,United States,"Jul 9, 1913","$17,500",280 5th St. N,,,https://en.wikipedia.org/wiki/Mirror_Lake_Library,wikipedia-list,File:St._Pete_Mirror_Lake_Library02.jpg,https://upload.wikimedia.org/wikipedia/commons/thumb/a/a7/St._Pete_Mirror_Lake_Library02.jpg/1920px-St._Pete_Mirror_Lake_Library02.jpg?utm_source=commons.wikimedia.org&utm_campaign=imageinfo&utm_content=thumbnail,Ebyabe,CC BY-SA 3.0,http://creativecommons.org/licenses/by-sa/3.0/,https://commons.wikimedia.org/wiki/File:St._Pete_Mirror_Lake_Library02.jpg,yes
Tampa,public,Tampa,Florida,United States,"Dec 30, 1901","$50,000",102 E. 7th Ave.,,,https://en.wikipedia.org/wiki/Old_Tampa_Free_Public_Library,wikipedia-list,File:Tampa_Free_Public_Library01.jpg,https://upload.wikimedia.org/wikipedia/commons/thumb/3/39/Tampa_Free_Public_Library01.jpg/1920px-Tampa_Free_Public_Library01.jpg?utm_source=commons.wikimedia.org&utm_campaign=imageinfo&utm_content=thumbnail,Ebyabe,CC BY 2.5,https://creativecommons.org/licenses/by/2.5,https://commons.wikimedia.org/wiki/File:Tampa_Free_Public_Library01.jpg,yes
West Tampa,public,West Tampa,Florida,United States,"Jan 2, 1913","$17,500",2312 W. Union St.,,,https://en.wikipedia.org/wiki/West_Tampa_Free_Public_Library,wikipedia-list,File:West_Tampa_Free_Public_Library.jpg,https://upload.wikimedia.org/wikipedia/commons/e/e7/West_Tampa_Free_Public_Library.jpg?utm_source=commons.wikimedia.org&utm_campaign=imageinfo&utm_content=thumbnail_unscaled,James E. Scholz,CC BY-SA 4.0,https://creativecommons.org/licenses/by-sa/4.0,https://commons.wikimedia.org/wiki/File:West_Tampa_Free_Public_Library.jpg,yes
Albany,public,Albany,Georgia,United States,"Jan 9, 1905","$10,700",215 N. Jackson St.,,,,wikipedia-list,File:Albany_Carnegie_Library_(East_face).JPG,https://upload.wikimedia.org/wikipedia/commons/thumb/6/65/Albany_Carnegie_Library_%28East_face%29.JPG/1920px-Albany_Carnegie_Library_%28East_face%29.JPG?utm_source=commons.wikimedia.org&utm_campaign=imageinfo&utm_content=thumbnail,Michael Rivera,CC BY-SA 3.0,https://creativecommons.org/licenses/by-sa/3.0,https://commons.wikimedia.org/wiki/File:Albany_Carnegie_Library_(East_face).JPG,yes
Americus,public,Americus,Georgia,United States,"Apr 23, 1908","$20,000",111 S. Jackson St.,,,https://en.wikipedia.org/wiki/Lake_Blackshear_Regional_Library_System#Americus_Carnegie,wikipedia-list,"File:Carnegie_Library,_Americus.jpg",https://upload.wikimedia.org/wikipedia/commons/thumb/d/d4/Carnegie_Library%2C_Americus.jpg/1920px-Carnegie_Library%2C_Americus.jpg?utm_source=commons.wikimedia.org&utm_campaign=imageinfo&utm_content=thumbnail,Michael Rivera,CC BY-SA 4.0,https://creativecommons.org/licenses/by-sa/4.0,"https://commons.wikimedia.org/wiki/File:Carnegie_Library,_Americus.jpg",yes
Atlanta Main Branch,public,Atlanta,Georgia,United States,"Oct 3, 1898","$202,000","126 Carnegie Way, NW",,,https://en.wikipedia.org/wiki/Carnegie_Library_(Atlanta),,,,,,,,no
Atlanta South Branch,public,Atlanta,Georgia,United States,"Oct 3, 1898",—,,,,,,,,,,,,no
Atlanta Ann Wallace Branch,public,Atlanta,Georgia,United States,"Oct 3, 1898",—,523 Luckie St. NW,,,,,,,,,,,no
Atlanta Auburn Ave. Branch,public,Atlanta,Georgia,United States,"Oct 3, 1898",—,333 Auburn Ave. NE,,,,,,,,,,,no
Barnesville,public,Barnesville,Georgia,United States,"Apr 28, 1909","$10,000",1 Library St.,,,https://en.wikipedia.org/wiki/Carnegie_Library_of_Barnesville,wikipedia-list,File:Carnegie_Library_of_Barnesville.JPG,https://upload.wikimedia.org/wikipedia/commons/thumb/9/9c/Carnegie_Library_of_Barnesville.JPG/1920px-Carnegie_Library_of_Barnesville.JPG?utm_source=commons.wikimedia.org&utm_campaign=imageinfo&utm_content=thumbnail,Timkemp,CC BY-SA 3.0,https://creativecommons.org/licenses/by-sa/3.0,https://commons.wikimedia.org/wiki/File:Carnegie_Library_of_Barnesville.JPG,yes
Boston,public,Boston,Georgia,United States,"Dec 3, 1912","$6,000",250 S Main Street,,,,wikipedia-list,File:Boston_Carnegie_Public_Library.JPG,https://upload.wikimedia.org/wikipedia/commons/thumb/8/84/Boston_Carnegie_Public_Library.JPG/1920px-Boston_Carnegie_Public_Library.JPG?utm_source=commons.wikimedia.org&utm_campaign=imageinfo&utm_content=thumbnail,Michael Rivera,CC BY-SA 3.0,https://creativecommons.org/licenses/by-sa/3.0,https://commons.wikimedia.org/wiki/File:Boston_Carnegie_Public_Library.JPG,yes
Columbus,public,Columbus,Georgia,United States,"Apr 26, 1902","$30,000",14th St. and Broadway,,,https://en.wikipedia.org/wiki/Chattahoochee_Valley_Libraries,,,,,,,,no
Cordele,public,Cordele,Georgia,United States,"Jan 13, 1903","$17,556",115 E 11th Ave,,,https://en.wikipedia.org/wiki/Lake_Blackshear_Regional_Library_System#Cordele_Carnegie,wikipedia-list,"File:Carnegie_Library,_Cordele.JPG",https://upload.wikimedia.org/wikipedia/commons/thumb/4/4e/Carnegie_Library%2C_Cordele.JPG/1920px-Carnegie_Library%2C_Cordele.JPG?utm_source=commons.wikimedia.org&utm_campaign=imageinfo&utm_content=thumbnail,Michael Rivera,CC BY-SA 3.0,https://creativecommons.org/licenses/by-sa/3.0,"https://commons.wikimedia.org/wiki/File:Carnegie_Library,_Cordele.JPG",yes
Cuthbert,public,Cuthbert,Georgia,United States,"May 17, 1912","$7,000",122 Lumpkin Street,,,https://en.wikipedia.org/wiki/Kinchafoonee_Regional_Library_System#Cuthbert,wikipedia-list,"File:Old_Carnegie_Library;_Cuthbert,_GA.JPG",https://upload.wikimedia.org/wikipedia/commons/thumb/8/8d/Old_Carnegie_Library%3B_Cuthbert%2C_GA.JPG/1920px-Old_Carnegie_Library%3B_Cuthbert%2C_GA.JPG?utm_source=commons.wikimedia.org&utm_campaign=imageinfo&utm_content=thumbnail,Rivers Langley; SaveRivers,CC BY-SA 3.0,https://creativecommons.org/licenses/by-sa/3.0,"https://commons.wikimedia.org/wiki/File:Old_Carnegie_Library;_Cuthbert,_GA.JPG",yes
Dawson,public,Dawson,Georgia,United States,"Mar 14, 1913","$10,000",334 Main St. NE,,,https://en.wikipedia.org/wiki/Kinchafoonee_Regional_Library_System#Dawson,wikipedia-list,"File:Carnegie_Library,_Dawson.jpg",https://upload.wikimedia.org/wikipedia/commons/thumb/5/57/Carnegie_Library%2C_Dawson.jpg/1920px-Carnegie_Library%2C_Dawson.jpg?utm_source=commons.wikimedia.org&utm_campaign=imageinfo&utm_content=thumbnail,Michael Rivera,CC BY-SA 3.0,https://creativecommons.org/licenses/by-sa/3.0,"https://commons.wikimedia.org/wiki/File:Carnegie_Library,_Dawson.jpg",yes
Dublin,public,Dublin,Georgia,United States,"Mar 27, 1903","$10,000",311 Academy Ave.,,,"https://en.wikipedia.org/wiki/Carnegie_Library_(Dublin,_Georgia)",wikipedia-list,"File:Carnegie_Library,_Dublin,_GA,_US.jpg",https://upload.wikimedia.org/wikipedia/commons/thumb/b/b8/Carnegie_Library%2C_Dublin%2C_GA%2C_US.jpg/1920px-Carnegie_Library%2C_Dublin%2C_GA%2C_US.jpg?utm_source=commons.wikimedia.org&utm_campaign=imageinfo&utm_content=thumbnail,Jud McCranie,CC BY-SA 4.0,https://creativecommons.org/licenses/by-sa/4.0,"https://commons.wikimedia.org/wiki/File:Carnegie_Library,_Dublin,_GA,_US.jpg",yes
Eatonton,public,Eatonton,Georgia,United States,"Jun 11, 1914","$6,000",309 N. Madison Ave.,,,,wikipedia-list,File:Eatonton.jpg,https://upload.wikimedia.org/wikipedia/commons/thumb/a/ab/Eatonton.jpg/1920px-Eatonton.jpg?utm_source=commons.wikimedia.org&utm_campaign=imageinfo&utm_content=thumbnail,Perry Jennings,CC BY-SA 4.0,https://creativecommons.org/licenses/by-sa/4.0,https://commons.wikimedia.org/wiki/File:Eatonton.jpg,yes
Fitzgerald,public,Fitzgerald,Georgia,United States,"Apr 13, 1914","$12,500",120 S. Lee Street,,,,wikipedia-list,"File:The_Carnegie_Center,_Fitzgerald.jpg",https://upload.wikimedia.org/wikipedia/commons/thumb/b/bf/The_Carnegie_Center%2C_Fitzgerald.jpg/1920px-The_Carnegie_Center%2C_Fitzgerald.jpg?utm_source=commons.wikimedia.org&utm_campaign=imageinfo&utm_content=thumbnail,Michael Rivera,CC BY-SA 4.0,https://creativecommons.org/licenses/by-sa/4.0,"https://commons.wikimedia.org/wiki/File:The_Carnegie_Center,_Fitzgerald.jpg",yes
Lavonia,public,Lavonia,Georgia,United States,"Feb 12, 1910","$5,000",28 Hartwell Rd.,,,https://en.wikipedia.org/wiki/Lavonia-Carnegie_Library,wikipedia-list,File:Lavonia_Carnegie_Library.jpg,https://upload.wikimedia.org/wikipedia/commons/thumb/4/4d/Lavonia_Carnegie_Library.jpg/1920px-Lavonia_Carnegie_Library.jpg?utm_source=commons.wikimedia.org&utm_campaign=imageinfo&utm_content=thumbnail,Upstateherd,CC BY-SA 3.0,https://creativecommons.org/licenses/by-sa/3.0,https://commons.wikimedia.org/wiki/File:Lavonia_Carnegie_Library.jpg,yes
Montezuma,public,Montezuma,Georgia,United States,"Mar 24, 1906","$10,000",109 North Dooly St.,,,,wikipedia-list,"File:Carnegie_Library,_Montezuma.JPG",https://upload.wikimedia.org/wikipedia/commons/thumb/5/5e/Carnegie_Library%2C_Montezuma.JPG/1920px-Carnegie_Library%2C_Montezuma.JPG?utm_source=commons.wikimedia.org&utm_campaign=imageinfo&utm_content=thumbnail,Michael Rivera,CC BY-SA 4.0,https://creativecommons.org/licenses/by-sa/4.0,"https://commons.wikimedia.org/wiki/File:Carnegie_Library,_Montezuma.JPG",yes
Moultrie,public,Moultrie,Georgia,United States,"Dec 3, 1906","$10,000",39 N. Main St.,,,https://en.wikipedia.org/wiki/Carnegie_Library_of_Moultrie,wikipedia-list,File:Moultrie_Carnegie_Library.jpg,https://upload.wikimedia.org/wikipedia/commons/thumb/a/a5/Moultrie_Carnegie_Library.jpg/1920px-Moultrie_Carnegie_Library.jpg?utm_source=commons.wikimedia.org&utm_campaign=imageinfo&utm_content=thumbnail,Michael Rivera,CC BY-SA 4.0,https://creativecommons.org/licenses/by-sa/4.0,https://commons.wikimedia.org/wiki/File:Moultrie_Carnegie_Library.jpg,yes
Newnan,public,Newnan,Georgia,United States,"Dec 30, 1901","$10,000",1 LaGrange St.,,,,wikipedia-list,"File:Carnegie_Library_in_Newnan,_Georgia.jpg",https://upload.wikimedia.org/wikipedia/commons/thumb/e/e6/Carnegie_Library_in_Newnan%2C_Georgia.jpg/1920px-Carnegie_Library_in_Newnan%2C_Georgia.jpg?utm_source=commons.wikimedia.org&utm_campaign=imageinfo&utm_content=thumbnail,Perry Jennings,CC BY-SA 4.0,https://creativecommons.org/licenses/by-sa/4.0,"https://commons.wikimedia.org/wiki/File:Carnegie_Library_in_Newnan,_Georgia.jpg",yes
Pelham,public,Pelham,Georgia,United States,"Dec 13, 1906","$10,000",200 Hand Ave. W.,,,,wikipedia-list,"File:Carnegie_Library,_Pelham.JPG",https://upload.wikimedia.org/wikipedia/commons/thumb/0/08/Carnegie_Library%2C_Pelham.JPG/1920px-Carnegie_Library%2C_Pelham.JPG?utm_source=commons.wikimedia.org&utm_campaign=imageinfo&utm_content=thumbnail,Michael Rivera,CC BY-SA 3.0,https://creativecommons.org/licenses/by-sa/3.0,"https://commons.wikimedia.org/wiki/File:Carnegie_Library,_Pelham.JPG",yes
Rome,public,Rome,Georgia,United States,"Dec 24, 1909","$15,000",607 Broad Street,,,,wikipedia-list,"File:Carnegie_Library,_Rome,_GA,_US.jpg",https://upload.wikimedia.org/wikipedia/commons/thumb/e/ed/Carnegie_Library%2C_Rome%2C_GA%2C_US.jpg/1920px-Carnegie_Library%2C_Rome%2C_GA%2C_US.jpg?utm_source=commons.wikimedia.org&utm_campaign=imageinfo&utm_content=thumbnail,Bubba73,CC BY-SA 4.0,https://creativecommons.org/licenses/by-sa/4.0,"https://commons.wikimedia.org/wiki/File:Carnegie_Library,_Rome,_GA,_US.jpg",yes
Savannah Main Branch,public,Savannah,Georgia,United States,"Aug 17, 1910","$87,000",2002 Bull St.,,,https://en.wikipedia.org/wiki/Live_Oak_Public_Libraries#Bull_Street_Library,wikipedia-list,"File:Savannah_Library,_Main_Branch,_Savannah,_GA,_US.jpg",https://upload.wikimedia.org/wikipedia/commons/thumb/7/7e/Savannah_Library%2C_Main_Branch%2C_Savannah%2C_GA%2C_US.jpg/1920px-Savannah_Library%2C_Main_Branch%2C_Savannah%2C_GA%2C_US.jpg?utm_source=commons.wikimedia.org&utm_campaign=imageinfo&utm_content=thumbnail,Bubba73,CC BY-SA 4.0,https://creativecommons.org/licenses/by-sa/4.0,"https://commons.wikimedia.org/wiki/File:Savannah_Library,_Main_Branch,_Savannah,_GA,_US.jpg",yes
Savannah Carnegie B. Branch,public,Savannah,Georgia,United States,"Aug 17, 1910","$12,000",537 E. Henry St.,,,https://en.wikipedia.org/wiki/Live_Oak_Public_Libraries#Carnegie_Colored_Library,wikipedia-list,"File:Savannah_Carnegie_B._Branch,_Savannah,_GA,_US.jpg",https://upload.wikimedia.org/wikipedia/commons/thumb/0/0e/Savannah_Carnegie_B._Branch%2C_Savannah%2C_GA%2C_US.jpg/1920px-Savannah_Carnegie_B._Branch%2C_Savannah%2C_GA%2C_US.jpg?utm_source=commons.wikimedia.org&utm_campaign=imageinfo&utm_content=thumbnail,Jud McCranie,CC BY-SA 4.0,https://creativecommons.org/licenses/by-sa/4.0,"https://commons.wikimedia.org/wiki/File:Savannah_Carnegie_B._Branch,_Savannah,_GA,_US.jpg",yes
Valdosta,public,Valdosta,Georgia,United States,"Apr 30, 1912","$15,000",305 W. Central Avenue,,,https://en.wikipedia.org/wiki/Carnegie_Library_of_Valdosta,wikipedia-list,"File:Carnegie_Library_of_Valdosta,_GA,_US_(06).jpg",https://upload.wikimedia.org/wikipedia/commons/thumb/6/62/Carnegie_Library_of_Valdosta%2C_GA%2C_US_%2806%29.jpg/1920px-Carnegie_Library_of_Valdosta%2C_GA%2C_US_%2806%29.jpg?utm_source=commons.wikimedia.org&utm_campaign=imageinfo&utm_content=thumbnail,Bubba73,CC BY-SA 3.0,https://creativecommons.org/licenses/by-sa/3.0,"https://commons.wikimedia.org/wiki/File:Carnegie_Library_of_Valdosta,_GA,_US_(06).jpg",yes
Boise,public,Boise,Idaho,United States,"Feb 12, 1903","$40,000",815 W. Washington St.,43.61944,-116.19944,"https://en.wikipedia.org/wiki/Carnegie_Public_Library_(Boise,_Idaho)",wikipedia-list,"File:Boise,_Idaho_Carnegie_library.jpg",https://upload.wikimedia.org/wikipedia/commons/0/0f/Boise%2C_Idaho_Carnegie_library.jpg?utm_source=commons.wikimedia.org&utm_campaign=imageinfo&utm_content=thumbnail_unscaled,"Kenneth Freeman from Boise, Idaho",CC BY-SA 2.0,https://creativecommons.org/licenses/by-sa/2.0,"https://commons.wikimedia.org/wiki/File:Boise,_Idaho_Carnegie_library.jpg",yes
Caldwell,public,Caldwell,Idaho,United States,"Apr 3, 1912","$12,500",1101 Cleveland Blvd.,43.66222,-116.68528,"https://en.wikipedia.org/wiki/Caldwell_Carnegie_Library_(Caldwell,_Idaho)",wikipedia-list,"File:Caldwell,_Idaho,_Carnegie_Library_(1).jpg",https://upload.wikimedia.org/wikipedia/commons/thumb/5/5b/Caldwell%2C_Idaho%2C_Carnegie_Library_%281%29.jpg/1920px-Caldwell%2C_Idaho%2C_Carnegie_Library_%281%29.jpg?utm_source=commons.wikimedia.org&utm_campaign=imageinfo&utm_content=thumbnail,Tamanoeconomico,CC BY-SA 4.0,https://creativecommons.org/licenses/by-sa/4.0,"https://commons.wikimedia.org/wiki/File:Caldwell,_Idaho,_Carnegie_Library_(1).jpg",yes
Idaho Falls,public,Idaho Falls,Idaho,United States,"Mar 13, 1909","$15,000",200 N. Eastern Dr.,43.49028,-112.03722,,wikipedia-list,File:Museum_of_Idaho_exterior.jpg,https://upload.wikimedia.org/wikipedia/commons/thumb/0/01/Museum_of_Idaho_exterior.jpg/1920px-Museum_of_Idaho_exterior.jpg?utm_source=commons.wikimedia.org&utm_campaign=imageinfo&utm_content=thumbnail,Jcarr29,CC BY-SA 4.0,https://creativecommons.org/licenses/by-sa/4.0,https://commons.wikimedia.org/wiki/File:Museum_of_Idaho_exterior.jpg,yes
Lewiston,public,Lewiston,Idaho,United States,"Mar 27, 1903","$10,000",101 5th St.,46.42000,-117.02667,,wikipedia-list,"File:Carnegie_Library_NRHP_100002548_Nez_Perce_County,_ID.jpg",https://upload.wikimedia.org/wikipedia/commons/3/3c/Carnegie_Library_NRHP_100002548_Nez_Perce_County%2C_ID.jpg?utm_source=commons.wikimedia.org&utm_campaign=imageinfo&utm_content=thumbnail_unscaled,Jon Roanhaus,CC BY-SA 4.0,https://creativecommons.org/licenses/by-sa/4.0,"https://commons.wikimedia.org/wiki/File:Carnegie_Library_NRHP_100002548_Nez_Perce_County,_ID.jpg",yes
Moscow,public,Moscow,Idaho,United States,"Jun 2, 1904","$10,000",110 S. Jefferson St.,46.73333,-116.99750,https://en.wikipedia.org/wiki/Moscow_Carnegie_Library,wikipedia-list,File:Moscow-id-us-public-library-2.png,https://upload.wikimedia.org/wikipedia/commons/a/a3/Moscow-id-us-public-library-2.png?utm_source=commons.wikimedia.org&utm_campaign=imageinfo&utm_content=thumbnail_unscaled,Robbiegiles at en.wikipedia,CC BY 2.5,https://creativecommons.org/licenses/by/2.5,https://commons.wikimedia.org/wiki/File:Moscow-id-us-public-library-2.png,yes
Mountain Home,public,Mountain Home,Idaho,United States,"Dec 13, 1907","$6,000",180 S. 3rd East,43.13250,-115.69139,,wikipedia-list,File:Mountain_Home_Museum_-_Mountain_Home_Idaho.jpg,https://upload.wikimedia.org/wikipedia/commons/thumb/7/72/Mountain_Home_Museum_-_Mountain_Home_Idaho.jpg/1920px-Mountain_Home_Museum_-_Mountain_Home_Idaho.jpg?utm_source=commons.wikimedia.org&utm_campaign=imageinfo&utm_content=thumbnail,Ian Poellet,CC BY-SA 4.0,https://creativecommons.org/licenses/by-sa/4.0,https://commons.wikimedia.org/wiki/File:Mountain_Home_Museum_-_Mountain_Home_Idaho.jpg,yes
Nampa,public,Nampa,Idaho,United States,"January 25, 1907","$10,500",1417 Second St. South between 14th and 15th Street,,,,,,,,,,,no
Pocatello,public,Pocatello,Idaho,United States,"Nov 14, 1906","$12,000",113 S. Garfield Ave.,42.86056,-112.45222,,wikipedia-list,File:Pocatello_Idaho_Carnegie_Library.jpeg,https://upload.wikimedia.org/wikipedia/commons/thumb/d/de/Pocatello_Idaho_Carnegie_Library.jpeg/1920px-Pocatello_Idaho_Carnegie_Library.jpeg?utm_source=commons.wikimedia.org&utm_campaign=imageinfo&utm_content=thumbnail,Tricia Simpson,CC BY-SA 3.0,https://creativecommons.org/licenses/by-sa/3.0,https://commons.wikimedia.org/wiki/File:Pocatello_Idaho_Carnegie_Library.jpeg,yes
Preston,public,Preston,Idaho,United States,"Mar 11, 1914","$10,000",,,,,,,,,,,,no
Wallace,public,Wallace,Idaho,United States,"Jan 18, 1910","$12,000",415 River St.,47.47444,-115.92528,,wikipedia-list,"File:Carnegie_Library_(Wallace,_Idaho).jpg",https://upload.wikimedia.org/wikipedia/commons/thumb/8/8b/Carnegie_Library_%28Wallace%2C_Idaho%29.jpg/1920px-Carnegie_Library_%28Wallace%2C_Idaho%29.jpg?utm_source=commons.wikimedia.org&utm_campaign=imageinfo&utm_content=thumbnail,Visitor7,CC BY-SA 3.0,https://creativecommons.org/licenses/by-sa/3.0,"https://commons.wikimedia.org/wiki/File:Carnegie_Library_(Wallace,_Idaho).jpg",yes
Aledo,public,Aledo,Illinois,United States,"May 21, 1913","$10,000",200 N. College Ave.,,,,,,,,,,,no
Arcola,public,Arcola,Illinois,United States,"Mar 27, 1903","$10,000",407 E. Main St.,,,https://en.wikipedia.org/wiki/Arcola_Carnegie_Public_Library,wikipedia-list,File:Arcola_Public_Library_Wide_View.JPG,https://upload.wikimedia.org/wikipedia/commons/thumb/f/f8/Arcola_Public_Library_Wide_View.JPG/1920px-Arcola_Public_Library_Wide_View.JPG?utm_source=commons.wikimedia.org&utm_campaign=imageinfo&utm_content=thumbnail,Esvobod2,CC BY-SA 3.0,https://creativecommons.org/licenses/by-sa/3.0,https://commons.wikimedia.org/wiki/File:Arcola_Public_Library_Wide_View.JPG,yes
Aurora,public,Aurora,Illinois,United States,"Jan 16, 1901","$50,000",1 E. Benton St.,,,https://en.wikipedia.org/wiki/Aurora_Public_Library_(Illinois),wikipedia-list,File:Aurora_Public_Library.JPG,https://upload.wikimedia.org/wikipedia/commons/thumb/0/02/Aurora_Public_Library.JPG/1920px-Aurora_Public_Library.JPG?utm_source=commons.wikimedia.org&utm_campaign=imageinfo&utm_content=thumbnail,Cbradshaw (talk),CC BY-SA 3.0,https://creativecommons.org/licenses/by-sa/3.0,https://commons.wikimedia.org/wiki/File:Aurora_Public_Library.JPG,yes
Beardstown,public,Beardstown,Illinois,United States,"Jan 22, 1903","$10,000",105 W. 3rd St.,,,,wikipedia-list,File:Beardstown_Carnegie_Library.jpg,https://upload.wikimedia.org/wikipedia/commons/thumb/8/87/Beardstown_Carnegie_Library.jpg/1920px-Beardstown_Carnegie_Library.jpg?utm_source=commons.wikimedia.org&utm_campaign=imageinfo&utm_content=thumbnail,Nyttend,Public domain,,https://commons.wikimedia.org/wiki/File:Beardstown_Carnegie_Library.jpg,yes
Belleville,public,Belleville,Illinois,United States,"Aug 11, 1913","$45,000",121 E. Washington St.,,,,wikipedia-list,File:Carnegie_Library_Building_Belleville_Illinois.jpg,https://upload.wikimedia.org/wikipedia/commons/6/69/Carnegie_Library_Building_Belleville_Illinois.jpg?utm_source=commons.wikimedia.org&utm_campaign=imageinfo&utm_content=thumbnail_unscaled,Curt Teich &amp; Co.,Public domain,,https://commons.wikimedia.org/wiki/File:Carnegie_Library_Building_Belleville_Illinois.jpg,yes
Belvidere,public,Belvidere,Illinois,United States,"Apr 8, 1910","$17,500",320 N. State St.,,,,wikipedia-list,File:Ida_Public_Library_Building.jpg,https://upload.wikimedia.org/wikipedia/commons/7/71/Ida_Public_Library_Building.jpg?utm_source=commons.wikimedia.org&utm_campaign=imageinfo&utm_content=thumbnail_unscaled,Unknown authorUnknown author,Public domain,,https://commons.wikimedia.org/wiki/File:Ida_Public_Library_Building.jpg,yes
Blue Island,public,Blue Island,Illinois,United States,"Mar 14, 1902","$15,000",,,,,wikipedia-list,File:Carnegie_Blue_Island.jpg,https://upload.wikimedia.org/wikipedia/commons/1/1a/Carnegie_Blue_Island.jpg?utm_source=commons.wikimedia.org&utm_campaign=imageinfo&utm_content=thumbnail_unscaled,Burnham,Public domain,,https://commons.wikimedia.org/wiki/File:Carnegie_Blue_Island.jpg,yes
Brookfield,public,Brookfield,Illinois,United States,"Apr 3, 1912","$10,000",3609 Grand Boulevard,,,,wikipedia-list,File:BFPLoriginal.jpg,https://upload.wikimedia.org/wikipedia/commons/1/17/BFPLoriginal.jpg?utm_source=commons.wikimedia.org&utm_campaign=imageinfo&utm_content=thumbnail_unscaled,Lsfbrookfieldlibrary,CC BY-SA 4.0,https://creativecommons.org/licenses/by-sa/4.0,https://commons.wikimedia.org/wiki/File:BFPLoriginal.jpg,yes
Carmi,public,Carmi,Illinois,United States,"Jan 14, 1914","$10,000",203 N. Church St.,,,,wikipedia-list,File:Carmi_Carnegie_library.jpg,https://upload.wikimedia.org/wikipedia/commons/thumb/4/46/Carmi_Carnegie_library.jpg/1920px-Carmi_Carnegie_library.jpg?utm_source=commons.wikimedia.org&utm_campaign=imageinfo&utm_content=thumbnail,Nyttend,Public domain,,https://commons.wikimedia.org/wiki/File:Carmi_Carnegie_library.jpg,yes
Carrollton,public,Carrollton,Illinois,United States,"Oct 3, 1901","$10,000",509 S. Main St.,,,,,,,,,,,no
Centralia,public,Centralia,Illinois,United States,"Feb 14, 1901","$20,000",515 E. Broadway,,,,wikipedia-list,File:Centralia_Public_Library.jpg,https://upload.wikimedia.org/wikipedia/commons/1/1e/Centralia_Public_Library.jpg?utm_source=commons.wikimedia.org&utm_campaign=imageinfo&utm_content=thumbnail_unscaled,Kalamcn,CC BY-SA 4.0,https://creativecommons.org/licenses/by-sa/4.0,https://commons.wikimedia.org/wiki/File:Centralia_Public_Library.jpg,yes
Charleston,public,Charleston,Illinois,United States,"Oct 3, 1901","$15,000",712 6th St.,,,,wikipedia-list,File:Charleston_Carnegie_library.jpg,https://upload.wikimedia.org/wikipedia/commons/thumb/7/70/Charleston_Carnegie_library.jpg/1920px-Charleston_Carnegie_library.jpg?utm_source=commons.wikimedia.org&utm_campaign=imageinfo&utm_content=thumbnail,Nyttend,Public domain,,https://commons.wikimedia.org/wiki/File:Charleston_Carnegie_library.jpg,yes
Chicago Heights,public,Chicago Heights,Illinois,United States,"Mar 14, 1902","$15,000",1627 Halsted St.,,,,,,,,,,,no
Chillicothe,public,Chillicothe,Illinois,United States,"Apr 19, 1915","$10,000",822 N. 2nd St.,,,,wikipedia-list,File:Former_Chillicothe_IL_Public_Library.jpg,https://upload.wikimedia.org/wikipedia/commons/8/88/Former_Chillicothe_IL_Public_Library.jpg?utm_source=commons.wikimedia.org&utm_campaign=imageinfo&utm_content=thumbnail_unscaled,2cooljohn,CC0,http://creativecommons.org/publicdomain/zero/1.0/deed.en,https://commons.wikimedia.org/wiki/File:Former_Chillicothe_IL_Public_Library.jpg,yes
Danville (Main),public,Danville,Illinois,United States,"Dec 21, 1901","$65,000 [2]",307 N. Vermillion St.,,,,wikipedia-list,File:Vermilion_County_War_Museum.jpg,https://upload.wikimedia.org/wikipedia/commons/thumb/a/ad/Vermilion_County_War_Museum.jpg/1920px-Vermilion_County_War_Museum.jpg?utm_source=commons.wikimedia.org&utm_campaign=imageinfo&utm_content=thumbnail,Nyttend,Public domain,,https://commons.wikimedia.org/wiki/File:Vermilion_County_War_Museum.jpg,yes
Danville Veterans Branch,public,Danville,Illinois,United States,"Dec 21, 1901",—,,,,,,,,,,,,no
Decatur,public,Decatur,Illinois,United States,"Feb 6, 1901","$60,000",,,,,,,,,,,,no
DeLand,public,De Land,Illinois,United States,"Apr 25, 1911","$8,000",130 N. Highway Ave.,,,,,,,,,,,no
Delavan,public,Delavan,Illinois,United States,"Apr 28, 1913","$10,000",208 Locust St.,,,,wikipedia-list,File:Ayer_Public_Library_from_W_1.jpg,https://upload.wikimedia.org/wikipedia/commons/thumb/a/a7/Ayer_Public_Library_from_W_1.jpg/1920px-Ayer_Public_Library_from_W_1.jpg?utm_source=commons.wikimedia.org&utm_campaign=imageinfo&utm_content=thumbnail,Ammodramus,CC0,http://creativecommons.org/publicdomain/zero/1.0/deed.en,https://commons.wikimedia.org/wiki/File:Ayer_Public_Library_from_W_1.jpg,yes
Des Plaines,public,Des Plaines,Illinois,United States,"Apr 10, 1906","$5,000",,,,https://en.wikipedia.org/wiki/Des_Plaines_Public_Library,,,,,,,,no
Downers Grove,public,Downers Grove,Illinois,United States,"Feb 13, 1906","$8,500",,,,,,,,,,,,no
Edwardsville,public,Edwardsville,Illinois,United States,"Feb 12, 1903","$12,500",112 S. Kansas St.,,,,wikipedia-list,File:Edwardsville_Public_Library.jpg,https://upload.wikimedia.org/wikipedia/commons/thumb/d/de/Edwardsville_Public_Library.jpg/1920px-Edwardsville_Public_Library.jpg?utm_source=commons.wikimedia.org&utm_campaign=imageinfo&utm_content=thumbnail,Nyttend,Public domain,,https://commons.wikimedia.org/wiki/File:Edwardsville_Public_Library.jpg,yes
El Paso,public,El Paso,Illinois,United States,"Sep 1, 1905","$6,000",149 W. 1st St.,40.73956,-89.0185,,wikipedia-list,File:El_Paso_Public_Library_from_southeast.jpg,https://upload.wikimedia.org/wikipedia/commons/thumb/0/08/El_Paso_Public_Library_from_southeast.jpg/1920px-El_Paso_Public_Library_from_southeast.jpg?utm_source=commons.wikimedia.org&utm_campaign=imageinfo&utm_content=thumbnail,Nyttend,Public domain,,https://commons.wikimedia.org/wiki/File:El_Paso_Public_Library_from_southeast.jpg,yes
Evanston,public,Evanston,Illinois,United States,"Dec 14, 1903","$50,000",,,,,wikipedia-list,"File:Evanston_Public_Library,_Evanston,_Illinois,_early_20th_century_(NBY_806).jpg",https://upload.wikimedia.org/wikipedia/commons/thumb/f/f8/Evanston_Public_Library%2C_Evanston%2C_Illinois%2C_early_20th_century_%28NBY_806%29.jpg/1920px-Evanston_Public_Library%2C_Evanston%2C_Illinois%2C_early_20th_century_%28NBY_806%29.jpg?utm_source=commons.wikimedia.org&utm_campaign=imageinfo&utm_content=thumbnail,"Sloan, Percy H. (Percy Haydn), 1867-",Public domain,,"https://commons.wikimedia.org/wiki/File:Evanston_Public_Library,_Evanston,_Illinois,_early_20th_century_(NBY_806).jpg",yes
Farmington,public,Farmington,Illinois,United States,"Jan 29, 1906","$5,600",266 E. Fort St.,,,,,,,,,,,no
Flora,public,Flora,Illinois,United States,"Feb 20, 1903","$10,000",,,,,,,,,,,,no
Freeport,public,Freeport,Illinois,United States,"Feb 21, 1901","$30,000",314 W. Stephenson St.,,,,wikipedia-list,File:Former_Freeport_Library_Building.jpg,https://upload.wikimedia.org/wikipedia/commons/thumb/7/73/Former_Freeport_Library_Building.jpg/1920px-Former_Freeport_Library_Building.jpg?utm_source=commons.wikimedia.org&utm_campaign=imageinfo&utm_content=thumbnail,2cooljohn,CC0,http://creativecommons.org/publicdomain/zero/1.0/deed.en,https://commons.wikimedia.org/wiki/File:Former_Freeport_Library_Building.jpg,yes
Fulton,public,Fulton,Illinois,United States,"Dec 14, 1908","$5,000",501 10th Ave.,,,,,,,,,,,no
Galena,public,Galena,Illinois,United States,"Apr 20, 1905","$12,500",601 S. Bench St.,,,,wikipedia-list,File:Galena_(Illinois)_Public_Library.jpg,https://upload.wikimedia.org/wikipedia/commons/thumb/8/8e/Galena_%28Illinois%29_Public_Library.jpg/1920px-Galena_%28Illinois%29_Public_Library.jpg?utm_source=commons.wikimedia.org&utm_campaign=imageinfo&utm_content=thumbnail,2cooljohn,CC0,http://creativecommons.org/publicdomain/zero/1.0/deed.en,https://commons.wikimedia.org/wiki/File:Galena_(Illinois)_Public_Library.jpg,yes
Galesburg,public,Galesburg,Illinois,United States,"Feb 14, 1901","$50,000",,,,,,,,,,,,no
Galva,public,Galva,Illinois,United States,"Feb 10, 1908","$8,000",120 NW 3rd Ave.,,,,wikipedia-list,File:Galva_Public_Library.jpg,https://upload.wikimedia.org/wikipedia/commons/thumb/d/de/Galva_Public_Library.jpg/1920px-Galva_Public_Library.jpg?utm_source=commons.wikimedia.org&utm_campaign=imageinfo&utm_content=thumbnail,2cooljohn,CC0,http://creativecommons.org/publicdomain/zero/1.0/deed.en,https://commons.wikimedia.org/wiki/File:Galva_Public_Library.jpg,yes
Geneva,public,Geneva,Illinois,United States,"Jan 23, 1907","$7,500",127 James St.,,,,wikipedia-list,File:Geneva_IL_Public_Library.jpg,https://upload.wikimedia.org/wikipedia/commons/thumb/9/92/Geneva_IL_Public_Library.jpg/1920px-Geneva_IL_Public_Library.jpg?utm_source=commons.wikimedia.org&utm_campaign=imageinfo&utm_content=thumbnail,2cooljohn,CC0,http://creativecommons.org/publicdomain/zero/1.0/deed.en,https://commons.wikimedia.org/wiki/File:Geneva_IL_Public_Library.jpg,yes
Gilman,public,Gilman,Illinois,United States,"Sep 29, 1915","$10,000",117 E. 2nd St.,,,,wikipedia-list,"File:Former_Gilman_Public_Library,_a_Carnegie_Library_in_Gilman,_IL.jpg",https://upload.wikimedia.org/wikipedia/commons/thumb/b/bd/Former_Gilman_Public_Library%2C_a_Carnegie_Library_in_Gilman%2C_IL.jpg/1920px-Former_Gilman_Public_Library%2C_a_Carnegie_Library_in_Gilman%2C_IL.jpg?utm_source=commons.wikimedia.org&utm_campaign=imageinfo&utm_content=thumbnail,2cooljohn,CC0,http://creativecommons.org/publicdomain/zero/1.0/deed.en,"https://commons.wikimedia.org/wiki/File:Former_Gilman_Public_Library,_a_Carnegie_Library_in_Gilman,_IL.jpg",yes
Glen Ellyn,public,Glen Ellyn,Illinois,United States,"May 17, 1912","$10,000",671 Crescent Blvd.,,,,,,,,,,,no
Grayville,public,Grayville,Illinois,United States,"May 16, 1911","$6,000",110 W. Mill St.,,,,wikipedia-list,File:Former_Grayville_Carnegie_library_building.jpg,https://upload.wikimedia.org/wikipedia/commons/thumb/4/49/Former_Grayville_Carnegie_library_building.jpg/1920px-Former_Grayville_Carnegie_library_building.jpg?utm_source=commons.wikimedia.org&utm_campaign=imageinfo&utm_content=thumbnail,2cooljohn,CC0,http://creativecommons.org/publicdomain/zero/1.0/deed.en,https://commons.wikimedia.org/wiki/File:Former_Grayville_Carnegie_library_building.jpg,yes
Greenup,public,Greenup,Illinois,United States,"Jan 27, 1904","$8,000",101 N. Mill St.,,,,wikipedia-list,File:Military_Museum_in_Greenup.jpg,https://upload.wikimedia.org/wikipedia/commons/thumb/8/86/Military_Museum_in_Greenup.jpg/1920px-Military_Museum_in_Greenup.jpg?utm_source=commons.wikimedia.org&utm_campaign=imageinfo&utm_content=thumbnail,Nyttend,Public domain,,https://commons.wikimedia.org/wiki/File:Military_Museum_in_Greenup.jpg,yes
Greenville,public,Greenville,Illinois,United States,"Apr 23, 1903","$11,000",414 W. Main St.,,,https://en.wikipedia.org/wiki/Greenville_Public_Library,wikipedia-list,"File:GREENVILLE_PUBLIC_LIBRARY,_BOND_COUNTY,_ILLINOIS.jpg",https://upload.wikimedia.org/wikipedia/commons/thumb/a/a9/GREENVILLE_PUBLIC_LIBRARY%2C_BOND_COUNTY%2C_ILLINOIS.jpg/1920px-GREENVILLE_PUBLIC_LIBRARY%2C_BOND_COUNTY%2C_ILLINOIS.jpg?utm_source=commons.wikimedia.org&utm_campaign=imageinfo&utm_content=thumbnail,JERRYE AND ROY KLOTZ MD,CC BY-SA 3.0,https://creativecommons.org/licenses/by-sa/3.0,"https://commons.wikimedia.org/wiki/File:GREENVILLE_PUBLIC_LIBRARY,_BOND_COUNTY,_ILLINOIS.jpg",yes
Griggsville,public,Griggsville,Illinois,United States,"Apr 19, 1915","$5,000",119 S. Corey St.,,,,wikipedia-list,File:Griggsville_(IL)_Public_Library.jpg,https://upload.wikimedia.org/wikipedia/commons/thumb/7/77/Griggsville_%28IL%29_Public_Library.jpg/1920px-Griggsville_%28IL%29_Public_Library.jpg?utm_source=commons.wikimedia.org&utm_campaign=imageinfo&utm_content=thumbnail,2cooljohn,CC0,http://creativecommons.org/publicdomain/zero/1.0/deed.en,https://commons.wikimedia.org/wiki/File:Griggsville_(IL)_Public_Library.jpg,yes
Harrisburg,public,Harrisburg,Illinois,United States,"Mar 21, 1908","$12,500",101 E. Church St.,,,,wikipedia-list,"File:Harrisburg,_Illinois_Former_Carnegie_Library_2020.jpg",https://upload.wikimedia.org/wikipedia/commons/thumb/4/42/Harrisburg%2C_Illinois_Former_Carnegie_Library_2020.jpg/1920px-Harrisburg%2C_Illinois_Former_Carnegie_Library_2020.jpg?utm_source=commons.wikimedia.org&utm_campaign=imageinfo&utm_content=thumbnail,David Southern Illinois,CC BY-SA 4.0,https://creativecommons.org/licenses/by-sa/4.0,"https://commons.wikimedia.org/wiki/File:Harrisburg,_Illinois_Former_Carnegie_Library_2020.jpg",yes
Harvey,public,Harvey,Illinois,United States,"Feb 1, 1905","$13,500",155th St. and Turlington Ave.,,,,,,,,,,,no
Havana,public,Havana,Illinois,United States,"Oct 3, 1900","$8,000",201 W. Adams St.,,,https://en.wikipedia.org/wiki/Havana_Public_Library,wikipedia-list,File:Havana_Public_Library.jpg,https://upload.wikimedia.org/wikipedia/commons/thumb/c/c5/Havana_Public_Library.jpg/1920px-Havana_Public_Library.jpg?utm_source=commons.wikimedia.org&utm_campaign=imageinfo&utm_content=thumbnail,Nyttend,Public domain,,https://commons.wikimedia.org/wiki/File:Havana_Public_Library.jpg,yes
Highland Park,public,Highland Park,Illinois,United States,"Mar 27, 1903","$12,000",,,,https://en.wikipedia.org/wiki/Highland_Park_Public_Library_(Illinois),,,,,,,,no
Hillsboro,public,Hillsboro,Illinois,United States,"Nov 25, 1903","$11,000",214 School St.,,,,,,,,,,,no
Hoopeston,public,Hoopeston,Illinois,United States,"Feb 12, 1903","$12,500",110 N. 4th St.,,,https://en.wikipedia.org/wiki/Hoopeston_Carnegie_Public_Library,wikipedia-list,File:Hoopeston_Carnegie_Public_Library.jpg,https://upload.wikimedia.org/wikipedia/commons/thumb/3/30/Hoopeston_Carnegie_Public_Library.jpg/1920px-Hoopeston_Carnegie_Public_Library.jpg?utm_source=commons.wikimedia.org&utm_campaign=imageinfo&utm_content=thumbnail,Nyttend,Public domain,,https://commons.wikimedia.org/wiki/File:Hoopeston_Carnegie_Public_Library.jpg,yes
Jacksonville,public,Jacksonville,Illinois,United States,"Feb 6, 1901","$40,000",201 W. College Ave.,,,,wikipedia-list,File:Jacksonville_Public_Library.jpg,https://upload.wikimedia.org/wikipedia/commons/thumb/3/3c/Jacksonville_Public_Library.jpg/1920px-Jacksonville_Public_Library.jpg?utm_source=commons.wikimedia.org&utm_campaign=imageinfo&utm_content=thumbnail,Nyttend,Public domain,,https://commons.wikimedia.org/wiki/File:Jacksonville_Public_Library.jpg,yes
Jerseyville,public,Jerseyville,Illinois,United States,"Apr 11, 1902","$12,000",105 N. Liberty St.,,,,,,,,,,,no
Kewanee,public,Kewanee,Illinois,United States,"Mar 14, 1901","$25,000",102 S. Tremont St.,,,,wikipedia-list,File:Kewanee_Public_Library.jpg,https://upload.wikimedia.org/wikipedia/commons/thumb/9/92/Kewanee_Public_Library.jpg/1920px-Kewanee_Public_Library.jpg?utm_source=commons.wikimedia.org&utm_campaign=imageinfo&utm_content=thumbnail,Kepper66,CC BY-SA 3.0,https://creativecommons.org/licenses/by-sa/3.0,https://commons.wikimedia.org/wiki/File:Kewanee_Public_Library.jpg,yes
La Grange,public,La Grange,Illinois,United States,"Mar 27, 1903","$12,500",,,,https://en.wikipedia.org/wiki/La_Grange_Public_Library,,,,,,,,no
La Harpe,public,La Harpe,Illinois,United States,"Dec 20, 1904","$5,000",209 E. Main St.,,,,wikipedia-list,File:La_Harpe_Carnegie_library_front.jpg,https://upload.wikimedia.org/wikipedia/commons/thumb/0/0d/La_Harpe_Carnegie_library_front.jpg/1920px-La_Harpe_Carnegie_library_front.jpg?utm_source=commons.wikimedia.org&utm_campaign=imageinfo&utm_content=thumbnail,Nyttend,Public domain,,https://commons.wikimedia.org/wiki/File:La_Harpe_Carnegie_library_front.jpg,yes
LaSalle,public,LaSalle,Illinois,United States,"Jun 2, 1904","$25,000",305 Marquette St.,,,,wikipedia-list,"File:LaSalle_Public_Library,_a_Carnegie_Library_in_LaSalle,_IL.jpg",https://upload.wikimedia.org/wikipedia/commons/3/32/LaSalle_Public_Library%2C_a_Carnegie_Library_in_LaSalle%2C_IL.jpg?utm_source=commons.wikimedia.org&utm_campaign=imageinfo&utm_content=thumbnail_unscaled,2cooljohn,CC0,http://creativecommons.org/publicdomain/zero/1.0/deed.en,"https://commons.wikimedia.org/wiki/File:LaSalle_Public_Library,_a_Carnegie_Library_in_LaSalle,_IL.jpg",yes
Lewistown,public,Lewistown,Illinois,United States,"Dec 16, 1905","$5,400",321 W. Lincoln Ave.,,,,,,,,,,,no
Lincoln,public,Lincoln,Illinois,United States,"Mar 6, 1901","$25,000",725 Pekin St.,,,"https://en.wikipedia.org/wiki/Lincoln_Public_Library_(Lincoln,_Illinois)",wikipedia-list,File:Lincoln_Public_Library.jpg,https://upload.wikimedia.org/wikipedia/commons/thumb/4/4a/Lincoln_Public_Library.jpg/1920px-Lincoln_Public_Library.jpg?utm_source=commons.wikimedia.org&utm_campaign=imageinfo&utm_content=thumbnail,Nyttend,Public domain,,https://commons.wikimedia.org/wiki/File:Lincoln_Public_Library.jpg,yes
Litchfield,public,Litchfield,Illinois,United States,"Jan 6, 1903","$15,000",400 N. State St.,,,,wikipedia-list,File:Litchfield_Public_Library_from_west.jpg,https://upload.wikimedia.org/wikipedia/commons/thumb/a/a8/Litchfield_Public_Library_from_west.jpg/1920px-Litchfield_Public_Library_from_west.jpg?utm_source=commons.wikimedia.org&utm_campaign=imageinfo&utm_content=thumbnail,Nyttend,Public domain,,https://commons.wikimedia.org/wiki/File:Litchfield_Public_Library_from_west.jpg,yes
Macomb,public,Macomb,Illinois,United States,"Apr 13, 1903","$15,000",235 S. Lafayette St.,,,,wikipedia-list,File:Macomb_Public_Library.JPG,https://upload.wikimedia.org/wikipedia/commons/d/d0/Macomb_Public_Library.JPG?utm_source=commons.wikimedia.org&utm_campaign=imageinfo&utm_content=thumbnail_unscaled,Rklawton,CC BY-SA 2.5,https://creativecommons.org/licenses/by-sa/2.5,https://commons.wikimedia.org/wiki/File:Macomb_Public_Library.JPG,yes
Marion,public,Marion,Illinois,United States,"Feb 13, 1909","$18,000",206 S. Market St.,,,,wikipedia-list,File:Marion_Carnegie_Library_on_South_Market.jpg,https://upload.wikimedia.org/wikipedia/commons/thumb/c/c2/Marion_Carnegie_Library_on_South_Market.jpg/1920px-Marion_Carnegie_Library_on_South_Market.jpg?utm_source=commons.wikimedia.org&utm_campaign=imageinfo&utm_content=thumbnail,Nyttend,Public domain,,https://commons.wikimedia.org/wiki/File:Marion_Carnegie_Library_on_South_Market.jpg,yes
Marseilles,public,Marseilles,Illinois,United States,"Jun 2, 1904","$10,000",155 E. Bluff St.,,,,,,,,,,,no
Mattoon,public,Mattoon,Illinois,United States,"Jun 21, 1901","$25,000",1600 Charleston Ave.,,,,,,,,,,,no
Maywood,public,Maywood,Illinois,United States,"Aug 19, 1904","$12,500",121 S. 5th Ave.,,,,wikipedia-list,File:Maywood_Public_Library.jpg,https://upload.wikimedia.org/wikipedia/commons/thumb/e/e1/Maywood_Public_Library.jpg/1920px-Maywood_Public_Library.jpg?utm_source=commons.wikimedia.org&utm_campaign=imageinfo&utm_content=thumbnail,2cooljohn,CC0,http://creativecommons.org/publicdomain/zero/1.0/deed.en,https://commons.wikimedia.org/wiki/File:Maywood_Public_Library.jpg,yes
Mendota,public,Mendota,Illinois,United States,"Jan 14, 1904","$10,000",901 Washington St.,,,,wikipedia-list,File:Former_Mendota_library_building.jpg,https://upload.wikimedia.org/wikipedia/commons/thumb/6/67/Former_Mendota_library_building.jpg/1920px-Former_Mendota_library_building.jpg?utm_source=commons.wikimedia.org&utm_campaign=imageinfo&utm_content=thumbnail,2cooljohn,CC0,http://creativecommons.org/publicdomain/zero/1.0/deed.en,https://commons.wikimedia.org/wiki/File:Former_Mendota_library_building.jpg,yes
Metropolis,public,Metropolis,Illinois,United States,"Jan 27, 1912","$9,000",317 Metropolis St.,,,,,,,,,,,no
Milford,public,Milford,Illinois,United States,"Dec 30, 1904","$7,000",2 S. Grant Ave.,,,,wikipedia-list,File:Milford_Illinois_Library.jpg,https://upload.wikimedia.org/wikipedia/commons/7/7c/Milford_Illinois_Library.jpg?utm_source=commons.wikimedia.org&utm_campaign=imageinfo&utm_content=thumbnail_unscaled,Dual Freq,CC BY 2.5,https://creativecommons.org/licenses/by/2.5,https://commons.wikimedia.org/wiki/File:Milford_Illinois_Library.jpg,yes
Moline,public,Moline,Illinois,United States,"Aug 16, 1901","$40,000",504 17th St.,,,,wikipedia-list,File:Moline_Carnegie_Library_2.jpg,https://upload.wikimedia.org/wikipedia/commons/thumb/4/44/Moline_Carnegie_Library_2.jpg/1920px-Moline_Carnegie_Library_2.jpg?utm_source=commons.wikimedia.org&utm_campaign=imageinfo&utm_content=thumbnail,Kepper66,CC BY-SA 3.0,https://creativecommons.org/licenses/by-sa/3.0,https://commons.wikimedia.org/wiki/File:Moline_Carnegie_Library_2.jpg,yes
Morris,public,Morris,Illinois,United States,"Jan 6, 1912","$12,500",604 Liberty St.,,,,,,,,,,,no
Mount Carmel,public,Mount Carmel,Illinois,United States,"Apr 10, 1909","$15,000",120 E 5th St,,,,wikipedia-list,"File:Mt._Carmel,_Illinois_Carnegie_library.png",https://upload.wikimedia.org/wikipedia/commons/6/6f/Mt._Carmel%2C_Illinois_Carnegie_library.png?utm_source=commons.wikimedia.org&utm_campaign=imageinfo&utm_content=thumbnail_unscaled,Unknown authorUnknown author,Public domain,,"https://commons.wikimedia.org/wiki/File:Mt._Carmel,_Illinois_Carnegie_library.png",yes
Mount Carroll,public,Mount Carroll,Illinois,United States,"Jan 19, 1905","$11,000",208 N. Main St.,,,,wikipedia-list,File:Mount_Carroll_Carnegie_Library.jpg,https://upload.wikimedia.org/wikipedia/commons/thumb/2/27/Mount_Carroll_Carnegie_Library.jpg/1920px-Mount_Carroll_Carnegie_Library.jpg?utm_source=commons.wikimedia.org&utm_campaign=imageinfo&utm_content=thumbnail,Visviva,Public domain,,https://commons.wikimedia.org/wiki/File:Mount_Carroll_Carnegie_Library.jpg,yes
Mount Vernon,public,Mount Vernon,Illinois,United States,"Mar 27, 1903","$15,000",101 S. 7th St.,,,,,,,,,,,no
Olney,public,Olney,Illinois,United States,"Jan 6, 1903","$11,500",401 E. Main St.,,,,wikipedia-list,File:Olney_Carnegie_Library.jpg,https://upload.wikimedia.org/wikipedia/commons/thumb/8/8d/Olney_Carnegie_Library.jpg/1920px-Olney_Carnegie_Library.jpg?utm_source=commons.wikimedia.org&utm_campaign=imageinfo&utm_content=thumbnail,Nyttend,Public domain,,https://commons.wikimedia.org/wiki/File:Olney_Carnegie_Library.jpg,yes
Onarga,public,Onarga,Illinois,United States,"Dec 13, 1906","$5,000",209 W. Seminary Ave.,,,,wikipedia-list,File:Onarga_Public_Library.JPG,https://upload.wikimedia.org/wikipedia/commons/6/60/Onarga_Public_Library.JPG?utm_source=commons.wikimedia.org&utm_campaign=imageinfo&utm_content=thumbnail_unscaled,GaymerCub,CC BY-SA 4.0,https://creativecommons.org/licenses/by-sa/4.0,https://commons.wikimedia.org/wiki/File:Onarga_Public_Library.JPG,yes
Oregon,public,Oregon,Illinois,United States,"Apr 20, 1905","$10,000",300 Jefferson St.,,,https://en.wikipedia.org/wiki/Oregon_Public_Library,wikipedia-list,File:Ogle_County_Oregon_Public_Library_Oregon_Il1.jpg,https://upload.wikimedia.org/wikipedia/commons/thumb/e/e6/Ogle_County_Oregon_Public_Library_Oregon_Il1.jpg/1920px-Ogle_County_Oregon_Public_Library_Oregon_Il1.jpg?utm_source=commons.wikimedia.org&utm_campaign=imageinfo&utm_content=thumbnail,Andy McMurray,CC BY 2.5,https://creativecommons.org/licenses/by/2.5,https://commons.wikimedia.org/wiki/File:Ogle_County_Oregon_Public_Library_Oregon_Il1.jpg,yes
Pana,public,Pana,Illinois,United States,"Jan 31, 1911","$14,000",303 E. 2nd St.,,,,,,,,,,,no
Paris,public,Paris,Illinois,United States,"Mar 14, 1902","$18,000",207 S. Main St.,,,https://en.wikipedia.org/wiki/Paris_Carnegie_Public_Library,wikipedia-list,File:Paris_Carnegie_Public_Library.jpg,https://upload.wikimedia.org/wikipedia/commons/thumb/0/00/Paris_Carnegie_Public_Library.jpg/1920px-Paris_Carnegie_Public_Library.jpg?utm_source=commons.wikimedia.org&utm_campaign=imageinfo&utm_content=thumbnail,Nyttend,Public domain,,https://commons.wikimedia.org/wiki/File:Paris_Carnegie_Public_Library.jpg,yes
Park Ridge,public,Park Ridge,Illinois,United States,"Dec 2, 1909","$7,500",1 N. Northwest Hwy.,,,,,,,,,,,no
Paxton,public,Paxton,Illinois,United States,"Mar 20, 1903","$10,000",254 S. Market St.,,,https://en.wikipedia.org/wiki/Paxton_Carnegie_Public_Library,wikipedia-list,File:Paxton_Illinois_Carnegie_Library.jpg,https://upload.wikimedia.org/wikipedia/commons/thumb/c/c2/Paxton_Illinois_Carnegie_Library.jpg/1920px-Paxton_Illinois_Carnegie_Library.jpg?utm_source=commons.wikimedia.org&utm_campaign=imageinfo&utm_content=thumbnail,Dual Freq,CC BY 2.5,https://creativecommons.org/licenses/by/2.5,https://commons.wikimedia.org/wiki/File:Paxton_Illinois_Carnegie_Library.jpg,yes
Pekin,public,Pekin,Illinois,United States,"Aug 8, 1900","$17,500",,,,,,,,,,,,no
Peoria Lincoln Branch,public,Peoria,Illinois,United States,"Dec 13, 1909","$20,000",1312 W. Lincoln Ave.,,,,wikipedia-list,File:Peoria_Public_Library_-_Lincoln_Branch_building.jpg,https://upload.wikimedia.org/wikipedia/commons/thumb/3/3a/Peoria_Public_Library_-_Lincoln_Branch_building.jpg/1920px-Peoria_Public_Library_-_Lincoln_Branch_building.jpg?utm_source=commons.wikimedia.org&utm_campaign=imageinfo&utm_content=thumbnail,2cooljohn,CC0,http://creativecommons.org/publicdomain/zero/1.0/deed.en,https://commons.wikimedia.org/wiki/File:Peoria_Public_Library_-_Lincoln_Branch_building.jpg,yes
Peru,public,Peru,Illinois,United States,"Apr 8, 1910","$15,000",Putnam St.,,,,wikipedia-list,"File:Former_Peru_Public_Library,_a_Carnegie_Library_in_Peru,_Illinois.jpg",https://upload.wikimedia.org/wikipedia/commons/c/c5/Former_Peru_Public_Library%2C_a_Carnegie_Library_in_Peru%2C_Illinois.jpg?utm_source=commons.wikimedia.org&utm_campaign=imageinfo&utm_content=thumbnail_unscaled,2cooljohn,CC0,http://creativecommons.org/publicdomain/zero/1.0/deed.en,"https://commons.wikimedia.org/wiki/File:Former_Peru_Public_Library,_a_Carnegie_Library_in_Peru,_Illinois.jpg",yes
Petersburg,public,Petersburg,Illinois,United States,"Dec 13, 1906","$8,000",220 S. 6th St.,,,,wikipedia-list,File:Petersburg_IL_Public_Library.jpg,https://upload.wikimedia.org/wikipedia/commons/thumb/5/5f/Petersburg_IL_Public_Library.jpg/1920px-Petersburg_IL_Public_Library.jpg?utm_source=commons.wikimedia.org&utm_campaign=imageinfo&utm_content=thumbnail,2cooljohn,CC0,http://creativecommons.org/publicdomain/zero/1.0/deed.en,https://commons.wikimedia.org/wiki/File:Petersburg_IL_Public_Library.jpg,yes
Pittsfield,public,Pittsfield,Illinois,United States,"Nov 24, 1905","$7,500",205 N. Memorial St.,,,,,,,,,,,no
Plano,public,Plano,Illinois,United States,"Dec 20, 1904","$10,250",15 W. North St.,,,,,,,,,,,no
Polo,public,Polo,Illinois,United States,"Apr 13, 1903","$10,000",302 W. Mason St.,,,https://en.wikipedia.org/wiki/Buffalo_Township_Public_Library,wikipedia-list,File:Ogle_County_Polo_Il_Buffalo_Library1.jpg,https://upload.wikimedia.org/wikipedia/commons/thumb/b/b9/Ogle_County_Polo_Il_Buffalo_Library1.jpg/1920px-Ogle_County_Polo_Il_Buffalo_Library1.jpg?utm_source=commons.wikimedia.org&utm_campaign=imageinfo&utm_content=thumbnail,Andy McMurray,CC BY 2.5,https://creativecommons.org/licenses/by/2.5,https://commons.wikimedia.org/wiki/File:Ogle_County_Polo_Il_Buffalo_Library1.jpg,yes
Ridge Farm,public,Ridge Farm,Illinois,United States,"Apr 28, 1909","$9,000",104 N. State St.,,,,wikipedia-list,File:Ridge_Farm_Illinois_Carnegie_library.png,https://upload.wikimedia.org/wikipedia/commons/f/fb/Ridge_Farm_Illinois_Carnegie_library.png?utm_source=commons.wikimedia.org&utm_campaign=imageinfo&utm_content=thumbnail_unscaled,Omnedon,Public domain,,https://commons.wikimedia.org/wiki/File:Ridge_Farm_Illinois_Carnegie_library.png,yes
Robinson,public,Robinson,Illinois,United States,"Aug 6, 1904","$11,000",301 E. Main St.,,,,wikipedia-list,File:Robinson_Carnegie_Library.jpg,https://upload.wikimedia.org/wikipedia/commons/thumb/9/91/Robinson_Carnegie_Library.jpg/1920px-Robinson_Carnegie_Library.jpg?utm_source=commons.wikimedia.org&utm_campaign=imageinfo&utm_content=thumbnail,Nyttend,Public domain,,https://commons.wikimedia.org/wiki/File:Robinson_Carnegie_Library.jpg,yes
Rochelle,public,Rochelle,Illinois,United States,"Apr 25, 1911","$10,000",619 4th Ave.,,,,wikipedia-list,File:Rochelle_Flagg_Library2.jpg,https://upload.wikimedia.org/wikipedia/commons/thumb/1/13/Rochelle_Flagg_Library2.jpg/1920px-Rochelle_Flagg_Library2.jpg?utm_source=commons.wikimedia.org&utm_campaign=imageinfo&utm_content=thumbnail,Andy McMurray,CC BY 2.5,https://creativecommons.org/licenses/by/2.5,https://commons.wikimedia.org/wiki/File:Rochelle_Flagg_Library2.jpg,yes
Rockford,public,Rockford,Illinois,United States,"Mar 6, 1901","$70,000",215 N. Wyman St.,,,,,,,,,,,no
Rushville,public,Rushville,Illinois,United States,"Feb 13, 1906","$7,500",104 N. Monroe St.,,,,,,,,,,,no
Savanna,public,Savanna,Illinois,United States,"Apr 23, 1903","$11,350",326 3rd St.,,,,wikipedia-list,File:Savanna_IL_Carnegie_library.jpg,https://upload.wikimedia.org/wikipedia/commons/thumb/b/bc/Savanna_IL_Carnegie_library.jpg/1920px-Savanna_IL_Carnegie_library.jpg?utm_source=commons.wikimedia.org&utm_campaign=imageinfo&utm_content=thumbnail,2cooljohn,CC0,http://creativecommons.org/publicdomain/zero/1.0/deed.en,https://commons.wikimedia.org/wiki/File:Savanna_IL_Carnegie_library.jpg,yes
Sheffield,public,Sheffield,Illinois,United States,"May 2, 1911","$4,000",136 E. Cook St.,,,,wikipedia-list,File:Sheffield_IL_Carnegie_library.jpg,https://upload.wikimedia.org/wikipedia/commons/thumb/9/99/Sheffield_IL_Carnegie_library.jpg/1920px-Sheffield_IL_Carnegie_library.jpg?utm_source=commons.wikimedia.org&utm_campaign=imageinfo&utm_content=thumbnail,2cooljohn,CC0,http://creativecommons.org/publicdomain/zero/1.0/deed.en,https://commons.wikimedia.org/wiki/File:Sheffield_IL_Carnegie_library.jpg,yes
Shelbyville,public,Shelbyville,Illinois,United States,"Jan 22, 1903","$10,000",154 N. Broadway,,,,wikipedia-list,File:Shelbyville_Carnegie_Library.jpg,https://upload.wikimedia.org/wikipedia/commons/thumb/a/ac/Shelbyville_Carnegie_Library.jpg/1920px-Shelbyville_Carnegie_Library.jpg?utm_source=commons.wikimedia.org&utm_campaign=imageinfo&utm_content=thumbnail,Nyttend,Public domain,,https://commons.wikimedia.org/wiki/File:Shelbyville_Carnegie_Library.jpg,yes
Sheldon,public,Sheldon,Illinois,United States,"Jun 1, 1915","$9,000",125 N. 5th St.,,,,,,,,,,,no
Spring Valley,public,Spring Valley,Illinois,United States,"Jan 27, 1912","$15,000",215 E. Cleveland St.,,,,wikipedia-list,"File:Spring_Valley_Public_Library,_a_Carnegie_Library_in_Spring_Valley,_IL.jpg",https://upload.wikimedia.org/wikipedia/commons/c/cd/Spring_Valley_Public_Library%2C_a_Carnegie_Library_in_Spring_Valley%2C_IL.jpg?utm_source=commons.wikimedia.org&utm_campaign=imageinfo&utm_content=thumbnail_unscaled,2cooljohn,CC0,http://creativecommons.org/publicdomain/zero/1.0/deed.en,"https://commons.wikimedia.org/wiki/File:Spring_Valley_Public_Library,_a_Carnegie_Library_in_Spring_Valley,_IL.jpg",yes
Springfield,public,Springfield,Illinois,United States,"Mar 8, 1901","$75,000",,,,,,,,,,,,no
St. Charles,public,St. Charles,Illinois,United States,"Dec 13, 1906","$12,500",1 S. 6th Ave.,,,,,,,,,,,no
Sterling,public,Sterling,Illinois,United States,"Jan 2, 1903","$17,500",102 W. 3rd St.,,,,,,,,,,,no
Streator,public,Streator,Illinois,United States,"Feb 19, 1901","$35,000",130 S. Park St.,,,,wikipedia-list,File:Streator_IL_Streator_Public_Library1.jpg,https://upload.wikimedia.org/wikipedia/commons/thumb/f/fb/Streator_IL_Streator_Public_Library1.jpg/1920px-Streator_IL_Streator_Public_Library1.jpg?utm_source=commons.wikimedia.org&utm_campaign=imageinfo&utm_content=thumbnail,IvoShandor,CC BY-SA 3.0,https://creativecommons.org/licenses/by-sa/3.0,https://commons.wikimedia.org/wiki/File:Streator_IL_Streator_Public_Library1.jpg,yes
Sycamore,public,Sycamore,Illinois,United States,"Jan 13, 1903","$12,000",103 E. State St.,,,https://en.wikipedia.org/wiki/Sycamore_Public_Library,wikipedia-list,File:Sycamore_Public_Library1.jpg,https://upload.wikimedia.org/wikipedia/commons/thumb/6/68/Sycamore_Public_Library1.jpg/1920px-Sycamore_Public_Library1.jpg?utm_source=commons.wikimedia.org&utm_campaign=imageinfo&utm_content=thumbnail,Andy McMurray,CC BY 2.5,https://creativecommons.org/licenses/by/2.5,https://commons.wikimedia.org/wiki/File:Sycamore_Public_Library1.jpg,yes
Taylorville,public,Taylorville,Illinois,United States,"Mar 27, 1903","$14,000",222 W. Market St.,,,,,,,,,,,no
Toulon,public,Toulon,Illinois,United States,"Jul 23, 1914","$6,000",306 W. Jefferson St.,,,,,,,,,,,no
Tuscola,public,Tuscola,Illinois,United States,"Apr 13, 1903","$10,000",112 E. Sale St.,,,,wikipedia-list,File:Tuscola_Public_Library.jpg,https://upload.wikimedia.org/wikipedia/commons/thumb/a/a4/Tuscola_Public_Library.jpg/1920px-Tuscola_Public_Library.jpg?utm_source=commons.wikimedia.org&utm_campaign=imageinfo&utm_content=thumbnail,Nyttend,Public domain,,https://commons.wikimedia.org/wiki/File:Tuscola_Public_Library.jpg,yes
Vienna,public,Vienna,Illinois,United States,"Jan 20, 1908","$6,000",401 Poplar St.,,,https://en.wikipedia.org/wiki/Vienna_Public_Library,wikipedia-list,File:Vienna_Public_Library.jpg,https://upload.wikimedia.org/wikipedia/commons/thumb/3/38/Vienna_Public_Library.jpg/1920px-Vienna_Public_Library.jpg?utm_source=commons.wikimedia.org&utm_campaign=imageinfo&utm_content=thumbnail,Nyttend,Public domain,,https://commons.wikimedia.org/wiki/File:Vienna_Public_Library.jpg,yes
Warren,public,Warren,Illinois,United States,"Aug 17, 1910","$7,000",210 Burnett Ave.,,,,,,,,,,,no
Waterman,public,Waterman,Illinois,United States,"Jan 31, 1913","$3,500",110 S. Elm St.,,,,wikipedia-list,"File:Carnegie_Library_in_Waterman,_IL.jpg",https://upload.wikimedia.org/wikipedia/commons/thumb/7/75/Carnegie_Library_in_Waterman%2C_IL.jpg/1920px-Carnegie_Library_in_Waterman%2C_IL.jpg?utm_source=commons.wikimedia.org&utm_campaign=imageinfo&utm_content=thumbnail,2cooljohn,CC0,http://creativecommons.org/publicdomain/zero/1.0/deed.en,"https://commons.wikimedia.org/wiki/File:Carnegie_Library_in_Waterman,_IL.jpg",yes
Waukegan,public,Waukegan,Illinois,United States,"Mar 20, 1903","$27,500",1 N. Sheridan Rd.,,,,wikipedia-list,"File:Waukegan_Public_Library,_Carnegie_building.jpg",https://upload.wikimedia.org/wikipedia/commons/thumb/c/c9/Waukegan_Public_Library%2C_Carnegie_building.jpg/1920px-Waukegan_Public_Library%2C_Carnegie_building.jpg?utm_source=commons.wikimedia.org&utm_campaign=imageinfo&utm_content=thumbnail,Nyttend,Public domain,,"https://commons.wikimedia.org/wiki/File:Waukegan_Public_Library,_Carnegie_building.jpg",yes
Waverly,public,Waverly,Illinois,United States,"May 16, 1911","$4,500",291 N. Pearl St.,,,,,,,,,,,no
Wilmette,public,Wilmette,Illinois,United States,"Mar 20, 1903","$11,000",,,,https://en.wikipedia.org/wiki/Wilmette_Public_Library,commons-namesearch,"File:Carnegie Library in Wilmette, Illinois.jpg",https://upload.wikimedia.org/wikipedia/commons/8/87/Carnegie_Library_in_Wilmette%2C_Illinois.jpg?utm_source=commons.wikimedia.org&utm_campaign=imageinfo&utm_content=thumbnail_unscaled,Herbert Mulford,Public domain,,"https://commons.wikimedia.org/wiki/File:Carnegie_Library_in_Wilmette,_Illinois.jpg",yes
Winchester,public,Winchester,Illinois,United States,"Feb 10, 1908","$7,500",215 N. Main St.,,,,,,,,,,,no
Wyoming,public,Wyoming,Illinois,United States,"Nov 3, 1913","$5,600",119 N. 7th St.,,,,wikipedia-list,"File:Carnegie_library_in_Wyoming,_IL.jpg",https://upload.wikimedia.org/wikipedia/commons/thumb/8/88/Carnegie_library_in_Wyoming%2C_IL.jpg/1920px-Carnegie_library_in_Wyoming%2C_IL.jpg?utm_source=commons.wikimedia.org&utm_campaign=imageinfo&utm_content=thumbnail,2cooljohn,CC0,http://creativecommons.org/publicdomain/zero/1.0/deed.en,"https://commons.wikimedia.org/wiki/File:Carnegie_library_in_Wyoming,_IL.jpg",yes
Akron,public,Akron,Indiana,United States,"May 13, 1913","$12,500",205 E. Rochester St.,,,,wikipedia-list,File:Akron_Carnegie_Library_Fulton_County_Indiana.jpg,https://upload.wikimedia.org/wikipedia/commons/e/e0/Akron_Carnegie_Library_Fulton_County_Indiana.jpg?utm_source=commons.wikimedia.org&utm_campaign=imageinfo&utm_content=thumbnail_unscaled,Chris Light,CC BY-SA 3.0,https://creativecommons.org/licenses/by-sa/3.0,https://commons.wikimedia.org/wiki/File:Akron_Carnegie_Library_Fulton_County_Indiana.jpg,yes
Albion,public,Albion,Indiana,United States,"Jan 28, 1916","$10,000",109 N. York St.,,,,,,,,,,,no
Alexandria,public,Alexandria,Indiana,United States,"Apr 26, 1902","$14,000",117 E. Church St.,,,,,,,,,,,no
Anderson,public,Anderson,Indiana,United States,"Apr 11, 1902","$50,000",32 W. 10th St.,,,https://en.wikipedia.org/wiki/Anderson_Center_for_the_Arts,wikipedia-list,File:Anderson_Center_for_the_Arts.jpg,https://upload.wikimedia.org/wikipedia/commons/thumb/7/7f/Anderson_Center_for_the_Arts.jpg/1920px-Anderson_Center_for_the_Arts.jpg?utm_source=commons.wikimedia.org&utm_campaign=imageinfo&utm_content=thumbnail,Nyttend,Public domain,,https://commons.wikimedia.org/wiki/File:Anderson_Center_for_the_Arts.jpg,yes
Angola,public,Angola,Indiana,United States,"Mar 27, 1909","$10,000",322 S. Wayne St.,,,,wikipedia-list,File:Library_3-13-14_216.jpg,https://upload.wikimedia.org/wikipedia/commons/thumb/7/7c/Library_3-13-14_216.jpg/1920px-Library_3-13-14_216.jpg?utm_source=commons.wikimedia.org&utm_campaign=imageinfo&utm_content=thumbnail,Chris Light,CC BY-SA 4.0,https://creativecommons.org/licenses/by-sa/4.0,https://commons.wikimedia.org/wiki/File:Library_3-13-14_216.jpg,yes
Atlanta,public,Atlanta,Indiana,United States,"May 15, 1916","$10,000",100 S. Walnut St.,,,,,,,,,,,no
Attica,public,Attica,Indiana,United States,"Jan 13, 1903","$10,000",305 S. Perry St.,,,,wikipedia-list,File:Carnegie_library_in_Attica.jpg,https://upload.wikimedia.org/wikipedia/commons/thumb/7/7f/Carnegie_library_in_Attica.jpg/1920px-Carnegie_library_in_Attica.jpg?utm_source=commons.wikimedia.org&utm_campaign=imageinfo&utm_content=thumbnail,Nyttend,Public domain,,https://commons.wikimedia.org/wiki/File:Carnegie_library_in_Attica.jpg,yes
Bedford,public,Bedford,Indiana,United States,"Jan 9, 1902","$20,000",1323 K St.,,,,wikipedia-list,File:Bedford_Carnegie_Library_P5250474.jpg,https://upload.wikimedia.org/wikipedia/commons/6/6b/Bedford_Carnegie_Library_P5250474.jpg?utm_source=commons.wikimedia.org&utm_campaign=imageinfo&utm_content=thumbnail_unscaled,Chris Light,CC BY-SA 3.0,https://creativecommons.org/licenses/by-sa/3.0,https://commons.wikimedia.org/wiki/File:Bedford_Carnegie_Library_P5250474.jpg,yes
Bloomfield,public,Bloomfield,Indiana,United States,"Jul 22, 1908","$12,000",125 S. Franklin St.,,,,wikipedia-list,File:Bloomfield-Eastern_Greene_County_Public_Library.jpg,https://upload.wikimedia.org/wikipedia/commons/thumb/6/68/Bloomfield-Eastern_Greene_County_Public_Library.jpg/1920px-Bloomfield-Eastern_Greene_County_Public_Library.jpg?utm_source=commons.wikimedia.org&utm_campaign=imageinfo&utm_content=thumbnail,Nyttend,Public domain,,https://commons.wikimedia.org/wiki/File:Bloomfield-Eastern_Greene_County_Public_Library.jpg,yes
Bloomington,public,Bloomington,Indiana,United States,"Oct 21, 1901","$31,000",200 E. 6th St.,,,https://en.wikipedia.org/wiki/Monroe_Carnegie_Library,wikipedia-list,"File:Monroe_Carnegie_Library,_Bloomington.jpg",https://upload.wikimedia.org/wikipedia/commons/thumb/8/86/Monroe_Carnegie_Library%2C_Bloomington.jpg/1920px-Monroe_Carnegie_Library%2C_Bloomington.jpg?utm_source=commons.wikimedia.org&utm_campaign=imageinfo&utm_content=thumbnail,Nyttend,Public domain,,"https://commons.wikimedia.org/wiki/File:Monroe_Carnegie_Library,_Bloomington.jpg",yes
Bluffton,public,Bluffton,Indiana,United States,"Jan 13, 1903","$13,000",223 W. Washington St.,40.738929,-85.173563,,wikipedia-list,File:Bluffton_Carnegie_Library_Wells_County_Indiana.jpg,https://upload.wikimedia.org/wikipedia/commons/8/82/Bluffton_Carnegie_Library_Wells_County_Indiana.jpg?utm_source=commons.wikimedia.org&utm_campaign=imageinfo&utm_content=thumbnail_unscaled,Chris Light,CC BY-SA 3.0,https://creativecommons.org/licenses/by-sa/3.0,https://commons.wikimedia.org/wiki/File:Bluffton_Carnegie_Library_Wells_County_Indiana.jpg,yes
Boonville,public,Boonville,Indiana,United States,"Nov 3, 1913","$12,000",121 E. Locust St.,,,,,,,,,,,no
Boswell,public,Boswell,Indiana,United States,"Nov 30, 1910","$8,000",101 E. Main St.,40.518503,-87.381569,,wikipedia-list,File:Boswell_Carnegie_Library_P5160214.jpg,https://upload.wikimedia.org/wikipedia/commons/c/cc/Boswell_Carnegie_Library_P5160214.jpg?utm_source=commons.wikimedia.org&utm_campaign=imageinfo&utm_content=thumbnail_unscaled,Chris Light,CC BY-SA 3.0,https://creativecommons.org/licenses/by-sa/3.0,https://commons.wikimedia.org/wiki/File:Boswell_Carnegie_Library_P5160214.jpg,yes
Brazil,public,Brazil,Indiana,United States,"Mar 14, 1902","$20,000",204 N. Walnut St.,,,,wikipedia-list,"File:Library_in_Brazil,_Indiana.jpg",https://upload.wikimedia.org/wikipedia/commons/thumb/8/8c/Library_in_Brazil%2C_Indiana.jpg/1920px-Library_in_Brazil%2C_Indiana.jpg?utm_source=commons.wikimedia.org&utm_campaign=imageinfo&utm_content=thumbnail,Nyttend,Public domain,,"https://commons.wikimedia.org/wiki/File:Library_in_Brazil,_Indiana.jpg",yes
Brook,public,Brook,Indiana,United States,"May 21, 1913","$7,000",100 W. Main St.,40.865895,-87.363828,,wikipedia-list,File:Brook_Carnegie_Library_P5160102.jpg,https://upload.wikimedia.org/wikipedia/commons/5/59/Brook_Carnegie_Library_P5160102.jpg?utm_source=commons.wikimedia.org&utm_campaign=imageinfo&utm_content=thumbnail_unscaled,Chris Light,CC BY-SA 3.0,https://creativecommons.org/licenses/by-sa/3.0,https://commons.wikimedia.org/wiki/File:Brook_Carnegie_Library_P5160102.jpg,yes
Brookston,public,Brookston,Indiana,United States,"Sep 29, 1915","$10,000",111 W. 2nd St.,40.603437,-86.868274,,wikipedia-list,File:Brookston_Carnegie_Library_P5160243.jpg,https://upload.wikimedia.org/wikipedia/commons/7/74/Brookston_Carnegie_Library_P5160243.jpg?utm_source=commons.wikimedia.org&utm_campaign=imageinfo&utm_content=thumbnail_unscaled,Chris Light,CC BY-SA 3.0,https://creativecommons.org/licenses/by-sa/3.0,https://commons.wikimedia.org/wiki/File:Brookston_Carnegie_Library_P5160243.jpg,yes
Brookville,public,Brookville,Indiana,United States,"Nov 30, 1910","$10,000",919 Main St.,,,,wikipedia-list,File:Brookville_Carnegie_Library_from_southwest.jpg,https://upload.wikimedia.org/wikipedia/commons/thumb/b/b2/Brookville_Carnegie_Library_from_southwest.jpg/1920px-Brookville_Carnegie_Library_from_southwest.jpg?utm_source=commons.wikimedia.org&utm_campaign=imageinfo&utm_content=thumbnail,Nyttend,Public domain,,https://commons.wikimedia.org/wiki/File:Brookville_Carnegie_Library_from_southwest.jpg,yes
Brownsburg,public,Brownsburg,Indiana,United States,"Apr 3, 1912","$12,500",104 E. Main St.,,,,wikipedia-list,"File:Brownsburg,_Indiana_Carnege_Library.jpg",https://upload.wikimedia.org/wikipedia/commons/thumb/7/7a/Brownsburg%2C_Indiana_Carnege_Library.jpg/1920px-Brownsburg%2C_Indiana_Carnege_Library.jpg?utm_source=commons.wikimedia.org&utm_campaign=imageinfo&utm_content=thumbnail,TraHitt,CC BY-SA 4.0,https://creativecommons.org/licenses/by-sa/4.0,"https://commons.wikimedia.org/wiki/File:Brownsburg,_Indiana_Carnege_Library.jpg",yes
Butler,public,Butler,Indiana,United States,"Dec 8, 1913","$10,000",201 E. Main St.,,,,wikipedia-list,File:Butler_Carnegie_Library_P6010042.jpg,https://upload.wikimedia.org/wikipedia/commons/f/f1/Butler_Carnegie_Library_P6010042.jpg?utm_source=commons.wikimedia.org&utm_campaign=imageinfo&utm_content=thumbnail_unscaled,Chris Light,CC BY-SA 3.0,https://creativecommons.org/licenses/by-sa/3.0,https://commons.wikimedia.org/wiki/File:Butler_Carnegie_Library_P6010042.jpg,yes
Carlisle,public,Carlisle,Indiana,United States,"Feb 6, 1915","$10,000",,,,,,,,,,,,no
Carmel,public,Carmel,Indiana,United States,"Mar 14, 1913","$11,000",40 E. Main St.,,,https://en.wikipedia.org/wiki/Carmel_Library,,,,,,,,no
Clinton,public,Clinton,Indiana,United States,"Feb 25, 1908","$12,500",313 S. 4th St.,,,,,,,,,,,no
Coatesville,public,Coatesville,Indiana,United States,"Apr 13, 1914","$8,000",,,,,,,,,,,,no
Colfax,public,Colfax,Indiana,United States,"Sep 29, 1915","$9,000",207 S. Clark St.,,,https://en.wikipedia.org/wiki/Colfax_Carnegie_Library,wikipedia-list,File:Colfax_Carnegie_Library_Boone_County_Indiana_P4150099.jpg,https://upload.wikimedia.org/wikipedia/commons/b/b9/Colfax_Carnegie_Library_Boone_County_Indiana_P4150099.jpg?utm_source=commons.wikimedia.org&utm_campaign=imageinfo&utm_content=thumbnail_unscaled,Chris Light,CC BY-SA 3.0,https://creativecommons.org/licenses/by-sa/3.0,https://commons.wikimedia.org/wiki/File:Colfax_Carnegie_Library_Boone_County_Indiana_P4150099.jpg,yes
Columbus,public,Columbus,Indiana,United States,"Dec 30, 1901","$15,000",,,,,wikipedia-list,"File:Postcard_of_Carnegie_Public_Library_in_Columbus,_Indiana.jpg",https://upload.wikimedia.org/wikipedia/commons/0/06/Postcard_of_Carnegie_Public_Library_in_Columbus%2C_Indiana.jpg?utm_source=commons.wikimedia.org&utm_campaign=imageinfo&utm_content=thumbnail_unscaled,Unknown authorUnknown author,Public domain,,"https://commons.wikimedia.org/wiki/File:Postcard_of_Carnegie_Public_Library_in_Columbus,_Indiana.jpg",yes
Connersville,public,Connersville,Indiana,United States,"Dec 13, 1907","$20,000",,,,,,,,,,,,no
Converse,public,Converse,Indiana,United States,"Nov 9, 1916","$9,000",100 S. Jefferson St.,,,https://en.wikipedia.org/wiki/Converse-Jackson_Township_Public_Library,wikipedia-list,File:Converse-Jackson_Township_Public_Library.jpg,https://upload.wikimedia.org/wikipedia/commons/thumb/c/c6/Converse-Jackson_Township_Public_Library.jpg/1920px-Converse-Jackson_Township_Public_Library.jpg?utm_source=commons.wikimedia.org&utm_campaign=imageinfo&utm_content=thumbnail,Nyttend,Public domain,,https://commons.wikimedia.org/wiki/File:Converse-Jackson_Township_Public_Library.jpg,yes
Corydon,public,Corydon,Indiana,United States,"Sep 27, 1912","$7,500",117 W. Beaver St.,,,,commons-namesearch,"File:Corydon Carnegie Library, 117 West Beaver Street, 2006 (Corydon, Ind.) - DPLA - 6153f9e640aa6555f8c193a174ed7546.jpg",https://upload.wikimedia.org/wikipedia/commons/thumb/4/40/Corydon_Carnegie_Library%2C_117_West_Beaver_Street%2C_2006_%28Corydon%2C_Ind.%29_-_DPLA_-_6153f9e640aa6555f8c193a174ed7546.jpg/1920px-Corydon_Carnegie_Library%2C_117_West_Beaver_Street%2C_2006_%28Corydon%2C_Ind.%29_-_DPLA_-_6153f9e640aa6555f8c193a174ed7546.jpg?utm_source=commons.wikimedia.org&utm_campaign=imageinfo&utm_content=thumbnail,Laura Renwick; Indiana Landmarks,CC BY 4.0,https://creativecommons.org/licenses/by/4.0,"https://commons.wikimedia.org/wiki/File:Corydon_Carnegie_Library,_117_West_Beaver_Street,_2006_(Corydon,_Ind.)_-_DPLA_-_6153f9e640aa6555f8c193a174ed7546.jpg",yes
Covington,public,Covington,Indiana,United States,"Mar 14, 1913","$10,000",622 S. 5th St.,,,https://en.wikipedia.org/wiki/Carnegie_Library_of_Covington,wikipedia-list,File:Carnegie_Library_of_Covington.jpg,https://upload.wikimedia.org/wikipedia/commons/thumb/c/ca/Carnegie_Library_of_Covington.jpg/1920px-Carnegie_Library_of_Covington.jpg?utm_source=commons.wikimedia.org&utm_campaign=imageinfo&utm_content=thumbnail,Nyttend,Public domain,,https://commons.wikimedia.org/wiki/File:Carnegie_Library_of_Covington.jpg,yes
Crawfordsville,public,Crawfordsville,Indiana,United States,"Mar 8, 1901","$25,000",222 S. Washington St.,,,https://en.wikipedia.org/wiki/Carnegie_Museum_of_Montgomery_County,wikipedia-list,File:Library_P1270103.JPG,https://upload.wikimedia.org/wikipedia/commons/thumb/6/6b/Library_P1270103.JPG/1920px-Library_P1270103.JPG?utm_source=commons.wikimedia.org&utm_campaign=imageinfo&utm_content=thumbnail,Chris Light (talk),CC BY-SA 3.0,https://creativecommons.org/licenses/by-sa/3.0,https://commons.wikimedia.org/wiki/File:Library_P1270103.JPG,yes
Crown Point,public,Crown Point,Indiana,United States,"Feb 28, 1906","$12,000",223 S. Main St.,,,,wikipedia-list,File:Carnegie_Library_089.jpg,https://upload.wikimedia.org/wikipedia/commons/2/2e/Carnegie_Library_089.jpg?utm_source=commons.wikimedia.org&utm_campaign=imageinfo&utm_content=thumbnail_unscaled,Chris Light (talk),CC BY-SA 3.0,https://creativecommons.org/licenses/by-sa/3.0,https://commons.wikimedia.org/wiki/File:Carnegie_Library_089.jpg,yes
Culver,public,Culver,Indiana,United States,"Jan 6, 1915","$10,000",107 N. Main St.,,,,wikipedia-list,File:Culver-Union_Township_Public_Library.jpg,https://upload.wikimedia.org/wikipedia/commons/thumb/3/32/Culver-Union_Township_Public_Library.jpg/1920px-Culver-Union_Township_Public_Library.jpg?utm_source=commons.wikimedia.org&utm_campaign=imageinfo&utm_content=thumbnail,Jonnygskills,CC BY-SA 3.0,https://creativecommons.org/licenses/by-sa/3.0,https://commons.wikimedia.org/wiki/File:Culver-Union_Township_Public_Library.jpg,yes
Danville,public,Danville,Indiana,United States,"Mar 14, 1902","$10,000",101 S. Indiana St.,,,,wikipedia-list,"File:Carnegie_library_in_Danville,_Indiana,_front.jpg",https://upload.wikimedia.org/wikipedia/commons/thumb/b/b9/Carnegie_library_in_Danville%2C_Indiana%2C_front.jpg/1920px-Carnegie_library_in_Danville%2C_Indiana%2C_front.jpg?utm_source=commons.wikimedia.org&utm_campaign=imageinfo&utm_content=thumbnail,Nyttend,Public domain,,"https://commons.wikimedia.org/wiki/File:Carnegie_library_in_Danville,_Indiana,_front.jpg",yes
Darlington,public,Darlington,Indiana,United States,"Feb 6, 1915","$10,000",203 W. Main St.,,,,wikipedia-list,File:Carnegie_library_in_Darlington.jpg,https://upload.wikimedia.org/wikipedia/commons/thumb/9/97/Carnegie_library_in_Darlington.jpg/1920px-Carnegie_library_in_Darlington.jpg?utm_source=commons.wikimedia.org&utm_campaign=imageinfo&utm_content=thumbnail,Nyttend,Public domain,,https://commons.wikimedia.org/wiki/File:Carnegie_library_in_Darlington.jpg,yes
Decatur,public,Decatur,Indiana,United States,"Mar 8, 1904","$12,000",122 S. 3rd St.,,,,wikipedia-list,File:Decatur-indiana-superior-court.jpg,https://upload.wikimedia.org/wikipedia/commons/thumb/a/a0/Decatur-indiana-superior-court.jpg/1920px-Decatur-indiana-superior-court.jpg?utm_source=commons.wikimedia.org&utm_campaign=imageinfo&utm_content=thumbnail,Derek Jensen (Tysto),Public domain,,https://commons.wikimedia.org/wiki/File:Decatur-indiana-superior-court.jpg,yes
Delphi,public,Delphi,Indiana,United States,"Dec 30, 1904","$10,000",222 E. Main St.,,,,wikipedia-list,File:02_Carnegie_Library_P6080121.jpg,https://upload.wikimedia.org/wikipedia/commons/thumb/4/44/02_Carnegie_Library_P6080121.jpg/1920px-02_Carnegie_Library_P6080121.jpg?utm_source=commons.wikimedia.org&utm_campaign=imageinfo&utm_content=thumbnail,Chris Light,CC BY-SA 4.0,https://creativecommons.org/licenses/by-sa/4.0,https://commons.wikimedia.org/wiki/File:02_Carnegie_Library_P6080121.jpg,yes
Earl Park,public,Earl Park,Indiana,United States,"Nov 21, 1911","$7,500",102 E. 5th St.,,,,wikipedia-list,File:Carnegie_Library_P5160135.jpg,https://upload.wikimedia.org/wikipedia/commons/thumb/d/d7/Carnegie_Library_P5160135.jpg/1920px-Carnegie_Library_P5160135.jpg?utm_source=commons.wikimedia.org&utm_campaign=imageinfo&utm_content=thumbnail,Chris Light,CC BY-SA 4.0,https://creativecommons.org/licenses/by-sa/4.0,https://commons.wikimedia.org/wiki/File:Carnegie_Library_P5160135.jpg,yes
East Chicago Baring Avenue Branch,public,East Chicago,Indiana,United States,"Jan 13, 1903","$40,000",1008 W. Chicago Ave.,,,,,,,,,,,no
East Chicago Indiana Harbor Branch,public,East Chicago,Indiana,United States,"Jan 13, 1903","$20,000",3605 Grand Ave.,,,https://en.wikipedia.org/wiki/Indiana_Harbor_Public_Library,wikipedia-list,File:Indiana_Harbor_Public_Library.jpg,https://upload.wikimedia.org/wikipedia/commons/thumb/9/99/Indiana_Harbor_Public_Library.jpg/1920px-Indiana_Harbor_Public_Library.jpg?utm_source=commons.wikimedia.org&utm_campaign=imageinfo&utm_content=thumbnail,Nyttend,Public domain,,https://commons.wikimedia.org/wiki/File:Indiana_Harbor_Public_Library.jpg,yes
Elkhart,public,Elkhart,Indiana,United States,"Mar 6, 1901","$35,000",,,,,wikipedia-list,"File:Elkhart,_Indiana_Carnegie_Library_c.1921.png",https://upload.wikimedia.org/wikipedia/commons/thumb/5/5f/Elkhart%2C_Indiana_Carnegie_Library_c.1921.png/1920px-Elkhart%2C_Indiana_Carnegie_Library_c.1921.png?utm_source=commons.wikimedia.org&utm_campaign=imageinfo&utm_content=thumbnail,Unknown authorUnknown author,Public domain,,"https://commons.wikimedia.org/wiki/File:Elkhart,_Indiana_Carnegie_Library_c.1921.png",yes
Elwood,public,Elwood,Indiana,United States,"Oct 3, 1901","$30,000",124 N. 16th St.,,,,,,,,,,,no
Evansville East Branch,public,Evansville,Indiana,United States,"Jan 6, 1911","$60,000",840 E. Chandler Ave. in the Bayard Park Neighborhood,,,,wikipedia-list,File:East_Branch_Library.jpg,https://upload.wikimedia.org/wikipedia/commons/7/72/East_Branch_Library.jpg?utm_source=commons.wikimedia.org&utm_campaign=imageinfo&utm_content=thumbnail_unscaled,Joshua Claybourn,CC BY-SA 3.0,https://creativecommons.org/licenses/by-sa/3.0,https://commons.wikimedia.org/wiki/File:East_Branch_Library.jpg,yes
Evansville West Branch,public,Evansville,Indiana,United States,"Jan 6, 1911",—,2000 W. Franklin St.,,,,,,,,,,,no
Evansville Cherry Branch,public,Evansville,Indiana,United States,"Jan 6, 1911",—,515 Cherry St.,,,,,,,,,,,no
Flora,public,Flora,Indiana,United States,"Feb 3, 1917","$10,000",109 N. Center St.,,,,,,,,,,,no
Fort Branch,public,Fort Branch,Indiana,United States,"May 15, 1916","$10,000",107 E. Locust St.,,,,commons-namesearch,"File:Fort Branch Carnegie Library, East Locust Street (Fort Branch, Ind.) - DPLA - 01db5cc0e781b25aa554e6e3243039a3.jpg",https://upload.wikimedia.org/wikipedia/commons/thumb/5/53/Fort_Branch_Carnegie_Library%2C_East_Locust_Street_%28Fort_Branch%2C_Ind.%29_-_DPLA_-_01db5cc0e781b25aa554e6e3243039a3.jpg/1920px-Fort_Branch_Carnegie_Library%2C_East_Locust_Street_%28Fort_Branch%2C_Ind.%29_-_DPLA_-_01db5cc0e781b25aa554e6e3243039a3.jpg?utm_source=commons.wikimedia.org&utm_campaign=imageinfo&utm_content=thumbnail,Indiana Landmarks,CC BY 4.0,https://creativecommons.org/licenses/by/4.0,"https://commons.wikimedia.org/wiki/File:Fort_Branch_Carnegie_Library,_East_Locust_Street_(Fort_Branch,_Ind.)_-_DPLA_-_01db5cc0e781b25aa554e6e3243039a3.jpg",yes
Fort Wayne,public,Fort Wayne,Indiana,United States,"Mar 14, 1901","$90,000",900 Library Plz.,,,,,,,,,,,no
Fortville,public,Fortville,Indiana,United States,"Mar 31, 1916","$10,000",115 N. Main St.,,,,,,,,,,,no
Fowler,public,Fowler,Indiana,United States,"Apr 11, 1906","$7,500",102 N. Van Buren Ave.,,,,wikipedia-list,File:Fowler_Carnegie_Library_P5160147.jpg,https://upload.wikimedia.org/wikipedia/commons/b/bd/Fowler_Carnegie_Library_P5160147.jpg?utm_source=commons.wikimedia.org&utm_campaign=imageinfo&utm_content=thumbnail_unscaled,Chris Light,CC BY-SA 3.0,https://creativecommons.org/licenses/by-sa/3.0,https://commons.wikimedia.org/wiki/File:Fowler_Carnegie_Library_P5160147.jpg,yes
Francesville,public,Francesville,Indiana,United States,"Apr 19, 1915","$9,000",201 W. Montgomery St.,,,,wikipedia-list,File:Francesville_-_P6170774.jpg,https://upload.wikimedia.org/wikipedia/commons/9/90/Francesville_-_P6170774.jpg?utm_source=commons.wikimedia.org&utm_campaign=imageinfo&utm_content=thumbnail_unscaled,Chris Light (talk),CC BY-SA 3.0,https://creativecommons.org/licenses/by-sa/3.0,https://commons.wikimedia.org/wiki/File:Francesville_-_P6170774.jpg,yes
Frankfort,public,Frankfort,Indiana,United States,"Nov 24, 1905","$22,500",208 W. Clinton St.,,,,wikipedia-list,File:Frankfort_Community_Public_Library.JPG,https://upload.wikimedia.org/wikipedia/commons/f/f1/Frankfort_Community_Public_Library.JPG?utm_source=commons.wikimedia.org&utm_campaign=imageinfo&utm_content=thumbnail_unscaled,GaymerCub,CC BY-SA 4.0,https://creativecommons.org/licenses/by-sa/4.0,https://commons.wikimedia.org/wiki/File:Frankfort_Community_Public_Library.JPG,yes
Franklin,public,Franklin,Indiana,United States,"Apr 28, 1913","$17,500",196 E. Madison St.,,,,,,,,,,,no
Garrett,public,Garrett,Indiana,United States,"Mar 14, 1913","$10,000",107 W. Houston St.,,,,wikipedia-list,"File:Garrett_Public_Library,_Garrett,_Indiana,_front_view.jpg",https://upload.wikimedia.org/wikipedia/commons/thumb/3/38/Garrett_Public_Library%2C_Garrett%2C_Indiana%2C_front_view.jpg/1920px-Garrett_Public_Library%2C_Garrett%2C_Indiana%2C_front_view.jpg?utm_source=commons.wikimedia.org&utm_campaign=imageinfo&utm_content=thumbnail,HistoricBuildingFan,CC BY-SA 4.0,https://creativecommons.org/licenses/by-sa/4.0,"https://commons.wikimedia.org/wiki/File:Garrett_Public_Library,_Garrett,_Indiana,_front_view.jpg",yes
Gary Central Branch,public,Gary,Indiana,United States,"Apr 28, 1910","$90,000",,,,,,,,,,,,no
Gary Bailey Branch,public,Gary,Indiana,United States,"Apr 28, 1910","$25,000",1501 W. Madison St.,,,https://en.wikipedia.org/wiki/Louis_J._Bailey_Branch_Library-Gary_International_Institute,wikipedia-list,File:Louis_J._Bailey_Branch_Library.jpg,https://upload.wikimedia.org/wikipedia/commons/thumb/d/dd/Louis_J._Bailey_Branch_Library.jpg/1920px-Louis_J._Bailey_Branch_Library.jpg?utm_source=commons.wikimedia.org&utm_campaign=imageinfo&utm_content=thumbnail,Nyttend,Public domain,,https://commons.wikimedia.org/wiki/File:Louis_J._Bailey_Branch_Library.jpg,yes
Gas City,public,Gas City,Indiana,United States,"Jan 2, 1913","$12,500",135 E. Main St.,,,,wikipedia-list,File:Gas_City_Carnegie_Grant_County_Indiana.jpg,https://upload.wikimedia.org/wikipedia/commons/a/ac/Gas_City_Carnegie_Grant_County_Indiana.jpg?utm_source=commons.wikimedia.org&utm_campaign=imageinfo&utm_content=thumbnail_unscaled,Chris Light,CC BY-SA 3.0,https://creativecommons.org/licenses/by-sa/3.0,https://commons.wikimedia.org/wiki/File:Gas_City_Carnegie_Grant_County_Indiana.jpg,yes
Goshen,public,Goshen,Indiana,United States,"Jan 15, 1901","$25,000",202 N. 5th St.,,,https://en.wikipedia.org/wiki/Goshen_Carnegie_Public_Library,wikipedia-list,File:Goshen_Carnegie_Public_Library.jpg,https://upload.wikimedia.org/wikipedia/commons/thumb/b/bb/Goshen_Carnegie_Public_Library.jpg/1920px-Goshen_Carnegie_Public_Library.jpg?utm_source=commons.wikimedia.org&utm_campaign=imageinfo&utm_content=thumbnail,Nyttend,Public domain,,https://commons.wikimedia.org/wiki/File:Goshen_Carnegie_Public_Library.jpg,yes
Grandview,public,Grandview,Indiana,United States,"Sep 14, 1917","$8,000",403 Main St.,,,,wikipedia-list,File:Grandview_Carnegie_Library.jpg,https://upload.wikimedia.org/wikipedia/commons/thumb/9/97/Grandview_Carnegie_Library.jpg/1920px-Grandview_Carnegie_Library.jpg?utm_source=commons.wikimedia.org&utm_campaign=imageinfo&utm_content=thumbnail,Nyttend,Public domain,,https://commons.wikimedia.org/wiki/File:Grandview_Carnegie_Library.jpg,yes
Greencastle,public,Greencastle,Indiana,United States,"Jan 22, 1902","$20,165",103 E. Poplar St.,,,,wikipedia-list,File:CarnegieLibraryGreencastleIN.JPG,https://upload.wikimedia.org/wikipedia/commons/thumb/c/c1/CarnegieLibraryGreencastleIN.JPG/1920px-CarnegieLibraryGreencastleIN.JPG?utm_source=commons.wikimedia.org&utm_campaign=imageinfo&utm_content=thumbnail,WhisperToMe,Public domain,,https://commons.wikimedia.org/wiki/File:CarnegieLibraryGreencastleIN.JPG,yes
Greenfield,public,Greenfield,Indiana,United States,"Mar 8, 1904","$10,000",100 W. North St.,,,,wikipedia-list,File:Greenfield_Carnegie_Library.jpg,https://upload.wikimedia.org/wikipedia/commons/thumb/d/d7/Greenfield_Carnegie_Library.jpg/1920px-Greenfield_Carnegie_Library.jpg?utm_source=commons.wikimedia.org&utm_campaign=imageinfo&utm_content=thumbnail,Nyttend,Public domain,,https://commons.wikimedia.org/wiki/File:Greenfield_Carnegie_Library.jpg,yes
Greensburg,public,Greensburg,Indiana,United States,"Mar 14, 1902","$15,000",114 N. Michigan Ave.,,,https://en.wikipedia.org/wiki/Greensburg_Carnegie_Public_Library,wikipedia-list,File:Greensburg_Carnegie_Public_Library.jpg,https://upload.wikimedia.org/wikipedia/commons/thumb/5/5c/Greensburg_Carnegie_Public_Library.jpg/1920px-Greensburg_Carnegie_Public_Library.jpg?utm_source=commons.wikimedia.org&utm_campaign=imageinfo&utm_content=thumbnail,Nyttend,Public domain,,https://commons.wikimedia.org/wiki/File:Greensburg_Carnegie_Public_Library.jpg,yes
Hammond,public,Hammond,Indiana,United States,"Jan 14, 1904","$27,000",,,,,,,,,,,,no
Hartford City,public,Hartford City,Indiana,United States,"Jan 22, 1902","$16,000",314 N. High St.,,,,wikipedia-list,File:Hartford_City_Public_Library.jpg,https://upload.wikimedia.org/wikipedia/commons/thumb/6/63/Hartford_City_Public_Library.jpg/1920px-Hartford_City_Public_Library.jpg?utm_source=commons.wikimedia.org&utm_campaign=imageinfo&utm_content=thumbnail,Nyttend,Public domain,,https://commons.wikimedia.org/wiki/File:Hartford_City_Public_Library.jpg,yes
Hebron,public,Hebron,Indiana,United States,"Sep 14, 1917","$10,000",201 W. Sigler St.,,,,wikipedia-list,File:Hebron_Carnegie_Library_P7240034.jpg,https://upload.wikimedia.org/wikipedia/commons/1/1b/Hebron_Carnegie_Library_P7240034.jpg?utm_source=commons.wikimedia.org&utm_campaign=imageinfo&utm_content=thumbnail_unscaled,Chris Light (talk),CC BY-SA 3.0,https://creativecommons.org/licenses/by-sa/3.0,https://commons.wikimedia.org/wiki/File:Hebron_Carnegie_Library_P7240034.jpg,yes
Hobart,public,Hobart,Indiana,United States,"Jan 14, 1914","$16,000",706 E. 4th St.,,,https://en.wikipedia.org/wiki/Hobart_Carnegie_Library,wikipedia-list,File:Hobart_Carnegie_Library_Hobart_Indiana_P7220023.jpg,https://upload.wikimedia.org/wikipedia/commons/a/a0/Hobart_Carnegie_Library_Hobart_Indiana_P7220023.jpg?utm_source=commons.wikimedia.org&utm_campaign=imageinfo&utm_content=thumbnail_unscaled,Chris Light (talk),CC BY-SA 3.0,https://creativecommons.org/licenses/by-sa/3.0,https://commons.wikimedia.org/wiki/File:Hobart_Carnegie_Library_Hobart_Indiana_P7220023.jpg,yes
Huntington,public,Huntington,Indiana,United States,"Dec 21, 1901","$25,000",44 E. Park Dr.,,,,wikipedia-list,"File:Former_Carnegie_library_building_in_Huntington,_Indiana_in_July_2025.jpg",https://upload.wikimedia.org/wikipedia/commons/a/aa/Former_Carnegie_library_building_in_Huntington%2C_Indiana_in_July_2025.jpg?utm_source=commons.wikimedia.org&utm_campaign=imageinfo&utm_content=thumbnail_unscaled,Leonor Hopscotch,CC BY-SA 4.0,https://creativecommons.org/licenses/by-sa/4.0,"https://commons.wikimedia.org/wiki/File:Former_Carnegie_library_building_in_Huntington,_Indiana_in_July_2025.jpg",yes
Indianapolis West Indianapolis Branch,public,Indianapolis,Indiana,United States,"Jan 19, 1909","$100,000",1926 W. Morris St.,,,,wikipedia-list,File:Indianapolis_West_Indianapolis_Branch_Library_1914.jpg,https://upload.wikimedia.org/wikipedia/commons/2/2a/Indianapolis_West_Indianapolis_Branch_Library_1914.jpg?utm_source=commons.wikimedia.org&utm_campaign=imageinfo&utm_content=thumbnail_unscaled,Bass Photo Company,Public domain,,https://commons.wikimedia.org/wiki/File:Indianapolis_West_Indianapolis_Branch_Library_1914.jpg,yes
Indianapolis Madison Avenue Branch,public,Indianapolis,Indiana,United States,"Jan 19, 1909",—,1034 S. Alabama St.,,,,wikipedia-list,File:Indianapolis_Madison_Avenue_Branch_Library_in_1915.jpg,https://upload.wikimedia.org/wikipedia/commons/c/cb/Indianapolis_Madison_Avenue_Branch_Library_in_1915.jpg?utm_source=commons.wikimedia.org&utm_campaign=imageinfo&utm_content=thumbnail_unscaled,Bass Photo Company,Public domain,,https://commons.wikimedia.org/wiki/File:Indianapolis_Madison_Avenue_Branch_Library_in_1915.jpg,yes
Indianapolis Spades Park Branch,public,Indianapolis,Indiana,United States,"Jan 19, 1909",—,1801 Nowland Ave.,,,https://en.wikipedia.org/wiki/Indianapolis_Public_Library_Branch_No._6,wikipedia-list,File:Spades_Park_Branch.JPG,https://upload.wikimedia.org/wikipedia/commons/3/3e/Spades_Park_Branch.JPG?utm_source=commons.wikimedia.org&utm_campaign=imageinfo&utm_content=thumbnail_unscaled,GaymerCub,CC BY-SA 4.0,https://creativecommons.org/licenses/by-sa/4.0,https://commons.wikimedia.org/wiki/File:Spades_Park_Branch.JPG,yes
Indianapolis East Washington Branch,public,Indianapolis,Indiana,United States,"Jan 19, 1909",—,2822 E. Washington St.,,,https://en.wikipedia.org/wiki/Indianapolis_Public_Library_Branch_No._3,wikipedia-list,File:Indianapolis_Public_Library_Branch_No._3.jpg,https://upload.wikimedia.org/wikipedia/commons/thumb/f/fe/Indianapolis_Public_Library_Branch_No._3.jpg/1920px-Indianapolis_Public_Library_Branch_No._3.jpg?utm_source=commons.wikimedia.org&utm_campaign=imageinfo&utm_content=thumbnail,Nyttend,Public domain,,https://commons.wikimedia.org/wiki/File:Indianapolis_Public_Library_Branch_No._3.jpg,yes
Indianapolis Hawthorne Branch,public,Indianapolis,Indiana,United States,"Jan 19, 1909",—,70 N. Mount St.,,,https://en.wikipedia.org/wiki/Hawthorne_Branch_Library_No._2,wikipedia-list,File:Hawthorne_Branch_Library_No._2.jpg,https://upload.wikimedia.org/wikipedia/commons/thumb/f/f3/Hawthorne_Branch_Library_No._2.jpg/1920px-Hawthorne_Branch_Library_No._2.jpg?utm_source=commons.wikimedia.org&utm_campaign=imageinfo&utm_content=thumbnail,Nyttend,Public domain,,https://commons.wikimedia.org/wiki/File:Hawthorne_Branch_Library_No._2.jpg,yes
Jeffersonville,public,Jeffersonville,Indiana,United States,"Feb 15, 1902","$16,000",Warder Park,,,,wikipedia-list,File:Carnegie_Library_Jeffersonville.jpg,https://upload.wikimedia.org/wikipedia/commons/0/00/Carnegie_Library_Jeffersonville.jpg?utm_source=commons.wikimedia.org&utm_campaign=imageinfo&utm_content=thumbnail_unscaled,Bedford at en.wikipedia,Public domain,,https://commons.wikimedia.org/wiki/File:Carnegie_Library_Jeffersonville.jpg,yes
Kendallville,public,Kendallville,Indiana,United States,"Jul 13, 1912","$12,500",124 E. Rush St.,,,,commons-namesearch,"File:(Former) Kendallville Carnegie Library, Kendallville, Indiana, entrance.jpg",https://upload.wikimedia.org/wikipedia/commons/thumb/8/87/%28Former%29_Kendallville_Carnegie_Library%2C_Kendallville%2C_Indiana%2C_entrance.jpg/1920px-%28Former%29_Kendallville_Carnegie_Library%2C_Kendallville%2C_Indiana%2C_entrance.jpg?utm_source=commons.wikimedia.org&utm_campaign=imageinfo&utm_content=thumbnail,HistoricBuildingFan,CC BY-SA 4.0,https://creativecommons.org/licenses/by-sa/4.0,"https://commons.wikimedia.org/wiki/File:(Former)_Kendallville_Carnegie_Library,_Kendallville,_Indiana,_entrance.jpg",yes
Kentland,public,Kentland,Indiana,United States,"Dec 2, 1909","$10,000",201 E. Graham St.,,,,wikipedia-list,File:Kentland_Carnegie_Library_P5160123.jpg,https://upload.wikimedia.org/wikipedia/commons/9/92/Kentland_Carnegie_Library_P5160123.jpg?utm_source=commons.wikimedia.org&utm_campaign=imageinfo&utm_content=thumbnail_unscaled,Chris Light,CC BY-SA 3.0,https://creativecommons.org/licenses/by-sa/3.0,https://commons.wikimedia.org/wiki/File:Kentland_Carnegie_Library_P5160123.jpg,yes
Kewanna,public,Kewanna,Indiana,United States,"May 21, 1913","$8,000",210 E. Main St.,,,,wikipedia-list,File:Kenwana_Carnegie_Library_P9190162.jpg,https://upload.wikimedia.org/wikipedia/commons/thumb/e/ee/Kenwana_Carnegie_Library_P9190162.jpg/1920px-Kenwana_Carnegie_Library_P9190162.jpg?utm_source=commons.wikimedia.org&utm_campaign=imageinfo&utm_content=thumbnail,Chris Light,CC BY-SA 4.0,https://creativecommons.org/licenses/by-sa/4.0,https://commons.wikimedia.org/wiki/File:Kenwana_Carnegie_Library_P9190162.jpg,yes
Kingman,public,Kingman,Indiana,United States,"Jul 9, 1913","$8,000",123 W. State St.,,,,,,,,,,,no
Kirklin,public,Kirklin,Indiana,United States,"May 8, 1914","$7,500",115 N. Main St.,,,https://en.wikipedia.org/wiki/Kirklin_Public_Library,wikipedia-list,File:Kirlin_Carnegie_Library_P6080108.jpg,https://upload.wikimedia.org/wikipedia/commons/e/ed/Kirlin_Carnegie_Library_P6080108.jpg?utm_source=commons.wikimedia.org&utm_campaign=imageinfo&utm_content=thumbnail_unscaled,Chris Light,CC BY-SA 3.0,https://creativecommons.org/licenses/by-sa/3.0,https://commons.wikimedia.org/wiki/File:Kirlin_Carnegie_Library_P6080108.jpg,yes
Knightstown,public,Knightstown,Indiana,United States,"Apr 25, 1911","$10,000",5 E. Main St.,,,,wikipedia-list,File:Carnegie_library_in_Knightstown.jpg,https://upload.wikimedia.org/wikipedia/commons/thumb/3/33/Carnegie_library_in_Knightstown.jpg/1920px-Carnegie_library_in_Knightstown.jpg?utm_source=commons.wikimedia.org&utm_campaign=imageinfo&utm_content=thumbnail,Nyttend,Public domain,,https://commons.wikimedia.org/wiki/File:Carnegie_library_in_Knightstown.jpg,yes
Kokomo,public,Kokomo,Indiana,United States,"Mar 14, 1902","$25,000",,,,,,,,,,,,no
LaGrange,public,LaGrange,Indiana,United States,"Nov 9, 1916","$12,500",203 W. Spring St.,,,,wikipedia-list,File:Carnegie_Library_LaGrange_Indiana_PA160346.jpg,https://upload.wikimedia.org/wikipedia/commons/d/d7/Carnegie_Library_LaGrange_Indiana_PA160346.jpg?utm_source=commons.wikimedia.org&utm_campaign=imageinfo&utm_content=thumbnail_unscaled,Chris Light (talk),CC BY-SA 3.0,https://creativecommons.org/licenses/by-sa/3.0,https://commons.wikimedia.org/wiki/File:Carnegie_Library_LaGrange_Indiana_PA160346.jpg,yes
La Porte,public,La Porte,Indiana,United States,"Mar 31, 1916","$27,500",904 Indiana Ave.,,,https://en.wikipedia.org/wiki/La_Porte_Public_Library,wikipedia-list,File:LaPorte_County_Public_Library.jpg,https://upload.wikimedia.org/wikipedia/commons/thumb/1/19/LaPorte_County_Public_Library.jpg/1920px-LaPorte_County_Public_Library.jpg?utm_source=commons.wikimedia.org&utm_campaign=imageinfo&utm_content=thumbnail,Fleela,Public domain,,https://commons.wikimedia.org/wiki/File:LaPorte_County_Public_Library.jpg,yes
Lawrenceburg,public,Lawrenceburg,Indiana,United States,"Apr 13, 1914","$11,000",150 Mary St.,,,,wikipedia-list,File:Lawrenceburg_Public_Library_2017.jpg,https://upload.wikimedia.org/wikipedia/commons/thumb/2/29/Lawrenceburg_Public_Library_2017.jpg/1920px-Lawrenceburg_Public_Library_2017.jpg?utm_source=commons.wikimedia.org&utm_campaign=imageinfo&utm_content=thumbnail,Antony-22,CC BY-SA 4.0,https://creativecommons.org/licenses/by-sa/4.0,https://commons.wikimedia.org/wiki/File:Lawrenceburg_Public_Library_2017.jpg,yes
Lebanon,public,Lebanon,Indiana,United States,"Jan 6, 1903","$15,000",104 E. Washington St.,,,,wikipedia-list,"File:Carnegie_library_in_Lebanon,_Indiana.jpg",https://upload.wikimedia.org/wikipedia/commons/thumb/c/cd/Carnegie_library_in_Lebanon%2C_Indiana.jpg/1920px-Carnegie_library_in_Lebanon%2C_Indiana.jpg?utm_source=commons.wikimedia.org&utm_campaign=imageinfo&utm_content=thumbnail,Nyttend,Public domain,,"https://commons.wikimedia.org/wiki/File:Carnegie_library_in_Lebanon,_Indiana.jpg",yes
Liberty,public,Liberty,Indiana,United States,"Jan 6, 1915","$10,000",2 E. Seminary St.,,,,wikipedia-list,File:Union_County_Public_Library_in_Liberty.jpg,https://upload.wikimedia.org/wikipedia/commons/thumb/1/13/Union_County_Public_Library_in_Liberty.jpg/1920px-Union_County_Public_Library_in_Liberty.jpg?utm_source=commons.wikimedia.org&utm_campaign=imageinfo&utm_content=thumbnail,Nyttend,Public domain,,https://commons.wikimedia.org/wiki/File:Union_County_Public_Library_in_Liberty.jpg,yes
Ligonier,public,Ligonier,Indiana,United States,"Apr 8, 1907","$10,000",300 S. Main St.,,,,wikipedia-list,File:Ligonier_Carnegie_Library_P6010027.jpg,https://upload.wikimedia.org/wikipedia/commons/6/6d/Ligonier_Carnegie_Library_P6010027.jpg?utm_source=commons.wikimedia.org&utm_campaign=imageinfo&utm_content=thumbnail_unscaled,Chris Light,CC BY-SA 3.0,https://creativecommons.org/licenses/by-sa/3.0,https://commons.wikimedia.org/wiki/File:Ligonier_Carnegie_Library_P6010027.jpg,yes
Linden,public,Linden,Indiana,United States,"Jan 28, 1916","$7,500",102 S. Main St.,,,,wikipedia-list,File:Linden_Carnegie_Library.jpg,https://upload.wikimedia.org/wikipedia/commons/thumb/e/e9/Linden_Carnegie_Library.jpg/1920px-Linden_Carnegie_Library.jpg?utm_source=commons.wikimedia.org&utm_campaign=imageinfo&utm_content=thumbnail,Nyttend,Public domain,,https://commons.wikimedia.org/wiki/File:Linden_Carnegie_Library.jpg,yes
Linton,public,Linton,Indiana,United States,"Dec 24, 1907","$15,000",110 E. Vincennes St.,,,,wikipedia-list,File:Linton_Public_Library_in_sunlight.jpg,https://upload.wikimedia.org/wikipedia/commons/thumb/6/6f/Linton_Public_Library_in_sunlight.jpg/1920px-Linton_Public_Library_in_sunlight.jpg?utm_source=commons.wikimedia.org&utm_campaign=imageinfo&utm_content=thumbnail,Nyttend,Public domain,,https://commons.wikimedia.org/wiki/File:Linton_Public_Library_in_sunlight.jpg,yes
Logansport,public,Logansport,Indiana,United States,"Apr 26, 1902","$35,000",,,,,wikipedia-list,File:Logansport_Indiana_Carnegie_Library.jpg,https://upload.wikimedia.org/wikipedia/commons/thumb/b/bc/Logansport_Indiana_Carnegie_Library.jpg/1920px-Logansport_Indiana_Carnegie_Library.jpg?utm_source=commons.wikimedia.org&utm_campaign=imageinfo&utm_content=thumbnail,Unknown authorUnknown author,Public domain,,https://commons.wikimedia.org/wiki/File:Logansport_Indiana_Carnegie_Library.jpg,yes
Lowell,public,Lowell,Indiana,United States,"Mar 11, 1918","$12,500",512 E. Commercial Ave.,,,,wikipedia-list,File:Lowell_Carnegie_Library_2017-03-29_302.jpg,https://upload.wikimedia.org/wikipedia/commons/thumb/5/51/Lowell_Carnegie_Library_2017-03-29_302.jpg/1920px-Lowell_Carnegie_Library_2017-03-29_302.jpg?utm_source=commons.wikimedia.org&utm_campaign=imageinfo&utm_content=thumbnail,Chris Light,CC BY-SA 4.0,https://creativecommons.org/licenses/by-sa/4.0,https://commons.wikimedia.org/wiki/File:Lowell_Carnegie_Library_2017-03-29_302.jpg,yes
Marion,public,Marion,Indiana,United States,"Feb 18, 1901","$50,000",600 S. Washington St.,,,,wikipedia-list,File:Marion_Carnegie_Marion_Grant_County_Indiana.jpg,https://upload.wikimedia.org/wikipedia/commons/thumb/b/b3/Marion_Carnegie_Marion_Grant_County_Indiana.jpg/1920px-Marion_Carnegie_Marion_Grant_County_Indiana.jpg?utm_source=commons.wikimedia.org&utm_campaign=imageinfo&utm_content=thumbnail,Chris Light,CC BY-SA 3.0,https://creativecommons.org/licenses/by-sa/3.0,https://commons.wikimedia.org/wiki/File:Marion_Carnegie_Marion_Grant_County_Indiana.jpg,yes
Martinsville,public,Martinsville,Indiana,United States,"Feb 13, 1906","$12,500",110 S. Jefferson St.,,,,wikipedia-list,File:Carnegie_library_in_Martinsville.jpg,https://upload.wikimedia.org/wikipedia/commons/thumb/6/62/Carnegie_library_in_Martinsville.jpg/1920px-Carnegie_library_in_Martinsville.jpg?utm_source=commons.wikimedia.org&utm_campaign=imageinfo&utm_content=thumbnail,Nyttend,Public domain,,https://commons.wikimedia.org/wiki/File:Carnegie_library_in_Martinsville.jpg,yes
Merom,public,Merom,Indiana,United States,"Nov 9, 1916","$10,000",8554 W. Market St.,,,,,,,,,,,no
Milford,public,Milford,Indiana,United States,"Dec 3, 1915","$10,000",101 N. Main St.,,,,wikipedia-list,File:Milford_Carnegie_Library_P6010005.jpg,https://upload.wikimedia.org/wikipedia/commons/c/cc/Milford_Carnegie_Library_P6010005.jpg?utm_source=commons.wikimedia.org&utm_campaign=imageinfo&utm_content=thumbnail_unscaled,Chris Light,CC BY-SA 3.0,https://creativecommons.org/licenses/by-sa/3.0,https://commons.wikimedia.org/wiki/File:Milford_Carnegie_Library_P6010005.jpg,yes
Mishawaka,public,Mishawaka,Indiana,United States,"Jan 6, 1915","$30,000",122 N. Hill St.,,,https://en.wikipedia.org/wiki/Old_Mishawaka_Carnegie_Library,wikipedia-list,File:Mishawaka_Carnegie_Library.jpg,https://upload.wikimedia.org/wikipedia/commons/thumb/4/44/Mishawaka_Carnegie_Library.jpg/1920px-Mishawaka_Carnegie_Library.jpg?utm_source=commons.wikimedia.org&utm_campaign=imageinfo&utm_content=thumbnail,Nyttend,Public domain,,https://commons.wikimedia.org/wiki/File:Mishawaka_Carnegie_Library.jpg,yes
Mitchell,public,Mitchell,Indiana,United States,"May 8, 1914","$15,000",804 W. Main St.,,,,wikipedia-list,File:Carnegie_Library_P5250472.jpg,https://upload.wikimedia.org/wikipedia/commons/thumb/7/77/Carnegie_Library_P5250472.jpg/1920px-Carnegie_Library_P5250472.jpg?utm_source=commons.wikimedia.org&utm_campaign=imageinfo&utm_content=thumbnail,Chris Light,CC BY-SA 4.0,https://creativecommons.org/licenses/by-sa/4.0,https://commons.wikimedia.org/wiki/File:Carnegie_Library_P5250472.jpg,yes
Monon,public,Monon,Indiana,United States,"Dec 8, 1913","$10,000",427 N. Market St.,,,,wikipedia-list,File:Monon_Carnegie_Library_P5160257.jpg,https://upload.wikimedia.org/wikipedia/commons/5/56/Monon_Carnegie_Library_P5160257.jpg?utm_source=commons.wikimedia.org&utm_campaign=imageinfo&utm_content=thumbnail_unscaled,Chris Light,CC BY-SA 3.0,https://creativecommons.org/licenses/by-sa/3.0,https://commons.wikimedia.org/wiki/File:Monon_Carnegie_Library_P5160257.jpg,yes
Monterey,public,Monterey,Indiana,United States,"Apr 3, 1917","$5,000",6260 E. Main St.,,,,,,,,,,,no
Monticello,public,Monticello,Indiana,United States,"Jan 16, 1906","$10,000",101 S. Bluff St.,,,https://en.wikipedia.org/wiki/Monticello_Carnegie_Library,wikipedia-list,File:Monticello_Carnegie_Library.jpg,https://upload.wikimedia.org/wikipedia/commons/thumb/b/ba/Monticello_Carnegie_Library.jpg/1920px-Monticello_Carnegie_Library.jpg?utm_source=commons.wikimedia.org&utm_campaign=imageinfo&utm_content=thumbnail,Nyttend,Public domain,,https://commons.wikimedia.org/wiki/File:Monticello_Carnegie_Library.jpg,yes
Montpelier,public,Montpelier,Indiana,United States,"Feb 21, 1907","$10,000",301 S. Main St.,,,https://en.wikipedia.org/wiki/Montpelier_Carnegie_Library,wikipedia-list,File:Montpelier_Carnegie_Library.jpg,https://upload.wikimedia.org/wikipedia/commons/thumb/9/90/Montpelier_Carnegie_Library.jpg/1920px-Montpelier_Carnegie_Library.jpg?utm_source=commons.wikimedia.org&utm_campaign=imageinfo&utm_content=thumbnail,Nyttend,Public domain,,https://commons.wikimedia.org/wiki/File:Montpelier_Carnegie_Library.jpg,yes
Mooresville,public,Mooresville,Indiana,United States,"Jan 2, 1913","$10,000",30 W. Main St.,,,,,,,,,,,no
Mount Vernon,public,Mount Vernon,Indiana,United States,"Dec 27, 1902","$14,000",520 Main St.,,,,wikipedia-list,"File:Mount_Vernon_Carnegie_Library,_520_Main.jpg",https://upload.wikimedia.org/wikipedia/commons/thumb/7/74/Mount_Vernon_Carnegie_Library%2C_520_Main.jpg/1920px-Mount_Vernon_Carnegie_Library%2C_520_Main.jpg?utm_source=commons.wikimedia.org&utm_campaign=imageinfo&utm_content=thumbnail,Nyttend,Public domain,,"https://commons.wikimedia.org/wiki/File:Mount_Vernon_Carnegie_Library,_520_Main.jpg",yes
Muncie,public,Muncie,Indiana,United States,"Mar 8, 1901","$55,000",301 E. Jackson St.,,,"https://en.wikipedia.org/wiki/Carnegie_Library_(Muncie,_Indiana)",wikipedia-list,File:Muncie_Public_Library.jpg,https://upload.wikimedia.org/wikipedia/commons/thumb/4/46/Muncie_Public_Library.jpg/1920px-Muncie_Public_Library.jpg?utm_source=commons.wikimedia.org&utm_campaign=imageinfo&utm_content=thumbnail,Nyttend,Public domain,,https://commons.wikimedia.org/wiki/File:Muncie_Public_Library.jpg,yes
New Albany,public,New Albany,Indiana,United States,"Mar 14, 1902","$40,000",201 E. Spring St.,,,https://en.wikipedia.org/wiki/Carnegie_Center_for_Art_%26_History,wikipedia-list,File:Carnegie_47150.jpg,https://upload.wikimedia.org/wikipedia/commons/1/15/Carnegie_47150.jpg?utm_source=commons.wikimedia.org&utm_campaign=imageinfo&utm_content=thumbnail_unscaled,Bedford,Public domain,,https://commons.wikimedia.org/wiki/File:Carnegie_47150.jpg,yes
New Carlisle,public,New Carlisle,Indiana,United States,"Sep 14, 1917","$9,000",124 E. Michigan St.,,,,wikipedia-list,"File:Carnegie_Library_in_New_Carlisle,_Indiana.jpg",https://upload.wikimedia.org/wikipedia/commons/8/88/Carnegie_Library_in_New_Carlisle%2C_Indiana.jpg?utm_source=commons.wikimedia.org&utm_campaign=imageinfo&utm_content=thumbnail_unscaled,Chris Light,CC BY-SA 3.0,https://creativecommons.org/licenses/by-sa/3.0,"https://commons.wikimedia.org/wiki/File:Carnegie_Library_in_New_Carlisle,_Indiana.jpg",yes
New Castle,public,New Castle,Indiana,United States,"Jul 9, 1913","$20,000",376 S. 15th St.,,,,,,,,,,,no
Newburgh,public,Newburgh,Indiana,United States,"May 15, 1916","$10,000",23 W. Jennings St.,,,,,,,,,,,no
Noblesville,public,Noblesville,Indiana,United States,"Dec 29, 1903","$12,500",16 S. 10th St.,,,,,,,,,,,no
North Judson,public,North Judson,Indiana,United States,"Sep 14, 1917","$10,000",208 Keller Ave.,,,,wikipedia-list,File:North_Judson_Carnegie_Library_P1010089.jpg,https://upload.wikimedia.org/wikipedia/commons/a/a3/North_Judson_Carnegie_Library_P1010089.jpg?utm_source=commons.wikimedia.org&utm_campaign=imageinfo&utm_content=thumbnail_unscaled,Chris Light,CC BY-SA 3.0,https://creativecommons.org/licenses/by-sa/3.0,https://commons.wikimedia.org/wiki/File:North_Judson_Carnegie_Library_P1010089.jpg,yes
North Manchester,public,North Manchester,Indiana,United States,"Apr 8, 1910","$10,000",204 W. Main St.,,,https://en.wikipedia.org/wiki/North_Manchester_Public_Library,wikipedia-list,File:North_Manchester_Public_Library.jpg,https://upload.wikimedia.org/wikipedia/commons/thumb/4/47/North_Manchester_Public_Library.jpg/1920px-North_Manchester_Public_Library.jpg?utm_source=commons.wikimedia.org&utm_campaign=imageinfo&utm_content=thumbnail,Nyttend,Public domain,,https://commons.wikimedia.org/wiki/File:North_Manchester_Public_Library.jpg,yes
North Vernon,public,North Vernon,Indiana,United States,"Feb 8, 1918","$20,000",143 E. Walnut St.,,,,wikipedia-list,File:Jennings_County_Carnegie_Library.jpg,https://upload.wikimedia.org/wikipedia/commons/thumb/a/a8/Jennings_County_Carnegie_Library.jpg/1920px-Jennings_County_Carnegie_Library.jpg?utm_source=commons.wikimedia.org&utm_campaign=imageinfo&utm_content=thumbnail,Nyttend,Public domain,,https://commons.wikimedia.org/wiki/File:Jennings_County_Carnegie_Library.jpg,yes
Orleans,public,Orleans,Indiana,United States,"Jan 6, 1915","$10,000",174 N. Maple St.,,,,wikipedia-list,File:Orleans_Public_Library.jpg,https://upload.wikimedia.org/wikipedia/commons/thumb/5/5d/Orleans_Public_Library.jpg/1920px-Orleans_Public_Library.jpg?utm_source=commons.wikimedia.org&utm_campaign=imageinfo&utm_content=thumbnail,Nyttend,Public domain,,https://commons.wikimedia.org/wiki/File:Orleans_Public_Library.jpg,yes
Osgood,public,Osgood,Indiana,United States,"Jan 9, 1913","$9,000",136 W. Ripley St.,,,,wikipedia-list,File:Osgood_Carnegie_library.jpg,https://upload.wikimedia.org/wikipedia/commons/thumb/3/31/Osgood_Carnegie_library.jpg/1920px-Osgood_Carnegie_library.jpg?utm_source=commons.wikimedia.org&utm_campaign=imageinfo&utm_content=thumbnail,Nyttend,Public domain,,https://commons.wikimedia.org/wiki/File:Osgood_Carnegie_library.jpg,yes
Owensville,public,Owensville,Indiana,United States,"Dec 3, 1915","$12,500",110 S. Main St.,,,,wikipedia-list,File:Owensville_Carnegie_Library.jpg,https://upload.wikimedia.org/wikipedia/commons/thumb/e/eb/Owensville_Carnegie_Library.jpg/1920px-Owensville_Carnegie_Library.jpg?utm_source=commons.wikimedia.org&utm_campaign=imageinfo&utm_content=thumbnail,Rhatsa26X,CC BY-SA 4.0,https://creativecommons.org/licenses/by-sa/4.0,https://commons.wikimedia.org/wiki/File:Owensville_Carnegie_Library.jpg,yes
Oxford,public,Oxford,Indiana,United States,"Jan 14, 1914","$8,000",201 E. Smith St.,,,,wikipedia-list,File:Oxford_Carnegie_Library_P5160194.jpg,https://upload.wikimedia.org/wikipedia/commons/c/c6/Oxford_Carnegie_Library_P5160194.jpg?utm_source=commons.wikimedia.org&utm_campaign=imageinfo&utm_content=thumbnail_unscaled,Chris Light,CC BY-SA 3.0,https://creativecommons.org/licenses/by-sa/3.0,https://commons.wikimedia.org/wiki/File:Oxford_Carnegie_Library_P5160194.jpg,yes
Paoli,public,Paoli,Indiana,United States,"Jan 31, 1913","$8,000",147 E. Court Street,,,,wikipedia-list,File:Old_Paoli_Public_Library.jpg,https://upload.wikimedia.org/wikipedia/commons/thumb/1/19/Old_Paoli_Public_Library.jpg/1920px-Old_Paoli_Public_Library.jpg?utm_source=commons.wikimedia.org&utm_campaign=imageinfo&utm_content=thumbnail,Nyttend,Public domain,,https://commons.wikimedia.org/wiki/File:Old_Paoli_Public_Library.jpg,yes
Pendleton,public,Pendleton,Indiana,United States,"Apr 25, 1911","$8,000",424 E. State St.,,,,,,,,,,,no
Peru,public,Peru,Indiana,United States,"Mar 8, 1901","$25,000",102 E. Main St.,,,,,,,,,,,no
Pierceton,public,Pierceton,Indiana,United States,"Dec 3, 1915","$10,000",101 Catholic St.,,,,wikipedia-list,"File:Carnegie_library_building_in_Pierceton,_Indiana_July_2025.jpg",https://upload.wikimedia.org/wikipedia/commons/thumb/7/75/Carnegie_library_building_in_Pierceton%2C_Indiana_July_2025.jpg/1920px-Carnegie_library_building_in_Pierceton%2C_Indiana_July_2025.jpg?utm_source=commons.wikimedia.org&utm_campaign=imageinfo&utm_content=thumbnail,Leonor Hopscotch,CC BY-SA 4.0,https://creativecommons.org/licenses/by-sa/4.0,"https://commons.wikimedia.org/wiki/File:Carnegie_library_building_in_Pierceton,_Indiana_July_2025.jpg",yes
Plainfield,public,Plainfield,Indiana,United States,"Nov 21, 1911","$9,000",120 S. Center St.,,,,wikipedia-list,File:Triangle_Fraternity_National_Headquarters.jpg,https://upload.wikimedia.org/wikipedia/commons/thumb/9/9a/Triangle_Fraternity_National_Headquarters.jpg/1920px-Triangle_Fraternity_National_Headquarters.jpg?utm_source=commons.wikimedia.org&utm_campaign=imageinfo&utm_content=thumbnail,Rogerd,CC BY-SA 3.0,https://creativecommons.org/licenses/by-sa/3.0,https://commons.wikimedia.org/wiki/File:Triangle_Fraternity_National_Headquarters.jpg,yes
Plymouth,public,Plymouth,Indiana,United States,"Jan 6, 1911","$15,000",,,,,,,,,,,,no
Portland,public,Portland,Indiana,United States,"Mar 12, 1901","$15,000",,,,,,,,,,,,no
Poseyville,public,Poseyville,Indiana,United States,"Jan 2, 1904","$5,500",55 S. Cale St.,,,,commons-namesearch,"File:Poseyville Carnegie Library, Cale Street, Poseyville, IN.jpg",https://upload.wikimedia.org/wikipedia/commons/thumb/6/64/Poseyville_Carnegie_Library%2C_Cale_Street%2C_Poseyville%2C_IN.jpg/1920px-Poseyville_Carnegie_Library%2C_Cale_Street%2C_Poseyville%2C_IN.jpg?utm_source=commons.wikimedia.org&utm_campaign=imageinfo&utm_content=thumbnail,w_lemay,CC BY-SA 2.0,https://creativecommons.org/licenses/by-sa/2.0,"https://commons.wikimedia.org/wiki/File:Poseyville_Carnegie_Library,_Cale_Street,_Poseyville,_IN.jpg",yes
Princeton,public,Princeton,Indiana,United States,"Jan 22, 1903","$15,000",124 S. Hart St.,,,,wikipedia-list,"File:Carnegie_library_in_Princeton,_Indiana.jpg",https://upload.wikimedia.org/wikipedia/commons/thumb/2/2b/Carnegie_library_in_Princeton%2C_Indiana.jpg/1920px-Carnegie_library_in_Princeton%2C_Indiana.jpg?utm_source=commons.wikimedia.org&utm_campaign=imageinfo&utm_content=thumbnail,Nyttend,Public domain,,"https://commons.wikimedia.org/wiki/File:Carnegie_library_in_Princeton,_Indiana.jpg",yes
Remington,public,Remington,Indiana,United States,"Mar 16, 1915","$10,000",,,,,,,,,,,,no
Rensselaer,public,Rensselaer,Indiana,United States,"Jan 13, 1903","$12,000",301 N. Van Rensselaer St.,,,https://en.wikipedia.org/wiki/Rensselaer_Carnegie_Library,wikipedia-list,File:Carnegie_Library_P6120010.jpg,https://upload.wikimedia.org/wikipedia/commons/5/5e/Carnegie_Library_P6120010.jpg?utm_source=commons.wikimedia.org&utm_campaign=imageinfo&utm_content=thumbnail_unscaled,Chris Light (talk),CC BY-SA 3.0,https://creativecommons.org/licenses/by-sa/3.0,https://commons.wikimedia.org/wiki/File:Carnegie_Library_P6120010.jpg,yes
Rising Sun,public,Rising Sun,Indiana,United States,"Dec 3, 1915","$10,000",100 N. High St.,,,,wikipedia-list,"File:Old_Rising_Sun_Public_Library,_Rising_Sun,_IN_(48361851667).jpg",https://upload.wikimedia.org/wikipedia/commons/thumb/8/85/Old_Rising_Sun_Public_Library%2C_Rising_Sun%2C_IN_%2848361851667%29.jpg/1920px-Old_Rising_Sun_Public_Library%2C_Rising_Sun%2C_IN_%2848361851667%29.jpg?utm_source=commons.wikimedia.org&utm_campaign=imageinfo&utm_content=thumbnail,"Warren LeMay from Cullowhee, NC, United States",CC0,http://creativecommons.org/publicdomain/zero/1.0/deed.en,"https://commons.wikimedia.org/wiki/File:Old_Rising_Sun_Public_Library,_Rising_Sun,_IN_(48361851667).jpg",yes
Roachdale,public,Roachdale,Indiana,United States,"Jan 31, 1913","$10,000",100 E. Washington St.,,,,wikipedia-list,"File:Carnegie_library_building_in_Roachdale,_Indiana_June_2023.jpg",https://upload.wikimedia.org/wikipedia/commons/thumb/a/ad/Carnegie_library_building_in_Roachdale%2C_Indiana_June_2023.jpg/1920px-Carnegie_library_building_in_Roachdale%2C_Indiana_June_2023.jpg?utm_source=commons.wikimedia.org&utm_campaign=imageinfo&utm_content=thumbnail,Leonor Hopscotch,CC BY-SA 4.0,https://creativecommons.org/licenses/by-sa/4.0,"https://commons.wikimedia.org/wiki/File:Carnegie_library_building_in_Roachdale,_Indiana_June_2023.jpg",yes
Roann,public,Roann,Indiana,United States,"Jun 11, 1914","$10,000",240 S. Chippewa Rd.,,,https://en.wikipedia.org/wiki/Roann-Paw_Paw_Township_Public_Library,wikipedia-list,File:Roann_Carnegie_Library_Roann_Wabash_County_Indiana.jpg,https://upload.wikimedia.org/wikipedia/commons/a/a6/Roann_Carnegie_Library_Roann_Wabash_County_Indiana.jpg?utm_source=commons.wikimedia.org&utm_campaign=imageinfo&utm_content=thumbnail_unscaled,Chris Light,CC BY-SA 3.0,https://creativecommons.org/licenses/by-sa/3.0,https://commons.wikimedia.org/wiki/File:Roann_Carnegie_Library_Roann_Wabash_County_Indiana.jpg,yes
Rochester,public,Rochester,Indiana,United States,"Dec 20, 1904","$15,000",802 Jefferson St.,,,,wikipedia-list,File:Old_Carnegie_Library_Rochester_Fulton_County_Indiana.jpg,https://upload.wikimedia.org/wikipedia/commons/6/65/Old_Carnegie_Library_Rochester_Fulton_County_Indiana.jpg?utm_source=commons.wikimedia.org&utm_campaign=imageinfo&utm_content=thumbnail_unscaled,Chris Light,CC BY-SA 3.0,https://creativecommons.org/licenses/by-sa/3.0,https://commons.wikimedia.org/wiki/File:Old_Carnegie_Library_Rochester_Fulton_County_Indiana.jpg,yes
Rockport,public,Rockport,Indiana,United States,"Jan 5, 1916","$17,000",210 Walnut St.,,,,wikipedia-list,File:Rockport_Carnegie_Library.jpg,https://upload.wikimedia.org/wikipedia/commons/thumb/e/e9/Rockport_Carnegie_Library.jpg/1920px-Rockport_Carnegie_Library.jpg?utm_source=commons.wikimedia.org&utm_campaign=imageinfo&utm_content=thumbnail,Nyttend,Public domain,,https://commons.wikimedia.org/wiki/File:Rockport_Carnegie_Library.jpg,yes
Rockville,public,Rockville,Indiana,United States,"Apr 13, 1914","$12,500",106 N. Market St.,,,,commons-namesearch,File:Rockville Indiana Carnegie Library.jpg,https://upload.wikimedia.org/wikipedia/commons/thumb/9/97/Rockville_Indiana_Carnegie_Library.jpg/1920px-Rockville_Indiana_Carnegie_Library.jpg?utm_source=commons.wikimedia.org&utm_campaign=imageinfo&utm_content=thumbnail,Charles W. Chapman,CC BY 4.0,https://creativecommons.org/licenses/by/4.0,https://commons.wikimedia.org/wiki/File:Rockville_Indiana_Carnegie_Library.jpg,yes
Royal Center,public,Royal Center,Indiana,United States,"Sep 25, 1914","$10,000",203 S. Chicago St.,,,,wikipedia-list,File:Royal_Center_Carnegie_P4200001.JPG,https://upload.wikimedia.org/wikipedia/commons/thumb/3/33/Royal_Center_Carnegie_P4200001.JPG/1920px-Royal_Center_Carnegie_P4200001.JPG?utm_source=commons.wikimedia.org&utm_campaign=imageinfo&utm_content=thumbnail,Chris Light,CC BY-SA 3.0,https://creativecommons.org/licenses/by-sa/3.0,https://commons.wikimedia.org/wiki/File:Royal_Center_Carnegie_P4200001.JPG,yes
Salem,public,Salem,Indiana,United States,"Feb 20, 1904","$16,000",212 N. Main St.,,,,wikipedia-list,File:Salem_Carnegie_Library.jpg,https://upload.wikimedia.org/wikipedia/commons/thumb/e/e9/Salem_Carnegie_Library.jpg/1920px-Salem_Carnegie_Library.jpg?utm_source=commons.wikimedia.org&utm_campaign=imageinfo&utm_content=thumbnail,Nyttend,Public domain,,https://commons.wikimedia.org/wiki/File:Salem_Carnegie_Library.jpg,yes
Scottsburg,public,Scottsburg,Indiana,United States,"Nov 22, 1917","$12,500",108 S. Main St.,,,,wikipedia-list,File:Scottsburg_Carnegie_P5230004.jpg,https://upload.wikimedia.org/wikipedia/commons/0/06/Scottsburg_Carnegie_P5230004.jpg?utm_source=commons.wikimedia.org&utm_campaign=imageinfo&utm_content=thumbnail_unscaled,Chris Light,CC BY-SA 3.0,https://creativecommons.org/licenses/by-sa/3.0,https://commons.wikimedia.org/wiki/File:Scottsburg_Carnegie_P5230004.jpg,yes
Seymour,public,Seymour,Indiana,United States,"Feb 2, 1903","$10,000",303 W. 2nd St.,,,,,,,,,,,no
Shelbyville,public,Shelbyville,Indiana,United States,"Dec 30, 1901","$20,000",57 W. Broadway St.,,,,,,,,,,,no
Sheridan,public,Sheridan,Indiana,United States,"Dec 7, 1911","$12,500",214 S. Main St.,,,,wikipedia-list,File:Sheridan_Carnegie_Library.jpg,https://upload.wikimedia.org/wikipedia/commons/thumb/b/b4/Sheridan_Carnegie_Library.jpg/1920px-Sheridan_Carnegie_Library.jpg?utm_source=commons.wikimedia.org&utm_campaign=imageinfo&utm_content=thumbnail,Nyttend,Public domain,,https://commons.wikimedia.org/wiki/File:Sheridan_Carnegie_Library.jpg,yes
Shoals,public,Shoals,Indiana,United States,"Mar 14, 1913","$10,000",404 High St.,,,,commons-namesearch,File:Shoals Indiana Carnegie Library copy.jpg,https://upload.wikimedia.org/wikipedia/commons/thumb/c/c2/Shoals_Indiana_Carnegie_Library_copy.jpg/1920px-Shoals_Indiana_Carnegie_Library_copy.jpg?utm_source=commons.wikimedia.org&utm_campaign=imageinfo&utm_content=thumbnail,Charles W. Chapman,CC BY 4.0,https://creativecommons.org/licenses/by/4.0,https://commons.wikimedia.org/wiki/File:Shoals_Indiana_Carnegie_Library_copy.jpg,yes
Spencer,public,Spencer,Indiana,United States,"Jan 6, 1911","$10,000",110 E. Market St.,,,https://en.wikipedia.org/wiki/Spencer_Public_Library,wikipedia-list,File:Carnegie_Library_P1280146.JPG,https://upload.wikimedia.org/wikipedia/commons/thumb/f/f6/Carnegie_Library_P1280146.JPG/1920px-Carnegie_Library_P1280146.JPG?utm_source=commons.wikimedia.org&utm_campaign=imageinfo&utm_content=thumbnail,Chris Light (talk),CC BY-SA 3.0,https://creativecommons.org/licenses/by-sa/3.0,https://commons.wikimedia.org/wiki/File:Carnegie_Library_P1280146.JPG,yes
Sullivan,public,Sullivan,Indiana,United States,"Jan 13, 1903","$11,000",100 S. Crowder St.,,,,wikipedia-list,File:SullivanInLibrary.jpg,https://upload.wikimedia.org/wikipedia/commons/3/3e/SullivanInLibrary.jpg?utm_source=commons.wikimedia.org&utm_campaign=imageinfo&utm_content=thumbnail_unscaled,scanned by Gary Johnson; original creator unknown; not stated on card,Public domain,,https://commons.wikimedia.org/wiki/File:SullivanInLibrary.jpg,yes
Syracuse,public,Syracuse,Indiana,United States,"Feb 3, 1917","$10,000",115 E. Main St.,,,,wikipedia-list,File:Syracuse_Carnegie_P6010014.jpg,https://upload.wikimedia.org/wikipedia/commons/c/c3/Syracuse_Carnegie_P6010014.jpg?utm_source=commons.wikimedia.org&utm_campaign=imageinfo&utm_content=thumbnail_unscaled,Chris Light,CC BY-SA 3.0,https://creativecommons.org/licenses/by-sa/3.0,https://commons.wikimedia.org/wiki/File:Syracuse_Carnegie_P6010014.jpg,yes
Tell City,public,Tell City,Indiana,United States,"Mar 31, 1916","$10,000",548 9th St.,,,,commons-namesearch,File:Tell City Indiana Carnegie Library copy.jpg,https://upload.wikimedia.org/wikipedia/commons/thumb/b/b4/Tell_City_Indiana_Carnegie_Library_copy.jpg/1920px-Tell_City_Indiana_Carnegie_Library_copy.jpg?utm_source=commons.wikimedia.org&utm_campaign=imageinfo&utm_content=thumbnail,Charles W. Chapman,CC BY 4.0,https://creativecommons.org/licenses/by/4.0,https://commons.wikimedia.org/wiki/File:Tell_City_Indiana_Carnegie_Library_copy.jpg,yes
Thorntown,public,Thorntown,Indiana,United States,"Sep 27, 1912","$10,000",124 N. Market St.,,,https://en.wikipedia.org/wiki/Thorntown_Public_Library,wikipedia-list,File:Thorton_Carnegi_Library_Boone_County_Indiana_P4150094.jpg,https://upload.wikimedia.org/wikipedia/commons/3/3d/Thorton_Carnegi_Library_Boone_County_Indiana_P4150094.jpg?utm_source=commons.wikimedia.org&utm_campaign=imageinfo&utm_content=thumbnail_unscaled,Chris Light,CC BY-SA 3.0,https://creativecommons.org/licenses/by-sa/3.0,https://commons.wikimedia.org/wiki/File:Thorton_Carnegi_Library_Boone_County_Indiana_P4150094.jpg,yes
Tipton,public,Tipton,Indiana,United States,"Mar 14, 1902","$13,000",,,,,,,,,,,,no
Union City,public,Union City,Indiana,United States,"Nov 25, 1903","$10,000",408 N. Columbia St.,,,https://en.wikipedia.org/wiki/Union_City_Public_Library,wikipedia-list,File:Union_City_Public_Library.jpg,https://upload.wikimedia.org/wikipedia/commons/thumb/2/2f/Union_City_Public_Library.jpg/1920px-Union_City_Public_Library.jpg?utm_source=commons.wikimedia.org&utm_campaign=imageinfo&utm_content=thumbnail,User:Nyttend,Public domain,,https://commons.wikimedia.org/wiki/File:Union_City_Public_Library.jpg,yes
Valparaiso,public,Valparaiso,Indiana,United States,"Apr 22, 1906","$20,000",,,,,wikipedia-list,File:Valparaiso_Carnegie_Library_(Postcard_1921).jpg,https://upload.wikimedia.org/wikipedia/commons/7/75/Valparaiso_Carnegie_Library_%28Postcard_1921%29.jpg?utm_source=commons.wikimedia.org&utm_campaign=imageinfo&utm_content=thumbnail_unscaled,Unknown authorUnknown author,Public domain,,https://commons.wikimedia.org/wiki/File:Valparaiso_Carnegie_Library_(Postcard_1921).jpg,yes
Van Buren,public,Van Buren,Indiana,United States,"May 3, 1917","$10,000",115 S. 1st St.,,,,wikipedia-list,File:Van_Buren_Carnegie_Library_Grant_County_Indiana.jpg,https://upload.wikimedia.org/wikipedia/commons/a/aa/Van_Buren_Carnegie_Library_Grant_County_Indiana.jpg?utm_source=commons.wikimedia.org&utm_campaign=imageinfo&utm_content=thumbnail_unscaled,Chris Light,CC BY-SA 3.0,https://creativecommons.org/licenses/by-sa/3.0,https://commons.wikimedia.org/wiki/File:Van_Buren_Carnegie_Library_Grant_County_Indiana.jpg,yes
Vevay,public,Vevay,Indiana,United States,"Nov 7, 1917","$12,500",210 Ferry St.,,,,wikipedia-list,File:Vevay_Town_Hall.jpg,https://upload.wikimedia.org/wikipedia/commons/thumb/9/93/Vevay_Town_Hall.jpg/1920px-Vevay_Town_Hall.jpg?utm_source=commons.wikimedia.org&utm_campaign=imageinfo&utm_content=thumbnail,Nyttend,Public domain,,https://commons.wikimedia.org/wiki/File:Vevay_Town_Hall.jpg,yes
Vincennes,public,Vincennes,Indiana,United States,"Mar 21, 1910","$35,000",502 N. 7th St.,,,,wikipedia-list,File:Vincennes_Carnegie_Library.jpg,https://upload.wikimedia.org/wikipedia/commons/thumb/b/b8/Vincennes_Carnegie_Library.jpg/1920px-Vincennes_Carnegie_Library.jpg?utm_source=commons.wikimedia.org&utm_campaign=imageinfo&utm_content=thumbnail,Nyttend,Public domain,,https://commons.wikimedia.org/wiki/File:Vincennes_Carnegie_Library.jpg,yes
Wabash,public,Wabash,Indiana,United States,"Mar 7, 1901","$20,000",188 W. Hill St.,,,,wikipedia-list,"File:Carnegie_Library_of_Wabash,_Wabash_County_Indiana.jpg",https://upload.wikimedia.org/wikipedia/commons/5/53/Carnegie_Library_of_Wabash%2C_Wabash_County_Indiana.jpg?utm_source=commons.wikimedia.org&utm_campaign=imageinfo&utm_content=thumbnail_unscaled,Chris Light,CC BY-SA 3.0,https://creativecommons.org/licenses/by-sa/3.0,"https://commons.wikimedia.org/wiki/File:Carnegie_Library_of_Wabash,_Wabash_County_Indiana.jpg",yes
Walton,public,Walton,Indiana,United States,"Nov 17, 1914","$10,000",110 N. Main St.,,,,wikipedia-list,File:Walton_Library.jpg,https://upload.wikimedia.org/wikipedia/commons/5/58/Walton_Library.jpg?utm_source=commons.wikimedia.org&utm_campaign=imageinfo&utm_content=thumbnail_unscaled,Wtplavc,CC BY-SA 4.0,https://creativecommons.org/licenses/by-sa/4.0,https://commons.wikimedia.org/wiki/File:Walton_Library.jpg,yes
Warren,public,Warren,Indiana,United States,"Apr 3, 1917","$10,000",123 E. 3rd St.,,,,wikipedia-list,File:Warren_Indiana_Carnegie_Library.JPG,https://upload.wikimedia.org/wikipedia/commons/e/e6/Warren_Indiana_Carnegie_Library.JPG?utm_source=commons.wikimedia.org&utm_campaign=imageinfo&utm_content=thumbnail_unscaled,Chris Light,CC BY-SA 3.0,https://creativecommons.org/licenses/by-sa/3.0,https://commons.wikimedia.org/wiki/File:Warren_Indiana_Carnegie_Library.JPG,yes
Warsaw,public,Warsaw,Indiana,United States,"Sep 29, 1915","$15,000",310 E. Main St.,,,,wikipedia-list,"File:Carnegie_library_building_in_Warsaw,_Indiana_July_2025.jpg",https://upload.wikimedia.org/wikipedia/commons/thumb/b/bc/Carnegie_library_building_in_Warsaw%2C_Indiana_July_2025.jpg/1920px-Carnegie_library_building_in_Warsaw%2C_Indiana_July_2025.jpg?utm_source=commons.wikimedia.org&utm_campaign=imageinfo&utm_content=thumbnail,Leonor Hopscotch,CC BY-SA 4.0,https://creativecommons.org/licenses/by-sa/4.0,"https://commons.wikimedia.org/wiki/File:Carnegie_library_building_in_Warsaw,_Indiana_July_2025.jpg",yes
Washington,public,Washington,Indiana,United States,"Mar 8, 1901","$20,000",300 W. Main St.,,,,wikipedia-list,File:Carnegie_library_in_Washington.jpg,https://upload.wikimedia.org/wikipedia/commons/thumb/2/2a/Carnegie_library_in_Washington.jpg/1920px-Carnegie_library_in_Washington.jpg?utm_source=commons.wikimedia.org&utm_campaign=imageinfo&utm_content=thumbnail,Nyttend,Public domain,,https://commons.wikimedia.org/wiki/File:Carnegie_library_in_Washington.jpg,yes
Waterloo,public,Waterloo,Indiana,United States,"Mar 14, 1913","$9,000",300 S. Wayne St.,,,,wikipedia-list,File:Waterloo_Carnegie_Library_P6010038.jpg,https://upload.wikimedia.org/wikipedia/commons/9/96/Waterloo_Carnegie_Library_P6010038.jpg?utm_source=commons.wikimedia.org&utm_campaign=imageinfo&utm_content=thumbnail_unscaled,Chris Light,CC BY-SA 3.0,https://creativecommons.org/licenses/by-sa/3.0,https://commons.wikimedia.org/wiki/File:Waterloo_Carnegie_Library_P6010038.jpg,yes
Waveland,public,Waveland,Indiana,United States,"Feb 26, 1914","$10,000",115 Green St.,,,,,,,,,,,no
West Lebanon,public,West Lebanon,Indiana,United States,"Apr 19, 1915","$7,500",200 N. High St.,,,https://en.wikipedia.org/wiki/West_Lebanon-Pike_Township_Public_Library,wikipedia-list,File:West_Lebanon_Public_Library.png,https://upload.wikimedia.org/wikipedia/commons/thumb/3/36/West_Lebanon_Public_Library.png/1920px-West_Lebanon_Public_Library.png?utm_source=commons.wikimedia.org&utm_campaign=imageinfo&utm_content=thumbnail,Huw Williams (Huwmanbeing),Public domain,,https://commons.wikimedia.org/wiki/File:West_Lebanon_Public_Library.png,yes
Westfield,public,Westfield,Indiana,United States,"Apr 8, 1910","$9,000",104 W. Main St.,,,,,,,,,,,no
Westville,public,Westville,Indiana,United States,"Dec 8, 1913","$8,000",153 W. Main St.,,,,wikipedia-list,File:Carnegie_Library_P6010001.jpg,https://upload.wikimedia.org/wikipedia/commons/8/8b/Carnegie_Library_P6010001.jpg?utm_source=commons.wikimedia.org&utm_campaign=imageinfo&utm_content=thumbnail_unscaled,Chris Light,CC BY-SA 3.0,https://creativecommons.org/licenses/by-sa/3.0,https://commons.wikimedia.org/wiki/File:Carnegie_Library_P6010001.jpg,yes
Whiting,public,Whiting,Indiana,United States,"Dec 30, 1904","$15,000",1735 Oliver St.,,,,wikipedia-list,"File:Carnegie_Library_Building_in_Whiting,_Indiana_in_October_2024.jpg",https://upload.wikimedia.org/wikipedia/commons/thumb/c/c0/Carnegie_Library_Building_in_Whiting%2C_Indiana_in_October_2024.jpg/1920px-Carnegie_Library_Building_in_Whiting%2C_Indiana_in_October_2024.jpg?utm_source=commons.wikimedia.org&utm_campaign=imageinfo&utm_content=thumbnail,Leonor Hopscotch,CC BY-SA 4.0,https://creativecommons.org/licenses/by-sa/4.0,"https://commons.wikimedia.org/wiki/File:Carnegie_Library_Building_in_Whiting,_Indiana_in_October_2024.jpg",yes
Williamsport,public,Williamsport,Indiana,United States,"Mar 31, 1916","$8,000",Fall St.,,,,,,,,,,,no
Winamac,public,Winamac,Indiana,United States,"Jan 6, 1911","$10,000",121 S. Riverside Dr.,,,,wikipedia-list,File:Winimac_Carnegie_Library_P1010078.jpg,https://upload.wikimedia.org/wikipedia/commons/4/46/Winimac_Carnegie_Library_P1010078.jpg?utm_source=commons.wikimedia.org&utm_campaign=imageinfo&utm_content=thumbnail_unscaled,Chris Light,CC BY-SA 3.0,https://creativecommons.org/licenses/by-sa/3.0,https://commons.wikimedia.org/wiki/File:Winimac_Carnegie_Library_P1010078.jpg,yes
Winchester,public,Winchester,Indiana,United States,"Apr 23, 1906","$12,000",125 N. East St.,,,,commons-namesearch,File:Winchester Indiana Carnegie Library.jpg,https://upload.wikimedia.org/wikipedia/commons/thumb/9/97/Winchester_Indiana_Carnegie_Library.jpg/1920px-Winchester_Indiana_Carnegie_Library.jpg?utm_source=commons.wikimedia.org&utm_campaign=imageinfo&utm_content=thumbnail,Charles W. Chapman,CC BY 4.0,https://creativecommons.org/licenses/by/4.0,https://commons.wikimedia.org/wiki/File:Winchester_Indiana_Carnegie_Library.jpg,yes
Worthington,public,Worthington,Indiana,United States,"Apr 3, 1917","$10,000",26 N. Commercial St.,,,,,,,,,,,no
Albia,public,Albia,Iowa,United States,"Apr 11, 1905","$10,000",203 E. Benton Ave.,41.027733,-92.805827,,,,,,,,,no
Alden,public,Alden,Iowa,United States,"Nov 3, 1913","$9,000",1012 Water St.,42.519925,-93.374412,https://en.wikipedia.org/wiki/Alden_Public_Library,wikipedia-list,File:Alden_Public_Library.jpg,https://upload.wikimedia.org/wikipedia/commons/thumb/b/bf/Alden_Public_Library.jpg/1920px-Alden_Public_Library.jpg?utm_source=commons.wikimedia.org&utm_campaign=imageinfo&utm_content=thumbnail,Ann Sullivan-Larson,CC BY-SA 3.0,https://creativecommons.org/licenses/by-sa/3.0,https://commons.wikimedia.org/wiki/File:Alden_Public_Library.jpg,yes
Algona,public,Algona,Iowa,United States,"Mar 27, 1903","$10,000",110 E. Nebraska St.,43.068480,-94.236624,,commons-geosearch,"File:Carnegie Centre for the Arts, Nebraska Street, Algona, IA.jpg",https://upload.wikimedia.org/wikipedia/commons/thumb/d/d6/Carnegie_Centre_for_the_Arts%2C_Nebraska_Street%2C_Algona%2C_IA.jpg/1920px-Carnegie_Centre_for_the_Arts%2C_Nebraska_Street%2C_Algona%2C_IA.jpg?utm_source=commons.wikimedia.org&utm_campaign=imageinfo&utm_content=thumbnail,w_lemay,CC BY-SA 2.0,https://creativecommons.org/licenses/by-sa/2.0,"https://commons.wikimedia.org/wiki/File:Carnegie_Centre_for_the_Arts,_Nebraska_Street,_Algona,_IA.jpg",yes
Ames,public,Ames,Iowa,United States,"Feb 2, 1903","$16,000",515 Douglas Ave.,42.026679,-93.612142,,,,,,,,,no
Atlantic,public,Atlantic,Iowa,United States,"Mar 14, 1902","$12,500",507 Poplar St.,41.405417,-95.014483,,wikipedia-list,File:Atlantic_IA_Carnegie_Lib.jpg,https://upload.wikimedia.org/wikipedia/commons/thumb/f/fd/Atlantic_IA_Carnegie_Lib.jpg/1920px-Atlantic_IA_Carnegie_Lib.jpg?utm_source=commons.wikimedia.org&utm_campaign=imageinfo&utm_content=thumbnail,Smallbones,CC0,http://creativecommons.org/publicdomain/zero/1.0/deed.en,https://commons.wikimedia.org/wiki/File:Atlantic_IA_Carnegie_Lib.jpg,yes
Audubon,public,Audubon,Iowa,United States,"Mar 29, 1911","$9,000",401 N. Park Pl.,41.722195,-94.931660,,,,,,,,,no
Bedford,public,Bedford,Iowa,United States,"Apr 8, 1907","$10,000",507 Jefferson St.,40.668579,-94.720280,https://en.wikipedia.org/wiki/Bedford_Public_Library,wikipedia-list,File:Bedford_Public_Library.jpg,https://upload.wikimedia.org/wikipedia/commons/thumb/9/98/Bedford_Public_Library.jpg/1920px-Bedford_Public_Library.jpg?utm_source=commons.wikimedia.org&utm_campaign=imageinfo&utm_content=thumbnail,Jim Roberts,CC BY-SA 4.0,https://creativecommons.org/licenses/by-sa/4.0,https://commons.wikimedia.org/wiki/File:Bedford_Public_Library.jpg,yes
Bloomfield,public,Bloomfield,Iowa,United States,"Nov 21, 1911","$10,000",107 N. Columbia St.,40.752589,-92.416391,https://en.wikipedia.org/wiki/Bloomfield_Public_Library,wikipedia-list,File:The_Bloomfield_Public_Library.jpg,https://upload.wikimedia.org/wikipedia/commons/thumb/0/02/The_Bloomfield_Public_Library.jpg/1920px-The_Bloomfield_Public_Library.jpg?utm_source=commons.wikimedia.org&utm_campaign=imageinfo&utm_content=thumbnail,Jim Roberts,CC BY-SA 4.0,https://creativecommons.org/licenses/by-sa/4.0,https://commons.wikimedia.org/wiki/File:The_Bloomfield_Public_Library.jpg,yes
Britt,public,Britt,Iowa,United States,"Mar 31, 1916","$8,000",,,,,,,,,,,,no
Carroll,public,Carroll,Iowa,United States,"Feb 12, 1903","$10,000",123 E. 6th St.,42.066132,-94.866879,"https://en.wikipedia.org/wiki/Carnegie_Library_Building_(Carroll,_Iowa)",,,,,,,,no
Cedar Falls,public,Cedar Falls,Iowa,United States,"Mar 14, 1902","$15,000",Main St. & W. 6th St.,42.533319,-92.445509,,,,,,,,,no
Cedar Rapids,public,Cedar Rapids,Iowa,United States,"Feb 19, 1901","$75,000",410 3rd Ave. SE,41.978938,-91.664579,https://en.wikipedia.org/wiki/Cedar_Rapids_Public_Library,wikipedia-list,File:Cedar_rapids_Museum_of_Art_-_panoramio.jpg,https://upload.wikimedia.org/wikipedia/commons/5/53/Cedar_rapids_Museum_of_Art_-_panoramio.jpg?utm_source=commons.wikimedia.org&utm_campaign=imageinfo&utm_content=thumbnail_unscaled,ericjames,CC BY 3.0,https://creativecommons.org/licenses/by/3.0,https://commons.wikimedia.org/wiki/File:Cedar_rapids_Museum_of_Art_-_panoramio.jpg,yes
Chariton,public,Chariton,Iowa,United States,"Jan 13, 1903","$11,000",803 Braden Ave.,41.016158,-93.304996,https://en.wikipedia.org/wiki/Chariton_Public_Library,wikipedia-list,File:Chariton_Free_Public_Library_2012-09-27_19-31-24.jpg,https://upload.wikimedia.org/wikipedia/commons/thumb/f/f8/Chariton_Free_Public_Library_2012-09-27_19-31-24.jpg/1920px-Chariton_Free_Public_Library_2012-09-27_19-31-24.jpg?utm_source=commons.wikimedia.org&utm_campaign=imageinfo&utm_content=thumbnail,tiannajo,CC BY-SA 3.0,https://creativecommons.org/licenses/by-sa/3.0,https://commons.wikimedia.org/wiki/File:Chariton_Free_Public_Library_2012-09-27_19-31-24.jpg,yes
Charles City,public,Charles City,Iowa,United States,"Jan 2, 1903","$12,500",301 N. Jackson St.,43.069248,-92.679141,,,,,,,,,no
Cherokee,public,Cherokee,Iowa,United States,"Jan 6, 1903","$12,000",215 S. 2nd St.,42.750794,-95.551357,https://en.wikipedia.org/wiki/Cherokee_Public_Library,wikipedia-list,File:CherokeeIA_Library.jpg,https://upload.wikimedia.org/wikipedia/commons/b/b8/CherokeeIA_Library.jpg?utm_source=commons.wikimedia.org&utm_campaign=imageinfo&utm_content=thumbnail_unscaled,Magicpiano,CC BY-SA 4.0,https://creativecommons.org/licenses/by-sa/4.0,https://commons.wikimedia.org/wiki/File:CherokeeIA_Library.jpg,yes
Clarinda,public,Clarinda,Iowa,United States,"Feb 21, 1907","$15,000",300 N. 16th St.,40.740917,-95.037854,https://en.wikipedia.org/wiki/Clarinda_Carnegie_Library,wikipedia-list,File:Clarinda_Carnegie_Library.jpg,https://upload.wikimedia.org/wikipedia/commons/thumb/2/2f/Clarinda_Carnegie_Library.jpg/1920px-Clarinda_Carnegie_Library.jpg?utm_source=commons.wikimedia.org&utm_campaign=imageinfo&utm_content=thumbnail,Jim Roberts,CC BY-SA 4.0,https://creativecommons.org/licenses/by-sa/4.0,https://commons.wikimedia.org/wiki/File:Clarinda_Carnegie_Library.jpg,yes
Clear Lake,public,Clear Lake,Iowa,United States,"Mar 31, 1916","$8,500",200 N. 4th St.,43.138636,-93.382545,,,,,,,,,no
Clinton,public,Clinton,Iowa,United States,"Aug 24, 1901","$45,000",306 8th Ave. S.,41.838395,-90.190995,https://en.wikipedia.org/wiki/Clinton_Public_Library,wikipedia-list,"File:Clinton_Public_Library_-_Clinton,_Iowa.JPG",https://upload.wikimedia.org/wikipedia/commons/thumb/2/25/Clinton_Public_Library_-_Clinton%2C_Iowa.JPG/1920px-Clinton_Public_Library_-_Clinton%2C_Iowa.JPG?utm_source=commons.wikimedia.org&utm_campaign=imageinfo&utm_content=thumbnail,Farragutful,CC BY-SA 4.0,https://creativecommons.org/licenses/by-sa/4.0,"https://commons.wikimedia.org/wiki/File:Clinton_Public_Library_-_Clinton,_Iowa.JPG",yes
Colfax,public,Colfax,Iowa,United States,"Dec 2, 1904","$6,500",25 W. Division St.,41.677656,-93.245451,,,,,,,,,no
Corydon,public,Corydon,Iowa,United States,"Nov 7, 1917","$8,000",102 N. DeKalb St.,40.757806,-93.320339,,,,,,,,,no
Council Bluffs,public,Council Bluffs,Iowa,United States,"Jan 6, 1903","$70,000",200 Pearl St. S.,41.259001,-95.851057,https://en.wikipedia.org/wiki/Council_Bluffs_Public_Library,wikipedia-list,File:UPRR_Museum.JPG,https://upload.wikimedia.org/wikipedia/commons/thumb/4/4f/UPRR_Museum.JPG/1920px-UPRR_Museum.JPG?utm_source=commons.wikimedia.org&utm_campaign=imageinfo&utm_content=thumbnail,Smallbones,CC0,http://creativecommons.org/publicdomain/zero/1.0/deed.en,https://commons.wikimedia.org/wiki/File:UPRR_Museum.JPG,yes
Cresco,public,Cresco,Iowa,United States,"Feb 13, 1913","$17,500",320 N. Elm St.,43.374859,-92.116263,,,,,,,,,no
Davenport,public,Davenport,Iowa,United States,"Dec 2, 1899","$75,000",399 N. Main St.,41.524291,-90.575516,https://en.wikipedia.org/wiki/Davenport_Public_Library,wikipedia-list,File:Davenport_Carnegie_Library.jpg,https://upload.wikimedia.org/wikipedia/commons/7/79/Davenport_Carnegie_Library.jpg?utm_source=commons.wikimedia.org&utm_campaign=imageinfo&utm_content=thumbnail_unscaled,Unknown authorUnknown author,Public domain,,https://commons.wikimedia.org/wiki/File:Davenport_Carnegie_Library.jpg,yes
Denison,public,Denison,Iowa,United States,"Mar 14, 1902","$12,500",1403 1st Ave. S.,42.016413,-95.353732,,,,,,,,,no
DeWitt,public,DeWitt,Iowa,United States,"Apr 8, 1907","$7,116",510 9th St.,41.824805,-90.537622,,,,,,,,,no
Dubuque,public,Dubuque,Iowa,United States,"Jan 12, 1901","$71,500",360 W. 11th St.,42.502794,-90.670230,https://en.wikipedia.org/wiki/Carnegie-Stout_Public_Library,wikipedia-list,File:Dubuque_IA_-_Public_Library.jpg,https://upload.wikimedia.org/wikipedia/commons/9/98/Dubuque_IA_-_Public_Library.jpg?utm_source=commons.wikimedia.org&utm_campaign=imageinfo&utm_content=thumbnail_unscaled,Dirk,CC BY 2.0,https://creativecommons.org/licenses/by/2.0,https://commons.wikimedia.org/wiki/File:Dubuque_IA_-_Public_Library.jpg,yes
Dunlap,public,Dunlap,Iowa,United States,"May 2, 1911","$10,000",116 Iowa Ave.,41.855066,-95.602942,,,,,,,,,no
Eagle Grove,public,Eagle Grove,Iowa,United States,"Apr 26, 1902","$10,000",401 W. Broadway St.,42.664687,-93.905962,https://en.wikipedia.org/wiki/Eagle_Grove_Public_Library,wikipedia-list,File:Original_Eagle_Grove_Public_Library.JPG,https://upload.wikimedia.org/wikipedia/commons/thumb/4/41/Original_Eagle_Grove_Public_Library.JPG/1920px-Original_Eagle_Grove_Public_Library.JPG?utm_source=commons.wikimedia.org&utm_campaign=imageinfo&utm_content=thumbnail,Ann Sullivan-Larson,CC BY-SA 3.0,https://creativecommons.org/licenses/by-sa/3.0,https://commons.wikimedia.org/wiki/File:Original_Eagle_Grove_Public_Library.JPG,yes
Eldon,public,Eldon,Iowa,United States,"Mar 18, 1911","$7,500",608 W. Elm St.,40.919950,-92.224367,https://en.wikipedia.org/wiki/Eldon_Public_Library,wikipedia-list,"File:Eldon_Carnegie_Public_Library_(Eldon,_Iowa).jpg",https://upload.wikimedia.org/wikipedia/commons/thumb/3/34/Eldon_Carnegie_Public_Library_%28Eldon%2C_Iowa%29.jpg/1920px-Eldon_Carnegie_Public_Library_%28Eldon%2C_Iowa%29.jpg?utm_source=commons.wikimedia.org&utm_campaign=imageinfo&utm_content=thumbnail,Mcmillin24,CC BY-SA 3.0,https://creativecommons.org/licenses/by-sa/3.0,"https://commons.wikimedia.org/wiki/File:Eldon_Carnegie_Public_Library_(Eldon,_Iowa).jpg",yes
Eldora,public,Eldora,Iowa,United States,"Dec 30, 1901","$10,000",1219 14th Ave.,42.360351,-93.098531,https://en.wikipedia.org/wiki/Former_Eldora_Public_Library,wikipedia-list,File:Eldora_Public_Library_Building.JPG,https://upload.wikimedia.org/wikipedia/commons/thumb/6/6b/Eldora_Public_Library_Building.JPG/1920px-Eldora_Public_Library_Building.JPG?utm_source=commons.wikimedia.org&utm_campaign=imageinfo&utm_content=thumbnail,Keith Snyder,CC BY-SA 3.0,https://creativecommons.org/licenses/by-sa/3.0,https://commons.wikimedia.org/wiki/File:Eldora_Public_Library_Building.JPG,yes
Emmetsburg,public,Emmetsburg,Iowa,United States,"Feb 20, 1911","$10,000",2008 10th St.,43.113108,-94.673803,https://en.wikipedia.org/wiki/Emmetsburg_Public_Library,wikipedia-list,File:EmmetsburgCarnegieLibrary.jpg,https://upload.wikimedia.org/wikipedia/commons/f/fb/EmmetsburgCarnegieLibrary.jpg?utm_source=commons.wikimedia.org&utm_campaign=imageinfo&utm_content=thumbnail_unscaled,CelticClicker,CC BY-SA 4.0,https://creativecommons.org/licenses/by-sa/4.0,https://commons.wikimedia.org/wiki/File:EmmetsburgCarnegieLibrary.jpg,yes
Estherville,public,Estherville,Iowa,United States,"Feb 15, 1902","$10,000",613 Central Ave.,43.402616,-94.836452,,wikipedia-list,File:EvillePublicLibrary.jpg,https://upload.wikimedia.org/wikipedia/commons/1/1a/EvillePublicLibrary.jpg?utm_source=commons.wikimedia.org&utm_campaign=imageinfo&utm_content=thumbnail_unscaled,WikiUser417,CC0,http://creativecommons.org/publicdomain/zero/1.0/deed.en,https://commons.wikimedia.org/wiki/File:EvillePublicLibrary.jpg,yes
Fairfield,public,Fairfield,Iowa,United States,"Jan 15, 1892","$30,000",112 S. Court St.,41.005763,-91.962454,https://en.wikipedia.org/wiki/Fairfield_Public_Library,wikipedia-list,File:Fairfield_library.jpeg,https://upload.wikimedia.org/wikipedia/commons/thumb/0/06/Fairfield_library.jpeg/1920px-Fairfield_library.jpeg?utm_source=commons.wikimedia.org&utm_campaign=imageinfo&utm_content=thumbnail,Boscophotos,CC BY-SA 3.0,https://creativecommons.org/licenses/by-sa/3.0,https://commons.wikimedia.org/wiki/File:Fairfield_library.jpeg,yes
Fort Dodge,public,Fort Dodge,Iowa,United States,"Jan 10, 1901","$30,000",605 1st Ave. N.,42.506528,-94.190168,,,,,,,,,no
Garner,public,Garner,Iowa,United States,"Jun 11, 1914","$6,500",,,,,,,,,,,,no
Glenwood,public,Glenwood,Iowa,United States,"Jul 27, 1903","$7,500",109 N. Vine St.,41.048126,-95.741837,,,,,,,,,no
Greenfield,public,Greenfield,Iowa,United States,"Sep 29, 1915","$7,500",SE Kent St. and S. 1st St.,41.303087,-94.460428,,,,,,,,,no
Grundy Center,public,Grundy Center,Iowa,United States,"Apr 8, 1910","$6,000",,,,,,,,,,,,no
Hamburg,public,Hamburg,Iowa,United States,"Dec 3, 1915","$9,000",1301 Main St.,40.6071917,-95.6571750,"https://en.wikipedia.org/wiki/Hamburg_Public_Library_(Hamburg,_Iowa)",wikipedia-list,"File:Hamburg,_Iowa_public_library_from_NE_1.JPG",https://upload.wikimedia.org/wikipedia/commons/thumb/e/ed/Hamburg%2C_Iowa_public_library_from_NE_1.JPG/1920px-Hamburg%2C_Iowa_public_library_from_NE_1.JPG?utm_source=commons.wikimedia.org&utm_campaign=imageinfo&utm_content=thumbnail,Ammodramus,CC0,http://creativecommons.org/publicdomain/zero/1.0/deed.en,"https://commons.wikimedia.org/wiki/File:Hamburg,_Iowa_public_library_from_NE_1.JPG",yes
Hampton,public,Hampton,Iowa,United States,"Mar 14, 1902","$10,000",4 S. Federal St.,42.7416000,-93.2071500,,,,,,,,,no
Hawarden,public,Hawarden,Iowa,United States,"Oct 3, 1901","$5,000",803 10th St.,42.9965222,-96.4833833,,,,,,,,,no
Humboldt,public,Humboldt,Iowa,United States,"Dec 13, 1906","$10,000",30 N. 6th St.,42.7219694,-94.2165194,https://en.wikipedia.org/wiki/Humboldt_Public_Library,wikipedia-list,File:Humboldt_Public_Library.jpg,https://upload.wikimedia.org/wikipedia/commons/thumb/2/27/Humboldt_Public_Library.jpg/1920px-Humboldt_Public_Library.jpg?utm_source=commons.wikimedia.org&utm_campaign=imageinfo&utm_content=thumbnail,Brandonrush,CC BY-SA 3.0,https://creativecommons.org/licenses/by-sa/3.0,https://commons.wikimedia.org/wiki/File:Humboldt_Public_Library.jpg,yes
Indianola,public,Indianola,Iowa,United States,"Jan 13, 1903","$12,000",106 W. Boston Ave.,41.3626306,-93.5619639,https://en.wikipedia.org/wiki/Indianola_Carnegie_Library,wikipedia-list,File:Indianola_Carnegie_Library_Iowa_2019-2184.jpg,https://upload.wikimedia.org/wikipedia/commons/thumb/a/a1/Indianola_Carnegie_Library_Iowa_2019-2184.jpg/1920px-Indianola_Carnegie_Library_Iowa_2019-2184.jpg?utm_source=commons.wikimedia.org&utm_campaign=imageinfo&utm_content=thumbnail,Paul R. Burley,CC BY-SA 4.0,https://creativecommons.org/licenses/by-sa/4.0,https://commons.wikimedia.org/wiki/File:Indianola_Carnegie_Library_Iowa_2019-2184.jpg,yes
Iowa City,public,Iowa City,Iowa,United States,"Mar 14, 1902","$35,000",212 S. Linn St.,41.6587694,-91.531417,https://en.wikipedia.org/wiki/Iowa_City_Public_Library,,,,,,,,no
Iowa Falls,public,Iowa Falls,Iowa,United States,"Mar 20, 1903","$10,000",520 Rocksylvania Ave.,42.5215333,-93.2637556,https://en.wikipedia.org/wiki/Carnegie-Ellsworth_Public_Library,wikipedia-list,File:Carnegie_ellsworth_library.jpg,https://upload.wikimedia.org/wikipedia/commons/thumb/d/d4/Carnegie_ellsworth_library.jpg/1920px-Carnegie_ellsworth_library.jpg?utm_source=commons.wikimedia.org&utm_campaign=imageinfo&utm_content=thumbnail,Ann Sullivan-Larson,CC BY-SA 3.0,https://creativecommons.org/licenses/by-sa/3.0,https://commons.wikimedia.org/wiki/File:Carnegie_ellsworth_library.jpg,yes
Jefferson,public,Jefferson,Iowa,United States,"Feb 2, 1903","$10,000",200 W. Lincolnway St.,42.0155528,-94.3764000,,,,,,,,,no
Knoxville,public,Knoxville,Iowa,United States,"Nov 30, 1910","$10,000",213 E. Montgomery St.,41.3173278,-93.0968250,,,,,,,,,no
Lake City,public,Lake City,Iowa,United States,"May 8, 1908","$7,500",120 N. Illinois St.,42.2675444,-94.7323722,"https://en.wikipedia.org/wiki/Lake_City_Public_Library_(Lake_City,_Iowa)",wikipedia-list,File:LakeCityIA_FormerCarnegieLibrary.jpg,https://upload.wikimedia.org/wikipedia/commons/f/fc/LakeCityIA_FormerCarnegieLibrary.jpg?utm_source=commons.wikimedia.org&utm_campaign=imageinfo&utm_content=thumbnail_unscaled,Magicpiano,CC BY-SA 4.0,https://creativecommons.org/licenses/by-sa/4.0,https://commons.wikimedia.org/wiki/File:LakeCityIA_FormerCarnegieLibrary.jpg,yes
Laurens,public,Laurens,Iowa,United States,"Feb 6, 1907","$3,800",263 N. 3rd St.,42.8495889,-94.8513639,https://en.wikipedia.org/wiki/Laurens_Carnegie_Free_Library,wikipedia-list,File:LaurensCarnegieFreeLib_(2).png,https://upload.wikimedia.org/wikipedia/commons/5/56/LaurensCarnegieFreeLib_%282%29.png?utm_source=commons.wikimedia.org&utm_campaign=imageinfo&utm_content=thumbnail_unscaled,CelticClicker,CC BY-SA 3.0,https://creativecommons.org/licenses/by-sa/3.0,https://commons.wikimedia.org/wiki/File:LaurensCarnegieFreeLib_(2).png,yes
Le Mars,public,Le Mars,Iowa,United States,"Jan 22, 1903","$12,500",200 Central Ave. SE,42.7910389,-96.1660861,https://en.wikipedia.org/wiki/Le_Mars_Public_Library,wikipedia-list,File:LeMarsIA_FormerPublicLibrary.jpg,https://upload.wikimedia.org/wikipedia/commons/4/4c/LeMarsIA_FormerPublicLibrary.jpg?utm_source=commons.wikimedia.org&utm_campaign=imageinfo&utm_content=thumbnail_unscaled,Magicpiano,CC BY-SA 4.0,https://creativecommons.org/licenses/by-sa/4.0,https://commons.wikimedia.org/wiki/File:LeMarsIA_FormerPublicLibrary.jpg,yes
Leon,public,Leon,Iowa,United States,"Apr 20, 1905","$6,000",200 W. 1st St.,40.7395361,-93.7501778,,wikipedia-list,File:Leon_Pub_Library_P6070885.jpg,https://upload.wikimedia.org/wikipedia/commons/thumb/a/a6/Leon_Pub_Library_P6070885.jpg/1920px-Leon_Pub_Library_P6070885.jpg?utm_source=commons.wikimedia.org&utm_campaign=imageinfo&utm_content=thumbnail,Chris Light,CC BY-SA 4.0,https://creativecommons.org/licenses/by-sa/4.0,https://commons.wikimedia.org/wiki/File:Leon_Pub_Library_P6070885.jpg,yes
Logan,public,Logan,Iowa,United States,"Dec 3, 1915","$10,000",121 E. 6th St.,41.6442556,-95.7899889,,,,,,,,,no
Malvern,public,Malvern,Iowa,United States,"Sep 29, 1915","$8,000",502 Main St.,41.0038194,-95.5848639,,,,,,,,,no
Manchester,public,Manchester,Iowa,United States,"Apr 11, 1902","$10,000",374 N. Franklin St.,42.4864361,-91.4579417,,,,,,,,,no
Maquoketa,public,Maquoketa,Iowa,United States,"Mar 14, 1902","$12,500",126 S. Second St.,42.0697472,-90.666861,https://en.wikipedia.org/wiki/Maquoketa_Public_Library,wikipedia-list,File:Maquoketa_Public_Library.JPG,https://upload.wikimedia.org/wikipedia/commons/thumb/c/cc/Maquoketa_Public_Library.JPG/1920px-Maquoketa_Public_Library.JPG?utm_source=commons.wikimedia.org&utm_campaign=imageinfo&utm_content=thumbnail,Farragutful,CC BY-SA 3.0,https://creativecommons.org/licenses/by-sa/3.0,https://commons.wikimedia.org/wiki/File:Maquoketa_Public_Library.JPG,yes
Marengo,public,Marengo,Iowa,United States,"Mar 27, 1903","$10,000",235 E. Hilton St.,41.7988472,-92.0682194,,wikipedia-list,File:Marengo_Public_Library.jpg,https://upload.wikimedia.org/wikipedia/commons/a/ae/Marengo_Public_Library.jpg?utm_source=commons.wikimedia.org&utm_campaign=imageinfo&utm_content=thumbnail_unscaled,RickH86,Public domain,,https://commons.wikimedia.org/wiki/File:Marengo_Public_Library.jpg,yes
Marion,public,Marion,Iowa,United States,"Jan 22, 1903","$11,500",1298 7th Ave.,42.0336028,-91.596000,https://en.wikipedia.org/wiki/Marion_Carnegie_Public_Library,wikipedia-list,File:Marion_Carnegie_Public_Library_-_Marion_Iowa.jpg,https://upload.wikimedia.org/wikipedia/commons/thumb/b/bb/Marion_Carnegie_Public_Library_-_Marion_Iowa.jpg/1920px-Marion_Carnegie_Public_Library_-_Marion_Iowa.jpg?utm_source=commons.wikimedia.org&utm_campaign=imageinfo&utm_content=thumbnail,Ian Poellet,CC BY-SA 3.0,https://creativecommons.org/licenses/by-sa/3.0,https://commons.wikimedia.org/wiki/File:Marion_Carnegie_Public_Library_-_Marion_Iowa.jpg,yes
Marshalltown,public,Marshalltown,Iowa,United States,"Dec 30, 1901","$30,000",36 N. Center St.,42.0502000,-92.913222,,wikipedia-list,File:Andrew_Carnegie_Library_in_Marshalltown.jpg,https://upload.wikimedia.org/wikipedia/commons/thumb/6/60/Andrew_Carnegie_Library_in_Marshalltown.jpg/1920px-Andrew_Carnegie_Library_in_Marshalltown.jpg?utm_source=commons.wikimedia.org&utm_campaign=imageinfo&utm_content=thumbnail,Daniel Hartwig,CC BY 2.0,https://creativecommons.org/licenses/by/2.0,https://commons.wikimedia.org/wiki/File:Andrew_Carnegie_Library_in_Marshalltown.jpg,yes
Mason City,public,Mason City,Iowa,United States,"Apr 11, 1902","$20,000",208 E. State St.,43.1520750,-93.1974083,https://en.wikipedia.org/wiki/Mason_City_Public_Library,wikipedia-list,File:OldLibraryMasonCityIA.jpg,https://upload.wikimedia.org/wikipedia/commons/thumb/e/e5/OldLibraryMasonCityIA.jpg/1920px-OldLibraryMasonCityIA.jpg?utm_source=commons.wikimedia.org&utm_campaign=imageinfo&utm_content=thumbnail,Jonathunder,GFDL 1.2,http://www.gnu.org/licenses/old-licenses/fdl-1.2.html,https://commons.wikimedia.org/wiki/File:OldLibraryMasonCityIA.jpg,yes
Missouri Valley,public,Missouri Valley,Iowa,United States,"Feb 1, 1909","$10,000",119 N. Fifth St.,41.5572139,-95.8891000,,,,,,,,,no
Montezuma,public,Montezuma,Iowa,United States,"May 3, 1917","$8,000",200 S. 3rd St.,41.5852444,-92.5250861,,,,,,,,,no
Monticello,public,Monticello,Iowa,United States,"Feb 12, 1903","$10,500",205 E. Grand St.,42.2379694,-91.1881528,,,,,,,,,no
Mount Ayr,public,Mount Ayr,Iowa,United States,"Sep 29, 1915","$8,000",121 W. Monroe St.,40.7136139,-94.2386306,,wikipedia-list,File:Mt_Ayrs_Pub_Library_P6070880.jpg,https://upload.wikimedia.org/wikipedia/commons/thumb/1/15/Mt_Ayrs_Pub_Library_P6070880.jpg/1920px-Mt_Ayrs_Pub_Library_P6070880.jpg?utm_source=commons.wikimedia.org&utm_campaign=imageinfo&utm_content=thumbnail,Chris Light,CC BY-SA 4.0,https://creativecommons.org/licenses/by-sa/4.0,https://commons.wikimedia.org/wiki/File:Mt_Ayrs_Pub_Library_P6070880.jpg,yes
Mount Pleasant,public,Mount Pleasant,Iowa,United States,"Jan 13, 1903","$12,500",200 N. Main St.,40.9683639,-91.5525583,https://en.wikipedia.org/wiki/Former_Mount_Pleasant_Public_Library,wikipedia-list,File:MT_PLEASANT_PUBLIC_LIBRARY-1.jpg,https://upload.wikimedia.org/wikipedia/commons/thumb/b/b4/MT_PLEASANT_PUBLIC_LIBRARY-1.jpg/1920px-MT_PLEASANT_PUBLIC_LIBRARY-1.jpg?utm_source=commons.wikimedia.org&utm_campaign=imageinfo&utm_content=thumbnail,MRobison,CC BY-SA 3.0,https://creativecommons.org/licenses/by-sa/3.0,https://commons.wikimedia.org/wiki/File:MT_PLEASANT_PUBLIC_LIBRARY-1.jpg,yes
Nashua,public,Nashua,Iowa,United States,"Jan 19, 1905","$5,690",220 Brasher St.,42.9531250,-92.5378639,,,,,,,,,no
New Hampton,public,New Hampton,Iowa,United States,"Aug 15, 1908","$10,000",7 N. Water Ave.,43.0596556,-92.3128528,,,,,,,,,no
Newton,public,Newton,Iowa,United States,"Jan 22, 1902","$10,000",400 1st Ave. W.,41.6998500,-93.0579917,,,,,,,,,no
Odebolt,public,Odebolt,Iowa,United States,"Mar 8, 1904","$4,000",200 S. Walnut St.,42.3124972,-95.2533972,,,,,,,,,no
Onawa,public,Onawa,Iowa,United States,"Dec 13, 1907","$10,000",707 Iowa Ave.,42.0272528,-96.0931639,https://en.wikipedia.org/wiki/Onawa_Public_Library,wikipedia-list,"File:ONAWA_PUBLIC_LIBRARY,_MONINA_COUNTY,_IOWA.jpg",https://upload.wikimedia.org/wikipedia/commons/thumb/b/bc/ONAWA_PUBLIC_LIBRARY%2C_MONINA_COUNTY%2C_IOWA.jpg/1920px-ONAWA_PUBLIC_LIBRARY%2C_MONINA_COUNTY%2C_IOWA.jpg?utm_source=commons.wikimedia.org&utm_campaign=imageinfo&utm_content=thumbnail,JERRYE AND ROY KLOTZ MD,CC BY-SA 3.0,https://creativecommons.org/licenses/by-sa/3.0,"https://commons.wikimedia.org/wiki/File:ONAWA_PUBLIC_LIBRARY,_MONINA_COUNTY,_IOWA.jpg",yes
Osage,public,Osage,Iowa,United States,"Mar 27, 1905","$10,000",806 Main St.,43.2846889,-92.8092806,,,,,,,,,no
Osceola,public,Osceola,Iowa,United States,"Dec 14, 1908","$11,000",300 S. Fillmore St.,41.0319972,-93.7676889,,,,,,,,,no
Oskaloosa,public,Oskaloosa,Iowa,United States,"Mar 14, 1902","$22,000",301 S. Market St.,41.2932694,-92.6454083,https://en.wikipedia.org/wiki/Oskaloosa_Public_Library,wikipedia-list,File:Oskaloosa_Public_Library_Facing_Market_Street.JPG,https://upload.wikimedia.org/wikipedia/commons/thumb/1/17/Oskaloosa_Public_Library_Facing_Market_Street.JPG/1920px-Oskaloosa_Public_Library_Facing_Market_Street.JPG?utm_source=commons.wikimedia.org&utm_campaign=imageinfo&utm_content=thumbnail,JFaulkner,CC BY-SA 3.0,https://creativecommons.org/licenses/by-sa/3.0,https://commons.wikimedia.org/wiki/File:Oskaloosa_Public_Library_Facing_Market_Street.JPG,yes
Ottumwa,public,Ottumwa,Iowa,United States,"Feb 16, 1900","$50,000",102 W. 4th St.,41.0197917,-92.4114250,https://en.wikipedia.org/wiki/Ottumwa_Public_Library,wikipedia-list,File:Ottumwa_Public_Library.JPG,https://upload.wikimedia.org/wikipedia/commons/2/25/Ottumwa_Public_Library.JPG?utm_source=commons.wikimedia.org&utm_campaign=imageinfo&utm_content=thumbnail_unscaled,Dohrs16,CC BY-SA 3.0,https://creativecommons.org/licenses/by-sa/3.0,https://commons.wikimedia.org/wiki/File:Ottumwa_Public_Library.JPG,yes
Pella,public,Pella,Iowa,United States,"Nov 24, 1905","$11,000",825 Broadway St.,41.4074917,-92.9186722,,wikipedia-list,File:Carnegie-Viersen_Public_Library.jpg,https://upload.wikimedia.org/wikipedia/commons/8/8b/Carnegie-Viersen_Public_Library.jpg?utm_source=commons.wikimedia.org&utm_campaign=imageinfo&utm_content=thumbnail_unscaled,No authors identified on work.,Public domain,,https://commons.wikimedia.org/wiki/File:Carnegie-Viersen_Public_Library.jpg,yes
Perry,public,Perry,Iowa,United States,"Jan 13, 1903","$10,600",1123 Willis Ave.,41.8396250,-94.1073861,https://en.wikipedia.org/wiki/Perry_Carnegie_Library_Building,wikipedia-list,File:Perry_Carnegie_Library_Entrance.jpg,https://upload.wikimedia.org/wikipedia/commons/thumb/4/4c/Perry_Carnegie_Library_Entrance.jpg/1920px-Perry_Carnegie_Library_Entrance.jpg?utm_source=commons.wikimedia.org&utm_campaign=imageinfo&utm_content=thumbnail,Gregunderscorem,CC BY-SA 3.0,https://creativecommons.org/licenses/by-sa/3.0,https://commons.wikimedia.org/wiki/File:Perry_Carnegie_Library_Entrance.jpg,yes
Red Oak,public,Red Oak,Iowa,United States,"Nov 27, 1906","$12,500",400 N. Second St.,41.0082806,-95.2302389,https://en.wikipedia.org/wiki/Red_Oak_Public_Library,wikipedia-list,File:Red_Oak_Public_Library.jpg,https://upload.wikimedia.org/wikipedia/commons/thumb/0/00/Red_Oak_Public_Library.jpg/1920px-Red_Oak_Public_Library.jpg?utm_source=commons.wikimedia.org&utm_campaign=imageinfo&utm_content=thumbnail,Jim Roberts,CC BY-SA 4.0,https://creativecommons.org/licenses/by-sa/4.0,https://commons.wikimedia.org/wiki/File:Red_Oak_Public_Library.jpg,yes
Reinbeck,public,Reinbeck,Iowa,United States,"Mar 31, 1916","$6,000",501 Clark St.,42.3239361,-92.5995861,,,,,,,,,no
Rockwell City,public,Rockwell City,Iowa,United States,"Feb 10, 1908","$8,000",426 5th St.,42.3946694,-94.6347917,,,,,,,,,no
Sac City,public,Sac City,Iowa,United States,"Jan 6, 1911","$8,000",615 W. Main St.,42.4227750,-94.9909889,,,,,,,,,no
Sanborn,public,Sanborn,Iowa,United States,"Mar 29, 1911","$4,000",407 Main St.,43.1849333,-95.6557917,,,,,,,,,no
Sheldon,public,Sheldon,Iowa,United States,"Feb 28, 1906","$10,000",321 10th St.,43.1805361,-95.8551750,"https://en.wikipedia.org/wiki/Carnegie_Library_(Sheldon,_Iowa)",wikipedia-list,"File:Carnegie_Library_-_Sheldon,_Iowa.jpg",https://upload.wikimedia.org/wikipedia/commons/a/a3/Carnegie_Library_-_Sheldon%2C_Iowa.jpg?utm_source=commons.wikimedia.org&utm_campaign=imageinfo&utm_content=thumbnail_unscaled,"John Licinius Everett Peck, Otto Hillock Montzheimer, William J. Miller",Public domain,,"https://commons.wikimedia.org/wiki/File:Carnegie_Library_-_Sheldon,_Iowa.jpg",yes
Shenandoah,public,Shenandoah,Iowa,United States,"Jan 22, 1903","$10,000",201 S. Elm St.,40.7656250,-95.3738389,,,,,,,,,no
Sibley,public,Sibley,Iowa,United States,"Sep 29, 1915","$10,000",406 9th St.,43.401806,-95.7488111,,,,,,,,,no
Sigourney,public,Sigourney,Iowa,United States,"Jan 2, 1913","$10,000",203 N. Jefferson St.,41.3358417,-92.2042722,https://en.wikipedia.org/wiki/Sigourney_Public_Library,wikipedia-list,File:The_Sigourney_Public_Library.jpg,https://upload.wikimedia.org/wikipedia/commons/thumb/2/27/The_Sigourney_Public_Library.jpg/1920px-The_Sigourney_Public_Library.jpg?utm_source=commons.wikimedia.org&utm_campaign=imageinfo&utm_content=thumbnail,Jim Roberts,CC BY-SA 4.0,https://creativecommons.org/licenses/by-sa/4.0,https://commons.wikimedia.org/wiki/File:The_Sigourney_Public_Library.jpg,yes
Sioux City Main,public,Sioux City,Iowa,United States,"Apr 8, 1911","$75,000",6th St. and Jackson St.,42.4963972,-96.4020083,https://en.wikipedia.org/wiki/Sioux_City_Free_Public_Library,wikipedia-list,File:Sioux_City_Free_Public_Library_from_SW_2.JPG,https://upload.wikimedia.org/wikipedia/commons/thumb/4/45/Sioux_City_Free_Public_Library_from_SW_2.JPG/1920px-Sioux_City_Free_Public_Library_from_SW_2.JPG?utm_source=commons.wikimedia.org&utm_campaign=imageinfo&utm_content=thumbnail,Ammodramus,CC0,http://creativecommons.org/publicdomain/zero/1.0/deed.en,https://commons.wikimedia.org/wiki/File:Sioux_City_Free_Public_Library_from_SW_2.JPG,yes
Sioux City Leeds Branch,public,Sioux City,Iowa,United States,"Apr 8, 1911","$10,000",3901 Floyd Blvd.,42.5401167,-96.3610194,,,,,,,,,no
Spencer,public,Spencer,Iowa,United States,"Jan 13, 1903","$10,000",,,,,,,,,,,,no
Spirit Lake,public,Spirit Lake,Iowa,United States,"Feb 1, 1905","$8,000",1801 Hill Ave.,43.42222,-95.10139,https://en.wikipedia.org/wiki/Spirit_Lake_Public_Library,wikipedia-list,File:Spirit_Lake_Carnegie_Library.jpg,https://upload.wikimedia.org/wikipedia/commons/thumb/8/8f/Spirit_Lake_Carnegie_Library.jpg/1920px-Spirit_Lake_Carnegie_Library.jpg?utm_source=commons.wikimedia.org&utm_campaign=imageinfo&utm_content=thumbnail,TheCatalyst31,CC0,http://creativecommons.org/publicdomain/zero/1.0/deed.en,https://commons.wikimedia.org/wiki/File:Spirit_Lake_Carnegie_Library.jpg,yes
Storm Lake,public,Storm Lake,Iowa,United States,"Dec 4, 1903","$10,000",200 E. 5th St.,42.6450250,-95.1996222,https://en.wikipedia.org/wiki/Storm_Lake_Public_Library,wikipedia-list,File:Storm_Lake_Public_Library_(NRHP_83000346)_20120930_IMG_8844.JPG,https://upload.wikimedia.org/wikipedia/commons/thumb/b/b7/Storm_Lake_Public_Library_%28NRHP_83000346%29_20120930_IMG_8844.JPG/1920px-Storm_Lake_Public_Library_%28NRHP_83000346%29_20120930_IMG_8844.JPG?utm_source=commons.wikimedia.org&utm_campaign=imageinfo&utm_content=thumbnail,Scott A. Miller,CC BY-SA 3.0,https://creativecommons.org/licenses/by-sa/3.0,https://commons.wikimedia.org/wiki/File:Storm_Lake_Public_Library_(NRHP_83000346)_20120930_IMG_8844.JPG,yes
Stuart,public,Stuart,Iowa,United States,"Nov 14, 1906","$6,500",111 NE Front St.,41.5038361,-94.3179056,,,,,,,,,no
Tama,public,Tama,Iowa,United States,"Aug 30, 1904","$8,500",901 McClellan St.,41.96756806,-92.57816472,,,,,,,,,no
Tipton,public,Tipton,Iowa,United States,"Jul 9, 1902","$10,000",206 Cedar St.,41.7674056,-91.1276556,,wikipedia-list,File:Tipton_Public_Library.jpg,https://upload.wikimedia.org/wikipedia/commons/thumb/5/56/Tipton_Public_Library.jpg/1920px-Tipton_Public_Library.jpg?utm_source=commons.wikimedia.org&utm_campaign=imageinfo&utm_content=thumbnail,Farragutful,CC BY-SA 4.0,https://creativecommons.org/licenses/by-sa/4.0,https://commons.wikimedia.org/wiki/File:Tipton_Public_Library.jpg,yes
Traer,public,Traer,Iowa,United States,"Jun 11, 1914","$10,000",531 Second St.,42.1931639,-92.4664083,,wikipedia-list,File:TraerIowa.jpg,https://upload.wikimedia.org/wikipedia/commons/thumb/3/3f/TraerIowa.jpg/1920px-TraerIowa.jpg?utm_source=commons.wikimedia.org&utm_campaign=imageinfo&utm_content=thumbnail,Jonathunder,GFDL 1.2,http://www.gnu.org/licenses/old-licenses/fdl-1.2.html,https://commons.wikimedia.org/wiki/File:TraerIowa.jpg,yes
Villisca,public,Villisca,Iowa,United States,"May 2, 1907","$10,000",204 S. 3rd Ave.,40.9323361,-94.9771722,,wikipedia-list,File:Villisca_Carnegie_Library.jpg,https://upload.wikimedia.org/wikipedia/commons/0/02/Villisca_Carnegie_Library.jpg?utm_source=commons.wikimedia.org&utm_campaign=imageinfo&utm_content=thumbnail_unscaled,Unknown authorUnknown author,Public domain,,https://commons.wikimedia.org/wiki/File:Villisca_Carnegie_Library.jpg,yes
Vinton,public,Vinton,Iowa,United States,"Jan 2, 1903","$12,500",510 Second Ave.,42.1664028,-92.0225361,https://en.wikipedia.org/wiki/Vinton_Public_Library,wikipedia-list,File:Vinton_Public_Building.jpg,https://upload.wikimedia.org/wikipedia/commons/thumb/5/52/Vinton_Public_Building.jpg/1920px-Vinton_Public_Building.jpg?utm_source=commons.wikimedia.org&utm_campaign=imageinfo&utm_content=thumbnail,Crpicsdude,CC BY-SA 4.0,https://creativecommons.org/licenses/by-sa/4.0,https://commons.wikimedia.org/wiki/File:Vinton_Public_Building.jpg,yes
Waterloo East Side,public,Waterloo,Iowa,United States,"Apr 11, 1902","$24,000",715 Mulberry St.,42.4989667,-92.3322194,https://en.wikipedia.org/wiki/Waterloo_Public_Library-East_Side_Branch,wikipedia-list,File:Waterloo_IA_Public_Library_East_pic1.JPG,https://upload.wikimedia.org/wikipedia/commons/thumb/6/6f/Waterloo_IA_Public_Library_East_pic1.JPG/1920px-Waterloo_IA_Public_Library_East_pic1.JPG?utm_source=commons.wikimedia.org&utm_campaign=imageinfo&utm_content=thumbnail,RifeIdeas,CC BY-SA 3.0,https://creativecommons.org/licenses/by-sa/3.0,https://commons.wikimedia.org/wiki/File:Waterloo_IA_Public_Library_East_pic1.JPG,yes
Waterloo West Side,public,Waterloo,Iowa,United States,"Apr 11, 1902","$21,000",528 W. 4th St.,42.4923000,-92.3435694,https://en.wikipedia.org/wiki/Waterloo_Public_Library_(West_Branch),wikipedia-list,File:OldLibraryWaterlooIA.jpg,https://upload.wikimedia.org/wikipedia/commons/thumb/8/8f/OldLibraryWaterlooIA.jpg/1920px-OldLibraryWaterlooIA.jpg?utm_source=commons.wikimedia.org&utm_campaign=imageinfo&utm_content=thumbnail,Jonathunder,GFDL 1.2,http://www.gnu.org/licenses/old-licenses/fdl-1.2.html,https://commons.wikimedia.org/wiki/File:OldLibraryWaterlooIA.jpg,yes
Waverly,public,Waverly,Iowa,United States,"Feb 20, 1903","$10,000",100 2nd Street SW,,,https://en.wikipedia.org/wiki/Waverly_Public_Library,,,,,,,,no
West Liberty,public,West Liberty,Iowa,United States,"Feb 5, 1904","$7,500",400 N. Spencer St.,41.5714083,-91.2616083,,,,,,,,,no
Winterset,public,Winterset,Iowa,United States,"Feb 5, 1904","$10,000",124 W. Court Ave.,41.3342389,-94.01556,,,,,,,,,no
Woodbine,public,Woodbine,Iowa,United States,"Apr 28, 1909","$7,500",58 Fifth St.,41.7370444,-95.7057083,https://en.wikipedia.org/wiki/Woodbine_Public_Library,wikipedia-list,File:Woodbine_Public_Library.jpg,https://upload.wikimedia.org/wikipedia/commons/thumb/2/24/Woodbine_Public_Library.jpg/1920px-Woodbine_Public_Library.jpg?utm_source=commons.wikimedia.org&utm_campaign=imageinfo&utm_content=thumbnail,Jim Roberts,CC BY-SA 4.0,https://creativecommons.org/licenses/by-sa/4.0,https://commons.wikimedia.org/wiki/File:Woodbine_Public_Library.jpg,yes
Abilene,public,Abilene,Kansas,United States,"Dec 8, 1905","$12,500",209 NW 4th St.,,,,,,,,,,,no
Anthony,public,Anthony,Kansas,United States,"Dec 14, 1908","$10,000",104 N. Springfield Ave.,37.15278,-98.00194,https://en.wikipedia.org/wiki/Anthony_Public_Carnegie_Library,,,,,,,,no
Arkansas City,public,Arkansas City,Kansas,United States,"Apr 10, 1906","$18,400",215 W. 5th Ave.,,,,,,,,,,,no
Burlington,public,Burlington,Kansas,United States,"Apr 25, 1911","$9,656",201 N. 3rd St.,38.19611,-95.73361,"https://en.wikipedia.org/wiki/Burlington_Carnegie_Free_Library_(Burlington,_Kansas)",wikipedia-list,"File:Carnegie_Free_Library,_Burlington,_Kansas_(corner_view).jpg",https://upload.wikimedia.org/wikipedia/commons/thumb/b/bb/Carnegie_Free_Library%2C_Burlington%2C_Kansas_%28corner_view%29.jpg/1920px-Carnegie_Free_Library%2C_Burlington%2C_Kansas_%28corner_view%29.jpg?utm_source=commons.wikimedia.org&utm_campaign=imageinfo&utm_content=thumbnail,Shamera,CC BY-SA 4.0,https://creativecommons.org/licenses/by-sa/4.0,"https://commons.wikimedia.org/wiki/File:Carnegie_Free_Library,_Burlington,_Kansas_(corner_view).jpg",yes
Caldwell,public,Caldwell,Kansas,United States,"Dec 2, 1909","$7,000",13 N. Osage St.,37.03278,-97.60944,"https://en.wikipedia.org/wiki/Caldwell_Carnegie_Library_(Caldwell,_Kansas)",wikipedia-list,File:Caldwell_KS_Carnegie_Library.jpg,https://upload.wikimedia.org/wikipedia/commons/thumb/b/b9/Caldwell_KS_Carnegie_Library.jpg/1920px-Caldwell_KS_Carnegie_Library.jpg?utm_source=commons.wikimedia.org&utm_campaign=imageinfo&utm_content=thumbnail,Lefibreguy,CC BY-SA 4.0,https://creativecommons.org/licenses/by-sa/4.0,https://commons.wikimedia.org/wiki/File:Caldwell_KS_Carnegie_Library.jpg,yes
Canton,public,Canton,Kansas,United States,"Nov 9, 1916","$6,000",300 N. Main St.,38.38806,-97.42639,https://en.wikipedia.org/wiki/Canton_Township_Carnegie_Library,wikipedia-list,File:CantonCarnegieLibrary.jpg,https://upload.wikimedia.org/wikipedia/commons/thumb/b/b8/CantonCarnegieLibrary.jpg/1920px-CantonCarnegieLibrary.jpg?utm_source=commons.wikimedia.org&utm_campaign=imageinfo&utm_content=thumbnail,Kaethesson,CC BY-SA 3.0,https://creativecommons.org/licenses/by-sa/3.0,https://commons.wikimedia.org/wiki/File:CantonCarnegieLibrary.jpg,yes
Chanute,public,Chanute,Kansas,United States,"Dec 30, 1904","$14,500",102 S. Lincoln Ave.,,,,,,,,,,,no
Cherryvale,public,Cherryvale,Kansas,United States,"Apr 30, 1912","$10,000",329 E. Main St.,37.26694,-95.54861,,wikipedia-list,"File:Cherryvale,_KS_public_library_funded_by_Andrew_Carnegie.jpg",https://upload.wikimedia.org/wikipedia/commons/thumb/9/97/Cherryvale%2C_KS_public_library_funded_by_Andrew_Carnegie.jpg/1920px-Cherryvale%2C_KS_public_library_funded_by_Andrew_Carnegie.jpg?utm_source=commons.wikimedia.org&utm_campaign=imageinfo&utm_content=thumbnail,Kaethesson,CC BY-SA 3.0,https://creativecommons.org/licenses/by-sa/3.0,"https://commons.wikimedia.org/wiki/File:Cherryvale,_KS_public_library_funded_by_Andrew_Carnegie.jpg",yes
Clay Center,public,Clay Center,Kansas,United States,"Dec 2, 1909","$10,000",706 6th St.,39.37667,-97.12389,https://en.wikipedia.org/wiki/Clay_Center_Carnegie_Library,wikipedia-list,File:Clay_Center_Carnegie_Library.jpg,https://upload.wikimedia.org/wikipedia/commons/4/4a/Clay_Center_Carnegie_Library.jpg?utm_source=commons.wikimedia.org&utm_campaign=imageinfo&utm_content=thumbnail_unscaled,Unknown professional photographer paid by the Clay County Commissioners,CC BY-SA 4.0,https://creativecommons.org/licenses/by-sa/4.0,https://commons.wikimedia.org/wiki/File:Clay_Center_Carnegie_Library.jpg,yes
Coffeyville,public,Coffeyville,Kansas,United States,"Jan 6, 1911","$25,000",415 W. 8th St.,37.03583,-95.62306,https://en.wikipedia.org/wiki/Coffeyville_Carnegie_Public_Library_Building,wikipedia-list,"File:Coffeyville,_KS_public_library_building_funded_by_Andrew_Carnegie.jpg",https://upload.wikimedia.org/wikipedia/commons/thumb/8/83/Coffeyville%2C_KS_public_library_building_funded_by_Andrew_Carnegie.jpg/1920px-Coffeyville%2C_KS_public_library_building_funded_by_Andrew_Carnegie.jpg?utm_source=commons.wikimedia.org&utm_campaign=imageinfo&utm_content=thumbnail,Kaethesson,CC BY-SA 3.0,https://creativecommons.org/licenses/by-sa/3.0,"https://commons.wikimedia.org/wiki/File:Coffeyville,_KS_public_library_building_funded_by_Andrew_Carnegie.jpg",yes
Columbus,public,Columbus,Kansas,United States,"Jul 13, 1912","$10,000",205 N. Kansas Ave.,37.17278,-94.84333,https://en.wikipedia.org/wiki/Columbus_Public_Carnegie_Library,wikipedia-list,"File:Columbus,_KS_public_library_funded_by_Andrew_Carnegie..jpg",https://upload.wikimedia.org/wikipedia/commons/thumb/0/00/Columbus%2C_KS_public_library_funded_by_Andrew_Carnegie..jpg/1920px-Columbus%2C_KS_public_library_funded_by_Andrew_Carnegie..jpg?utm_source=commons.wikimedia.org&utm_campaign=imageinfo&utm_content=thumbnail,Kaethesson,CC BY-SA 3.0,https://creativecommons.org/licenses/by-sa/3.0,"https://commons.wikimedia.org/wiki/File:Columbus,_KS_public_library_funded_by_Andrew_Carnegie..jpg",yes
Concordia,public,Concordia,Kansas,United States,"Dec 13, 1907","$10,000",635 Broadway,,,,,,,,,,,no
Council Grove,public,Council Grove,Kansas,United States,"Mar 27, 1903","$10,000",303 W. Main St.,38.65972,-96.49361,,wikipedia-list,"File:Carnegie_Library_Council_Grove,_Kansas.jpg",https://upload.wikimedia.org/wikipedia/commons/thumb/f/f2/Carnegie_Library_Council_Grove%2C_Kansas.jpg/1920px-Carnegie_Library_Council_Grove%2C_Kansas.jpg?utm_source=commons.wikimedia.org&utm_campaign=imageinfo&utm_content=thumbnail,Art davis,CC BY-SA 3.0,https://creativecommons.org/licenses/by-sa/3.0,"https://commons.wikimedia.org/wiki/File:Carnegie_Library_Council_Grove,_Kansas.jpg",yes
Dodge City,public,Dodge City,Kansas,United States,"Feb 1, 1905","$8,500",701 N. 2nd Ave.,37.75472,-100.01889,https://en.wikipedia.org/wiki/Dodge_City_Public_Library,wikipedia-list,File:Dodge_City_Carnegie_Art_Center_from_SE_3.JPG,https://upload.wikimedia.org/wikipedia/commons/thumb/0/0c/Dodge_City_Carnegie_Art_Center_from_SE_3.JPG/1920px-Dodge_City_Carnegie_Art_Center_from_SE_3.JPG?utm_source=commons.wikimedia.org&utm_campaign=imageinfo&utm_content=thumbnail,Ammodramus,CC0,http://creativecommons.org/publicdomain/zero/1.0/deed.en,https://commons.wikimedia.org/wiki/File:Dodge_City_Carnegie_Art_Center_from_SE_3.JPG,yes
Downs,public,Downs,Kansas,United States,"Jan 19, 1905","$6,140",504 S. Morgan Ave.,39.50389,-98.54444,https://en.wikipedia.org/wiki/Downs_Carnegie_Library,wikipedia-list,"File:Downs,_Kansas_Carnegie_library_from_E_1.JPG",https://upload.wikimedia.org/wikipedia/commons/thumb/c/c4/Downs%2C_Kansas_Carnegie_library_from_E_1.JPG/1920px-Downs%2C_Kansas_Carnegie_library_from_E_1.JPG?utm_source=commons.wikimedia.org&utm_campaign=imageinfo&utm_content=thumbnail,Ammodramus,CC0,http://creativecommons.org/publicdomain/zero/1.0/deed.en,"https://commons.wikimedia.org/wiki/File:Downs,_Kansas_Carnegie_library_from_E_1.JPG",yes
El Dorado,public,El Dorado,Kansas,United States,"Nov 30, 1910","$10,000",101 S. Star St.,37.81667,-96.85472,https://en.wikipedia.org/wiki/El_Dorado_Carnegie_Library,wikipedia-list,"File:El_Dorado,_KS_public_library_building_funded_by_Andrew_Carnegie.jpg",https://upload.wikimedia.org/wikipedia/commons/thumb/a/a7/El_Dorado%2C_KS_public_library_building_funded_by_Andrew_Carnegie.jpg/1920px-El_Dorado%2C_KS_public_library_building_funded_by_Andrew_Carnegie.jpg?utm_source=commons.wikimedia.org&utm_campaign=imageinfo&utm_content=thumbnail,Kaethesson,CC BY-SA 3.0,https://creativecommons.org/licenses/by-sa/3.0,"https://commons.wikimedia.org/wiki/File:El_Dorado,_KS_public_library_building_funded_by_Andrew_Carnegie.jpg",yes
Emporia,public,Emporia,Kansas,United States,"Apr 26, 1902","$22,000",118 E. 6th St.,38.40528,-96.17778,,wikipedia-list,File:Old_Emporia_Public_Library_Kansas_front_view.jpg,https://upload.wikimedia.org/wikipedia/commons/thumb/f/fb/Old_Emporia_Public_Library_Kansas_front_view.jpg/1920px-Old_Emporia_Public_Library_Kansas_front_view.jpg?utm_source=commons.wikimedia.org&utm_campaign=imageinfo&utm_content=thumbnail,SharonPapierdreams,CC BY-SA 4.0,https://creativecommons.org/licenses/by-sa/4.0,https://commons.wikimedia.org/wiki/File:Old_Emporia_Public_Library_Kansas_front_view.jpg,yes
Eureka,public,Eureka,Kansas,United States,"May 21, 1913","$9,000",520 N. Main St.,37.82472,-96.28972,https://en.wikipedia.org/wiki/Eureka_Carnegie_Library,wikipedia-list,"File:Eureka_Carnegie_Library_88001170_Greenwood_County,_KS.jpg",https://upload.wikimedia.org/wikipedia/commons/1/17/Eureka_Carnegie_Library_88001170_Greenwood_County%2C_KS.jpg?utm_source=commons.wikimedia.org&utm_campaign=imageinfo&utm_content=thumbnail_unscaled,Jon Roanhaus,CC BY-SA 4.0,https://creativecommons.org/licenses/by-sa/4.0,"https://commons.wikimedia.org/wiki/File:Eureka_Carnegie_Library_88001170_Greenwood_County,_KS.jpg",yes
Fort Scott,public,Fort Scott,Kansas,United States,"Mar 14, 1901","$18,000",201 S. National Ave.,37.84028,-94.70639,,wikipedia-list,"File:Ft._Scott,_KS_public_library_funded_by_Andrew_Carnegie.jpg",https://upload.wikimedia.org/wikipedia/commons/thumb/0/0b/Ft._Scott%2C_KS_public_library_funded_by_Andrew_Carnegie.jpg/1920px-Ft._Scott%2C_KS_public_library_funded_by_Andrew_Carnegie.jpg?utm_source=commons.wikimedia.org&utm_campaign=imageinfo&utm_content=thumbnail,Kaethesson,CC BY-SA 3.0,https://creativecommons.org/licenses/by-sa/3.0,"https://commons.wikimedia.org/wiki/File:Ft._Scott,_KS_public_library_funded_by_Andrew_Carnegie.jpg",yes
Garden City,public,Garden City,Kansas,United States,"Apr 17, 1909","$10,000",702 N. Main St.,,,,,,,,,,,no
Girard,public,Girard,Kansas,United States,"Nov 24, 1905","$9,000",128 W. Prairie St.,37.51028,-94.84500,https://en.wikipedia.org/wiki/Girard_Public_Library,wikipedia-list,"File:Girard,_KS_public_library_funded_by_Andrew_Carnegie..jpg",https://upload.wikimedia.org/wikipedia/commons/thumb/1/1d/Girard%2C_KS_public_library_funded_by_Andrew_Carnegie..jpg/1920px-Girard%2C_KS_public_library_funded_by_Andrew_Carnegie..jpg?utm_source=commons.wikimedia.org&utm_campaign=imageinfo&utm_content=thumbnail,Kaethesson,CC BY-SA 3.0,https://creativecommons.org/licenses/by-sa/3.0,"https://commons.wikimedia.org/wiki/File:Girard,_KS_public_library_funded_by_Andrew_Carnegie..jpg",yes
Goodland,public,Goodland,Kansas,United States,"Dec 14, 1908","$10,000",120 W. 12th St.,39.34722,-101.71278,https://en.wikipedia.org/wiki/Goodland_City_Library,wikipedia-list,"File:Goodland,_Kansas_Carnegie_library_from_S_1.JPG",https://upload.wikimedia.org/wikipedia/commons/thumb/1/18/Goodland%2C_Kansas_Carnegie_library_from_S_1.JPG/1920px-Goodland%2C_Kansas_Carnegie_library_from_S_1.JPG?utm_source=commons.wikimedia.org&utm_campaign=imageinfo&utm_content=thumbnail,Ammodramus,CC0,http://creativecommons.org/publicdomain/zero/1.0/deed.en,"https://commons.wikimedia.org/wiki/File:Goodland,_Kansas_Carnegie_library_from_S_1.JPG",yes
Great Bend,public,Great Bend,Kansas,United States,"Nov 14, 1906","$12,500",,,,,,,,,,,,no
Halstead,public,Halstead,Kansas,United States,"Jan 23, 1909","$7,500",,,,,,,,,,,,no
Hays,public,Hays,Kansas,United States,"Apr 28, 1910","$9,000",,,,,,,,,,,,no
Herington,public,Herington,Kansas,United States,"Jul 9, 1913","$10,000",102 S. Broadway,38.66806,-96.94167,,wikipedia-list,File:Herington_Carnegie_Public_Library_(Kansas)_southwest_view.jpg,https://upload.wikimedia.org/wikipedia/commons/3/37/Herington_Carnegie_Public_Library_%28Kansas%29_southwest_view.jpg?utm_source=commons.wikimedia.org&utm_campaign=imageinfo&utm_content=thumbnail_unscaled,SharonPapierdreams,CC BY-SA 4.0,https://creativecommons.org/licenses/by-sa/4.0,https://commons.wikimedia.org/wiki/File:Herington_Carnegie_Public_Library_(Kansas)_southwest_view.jpg,yes
Hiawatha,public,Hiawatha,Kansas,United States,"Apr 10, 1906","$10,000",431 Oregon St.,,,,,,,,,,,no
Hutchinson,public,Hutchinson,Kansas,United States,"Apr 11, 1902","$32,000",427 N. Main St.,38.05972,-97.93083,,wikipedia-list,File:September_2013_117_8_9_tonemapped.jpg,https://upload.wikimedia.org/wikipedia/commons/thumb/1/1c/September_2013_117_8_9_tonemapped.jpg/1920px-September_2013_117_8_9_tonemapped.jpg?utm_source=commons.wikimedia.org&utm_campaign=imageinfo&utm_content=thumbnail,Ron Roberson,CC BY-SA 3.0,https://creativecommons.org/licenses/by-sa/3.0,https://commons.wikimedia.org/wiki/File:September_2013_117_8_9_tonemapped.jpg,yes
Independence,public,Independence,Kansas,United States,"Nov 24, 1905","$22,500",220 E. Maple St.,37.22361,-95.70333,,wikipedia-list,"File:Independence,_KS_public_library_funded_by_Andrew_Carnegie.jpg",https://upload.wikimedia.org/wikipedia/commons/thumb/c/c5/Independence%2C_KS_public_library_funded_by_Andrew_Carnegie.jpg/1920px-Independence%2C_KS_public_library_funded_by_Andrew_Carnegie.jpg?utm_source=commons.wikimedia.org&utm_campaign=imageinfo&utm_content=thumbnail,Kaethesson,CC BY-SA 3.0,https://creativecommons.org/licenses/by-sa/3.0,"https://commons.wikimedia.org/wiki/File:Independence,_KS_public_library_funded_by_Andrew_Carnegie.jpg",yes
Iola,public,Iola,Kansas,United States,"Dec 20, 1904","$15,000",,,,,,,,,,,,no
Kansas City Main,public,Kansas City,Kansas,United States,"Jul 4, 1901","$100,000",,,,,wikipedia-list,"File:Kansas_City,_Kansas_Public_Library.jpg",https://upload.wikimedia.org/wikipedia/commons/3/37/Kansas_City%2C_Kansas_Public_Library.jpg?utm_source=commons.wikimedia.org&utm_campaign=imageinfo&utm_content=thumbnail_unscaled,"dave from kansas city, mo",CC BY-SA 2.0,https://creativecommons.org/licenses/by-sa/2.0,"https://commons.wikimedia.org/wiki/File:Kansas_City,_Kansas_Public_Library.jpg",yes
Kansas City Argentine,public,Kansas City,Kansas,United States,1914,"$25,000",2800 Metropolitan Ave.,39.07417,-94.66083,https://en.wikipedia.org/wiki/Argentine_Carnegie_Library,wikipedia-list,File:Argentine_Carnegie_Library.jpg,https://upload.wikimedia.org/wikipedia/commons/thumb/3/3b/Argentine_Carnegie_Library.jpg/1920px-Argentine_Carnegie_Library.jpg?utm_source=commons.wikimedia.org&utm_campaign=imageinfo&utm_content=thumbnail,Safire1k,CC BY-SA 3.0,https://creativecommons.org/licenses/by-sa/3.0,https://commons.wikimedia.org/wiki/File:Argentine_Carnegie_Library.jpg,yes
Kingman,public,Kingman,Kansas,United States,"May 21, 1913","$10,000",455 N. Main St.,37.64583,-98.11306,,wikipedia-list,File:Carnegie_Library_in_Kingman_Kansas.jpg,https://upload.wikimedia.org/wikipedia/commons/thumb/a/a8/Carnegie_Library_in_Kingman_Kansas.jpg/1920px-Carnegie_Library_in_Kingman_Kansas.jpg?utm_source=commons.wikimedia.org&utm_campaign=imageinfo&utm_content=thumbnail,Alan Levine,CC BY-SA 2.0,https://creativecommons.org/licenses/by-sa/2.0,https://commons.wikimedia.org/wiki/File:Carnegie_Library_in_Kingman_Kansas.jpg,yes
Lawrence,public,Lawrence,Kansas,United States,"May 31, 1902","$27,500",200 W. 9th St.,38.96778,-95.23750,https://en.wikipedia.org/wiki/Lawrence_Public_Library#Carnegie_Library,wikipedia-list,File:Old_Lawrence_Library.JPG,https://upload.wikimedia.org/wikipedia/commons/thumb/b/bd/Old_Lawrence_Library.JPG/1920px-Old_Lawrence_Library.JPG?utm_source=commons.wikimedia.org&utm_campaign=imageinfo&utm_content=thumbnail,Bhall87 (talk),CC BY-SA 3.0,https://creativecommons.org/licenses/by-sa/3.0,https://commons.wikimedia.org/wiki/File:Old_Lawrence_Library.JPG,yes
Leavenworth,public,Leavenworth,Kansas,United States,"Jan 16, 1900","$30,000",601 S. 5th St.,39.31333,-94.91528,"https://en.wikipedia.org/wiki/Carnegie_Arts_Center_of_Leavenworth,_Kansas",wikipedia-list,"File:Leavenworth_Public_Library,_Leavenworth,_KS_1.jpg",https://upload.wikimedia.org/wikipedia/commons/thumb/3/36/Leavenworth_Public_Library%2C_Leavenworth%2C_KS_1.jpg/1920px-Leavenworth_Public_Library%2C_Leavenworth%2C_KS_1.jpg?utm_source=commons.wikimedia.org&utm_campaign=imageinfo&utm_content=thumbnail,Rntwerner,CC BY-SA 3.0,https://creativecommons.org/licenses/by-sa/3.0,"https://commons.wikimedia.org/wiki/File:Leavenworth_Public_Library,_Leavenworth,_KS_1.jpg",yes
Lincoln,public,Lincoln,Kansas,United States,"Mar 14, 1913","$6,000",203 S. 3rd St.,39.03917,-98.14472,,wikipedia-list,File:LincolnCarnegieLibrary.jpg,https://upload.wikimedia.org/wikipedia/commons/thumb/7/76/LincolnCarnegieLibrary.jpg/1920px-LincolnCarnegieLibrary.jpg?utm_source=commons.wikimedia.org&utm_campaign=imageinfo&utm_content=thumbnail,Kaethesson,CC BY-SA 3.0,https://creativecommons.org/licenses/by-sa/3.0,https://commons.wikimedia.org/wiki/File:LincolnCarnegieLibrary.jpg,yes
Lyndon,public,Lyndon,Kansas,United States,"Dec 2, 1909","$8,000",127 E. 6th St.,38.60750,-95.68278,https://en.wikipedia.org/wiki/Lyndon_Carnegie_Library,wikipedia-list,"File:Carnegie_Library,_Lyndon,_KS.jpg",https://upload.wikimedia.org/wikipedia/commons/thumb/b/b4/Carnegie_Library%2C_Lyndon%2C_KS.jpg/1920px-Carnegie_Library%2C_Lyndon%2C_KS.jpg?utm_source=commons.wikimedia.org&utm_campaign=imageinfo&utm_content=thumbnail,25or6to4,CC BY-SA 4.0,https://creativecommons.org/licenses/by-sa/4.0,"https://commons.wikimedia.org/wiki/File:Carnegie_Library,_Lyndon,_KS.jpg",yes
Lyons,public,Lyons,Kansas,United States,"Jan 5, 1909","$6,000",105 W. Lyon St.,,,,,,,,,,,no
Manhattan,public,Manhattan,Kansas,United States,"Jan 22, 1903","$10,000",105 Courthouse Plaza,39.17861,-96.56528,https://en.wikipedia.org/wiki/Manhattan_Carnegie_Library_Building,wikipedia-list,File:Manhattan_Carnegie_Library_Building.jpg,https://upload.wikimedia.org/wikipedia/commons/thumb/1/1d/Manhattan_Carnegie_Library_Building.jpg/1920px-Manhattan_Carnegie_Library_Building.jpg?utm_source=commons.wikimedia.org&utm_campaign=imageinfo&utm_content=thumbnail,HornColumbia,CC0,http://creativecommons.org/publicdomain/zero/1.0/deed.en,https://commons.wikimedia.org/wiki/File:Manhattan_Carnegie_Library_Building.jpg,yes
McPherson,public,McPherson,Kansas,United States,"Mar 16, 1915","$12,500",,,,,,,,,,,,no
Newton,public,Newton,Kansas,United States,"Mar 14, 1902","$160,000",203 Main St.,38.04417,-97.34500,"https://en.wikipedia.org/wiki/Carnegie_Library_(Newton,_Kansas)",wikipedia-list,File:NewtonKSLibrary.jpg,https://upload.wikimedia.org/wikipedia/commons/a/a7/NewtonKSLibrary.jpg?utm_source=commons.wikimedia.org&utm_campaign=imageinfo&utm_content=thumbnail_unscaled,scanned by Gary Johnson; original creator unknown; not stated on card,Public domain,,https://commons.wikimedia.org/wiki/File:NewtonKSLibrary.jpg,yes
Olathe,public,Olathe,Kansas,United States,"Dec 24, 1909","$10,000",,,,,,,,,,,,no
Osawatomie,public,Osawatomie,Kansas,United States,"Apr 16, 1910","$7,500",,,,,,,,,,,,no
Osborne,public,Osborne,Kansas,United States,"Jan 27, 1912","$6,000",307 N. Main St.,39.43778,-98.69861,https://en.wikipedia.org/wiki/Osborne_Public_Carnegie_Library,wikipedia-list,"File:Osborne,_Kansas_Carnegie_library_from_NE_1.JPG",https://upload.wikimedia.org/wikipedia/commons/thumb/5/53/Osborne%2C_Kansas_Carnegie_library_from_NE_1.JPG/1920px-Osborne%2C_Kansas_Carnegie_library_from_NE_1.JPG?utm_source=commons.wikimedia.org&utm_campaign=imageinfo&utm_content=thumbnail,Ammodramus,CC0,http://creativecommons.org/publicdomain/zero/1.0/deed.en,"https://commons.wikimedia.org/wiki/File:Osborne,_Kansas_Carnegie_library_from_NE_1.JPG",yes
Oswego,public,Oswego,Kansas,United States,"Dec 2, 1909","$5,000",701 4th St.,37.16694,-95.10750,https://en.wikipedia.org/wiki/Oswego_Public_Library,wikipedia-list,"File:Oswego,_KS_public_library_funded_by_Andrew_Carnegie..jpg",https://upload.wikimedia.org/wikipedia/commons/thumb/b/b3/Oswego%2C_KS_public_library_funded_by_Andrew_Carnegie..jpg/1920px-Oswego%2C_KS_public_library_funded_by_Andrew_Carnegie..jpg?utm_source=commons.wikimedia.org&utm_campaign=imageinfo&utm_content=thumbnail,Kaethesson,CC BY-SA 3.0,https://creativecommons.org/licenses/by-sa/3.0,"https://commons.wikimedia.org/wiki/File:Oswego,_KS_public_library_funded_by_Andrew_Carnegie..jpg",yes
Ottawa,public,Ottawa,Kansas,United States,"Jan 9, 1902","$15,000",515 S. Main St.,38.60417,-95.26194,https://en.wikipedia.org/wiki/Ottawa_Library_(Kansas),wikipedia-list,"File:Ottawa,_KS_former_public_library_building_funded_by_Andrew_Carnegie..jpg",https://upload.wikimedia.org/wikipedia/commons/thumb/a/ab/Ottawa%2C_KS_former_public_library_building_funded_by_Andrew_Carnegie..jpg/1920px-Ottawa%2C_KS_former_public_library_building_funded_by_Andrew_Carnegie..jpg?utm_source=commons.wikimedia.org&utm_campaign=imageinfo&utm_content=thumbnail,Kaethesson,CC BY-SA 3.0,https://creativecommons.org/licenses/by-sa/3.0,"https://commons.wikimedia.org/wiki/File:Ottawa,_KS_former_public_library_building_funded_by_Andrew_Carnegie..jpg",yes
Parsons,public,Parsons,Kansas,United States,"Nov 14, 1907","$22,500",117 S. 17th St.,37.33972,-95.26083,"https://en.wikipedia.org/wiki/Carnegie_Library_(Parsons,_Kansas)",wikipedia-list,"File:Parsons,_KS_former_public_library_building_funded_by_Andrew_Carnegie..jpg",https://upload.wikimedia.org/wikipedia/commons/thumb/c/ca/Parsons%2C_KS_former_public_library_building_funded_by_Andrew_Carnegie..jpg/1920px-Parsons%2C_KS_former_public_library_building_funded_by_Andrew_Carnegie..jpg?utm_source=commons.wikimedia.org&utm_campaign=imageinfo&utm_content=thumbnail,Kaethesson,CC BY-SA 3.0,https://creativecommons.org/licenses/by-sa/3.0,"https://commons.wikimedia.org/wiki/File:Parsons,_KS_former_public_library_building_funded_by_Andrew_Carnegie..jpg",yes
Peabody,public,Peabody,Kansas,United States,"Mar 20, 1913","$10,000",214 N. Walnut St.,38.16722,-97.10667,https://en.wikipedia.org/wiki/Peabody_Township_Library,wikipedia-list,"File:Peabody_Township_Carnegie_Library_in_Peabody,_Kansas.jpg",https://upload.wikimedia.org/wikipedia/commons/thumb/d/d4/Peabody_Township_Carnegie_Library_in_Peabody%2C_Kansas.jpg/1920px-Peabody_Township_Carnegie_Library_in_Peabody%2C_Kansas.jpg?utm_source=commons.wikimedia.org&utm_campaign=imageinfo&utm_content=thumbnail,Steve Meirowsky (Wikipedia) (Flickr),CC BY-SA 3.0,https://creativecommons.org/licenses/by-sa/3.0,"https://commons.wikimedia.org/wiki/File:Peabody_Township_Carnegie_Library_in_Peabody,_Kansas.jpg",yes
Pittsburg,public,Pittsburg,Kansas,United States,"Jun 25, 1909","$40,000",308 N. Walnut St.,37.41111,-94.70722,https://en.wikipedia.org/wiki/Pittsburg_Public_Library,wikipedia-list,File:LibCrop.jpg,https://upload.wikimedia.org/wikipedia/commons/9/9d/LibCrop.jpg?utm_source=commons.wikimedia.org&utm_campaign=imageinfo&utm_content=thumbnail_unscaled,AnnDee Peterson,Public domain,,https://commons.wikimedia.org/wiki/File:LibCrop.jpg,yes
Plainville,public,Plainville,Kansas,United States,"Feb 20, 1911","$5,000",,,,,,,,,,,,no
Russell,public,Russell,Kansas,United States,"Jun 8, 1905","$5,800",,,,,,,,,,,,no
Salina,public,Salina,Kansas,United States,"Feb 15, 1902","$15,000",,,,,,,,,,,,no
Sterling,public,Sterling,Kansas,United States,"Nov 9, 1916","$10,000",138 N. Broadway Ave.,38.21056,-98.20694,https://en.wikipedia.org/wiki/Sterling_Free_Public_Carnegie_Library,,,,,,,,no
Stockton,public,Stockton,Kansas,United States,"Dec 24, 1909","$5,000",124 N. Cedar St.,,,,,,,,,,,no
Washington,public,Washington,Kansas,United States,"Apr 23, 1908","$5,000",,,,,,,,,,,,no
Wellington,public,Wellington,Kansas,United States,"Apr 19, 1915","$17,500",121 W. 7th St.,37.26750,-97.39889,https://en.wikipedia.org/wiki/Wellington_Carnegie_Library,wikipedia-list,File:Wellington_Public_Library.jpg,https://upload.wikimedia.org/wikipedia/commons/thumb/a/a9/Wellington_Public_Library.jpg/1920px-Wellington_Public_Library.jpg?utm_source=commons.wikimedia.org&utm_campaign=imageinfo&utm_content=thumbnail,Lefibreguy,CC BY-SA 4.0,https://creativecommons.org/licenses/by-sa/4.0,https://commons.wikimedia.org/wiki/File:Wellington_Public_Library.jpg,yes
Wichita,public,Wichita,Kansas,United States,"Jul 13, 1912","$75,000",220 S. Main St.,37.68722,-97.33917,https://en.wikipedia.org/wiki/Wichita_City_Carnegie_Library_Building,wikipedia-list,File:Wichita_City_Carnegie_Library_Building.jpg,https://upload.wikimedia.org/wikipedia/commons/thumb/a/ae/Wichita_City_Carnegie_Library_Building.jpg/1920px-Wichita_City_Carnegie_Library_Building.jpg?utm_source=commons.wikimedia.org&utm_campaign=imageinfo&utm_content=thumbnail,Judy Handley,CC BY-SA 3.0,https://creativecommons.org/licenses/by-sa/3.0,https://commons.wikimedia.org/wiki/File:Wichita_City_Carnegie_Library_Building.jpg,yes
Winfield,public,Winfield,Kansas,United States,"Feb 15, 1902","$15,000",1001 Millington St.,37.23861,-96.99639,https://en.wikipedia.org/wiki/Winfield_Public_Carnegie_Library,wikipedia-list,File:Winfield_Public_Carnegie_Library.JPG,https://upload.wikimedia.org/wikipedia/commons/thumb/1/17/Winfield_Public_Carnegie_Library.JPG/1920px-Winfield_Public_Carnegie_Library.JPG?utm_source=commons.wikimedia.org&utm_campaign=imageinfo&utm_content=thumbnail,Jeffrey Beall,CC BY-SA 3.0,https://creativecommons.org/licenses/by-sa/3.0,https://commons.wikimedia.org/wiki/File:Winfield_Public_Carnegie_Library.JPG,yes
Yates Center,public,Yates Center,Kansas,United States,"Jan 31, 1910","$7,500",218 N. Main St.,37.88333,-95.73167,https://en.wikipedia.org/wiki/Yates_Center_Carnegie_Library,wikipedia-list,"File:Carnegie_Library,_Yates_Center,_KS.jpg",https://upload.wikimedia.org/wikipedia/commons/thumb/c/c1/Carnegie_Library%2C_Yates_Center%2C_KS.jpg/1920px-Carnegie_Library%2C_Yates_Center%2C_KS.jpg?utm_source=commons.wikimedia.org&utm_campaign=imageinfo&utm_content=thumbnail,25or6to4,CC BY-SA 4.0,https://creativecommons.org/licenses/by-sa/4.0,"https://commons.wikimedia.org/wiki/File:Carnegie_Library,_Yates_Center,_KS.jpg",yes
Corbin,public,Corbin,Kentucky,United States,"Apr 13, 1914","$6,000",402 Roy Kidd Ave.,36.94972,-84.09389,"https://en.wikipedia.org/wiki/Carnegie_Library_(Corbin,_Kentucky)",wikipedia-list,File:Corbin_Carnegie_Library.jpg,https://upload.wikimedia.org/wikipedia/commons/thumb/f/f4/Corbin_Carnegie_Library.jpg/1920px-Corbin_Carnegie_Library.jpg?utm_source=commons.wikimedia.org&utm_campaign=imageinfo&utm_content=thumbnail,Nyttend,Public domain,,https://commons.wikimedia.org/wiki/File:Corbin_Carnegie_Library.jpg,yes
Covington,public,Covington,Kentucky,United States,"Jan 15, 1900","$85,000",1028 Scott Blvd.,39.08000,-84.50722,,wikipedia-list,File:KentonCoLibrary.jpg,https://upload.wikimedia.org/wikipedia/commons/thumb/c/cb/KentonCoLibrary.jpg/1920px-KentonCoLibrary.jpg?utm_source=commons.wikimedia.org&utm_campaign=imageinfo&utm_content=thumbnail,Greg5030,CC BY 3.0,https://creativecommons.org/licenses/by/3.0,https://commons.wikimedia.org/wiki/File:KentonCoLibrary.jpg,yes
Henderson,public,Henderson,Kentucky,United States,"Jul 3, 1901","$25,000",101 S. Main St.,,,,wikipedia-list,"File:Carnegie_library_in_Henderson,_Kentucky.jpg",https://upload.wikimedia.org/wikipedia/commons/thumb/b/b0/Carnegie_library_in_Henderson%2C_Kentucky.jpg/1920px-Carnegie_library_in_Henderson%2C_Kentucky.jpg?utm_source=commons.wikimedia.org&utm_campaign=imageinfo&utm_content=thumbnail,Nyttend,Public domain,,"https://commons.wikimedia.org/wiki/File:Carnegie_library_in_Henderson,_Kentucky.jpg",yes
Hickman,public,Hickman,Kentucky,United States,"Nov 27, 1906","$10,000",312 Main St.,36.57167,-89.18528,https://en.wikipedia.org/wiki/Hickman_Carnegie_Library,wikipedia-list,File:Hickman_Carnegie_Library.jpg,https://upload.wikimedia.org/wikipedia/commons/thumb/e/e2/Hickman_Carnegie_Library.jpg/1920px-Hickman_Carnegie_Library.jpg?utm_source=commons.wikimedia.org&utm_campaign=imageinfo&utm_content=thumbnail,Nyttend,Public domain,,https://commons.wikimedia.org/wiki/File:Hickman_Carnegie_Library.jpg,yes
Hopkinsville,public,Hopkinsville,Kentucky,United States,"Dec 3, 1912","$15,000",708 Liberty St.,,,,,,,,,,,no
Lawrenceburg,public,Lawrenceburg,Kentucky,United States,"Apr 6, 1908","$5,800",108 E. Woodford St.,,,,,,,,,,,no
Lexington,public,Lexington,Kentucky,United States,"Jan 16, 1902","$60,000",251 W. 2nd St.,,,,wikipedia-list,File:CarnegieLex2.jpg,https://upload.wikimedia.org/wikipedia/commons/thumb/d/d0/CarnegieLex2.jpg/1920px-CarnegieLex2.jpg?utm_source=commons.wikimedia.org&utm_campaign=imageinfo&utm_content=thumbnail,Tamanoeconomico,CC BY-SA 4.0,https://creativecommons.org/licenses/by-sa/4.0,https://commons.wikimedia.org/wiki/File:CarnegieLex2.jpg,yes
Louisville Main,public,Louisville,Kentucky,United States,"Nov 11, 1899","$450,000",301 W. York St.,38.24444,-85.75778,https://en.wikipedia.org/wiki/Louisville_Free_Public_Library,wikipedia-list,File:Louisville_Public_Library.jpg,https://upload.wikimedia.org/wikipedia/commons/2/2e/Louisville_Public_Library.jpg?utm_source=commons.wikimedia.org&utm_campaign=imageinfo&utm_content=thumbnail_unscaled,The original uploader was Retired username at English Wikipedia.,CC BY 2.5,https://creativecommons.org/licenses/by/2.5,https://commons.wikimedia.org/wiki/File:Louisville_Public_Library.jpg,yes
Louisville Crescent Hill,public,Louisville,Kentucky,United States,"Nov 11, 1899",—,2762 Frankfort Ave.,38.25444,-85.69139,https://en.wikipedia.org/wiki/Crescent_Hill_Branch_Library,wikipedia-list,File:Louisville_Crescent_Hill_Branch_library.jpeg,https://upload.wikimedia.org/wikipedia/commons/thumb/c/c7/Louisville_Crescent_Hill_Branch_library.jpeg/1920px-Louisville_Crescent_Hill_Branch_library.jpeg?utm_source=commons.wikimedia.org&utm_campaign=imageinfo&utm_content=thumbnail,Zepfanman.com,CC BY 2.0,https://creativecommons.org/licenses/by/2.0,https://commons.wikimedia.org/wiki/File:Louisville_Crescent_Hill_Branch_library.jpeg,yes
Louisville Eastern,public,Louisville,Kentucky,United States,"Nov 11, 1899",—,600 Lampton St.,,,"https://en.wikipedia.org/wiki/Louisville_Free_Public_Library,_Eastern_Colored_Branch",wikipedia-list,File:Louisville_Eastern_Colored_Branch.jpg,https://upload.wikimedia.org/wikipedia/commons/thumb/a/af/Louisville_Eastern_Colored_Branch.jpg/1920px-Louisville_Eastern_Colored_Branch.jpg?utm_source=commons.wikimedia.org&utm_campaign=imageinfo&utm_content=thumbnail,w.marsh,CC BY 2.0,https://creativecommons.org/licenses/by/2.0,https://commons.wikimedia.org/wiki/File:Louisville_Eastern_Colored_Branch.jpg,yes
Louisville Highland,public,Louisville,Kentucky,United States,"Nov 11, 1899",—,1000 Cherokee Rd.,,,,commons-namesearch,File:Carnegie Library in Louisville.jpg,https://upload.wikimedia.org/wikipedia/commons/c/c6/Carnegie_Library_in_Louisville.jpg?utm_source=commons.wikimedia.org&utm_campaign=imageinfo&utm_content=thumbnail_unscaled,w.marsh,CC BY 2.0,https://creativecommons.org/licenses/by/2.0,https://commons.wikimedia.org/wiki/File:Carnegie_Library_in_Louisville.jpg,yes
Louisville Jefferson,public,Louisville,Kentucky,United States,"Nov 11, 1899",—,1718 W. Jefferson St.,38.25611,-85.77972,,wikipedia-list,File:Old_Louisville_Jefferson_Branch_library.jpg,https://upload.wikimedia.org/wikipedia/commons/8/81/Old_Louisville_Jefferson_Branch_library.jpg?utm_source=commons.wikimedia.org&utm_campaign=imageinfo&utm_content=thumbnail_unscaled,w.marsh,CC BY 2.0,https://creativecommons.org/licenses/by/2.0,https://commons.wikimedia.org/wiki/File:Old_Louisville_Jefferson_Branch_library.jpg,yes
Louisville Parkland,public,Louisville,Kentucky,United States,"Nov 11, 1899",—,2743 Virginia Ave.,,,"https://en.wikipedia.org/wiki/Louisville_Free_Public_Library,_Parkland_Branch",wikipedia-list,File:Parkland_Library_July_2025.jpg,https://upload.wikimedia.org/wikipedia/commons/thumb/d/d7/Parkland_Library_July_2025.jpg/1920px-Parkland_Library_July_2025.jpg?utm_source=commons.wikimedia.org&utm_campaign=imageinfo&utm_content=thumbnail,Bpluke01,CC BY 4.0,https://creativecommons.org/licenses/by/4.0,https://commons.wikimedia.org/wiki/File:Parkland_Library_July_2025.jpg,yes
Louisville Portland,public,Louisville,Kentucky,United States,"Nov 11, 1899",—,3305 Northwestern Parkway,,,"https://en.wikipedia.org/wiki/Louisville_Free_Public_Library,_Portland_Branch",wikipedia-list,File:Louisville_Portland_Branch_library.jpg,https://upload.wikimedia.org/wikipedia/commons/thumb/a/a8/Louisville_Portland_Branch_library.jpg/1920px-Louisville_Portland_Branch_library.jpg?utm_source=commons.wikimedia.org&utm_campaign=imageinfo&utm_content=thumbnail,w.marsh,CC BY 2.0,https://creativecommons.org/licenses/by/2.0,https://commons.wikimedia.org/wiki/File:Louisville_Portland_Branch_library.jpg,yes
Louisville Shelby Park,public,Louisville,Kentucky,United States,"Nov 11, 1899",—,600 E. Oak St.,38.23361,-85.74556,"https://en.wikipedia.org/wiki/Louisville_Free_Public_Library,_Shelby_Park_Branch",wikipedia-list,File:Carnegie_Library_in_Louisville.jpg,https://upload.wikimedia.org/wikipedia/commons/c/c6/Carnegie_Library_in_Louisville.jpg?utm_source=commons.wikimedia.org&utm_campaign=imageinfo&utm_content=thumbnail_unscaled,w.marsh,CC BY 2.0,https://creativecommons.org/licenses/by/2.0,https://commons.wikimedia.org/wiki/File:Carnegie_Library_in_Louisville.jpg,yes
Louisville Western,public,Louisville,Kentucky,United States,"Nov 11, 1899",—,604 S. 10th St.,38.24972,-85.76750,"https://en.wikipedia.org/wiki/Louisville_Free_Public_Library,_Western_Colored_Branch",wikipedia-list,"File:Louisville_Free_Public_Library,_Western_Colored_Branch.jpg",https://upload.wikimedia.org/wikipedia/commons/thumb/b/b4/Louisville_Free_Public_Library%2C_Western_Colored_Branch.jpg/1920px-Louisville_Free_Public_Library%2C_Western_Colored_Branch.jpg?utm_source=commons.wikimedia.org&utm_campaign=imageinfo&utm_content=thumbnail,Nyttend,Public domain,,"https://commons.wikimedia.org/wiki/File:Louisville_Free_Public_Library,_Western_Colored_Branch.jpg",yes
Middlesboro,public,Middlesboro,Kentucky,United States,"Nov 20, 1908","$15,000",207 N. 20th St.,36.60917,-86.71472,,wikipedia-list,File:Middlesboro_Kentucky_Carnegie_Library_Building_03-02-2019.jpg,https://upload.wikimedia.org/wikipedia/commons/thumb/6/64/Middlesboro_Kentucky_Carnegie_Library_Building_03-02-2019.jpg/1920px-Middlesboro_Kentucky_Carnegie_Library_Building_03-02-2019.jpg?utm_source=commons.wikimedia.org&utm_campaign=imageinfo&utm_content=thumbnail,DanaCGreene,CC BY-SA 4.0,https://creativecommons.org/licenses/by-sa/4.0,https://commons.wikimedia.org/wiki/File:Middlesboro_Kentucky_Carnegie_Library_Building_03-02-2019.jpg,yes
Newport,public,Newport,Kentucky,United States,"Oct 30, 1899","$26,500",401 Monmouth St.,,,,wikipedia-list,File:Newport_KY_library.jpg,https://upload.wikimedia.org/wikipedia/commons/f/fa/Newport_KY_library.jpg?utm_source=commons.wikimedia.org&utm_campaign=imageinfo&utm_content=thumbnail_unscaled,GScottAlex,CC BY-SA 4.0,https://creativecommons.org/licenses/by-sa/4.0,https://commons.wikimedia.org/wiki/File:Newport_KY_library.jpg,yes
Owensboro,public,Owensboro,Kentucky,United States,"Nov 18, 1903","$30,000",901 Frederica Ave.,37.76722,-87.11250,,wikipedia-list,File:Owensboro_Carnegie_Library.jpg,https://upload.wikimedia.org/wikipedia/commons/thumb/4/46/Owensboro_Carnegie_Library.jpg/1920px-Owensboro_Carnegie_Library.jpg?utm_source=commons.wikimedia.org&utm_campaign=imageinfo&utm_content=thumbnail,Nyttend,Public domain,,https://commons.wikimedia.org/wiki/File:Owensboro_Carnegie_Library.jpg,yes
Paducah,public,Paducah,Kentucky,United States,"Oct 13, 1901","$35,000",,,,,,,,,,,,no
Paris,public,Paris,Kentucky,United States,"Jan 2, 1903","$12,000",701 High St.,,,,,,,,,,,no
Shelbyville,public,Shelbyville,Kentucky,United States,"Dec 30, 1901","$10,000",309 8th St.,38.21250,-85.22139,,wikipedia-list,File:Graves_at_the_library.jpg,https://upload.wikimedia.org/wikipedia/commons/thumb/f/f3/Graves_at_the_library.jpg/1920px-Graves_at_the_library.jpg?utm_source=commons.wikimedia.org&utm_campaign=imageinfo&utm_content=thumbnail,Nyttend,Public domain,,https://commons.wikimedia.org/wiki/File:Graves_at_the_library.jpg,yes
Somerset,public,Somerset,Kentucky,United States,"Dec 8, 1905","$10,000",300 College St.,37.09583,-84.60167,,wikipedia-list,"File:Somerset_school,_Carnegie_library_section.jpg",https://upload.wikimedia.org/wikipedia/commons/thumb/0/02/Somerset_school%2C_Carnegie_library_section.jpg/1920px-Somerset_school%2C_Carnegie_library_section.jpg?utm_source=commons.wikimedia.org&utm_campaign=imageinfo&utm_content=thumbnail,Nyttend,Public domain,,"https://commons.wikimedia.org/wiki/File:Somerset_school,_Carnegie_library_section.jpg",yes
Alexandria,public,Alexandria,Louisiana,United States,"Apr 8, 1907","$10,000",503 Washington St.,,,https://en.wikipedia.org/wiki/Louisiana_History_Museum,wikipedia-list,File:Louisiana_history_museum.jpg,https://upload.wikimedia.org/wikipedia/commons/c/ca/Louisiana_history_museum.jpg?utm_source=commons.wikimedia.org&utm_campaign=imageinfo&utm_content=thumbnail_unscaled,Freeneth at en.wikipedia,Public domain,,https://commons.wikimedia.org/wiki/File:Louisiana_history_museum.jpg,yes
Jennings,public,Jennings,Louisiana,United States,"Mar 9, 1907","$10,000",303 Cary Ave.,,,https://en.wikipedia.org/wiki/Jennings_Carnegie_Public_Library,wikipedia-list,File:Jennings_Louisiana_Carnegie_Library_2019.jpg,https://upload.wikimedia.org/wikipedia/commons/thumb/d/d7/Jennings_Louisiana_Carnegie_Library_2019.jpg/1920px-Jennings_Louisiana_Carnegie_Library_2019.jpg?utm_source=commons.wikimedia.org&utm_campaign=imageinfo&utm_content=thumbnail,Larry D. Moore,CC BY 4.0,https://creativecommons.org/licenses/by/4.0,https://commons.wikimedia.org/wiki/File:Jennings_Louisiana_Carnegie_Library_2019.jpg,yes
Lake Charles,public,Lake Charles,Louisiana,United States,"Oct 17, 1901","$10,000",411 Pujo St.,,,,,,,,,,,no
New Orleans Main,public,New Orleans,Louisiana,United States,"Dec 29, 1902","$350,000",,,,,wikipedia-list,File:Public_Library_NOLA_Detroit_Pub.jpg,https://upload.wikimedia.org/wikipedia/commons/thumb/0/0d/Public_Library_NOLA_Detroit_Pub.jpg/1920px-Public_Library_NOLA_Detroit_Pub.jpg?utm_source=commons.wikimedia.org&utm_campaign=imageinfo&utm_content=thumbnail,Unnamed photographer for Detroit Publishing Company,Public domain,,https://commons.wikimedia.org/wiki/File:Public_Library_NOLA_Detroit_Pub.jpg,yes
New Orleans Algiers,public,New Orleans,Louisiana,United States,"Dec 29, 1902",—,725 Pelican Ave.,,,,wikipedia-list,File:AlgiersPointNOPLPelican2.jpg,https://upload.wikimedia.org/wikipedia/commons/thumb/8/86/AlgiersPointNOPLPelican2.jpg/1920px-AlgiersPointNOPLPelican2.jpg?utm_source=commons.wikimedia.org&utm_campaign=imageinfo&utm_content=thumbnail,Infrogmation,CC BY 2.5,https://creativecommons.org/licenses/by/2.5,https://commons.wikimedia.org/wiki/File:AlgiersPointNOPLPelican2.jpg,yes
New Orleans Canal,public,New Orleans,Louisiana,United States,"Dec 29, 1902",—,2940 Canal St.,,,,wikipedia-list,File:New_Orleans_former_public_library_-_2940_Canal.jpg,https://upload.wikimedia.org/wikipedia/commons/b/b0/New_Orleans_former_public_library_-_2940_Canal.jpg?utm_source=commons.wikimedia.org&utm_campaign=imageinfo&utm_content=thumbnail_unscaled,anthony turducken,CC BY 2.0,https://creativecommons.org/licenses/by/2.0,https://commons.wikimedia.org/wiki/File:New_Orleans_former_public_library_-_2940_Canal.jpg,yes
New Orleans Dryades,public,New Orleans,Louisiana,United States,"Dec 29, 1902",—,1924 Philip St.,,,https://en.wikipedia.org/wiki/Dryades_Branch_Library,wikipedia-list,File:CentralCity2Jan08PhilipDryades.jpg,https://upload.wikimedia.org/wikipedia/commons/thumb/e/ec/CentralCity2Jan08PhilipDryades.jpg/1920px-CentralCity2Jan08PhilipDryades.jpg?utm_source=commons.wikimedia.org&utm_campaign=imageinfo&utm_content=thumbnail,Infrogmation of New Orleans,CC BY-SA 3.0,https://creativecommons.org/licenses/by-sa/3.0,https://commons.wikimedia.org/wiki/File:CentralCity2Jan08PhilipDryades.jpg,yes
New Orleans Napoleon,public,New Orleans,Louisiana,United States,"Dec 29, 1902",—,913 Napoleon Ave.,,,,wikipedia-list,File:LawrenceSquareNOPLA.jpg,https://upload.wikimedia.org/wikipedia/commons/thumb/9/94/LawrenceSquareNOPLA.jpg/1920px-LawrenceSquareNOPLA.jpg?utm_source=commons.wikimedia.org&utm_campaign=imageinfo&utm_content=thumbnail,Infrogmation,CC BY 2.5,https://creativecommons.org/licenses/by/2.5,https://commons.wikimedia.org/wiki/File:LawrenceSquareNOPLA.jpg,yes
New Orleans Royal,public,New Orleans,Louisiana,United States,"Dec 29, 1902",—,,,,,wikipedia-list,File:Royal_Branch_New_Orleans_Public_Library_1907_Architectural_Arts.jpg,https://upload.wikimedia.org/wikipedia/commons/7/76/Royal_Branch_New_Orleans_Public_Library_1907_Architectural_Arts.jpg?utm_source=commons.wikimedia.org&utm_campaign=imageinfo&utm_content=thumbnail_unscaled,Not credited.,Public domain,,https://commons.wikimedia.org/wiki/File:Royal_Branch_New_Orleans_Public_Library_1907_Architectural_Arts.jpg,yes
Auburn,public,Auburn,Maine,United States,"Jan 13, 1903","$25,000",49 Spring St.,44.0979417,-70.2290722,"https://en.wikipedia.org/wiki/Auburn_Public_Library_(Auburn,_Maine)",wikipedia-list,File:AuburnME_PublicLibrary.jpg,https://upload.wikimedia.org/wikipedia/commons/5/52/AuburnME_PublicLibrary.jpg?utm_source=commons.wikimedia.org&utm_campaign=imageinfo&utm_content=thumbnail_unscaled,Magicpiano,CC BY-SA 3.0,https://creativecommons.org/licenses/by-sa/3.0,https://commons.wikimedia.org/wiki/File:AuburnME_PublicLibrary.jpg,yes
Caribou,public,Caribou,Maine,United States,"Mar 21, 1910","$10,000",30 High St.,46.8608500,-68.0110250,,,,,,,,,no
Fort Fairfield,public,Fort Fairfield,Maine,United States,"Feb 20, 1911","$10,000",339 Main St.,46.7674917,-67.8001722,https://en.wikipedia.org/wiki/Fort_Fairfield_Public_Library,wikipedia-list,"File:Carnegie_Library,_Fort_Fairfield,_ME.jpg",https://upload.wikimedia.org/wikipedia/commons/b/ba/Carnegie_Library%2C_Fort_Fairfield%2C_ME.jpg?utm_source=commons.wikimedia.org&utm_campaign=imageinfo&utm_content=thumbnail_unscaled,Unknown photographer,Public domain,,"https://commons.wikimedia.org/wiki/File:Carnegie_Library,_Fort_Fairfield,_ME.jpg",yes
Freeport,public,Freeport,Maine,United States,"Mar 14, 1905","$6,500",55 Main St.,43.8554194,-70.1064306,,wikipedia-list,File:FreeportME_FormerCarnegieLibrary.jpg,https://upload.wikimedia.org/wikipedia/commons/8/8e/FreeportME_FormerCarnegieLibrary.jpg?utm_source=commons.wikimedia.org&utm_campaign=imageinfo&utm_content=thumbnail_unscaled,User:Magicpiano,CC BY-SA 4.0,https://creativecommons.org/licenses/by-sa/4.0,https://commons.wikimedia.org/wiki/File:FreeportME_FormerCarnegieLibrary.jpg,yes
Gardiner,public,Gardiner,Maine,United States,"December 22, 1897","$2,500",152 Water St.,44.2287333,-69.7709667,,wikipedia-list,"File:Public_Library,_Gardiner,_ME.jpg",https://upload.wikimedia.org/wikipedia/commons/c/ce/Public_Library%2C_Gardiner%2C_ME.jpg?utm_source=commons.wikimedia.org&utm_campaign=imageinfo&utm_content=thumbnail_unscaled,CommonsHelper2 Bot,Public domain,,"https://commons.wikimedia.org/wiki/File:Public_Library,_Gardiner,_ME.jpg",yes
Guilford,public,Guilford,Maine,United States,"Mar 21, 1908","$5,750",4 Library St.,45.1707306,-69.3833028,https://en.wikipedia.org/wiki/Guilford_Memorial_Library,wikipedia-list,"File:Guilford_Library,_Guilford,_Maine.jpg",https://upload.wikimedia.org/wikipedia/commons/e/ed/Guilford_Library%2C_Guilford%2C_Maine.jpg?utm_source=commons.wikimedia.org&utm_campaign=imageinfo&utm_content=thumbnail_unscaled,Unknown authorUnknown author,Public domain,,"https://commons.wikimedia.org/wiki/File:Guilford_Library,_Guilford,_Maine.jpg",yes
Houlton,public,Houlton,Maine,United States,"Jan 13, 1903","$10,000",107 Main St.,46.125722,-67.8359417,https://en.wikipedia.org/wiki/Cary_Library,wikipedia-list,"File:Cary_Library,_Houlton,_ME.jpg",https://upload.wikimedia.org/wikipedia/commons/0/07/Cary_Library%2C_Houlton%2C_ME.jpg?utm_source=commons.wikimedia.org&utm_campaign=imageinfo&utm_content=thumbnail_unscaled,CommonsHelper2 Bot,Public domain,,"https://commons.wikimedia.org/wiki/File:Cary_Library,_Houlton,_ME.jpg",yes
Lewiston,public,Lewiston,Maine,United States,"Jan 15, 1901","$60,000",200 Lisbon St.,44.0956833,-70.2159250,https://en.wikipedia.org/wiki/Lewiston_Public_Library,wikipedia-list,File:LewistonME_Library.jpg,https://upload.wikimedia.org/wikipedia/commons/f/fe/LewistonME_Library.jpg?utm_source=commons.wikimedia.org&utm_campaign=imageinfo&utm_content=thumbnail_unscaled,Magicpiano,CC BY-SA 3.0,https://creativecommons.org/licenses/by-sa/3.0,https://commons.wikimedia.org/wiki/File:LewistonME_Library.jpg,yes
Madison,public,Madison,Maine,United States,"Jun 2, 1904","$8,000",12 Old Point Ave.,44.7966917,-69.8797306,"https://en.wikipedia.org/wiki/Madison_Public_Library_(Madison,_Maine)",wikipedia-list,"File:Carnegie_Library,_Madison,_ME.jpg",https://upload.wikimedia.org/wikipedia/commons/8/80/Carnegie_Library%2C_Madison%2C_ME.jpg?utm_source=commons.wikimedia.org&utm_campaign=imageinfo&utm_content=thumbnail_unscaled,Unknown photographer,Public domain,,"https://commons.wikimedia.org/wiki/File:Carnegie_Library,_Madison,_ME.jpg",yes
Milo,public,Milo,Maine,United States,"Sep 30, 1908","$8,500",4 Pleasant St.,45.2535778,-68.9861167,https://en.wikipedia.org/wiki/Milo_Public_Library,wikipedia-list,File:MiloME_PublicLibrary.jpg,https://upload.wikimedia.org/wikipedia/commons/b/b8/MiloME_PublicLibrary.jpg?utm_source=commons.wikimedia.org&utm_campaign=imageinfo&utm_content=thumbnail_unscaled,Magicpiano,CC BY-SA 3.0,https://creativecommons.org/licenses/by-sa/3.0,https://commons.wikimedia.org/wiki/File:MiloME_PublicLibrary.jpg,yes
Oakland,public,Oakland,Maine,United States,"Feb 15, 1912","$10,000",18 Church St.,44.5462667,-69.7195389,"https://en.wikipedia.org/wiki/Oakland_Public_Library_(Oakland,_Maine)",wikipedia-list,"File:Oakland_Public_Library,_Oakland,_ME.jpg",https://upload.wikimedia.org/wikipedia/commons/2/22/Oakland_Public_Library%2C_Oakland%2C_ME.jpg?utm_source=commons.wikimedia.org&utm_campaign=imageinfo&utm_content=thumbnail_unscaled,Unknown photographer,Public domain,,"https://commons.wikimedia.org/wiki/File:Oakland_Public_Library,_Oakland,_ME.jpg",yes
Old Town,public,Old Town,Maine,United States,"Feb 12, 1903","$10,000",46 Middle St.,44.9354028,-68.6481250,,wikipedia-list,"File:Carnegie_Library,_Old_Town,_ME.jpg",https://upload.wikimedia.org/wikipedia/commons/1/1d/Carnegie_Library%2C_Old_Town%2C_ME.jpg?utm_source=commons.wikimedia.org&utm_campaign=imageinfo&utm_content=thumbnail_unscaled,Unknown photographer,Public domain,,"https://commons.wikimedia.org/wiki/File:Carnegie_Library,_Old_Town,_ME.jpg",yes
Pittsfield,public,Pittsfield,Maine,United States,"Mar 20, 1903","$10,000",89 S. Main St.,44.7819944,-69.3832639,https://en.wikipedia.org/wiki/Pittsfield_Public_Library,wikipedia-list,File:PittsfieldME_PublicLibrary.jpg,https://upload.wikimedia.org/wikipedia/commons/thumb/6/60/PittsfieldME_PublicLibrary.jpg/1920px-PittsfieldME_PublicLibrary.jpg?utm_source=commons.wikimedia.org&utm_campaign=imageinfo&utm_content=thumbnail,Doug Kerr,CC BY-SA 2.0,https://creativecommons.org/licenses/by-sa/2.0,https://commons.wikimedia.org/wiki/File:PittsfieldME_PublicLibrary.jpg,yes
Presque Isle,public,Presque Isle,Maine,United States,"May 15, 1906","$10,000",39 2nd St.,46.6833694,-68.0138472,,wikipedia-list,"File:Public_Library,_Presque_Isle,_ME.jpg",https://upload.wikimedia.org/wikipedia/commons/9/9f/Public_Library%2C_Presque_Isle%2C_ME.jpg?utm_source=commons.wikimedia.org&utm_campaign=imageinfo&utm_content=thumbnail_unscaled,Unknown photographer,Public domain,,"https://commons.wikimedia.org/wiki/File:Public_Library,_Presque_Isle,_ME.jpg",yes
Rockland,public,Rockland,Maine,United States,"Apr 11, 1902","$20,000",80 Union St.,44.1052917,-69.1121306,https://en.wikipedia.org/wiki/Rockland_Public_Library,wikipedia-list,"File:Public_Library,_Rockland,_ME.jpg",https://upload.wikimedia.org/wikipedia/commons/5/5b/Public_Library%2C_Rockland%2C_ME.jpg?utm_source=commons.wikimedia.org&utm_campaign=imageinfo&utm_content=thumbnail_unscaled,Unknown photographer,Public domain,,"https://commons.wikimedia.org/wiki/File:Public_Library,_Rockland,_ME.jpg",yes
Rumford,public,Rumford,Maine,United States,"Jan 22, 1903","$10,000",58 Rumford Ave.,44.5471028,-70.5491472,https://en.wikipedia.org/wiki/Rumford_Public_Library,wikipedia-list,File:Rumford's_Library.JPG,https://upload.wikimedia.org/wikipedia/commons/3/33/Rumford%27s_Library.JPG?utm_source=commons.wikimedia.org&utm_campaign=imageinfo&utm_content=thumbnail_unscaled,Stickytownboy,CC BY-SA 3.0,https://creativecommons.org/licenses/by-sa/3.0,https://commons.wikimedia.org/wiki/File:Rumford%27s_Library.JPG,yes
Vinalhaven,public,Vinalhaven,Maine,United States,"Apr 22, 1906","$5,200",1 Carver St.,44.0497083,-68.8312139,https://en.wikipedia.org/wiki/Vinalhaven_Public_Library,wikipedia-list,File:Library_Vinalhaven_Public_ME.jpg,https://upload.wikimedia.org/wikipedia/commons/thumb/7/7a/Library_Vinalhaven_Public_ME.jpg/1920px-Library_Vinalhaven_Public_ME.jpg?utm_source=commons.wikimedia.org&utm_campaign=imageinfo&utm_content=thumbnail,MarkCarlRom,CC BY-SA 4.0,https://creativecommons.org/licenses/by-sa/4.0,https://commons.wikimedia.org/wiki/File:Library_Vinalhaven_Public_ME.jpg,yes
Waterville,public,Waterville,Maine,United States,"Apr 28, 1902","$20,000",73 Elm St.,44.5512750,-69.6319583,,wikipedia-list,"File:Public_Library,_Waterville,_ME.jpg",https://upload.wikimedia.org/wikipedia/commons/2/28/Public_Library%2C_Waterville%2C_ME.jpg?utm_source=commons.wikimedia.org&utm_campaign=imageinfo&utm_content=thumbnail_unscaled,Unknown photographer,Public domain,,"https://commons.wikimedia.org/wiki/File:Public_Library,_Waterville,_ME.jpg",yes
Baltimore Brooklyn,public,Baltimore,Maryland,United States,"Nov 10, 1906","$500,000",,,,,,,,,,,,no
Baltimore Clifton,public,Baltimore,Maryland,United States,"Nov 10, 1906",—,2001 N. Wolfe St.,,,,,,,,,,,no
Baltimore Easterwood,public,Baltimore,Maryland,United States,"Nov 10, 1906",—,2217 W. North Ave.,,,,,,,,,,,no
Baltimore Fells Point,public,Baltimore,Maryland,United States,"Nov 10, 1906",—,606 S. Ann St.,,,,,,,,,,,no
Baltimore Forest Park,public,Baltimore,Maryland,United States,"Nov 10, 1906",—,3023 Garrison Blvd.,,,,,,,,,,,no
Baltimore Govans,public,Baltimore,Maryland,United States,"Nov 10, 1906",—,5714 Bellona Ave.,,,,,,,,,,,no
Baltimore Hamilton,public,Baltimore,Maryland,United States,"Nov 10, 1906",—,3006 Hamilton Ave.,,,https://en.wikipedia.org/wiki/Old_Hamilton_Library,wikipedia-list,File:Bmore_Hamilton_Library.JPG,https://upload.wikimedia.org/wikipedia/commons/thumb/8/89/Bmore_Hamilton_Library.JPG/1920px-Bmore_Hamilton_Library.JPG?utm_source=commons.wikimedia.org&utm_campaign=imageinfo&utm_content=thumbnail,Smallbones,CC0,http://creativecommons.org/publicdomain/zero/1.0/deed.en,https://commons.wikimedia.org/wiki/File:Bmore_Hamilton_Library.JPG,yes
Baltimore Keyworth,public,Baltimore,Maryland,United States,"Nov 10, 1906",—,2610 Keyworth Ave.,,,,,,,,,,,no
Baltimore Locust Point,public,Baltimore,Maryland,United States,"Nov 10, 1906",—,Corner of Towson St. and Beason St.,,,,,,,,,,,no
Baltimore Mount Clare,public,Baltimore,Maryland,United States,"Nov 10, 1906",—,Corner of Carroll St. and Barre St.,,,,,,,,,,,no
Baltimore Mt. Washington,public,Baltimore,Maryland,United States,"Nov 10, 1906",—,Corner of Smith Ave. and Greely Rd.,,,,,,,,,,,no
Baltimore Patterson Park,public,Baltimore,Maryland,United States,"Nov 10, 1906",—,158 N. Linwood Ave.,,,,,,,,,,,no
Baltimore South Central,public,Baltimore,Maryland,United States,"Nov 10, 1906",—,4 S. Central Ave.,,,,,,,,,,,no
Baltimore Waverly,public,Baltimore,Maryland,United States,"Nov 10, 1906",—,1443 Gorsuch Ave.,,,,,,,,,,,no
Ashland,public,Ashland,Massachusetts,United States,"Feb 20, 1903","$10,000",66 Front St.,,,,wikipedia-list,"File:Ashland_Public_Library,_April_2010,_MA.jpg",https://upload.wikimedia.org/wikipedia/commons/thumb/e/e6/Ashland_Public_Library%2C_April_2010%2C_MA.jpg/1920px-Ashland_Public_Library%2C_April_2010%2C_MA.jpg?utm_source=commons.wikimedia.org&utm_campaign=imageinfo&utm_content=thumbnail,John Phelan,CC BY 3.0,https://creativecommons.org/licenses/by/3.0,"https://commons.wikimedia.org/wiki/File:Ashland_Public_Library,_April_2010,_MA.jpg",yes
Athol,public,Athol,Massachusetts,United States,"Mar 14, 1902","$22,000",568 Main St.,,,https://en.wikipedia.org/wiki/Athol_Public_Library_(Massachusetts),wikipedia-list,"File:Athol_Library,_Athol_MA.jpg",https://upload.wikimedia.org/wikipedia/commons/thumb/9/97/Athol_Library%2C_Athol_MA.jpg/1920px-Athol_Library%2C_Athol_MA.jpg?utm_source=commons.wikimedia.org&utm_campaign=imageinfo&utm_content=thumbnail,John Phelan,CC BY-SA 3.0,https://creativecommons.org/licenses/by-sa/3.0,"https://commons.wikimedia.org/wiki/File:Athol_Library,_Athol_MA.jpg",yes
Berkley,public,Berkley,Massachusetts,United States,"Feb 6, 1915","$5,000",1 N. Main St.,,,https://en.wikipedia.org/wiki/Berkley_Public_Library_(Massachusetts),wikipedia-list,File:Berkley_Library.jpg,https://upload.wikimedia.org/wikipedia/commons/a/a7/Berkley_Library.jpg?utm_source=commons.wikimedia.org&utm_campaign=imageinfo&utm_content=thumbnail_unscaled,Marcbela (Marc N. Belanger),Public domain,,https://commons.wikimedia.org/wiki/File:Berkley_Library.jpg,yes
Brockton,public,Brockton,Massachusetts,United States,"Apr 16, 1910","$110,000",304 Main St.,,,,wikipedia-list,File:BrocktonMA_PublicLibrary.jpg,https://upload.wikimedia.org/wikipedia/commons/d/dc/BrocktonMA_PublicLibrary.jpg?utm_source=commons.wikimedia.org&utm_campaign=imageinfo&utm_content=thumbnail_unscaled,User:Magicpiano,CC BY-SA 4.0,https://creativecommons.org/licenses/by-sa/4.0,https://commons.wikimedia.org/wiki/File:BrocktonMA_PublicLibrary.jpg,yes
Chelsea,public,Chelsea,Massachusetts,United States,"Jul 20, 1908","$60,000",569 Broadway,,,,wikipedia-list,File:ChelseaMA_PublicLibrary.jpg,https://upload.wikimedia.org/wikipedia/commons/d/db/ChelseaMA_PublicLibrary.jpg?utm_source=commons.wikimedia.org&utm_campaign=imageinfo&utm_content=thumbnail_unscaled,User:Magicpiano,CC BY-SA 4.0,https://creativecommons.org/licenses/by-sa/4.0,https://commons.wikimedia.org/wiki/File:ChelseaMA_PublicLibrary.jpg,yes
Clinton,public,Clinton,Massachusetts,United States,"Mar 8, 1901","$25,000",54 Walnut St.,,,,wikipedia-list,"File:Bigelow_Library,_Clinton_MA.jpg",https://upload.wikimedia.org/wikipedia/commons/thumb/d/d9/Bigelow_Library%2C_Clinton_MA.jpg/1920px-Bigelow_Library%2C_Clinton_MA.jpg?utm_source=commons.wikimedia.org&utm_campaign=imageinfo&utm_content=thumbnail,John Phelan,CC BY-SA 3.0,https://creativecommons.org/licenses/by-sa/3.0,"https://commons.wikimedia.org/wiki/File:Bigelow_Library,_Clinton_MA.jpg",yes
Dighton,public,Dighton,Massachusetts,United States,"Feb 15, 1905","$6,000",395 Main St.,,,,wikipedia-list,File:DightonMA_PublicLibrary.jpg,https://upload.wikimedia.org/wikipedia/commons/d/d0/DightonMA_PublicLibrary.jpg?utm_source=commons.wikimedia.org&utm_campaign=imageinfo&utm_content=thumbnail_unscaled,User:Magicpiano,CC BY-SA 4.0,https://creativecommons.org/licenses/by-sa/4.0,https://commons.wikimedia.org/wiki/File:DightonMA_PublicLibrary.jpg,yes
Edgartown,public,Edgartown,Massachusetts,United States,"Apr 26, 1902","$4,000",58 N. Water St.,,,,wikipedia-list,"File:Edgartown_Public_Library,_Edgartown_MA.jpg",https://upload.wikimedia.org/wikipedia/commons/thumb/3/34/Edgartown_Public_Library%2C_Edgartown_MA.jpg/1920px-Edgartown_Public_Library%2C_Edgartown_MA.jpg?utm_source=commons.wikimedia.org&utm_campaign=imageinfo&utm_content=thumbnail,John Phelan,CC BY 3.0,https://creativecommons.org/licenses/by/3.0,"https://commons.wikimedia.org/wiki/File:Edgartown_Public_Library,_Edgartown_MA.jpg",yes
Granby,public,Granby,Massachusetts,United States,"Mar 31, 1916","$5,000",Library Ln.,,,,wikipedia-list,"File:Granby_Public_Library,_Granby_MA.jpg",https://upload.wikimedia.org/wikipedia/commons/thumb/b/b4/Granby_Public_Library%2C_Granby_MA.jpg/1920px-Granby_Public_Library%2C_Granby_MA.jpg?utm_source=commons.wikimedia.org&utm_campaign=imageinfo&utm_content=thumbnail,John Phelan,CC BY-SA 3.0,https://creativecommons.org/licenses/by-sa/3.0,"https://commons.wikimedia.org/wiki/File:Granby_Public_Library,_Granby_MA.jpg",yes
Holliston,public,Holliston,Massachusetts,United States,"Jan 6, 1903","$10,000",752 Washington St.,,,,wikipedia-list,"File:Public_Library,_Holliston_MA.jpg",https://upload.wikimedia.org/wikipedia/commons/thumb/f/f7/Public_Library%2C_Holliston_MA.jpg/1920px-Public_Library%2C_Holliston_MA.jpg?utm_source=commons.wikimedia.org&utm_campaign=imageinfo&utm_content=thumbnail,John Phelan,CC BY 3.0,https://creativecommons.org/licenses/by/3.0,"https://commons.wikimedia.org/wiki/File:Public_Library,_Holliston_MA.jpg",yes
Hudson,public,Hudson,Massachusetts,United States,"Jan 6, 1903","$12,500",3 Washington St.,,,,wikipedia-list,"File:Public_Library,_Hudson,_MA.jpg",https://upload.wikimedia.org/wikipedia/commons/e/e4/Public_Library%2C_Hudson%2C_MA.jpg?utm_source=commons.wikimedia.org&utm_campaign=imageinfo&utm_content=thumbnail_unscaled,Unknown photographer,Public domain,,"https://commons.wikimedia.org/wiki/File:Public_Library,_Hudson,_MA.jpg",yes
Lakeville,public,Lakeville,Massachusetts,United States,"Jul 13, 1912","$5,000",241 Main St.,,,,wikipedia-list,"File:Old_Lakeville_Public_Library,_MA.jpg",https://upload.wikimedia.org/wikipedia/commons/thumb/3/3e/Old_Lakeville_Public_Library%2C_MA.jpg/1920px-Old_Lakeville_Public_Library%2C_MA.jpg?utm_source=commons.wikimedia.org&utm_campaign=imageinfo&utm_content=thumbnail,John Phelan,CC BY 3.0,https://creativecommons.org/licenses/by/3.0,"https://commons.wikimedia.org/wiki/File:Old_Lakeville_Public_Library,_MA.jpg",yes
Lee,public,Lee,Massachusetts,United States,"Nov 25, 1903","$12,000",100 Main St.,,,,wikipedia-list,"File:Public_Library,_Lee,_MA.jpg",https://upload.wikimedia.org/wikipedia/commons/7/7d/Public_Library%2C_Lee%2C_MA.jpg?utm_source=commons.wikimedia.org&utm_campaign=imageinfo&utm_content=thumbnail_unscaled,Unknown photographer,Public domain,,"https://commons.wikimedia.org/wiki/File:Public_Library,_Lee,_MA.jpg",yes
Leominster,public,Leominster,Massachusetts,United States,"Dec 24, 1906","$27,500",30 West St.,,,,wikipedia-list,"File:Leominster_Public_Library_-_Leominster,_Massachusetts_-_DSC06244.jpg",https://upload.wikimedia.org/wikipedia/commons/thumb/3/3f/Leominster_Public_Library_-_Leominster%2C_Massachusetts_-_DSC06244.jpg/1920px-Leominster_Public_Library_-_Leominster%2C_Massachusetts_-_DSC06244.jpg?utm_source=commons.wikimedia.org&utm_campaign=imageinfo&utm_content=thumbnail,Daderot,CC0,http://creativecommons.org/publicdomain/zero/1.0/deed.en,"https://commons.wikimedia.org/wiki/File:Leominster_Public_Library_-_Leominster,_Massachusetts_-_DSC06244.jpg",yes
Lynn Haywood,public,Lynn,Massachusetts,United States,"Mar 16, 1915","$50,000",270 Broadway,,,,wikipedia-list,File:LynnMA_FormerHaywoodBranchLibrary.jpg,https://upload.wikimedia.org/wikipedia/commons/f/f6/LynnMA_FormerHaywoodBranchLibrary.jpg?utm_source=commons.wikimedia.org&utm_campaign=imageinfo&utm_content=thumbnail_unscaled,User:Magicpiano,CC BY-SA 4.0,https://creativecommons.org/licenses/by-sa/4.0,https://commons.wikimedia.org/wiki/File:LynnMA_FormerHaywoodBranchLibrary.jpg,yes
Lynn Houghton,public,Lynn,Massachusetts,United States,"Mar 16, 1915",—,833 Western Ave.,,,,wikipedia-list,File:LynnMA_FormerHoughtonBranchLibrary.jpg,https://upload.wikimedia.org/wikipedia/commons/2/22/LynnMA_FormerHoughtonBranchLibrary.jpg?utm_source=commons.wikimedia.org&utm_campaign=imageinfo&utm_content=thumbnail_unscaled,User:Magicpiano,CC BY-SA 4.0,https://creativecommons.org/licenses/by-sa/4.0,https://commons.wikimedia.org/wiki/File:LynnMA_FormerHoughtonBranchLibrary.jpg,yes
Marlborough,public,Marlborough,Massachusetts,United States,"Apr 26, 1902","$30,000",35 W. Main St.,,,,wikipedia-list,"File:Public_Library,_Marlborough,_MA.jpg",https://upload.wikimedia.org/wikipedia/commons/7/77/Public_Library%2C_Marlborough%2C_MA.jpg?utm_source=commons.wikimedia.org&utm_campaign=imageinfo&utm_content=thumbnail_unscaled,Unknown photographer,Public domain,,"https://commons.wikimedia.org/wiki/File:Public_Library,_Marlborough,_MA.jpg",yes
Melrose,public,Melrose,Massachusetts,United States,"Dec 30, 1901","$25,000",69 W. Emerson St.,,,https://en.wikipedia.org/wiki/Melrose_Public_Library,wikipedia-list,"File:Melrose_Public_Library,_MA.jpg",https://upload.wikimedia.org/wikipedia/commons/thumb/7/76/Melrose_Public_Library%2C_MA.jpg/1920px-Melrose_Public_Library%2C_MA.jpg?utm_source=commons.wikimedia.org&utm_campaign=imageinfo&utm_content=thumbnail,John Phelan,CC BY 3.0,https://creativecommons.org/licenses/by/3.0,"https://commons.wikimedia.org/wiki/File:Melrose_Public_Library,_MA.jpg",yes
Millbury,public,Millbury,Massachusetts,United States,"Mar 16, 1915","$12,500",128 Elm St.,,,,wikipedia-list,"File:Millbury_Public_Library_-_Millbury,_MA_-_DSC04616.JPG",https://upload.wikimedia.org/wikipedia/commons/thumb/e/eb/Millbury_Public_Library_-_Millbury%2C_MA_-_DSC04616.JPG/1920px-Millbury_Public_Library_-_Millbury%2C_MA_-_DSC04616.JPG?utm_source=commons.wikimedia.org&utm_campaign=imageinfo&utm_content=thumbnail,Daderot,CC0,http://creativecommons.org/publicdomain/zero/1.0/deed.en,"https://commons.wikimedia.org/wiki/File:Millbury_Public_Library_-_Millbury,_MA_-_DSC04616.JPG",yes
Needham,public,Needham,Massachusetts,United States,"Jan 13, 1903","$10,000",968 Highland Ave.,,,,,,,,,,,no
New Marlborough,public,New Marlborough,Massachusetts,United States,"Feb 3, 1917","$5,000",,,,,,,,,,,,no
Reading,public,Reading,Massachusetts,United States,"Jan 2, 1902","$15,000",16 Lowell St.,,,,wikipedia-list,"File:Carnegie_Library,_Reading_MA.jpg",https://upload.wikimedia.org/wikipedia/commons/thumb/7/7b/Carnegie_Library%2C_Reading_MA.jpg/1920px-Carnegie_Library%2C_Reading_MA.jpg?utm_source=commons.wikimedia.org&utm_campaign=imageinfo&utm_content=thumbnail,John Phelan,CC BY-SA 3.0,https://creativecommons.org/licenses/by-sa/3.0,"https://commons.wikimedia.org/wiki/File:Carnegie_Library,_Reading_MA.jpg",yes
Revere,public,Revere,Massachusetts,United States,"Oct 3, 1901","$20,000",179 Beach St.,,,,wikipedia-list,File:RevereMA_PublicLibrary.jpg,https://upload.wikimedia.org/wikipedia/commons/b/b5/RevereMA_PublicLibrary.jpg?utm_source=commons.wikimedia.org&utm_campaign=imageinfo&utm_content=thumbnail_unscaled,User:Magicpiano,CC BY-SA 4.0,https://creativecommons.org/licenses/by-sa/4.0,https://commons.wikimedia.org/wiki/File:RevereMA_PublicLibrary.jpg,yes
Rockland,public,Rockland,Massachusetts,United States,"Jan 13, 1903","$12,500",20 Belmont St.,,,https://en.wikipedia.org/wiki/Rockland_Memorial_Library,wikipedia-list,File:Rockland_Library.jpg,https://upload.wikimedia.org/wikipedia/commons/a/a4/Rockland_Library.jpg?utm_source=commons.wikimedia.org&utm_campaign=imageinfo&utm_content=thumbnail_unscaled,Marcbela (Marc N. Belanger),Public domain,,https://commons.wikimedia.org/wiki/File:Rockland_Library.jpg,yes
Rockport,public,Rockport,Massachusetts,United States,"Jun 18, 1903","$10,000",18 Jewett St.,,,,wikipedia-list,"File:Andrew_Carnegie_Library,_Rockport_MA.jpg",https://upload.wikimedia.org/wikipedia/commons/thumb/d/d7/Andrew_Carnegie_Library%2C_Rockport_MA.jpg/1920px-Andrew_Carnegie_Library%2C_Rockport_MA.jpg?utm_source=commons.wikimedia.org&utm_campaign=imageinfo&utm_content=thumbnail,John Phelan,CC BY 3.0,https://creativecommons.org/licenses/by/3.0,"https://commons.wikimedia.org/wiki/File:Andrew_Carnegie_Library,_Rockport_MA.jpg",yes
Saugus,public,Saugus,Massachusetts,United States,"Nov 9, 1916","$17,000",,,,,,,,,,,,no
Sharon,public,Sharon,Massachusetts,United States,"Mar 14, 1913","$10,000",11 N. Main St.,,,,wikipedia-list,"File:Sharon_Public_Library,_Sharon_MA.jpg",https://upload.wikimedia.org/wikipedia/commons/thumb/2/26/Sharon_Public_Library%2C_Sharon_MA.jpg/1920px-Sharon_Public_Library%2C_Sharon_MA.jpg?utm_source=commons.wikimedia.org&utm_campaign=imageinfo&utm_content=thumbnail,John Phelan,CC BY-SA 3.0,https://creativecommons.org/licenses/by-sa/3.0,"https://commons.wikimedia.org/wiki/File:Sharon_Public_Library,_Sharon_MA.jpg",yes
Somerville Central,public,Somerville,Massachusetts,United States,"Apr 8, 1907","$123,000",79 Highland Ave.,,,"https://en.wikipedia.org/wiki/Central_Library_(Somerville,_Massachusetts)",wikipedia-list,File:Somerville_library_1.jpg,https://upload.wikimedia.org/wikipedia/commons/thumb/a/af/Somerville_library_1.jpg/1920px-Somerville_library_1.jpg?utm_source=commons.wikimedia.org&utm_campaign=imageinfo&utm_content=thumbnail,Mangostar,CC BY-SA 3.0,https://creativecommons.org/licenses/by-sa/3.0,https://commons.wikimedia.org/wiki/File:Somerville_library_1.jpg,yes
Somerville East,public,Somerville,Massachusetts,United States,"Apr 8, 1907",—,115 Broadway,,,,wikipedia-list,File:SomervilleMA_EastSomervilleLibrary.jpg,https://upload.wikimedia.org/wikipedia/commons/thumb/1/1e/SomervilleMA_EastSomervilleLibrary.jpg/1920px-SomervilleMA_EastSomervilleLibrary.jpg?utm_source=commons.wikimedia.org&utm_campaign=imageinfo&utm_content=thumbnail,User:Magicpiano,CC BY-SA 4.0,https://creativecommons.org/licenses/by-sa/4.0,https://commons.wikimedia.org/wiki/File:SomervilleMA_EastSomervilleLibrary.jpg,yes
Somerville West,public,Somerville,Massachusetts,United States,"Apr 8, 1907",—,40 College Ave.,,,https://en.wikipedia.org/wiki/West_Somerville_Branch_Library,wikipedia-list,File:SomervilleMA_WestSomervilleBranchLibrary.jpg,https://upload.wikimedia.org/wikipedia/commons/1/1c/SomervilleMA_WestSomervilleBranchLibrary.jpg?utm_source=commons.wikimedia.org&utm_campaign=imageinfo&utm_content=thumbnail_unscaled,User:Magicpiano,CC BY-SA 4.0,https://creativecommons.org/licenses/by-sa/4.0,https://commons.wikimedia.org/wiki/File:SomervilleMA_WestSomervilleBranchLibrary.jpg,yes
South Hadley,public,South Hadley,Massachusetts,United States,"Dec 8, 1905","$10,000",27 Bardwell St.,,,,wikipedia-list,File:SouthHadleyMA_Library.jpg,https://upload.wikimedia.org/wikipedia/commons/1/1f/SouthHadleyMA_Library.jpg?utm_source=commons.wikimedia.org&utm_campaign=imageinfo&utm_content=thumbnail_unscaled,User:Magicpiano,CC BY-SA 4.0,https://creativecommons.org/licenses/by-sa/4.0,https://commons.wikimedia.org/wiki/File:SouthHadleyMA_Library.jpg,yes
Springfield Central,public,Springfield,Massachusetts,United States,"Mar 30, 1905","$260,000",220 State St.,,,,wikipedia-list,File:SpringfieldMA_CentralLibrary_Front.jpg,https://upload.wikimedia.org/wikipedia/commons/7/73/SpringfieldMA_CentralLibrary_Front.jpg?utm_source=commons.wikimedia.org&utm_campaign=imageinfo&utm_content=thumbnail_unscaled,User:Magicpiano,CC BY-SA 4.0,https://creativecommons.org/licenses/by-sa/4.0,https://commons.wikimedia.org/wiki/File:SpringfieldMA_CentralLibrary_Front.jpg,yes
Springfield Forest Park,public,Springfield,Massachusetts,United States,"Mar 30, 1905",—,380 Belmont Ave.,,,,wikipedia-list,File:SpringfieldMA_ForestParkBranchLibrary.jpg,https://upload.wikimedia.org/wikipedia/commons/7/77/SpringfieldMA_ForestParkBranchLibrary.jpg?utm_source=commons.wikimedia.org&utm_campaign=imageinfo&utm_content=thumbnail_unscaled,User:Magicpiano,CC BY-SA 4.0,https://creativecommons.org/licenses/by-sa/4.0,https://commons.wikimedia.org/wiki/File:SpringfieldMA_ForestParkBranchLibrary.jpg,yes
Springfield Indian Orchard,public,Springfield,Massachusetts,United States,"Mar 30, 1905",—,44 Oak St.,,,https://en.wikipedia.org/wiki/Indian_Orchard_Branch_Library,wikipedia-list,"File:Indian_Orchard_Branch_Library,_September_2016,_Indian_Orchard_MA.jpg",https://upload.wikimedia.org/wikipedia/commons/thumb/3/3a/Indian_Orchard_Branch_Library%2C_September_2016%2C_Indian_Orchard_MA.jpg/1920px-Indian_Orchard_Branch_Library%2C_September_2016%2C_Indian_Orchard_MA.jpg?utm_source=commons.wikimedia.org&utm_campaign=imageinfo&utm_content=thumbnail,John Phelan,CC BY-SA 4.0,https://creativecommons.org/licenses/by-sa/4.0,"https://commons.wikimedia.org/wiki/File:Indian_Orchard_Branch_Library,_September_2016,_Indian_Orchard_MA.jpg",yes
Springfield Memorial Square,public,Springfield,Massachusetts,United States,"Mar 30, 1905",—,22 St. George Rd.,,,,wikipedia-list,"File:City_Library,_Memorial_Square_Branch,_Springfield_MA.jpg",https://upload.wikimedia.org/wikipedia/commons/thumb/f/f2/City_Library%2C_Memorial_Square_Branch%2C_Springfield_MA.jpg/1920px-City_Library%2C_Memorial_Square_Branch%2C_Springfield_MA.jpg?utm_source=commons.wikimedia.org&utm_campaign=imageinfo&utm_content=thumbnail,John Phelan,CC BY-SA 3.0,https://creativecommons.org/licenses/by-sa/3.0,"https://commons.wikimedia.org/wiki/File:City_Library,_Memorial_Square_Branch,_Springfield_MA.jpg",yes
Stoneham,public,Stoneham,Massachusetts,United States,"Jan 13, 1903","$15,000",431 Main St.,,,https://en.wikipedia.org/wiki/Stoneham_Public_Library,wikipedia-list,File:StonehamMA_PublicLibrary.jpg,https://upload.wikimedia.org/wikipedia/commons/a/ad/StonehamMA_PublicLibrary.jpg?utm_source=commons.wikimedia.org&utm_campaign=imageinfo&utm_content=thumbnail_unscaled,User:Magicpiano,CC BY-SA 4.0,https://creativecommons.org/licenses/by-sa/4.0,https://commons.wikimedia.org/wiki/File:StonehamMA_PublicLibrary.jpg,yes
Taunton,public,Taunton,Massachusetts,United States,"Apr 26, 1902","$70,000",12 Pleasant St.,,,https://en.wikipedia.org/wiki/Taunton_Public_Library,wikipedia-list,File:Taunton_Public_Library_front_view_2015.jpg,https://upload.wikimedia.org/wikipedia/commons/thumb/6/65/Taunton_Public_Library_front_view_2015.jpg/1920px-Taunton_Public_Library_front_view_2015.jpg?utm_source=commons.wikimedia.org&utm_campaign=imageinfo&utm_content=thumbnail,Kenneth C. Zirkel,CC BY-SA 4.0,https://creativecommons.org/licenses/by-sa/4.0,https://commons.wikimedia.org/wiki/File:Taunton_Public_Library_front_view_2015.jpg,yes
Turners Falls,public,Turners Falls,Massachusetts,United States,"Mar 27, 1903","$13,500",201 Avenue A,,,,wikipedia-list,"File:Turners_Falls_Library,_Turners_Falls_MA.jpg",https://upload.wikimedia.org/wikipedia/commons/thumb/7/72/Turners_Falls_Library%2C_Turners_Falls_MA.jpg/1920px-Turners_Falls_Library%2C_Turners_Falls_MA.jpg?utm_source=commons.wikimedia.org&utm_campaign=imageinfo&utm_content=thumbnail,John Phelan,CC BY-SA 3.0,https://creativecommons.org/licenses/by-sa/3.0,"https://commons.wikimedia.org/wiki/File:Turners_Falls_Library,_Turners_Falls_MA.jpg",yes
Walpole,public,Walpole,Massachusetts,United States,"Jul 16, 1901","$15,000",65 Common St.,,,,wikipedia-list,"File:Walpole_Public_Library,_Walpole_MA.jpg",https://upload.wikimedia.org/wikipedia/commons/thumb/5/56/Walpole_Public_Library%2C_Walpole_MA.jpg/1920px-Walpole_Public_Library%2C_Walpole_MA.jpg?utm_source=commons.wikimedia.org&utm_campaign=imageinfo&utm_content=thumbnail,John Phelan,CC BY-SA 3.0,https://creativecommons.org/licenses/by-sa/3.0,"https://commons.wikimedia.org/wiki/File:Walpole_Public_Library,_Walpole_MA.jpg",yes
West Springfield,public,West Springfield,Massachusetts,United States,"Sep 20, 1915","$25,000",200 Park St.,,,,wikipedia-list,File:WestSpringfieldMA_PublicLibrary.jpg,https://upload.wikimedia.org/wikipedia/commons/8/8d/WestSpringfieldMA_PublicLibrary.jpg?utm_source=commons.wikimedia.org&utm_campaign=imageinfo&utm_content=thumbnail_unscaled,User:Magicpiano,CC BY-SA 4.0,https://creativecommons.org/licenses/by-sa/4.0,https://commons.wikimedia.org/wiki/File:WestSpringfieldMA_PublicLibrary.jpg,yes
Worcester Frances Perkins,public,Worcester,Massachusetts,United States,"Jul 1, 1910","$75,000",470 W. Boylston St.,,,https://en.wikipedia.org/wiki/Greendale_Branch_Library,wikipedia-list,File:Greendale_Branch_Library_Worcester_MA.jpg,https://upload.wikimedia.org/wikipedia/commons/thumb/8/8a/Greendale_Branch_Library_Worcester_MA.jpg/1920px-Greendale_Branch_Library_Worcester_MA.jpg?utm_source=commons.wikimedia.org&utm_campaign=imageinfo&utm_content=thumbnail,Pvmoutside,CC BY-SA 3.0,https://creativecommons.org/licenses/by-sa/3.0,https://commons.wikimedia.org/wiki/File:Greendale_Branch_Library_Worcester_MA.jpg,yes
Worcester Quinsigamond,public,Worcester,Massachusetts,United States,"Jul 1, 1910",—,812 Millbury St.,,,https://en.wikipedia.org/wiki/Quinsigamond_Branch_Library,wikipedia-list,File:Quinsigamond_Branch_Library.jpg,https://upload.wikimedia.org/wikipedia/commons/thumb/6/67/Quinsigamond_Branch_Library.jpg/1920px-Quinsigamond_Branch_Library.jpg?utm_source=commons.wikimedia.org&utm_campaign=imageinfo&utm_content=thumbnail,Pvmoutside,CC BY-SA 3.0,https://creativecommons.org/licenses/by-sa/3.0,https://commons.wikimedia.org/wiki/File:Quinsigamond_Branch_Library.jpg,yes
Worcester South Worcester,public,Worcester,Massachusetts,United States,"Jul 1, 1910",—,705 Southbridge St.,,,https://en.wikipedia.org/wiki/South_Worcester_Branch_Library,wikipedia-list,File:South_Worcester_Branch_Library.jpg,https://upload.wikimedia.org/wikipedia/commons/thumb/2/20/South_Worcester_Branch_Library.jpg/1920px-South_Worcester_Branch_Library.jpg?utm_source=commons.wikimedia.org&utm_campaign=imageinfo&utm_content=thumbnail,Pvmoutside,CC BY-SA 3.0,https://creativecommons.org/licenses/by-sa/3.0,https://commons.wikimedia.org/wiki/File:South_Worcester_Branch_Library.jpg,yes
Adrian,public,Adrian,Michigan,United States,"Dec 20, 1904","$27,500",110 E. Church St.,41.897257,-84.036957,https://en.wikipedia.org/wiki/Adrian_Public_Library,wikipedia-list,File:Adrian_Public_Library_2010.JPG,https://upload.wikimedia.org/wikipedia/commons/thumb/e/e9/Adrian_Public_Library_2010.JPG/1920px-Adrian_Public_Library_2010.JPG?utm_source=commons.wikimedia.org&utm_campaign=imageinfo&utm_content=thumbnail,Notorious4life (talk),Public domain,,https://commons.wikimedia.org/wiki/File:Adrian_Public_Library_2010.JPG,yes
Albion,public,Albion,Michigan,United States,"Jan 2, 1903","$17,500",501 S. Superior St.,42.241946,-84.752785,,wikipedia-list,File:Albion_MI_Carnegie_Library.jpg,https://upload.wikimedia.org/wikipedia/commons/thumb/4/46/Albion_MI_Carnegie_Library.jpg/1920px-Albion_MI_Carnegie_Library.jpg?utm_source=commons.wikimedia.org&utm_campaign=imageinfo&utm_content=thumbnail,Jan Pewsey,CC BY-SA 2.0,https://creativecommons.org/licenses/by-sa/2.0,https://commons.wikimedia.org/wiki/File:Albion_MI_Carnegie_Library.jpg,yes
Allegan,public,Allegan,Michigan,United States,"Feb 13, 1913","$10,000",331 Hubbard St.,42.527670,-85.852309,,wikipedia-list,File:Allegan_District_Library.jpg,https://upload.wikimedia.org/wikipedia/commons/thumb/6/6a/Allegan_District_Library.jpg/1920px-Allegan_District_Library.jpg?utm_source=commons.wikimedia.org&utm_campaign=imageinfo&utm_content=thumbnail,Jesse Sallak,CC BY-SA 4.0,https://creativecommons.org/licenses/by-sa/4.0,https://commons.wikimedia.org/wiki/File:Allegan_District_Library.jpg,yes
Ann Arbor,public,Ann Arbor,Michigan,United States,"Jan 13, 1903","$30,000",Facade at,42.281101,-83.739922,,wikipedia-list,File:Ann_arbor_frieze.jpg,https://upload.wikimedia.org/wikipedia/commons/thumb/e/ef/Ann_arbor_frieze.jpg/1920px-Ann_arbor_frieze.jpg?utm_source=commons.wikimedia.org&utm_campaign=imageinfo&utm_content=thumbnail,David Fulmer,CC BY 2.0,https://creativecommons.org/licenses/by/2.0,https://commons.wikimedia.org/wiki/File:Ann_arbor_frieze.jpg,yes
Armada,public,Armada,Michigan,United States,"Dec 8, 1913","$8,000",73930 Church St.,42.841867,-82.883094,,wikipedia-list,File:Armada_Michigan_Public_Library.JPG,https://upload.wikimedia.org/wikipedia/commons/thumb/3/3a/Armada_Michigan_Public_Library.JPG/1920px-Armada_Michigan_Public_Library.JPG?utm_source=commons.wikimedia.org&utm_campaign=imageinfo&utm_content=thumbnail,Darren56brown,CC BY-SA 4.0,https://creativecommons.org/licenses/by-sa/4.0,https://commons.wikimedia.org/wiki/File:Armada_Michigan_Public_Library.JPG,yes
Bay City,public,Bay City,Michigan,United States,"May 15, 1916","$35,000",708 Center Ave.,43.597320,-83.882684,,wikipedia-list,File:Bay_City_Carnegie_Library.JPG,https://upload.wikimedia.org/wikipedia/commons/thumb/a/a7/Bay_City_Carnegie_Library.JPG/1920px-Bay_City_Carnegie_Library.JPG?utm_source=commons.wikimedia.org&utm_campaign=imageinfo&utm_content=thumbnail,Darren56brown,CC BY-SA 4.0,https://creativecommons.org/licenses/by-sa/4.0,https://commons.wikimedia.org/wiki/File:Bay_City_Carnegie_Library.JPG,yes
Benton Harbor,public,Benton Harbor,Michigan,United States,"Mar 14, 1902","$20,000",E Wall St. and 6th St.,42.115554,-86.453617,,wikipedia-list,File:Benton_Harbor_Carnegie_Library_Postcard.jpg,https://upload.wikimedia.org/wikipedia/commons/thumb/9/91/Benton_Harbor_Carnegie_Library_Postcard.jpg/1920px-Benton_Harbor_Carnegie_Library_Postcard.jpg?utm_source=commons.wikimedia.org&utm_campaign=imageinfo&utm_content=thumbnail,The Rotograph Co.,Public domain,,https://commons.wikimedia.org/wiki/File:Benton_Harbor_Carnegie_Library_Postcard.jpg,yes
Boyne City,public,Boyne City,Michigan,United States,"Mar 31, 1916","$15,000",201 E. Main St.,45.212137,-85.013070,,wikipedia-list,File:Boyne_District_Library.jpg,https://upload.wikimedia.org/wikipedia/commons/thumb/2/2f/Boyne_District_Library.jpg/1920px-Boyne_District_Library.jpg?utm_source=commons.wikimedia.org&utm_campaign=imageinfo&utm_content=thumbnail,Jesse Sallak,CC BY-SA 4.0,https://creativecommons.org/licenses/by-sa/4.0,https://commons.wikimedia.org/wiki/File:Boyne_District_Library.jpg,yes
Bronson,public,Bronson,Michigan,United States,"Jul 15, 1910","$8,500",207 N. Matteson St.,41.873495,-85.194953,,wikipedia-list,File:Bronson_Carnegie_Library.jpg,https://upload.wikimedia.org/wikipedia/commons/thumb/b/ba/Bronson_Carnegie_Library.jpg/1920px-Bronson_Carnegie_Library.jpg?utm_source=commons.wikimedia.org&utm_campaign=imageinfo&utm_content=thumbnail,"Jimmy Emerson, DVM",CC BY-SA 2.0,https://creativecommons.org/licenses/by-sa/2.0,https://commons.wikimedia.org/wiki/File:Bronson_Carnegie_Library.jpg,yes
Cadillac,public,Cadillac,Michigan,United States,"Mar 20, 1903","$15,000",127 Beech St.,44.251583,-85.398765,https://en.wikipedia.org/wiki/Cadillac_Public_Library,wikipedia-list,File:Cadillac_MI_Public_Library.jpg,https://upload.wikimedia.org/wikipedia/commons/thumb/0/0b/Cadillac_MI_Public_Library.jpg/1920px-Cadillac_MI_Public_Library.jpg?utm_source=commons.wikimedia.org&utm_campaign=imageinfo&utm_content=thumbnail,Andrew Jameson,CC BY-SA 3.0,https://creativecommons.org/licenses/by-sa/3.0,https://commons.wikimedia.org/wiki/File:Cadillac_MI_Public_Library.jpg,yes
Cassopolis,public,Cassopolis,Michigan,United States,"Apr 23, 1908","$10,000",145 N. Broadway St.,41.912960,-86.012767,https://en.wikipedia.org/wiki/Cass_District_Library,wikipedia-list,File:Cass_County_Local_history_Library.JPG,https://upload.wikimedia.org/wikipedia/commons/3/35/Cass_County_Local_history_Library.JPG?utm_source=commons.wikimedia.org&utm_campaign=imageinfo&utm_content=thumbnail_unscaled,Jsgoodrich (talk),CC BY-SA 3.0,https://creativecommons.org/licenses/by-sa/3.0,https://commons.wikimedia.org/wiki/File:Cass_County_Local_history_Library.JPG,yes
Charlevoix,public,Charlevoix,Michigan,United States,"Feb 21, 1907","$10,000",,,,,,,,,,,,no
Charlotte,public,Charlotte,Michigan,United States,"Mar 14, 1902","$12,000",200 N. Cochran Ave.,42.565175,-84.835603,,wikipedia-list,File:Charlotte_Michigan_Carnegie_Library.JPG,https://upload.wikimedia.org/wikipedia/commons/thumb/a/ab/Charlotte_Michigan_Carnegie_Library.JPG/1920px-Charlotte_Michigan_Carnegie_Library.JPG?utm_source=commons.wikimedia.org&utm_campaign=imageinfo&utm_content=thumbnail,Darren56brown,CC BY-SA 4.0,https://creativecommons.org/licenses/by-sa/4.0,https://commons.wikimedia.org/wiki/File:Charlotte_Michigan_Carnegie_Library.JPG,yes
Cheboygan,public,Cheboygan,Michigan,United States,"Feb 10, 1908","$15,000",400 W. Elm St.,45.644584,-84.478380,,wikipedia-list,File:2009-0618-Cheboygan-CarnegieLibrary.jpg,https://upload.wikimedia.org/wikipedia/commons/thumb/c/cb/2009-0618-Cheboygan-CarnegieLibrary.jpg/1920px-2009-0618-Cheboygan-CarnegieLibrary.jpg?utm_source=commons.wikimedia.org&utm_campaign=imageinfo&utm_content=thumbnail,Bobak Ha'Eri,CC BY 3.0,https://creativecommons.org/licenses/by/3.0,https://commons.wikimedia.org/wiki/File:2009-0618-Cheboygan-CarnegieLibrary.jpg,yes
Detroit Main,public,Detroit,Michigan,United States,"Jun 23, 1901","$750,000",5201 Woodward Ave.,42.358714,-83.066359,https://en.wikipedia.org/wiki/Detroit_Public_Library,wikipedia-list,File:DetroitLibrary2010.jpg,https://upload.wikimedia.org/wikipedia/commons/thumb/c/c7/DetroitLibrary2010.jpg/1920px-DetroitLibrary2010.jpg?utm_source=commons.wikimedia.org&utm_campaign=imageinfo&utm_content=thumbnail,Andrew Jameson,CC BY-SA 3.0,https://creativecommons.org/licenses/by-sa/3.0,https://commons.wikimedia.org/wiki/File:DetroitLibrary2010.jpg,yes
Detroit Herbert Bowen,public,Detroit,Michigan,United States,"Jun 23, 1901",—,3648 W. Vernor Hwy.,42.323180,-83.088951,,wikipedia-list,File:Herbert_Bowen_Branch.JPG,https://upload.wikimedia.org/wikipedia/commons/thumb/0/0e/Herbert_Bowen_Branch.JPG/1920px-Herbert_Bowen_Branch.JPG?utm_source=commons.wikimedia.org&utm_campaign=imageinfo&utm_content=thumbnail,Darren56brown,CC BY-SA 4.0,https://creativecommons.org/licenses/by-sa/4.0,https://commons.wikimedia.org/wiki/File:Herbert_Bowen_Branch.JPG,yes
Detroit Magnus Butzel,public,Detroit,Michigan,United States,"Jun 23, 1901",—,2025 E. Grand Blvd.,42.375353,-83.041511,,,,,,,,,no
Detroit Edwin F. Conely,public,Detroit,Michigan,United States,"Jun 23, 1901",—,4600 Martin Rd.,42.331898,-83.127390,,wikipedia-list,File:Edwin_F_Conely_Branch.JPG,https://upload.wikimedia.org/wikipedia/commons/thumb/a/a2/Edwin_F_Conely_Branch.JPG/1920px-Edwin_F_Conely_Branch.JPG?utm_source=commons.wikimedia.org&utm_campaign=imageinfo&utm_content=thumbnail,Darren56brown,CC BY-SA 4.0,https://creativecommons.org/licenses/by-sa/4.0,https://commons.wikimedia.org/wiki/File:Edwin_F_Conely_Branch.JPG,yes
Detroit Divie B. Duffield,public,Detroit,Michigan,United States,"Jun 23, 1901",—,2507 W. Grand Blvd.,42.363180,-83.093226,,wikipedia-list,File:Divie_B_Duffield_Branch.JPG,https://upload.wikimedia.org/wikipedia/commons/thumb/e/e6/Divie_B_Duffield_Branch.JPG/1920px-Divie_B_Duffield_Branch.JPG?utm_source=commons.wikimedia.org&utm_campaign=imageinfo&utm_content=thumbnail,Darren56brown,CC BY-SA 4.0,https://creativecommons.org/licenses/by-sa/4.0,https://commons.wikimedia.org/wiki/File:Divie_B_Duffield_Branch.JPG,yes
Detroit Bernard Ginsburg,public,Detroit,Michigan,United States,"Jun 23, 1901",—,91 Brewster St.,42.346758,-83.047264,,wikipedia-list,File:Detroit_Bernard_Ginsburg_Library.JPG,https://upload.wikimedia.org/wikipedia/commons/thumb/d/dc/Detroit_Bernard_Ginsburg_Library.JPG/1920px-Detroit_Bernard_Ginsburg_Library.JPG?utm_source=commons.wikimedia.org&utm_campaign=imageinfo&utm_content=thumbnail,Darren56brown,CC BY-SA 4.0,https://creativecommons.org/licenses/by-sa/4.0,https://commons.wikimedia.org/wiki/File:Detroit_Bernard_Ginsburg_Library.JPG,yes
Detroit George V. N. Lothrop,public,Detroit,Michigan,United States,"Jun 23, 1901",—,W. Grand Blvd. and Warren Ave W.,42.344796,-83.108118,,wikipedia-list,File:Detroit_Lothrop_Library_Branch.jpg,https://upload.wikimedia.org/wikipedia/commons/a/a6/Detroit_Lothrop_Library_Branch.jpg?utm_source=commons.wikimedia.org&utm_campaign=imageinfo&utm_content=thumbnail_unscaled,Khartoum23,CC BY-SA 3.0,https://creativecommons.org/licenses/by-sa/3.0,https://commons.wikimedia.org/wiki/File:Detroit_Lothrop_Library_Branch.jpg,yes
Detroit George Osius,public,Detroit,Michigan,United States,"Jun 23, 1901",—,Gratiot Ave. between Newland Ave. and Seneca St.,42.383613,-83.011265,,,,,,,,,no
Detroit Henry M. Utley,public,Detroit,Michigan,United States,"Jun 23, 1901",—,8726 Woodward Ave.,42.380122,-83.079382,,wikipedia-list,File:Henry_M_Utley_Branch.JPG,https://upload.wikimedia.org/wikipedia/commons/thumb/8/81/Henry_M_Utley_Branch.JPG/1920px-Henry_M_Utley_Branch.JPG?utm_source=commons.wikimedia.org&utm_campaign=imageinfo&utm_content=thumbnail,Darren56brown,CC BY-SA 4.0,https://creativecommons.org/licenses/by-sa/4.0,https://commons.wikimedia.org/wiki/File:Henry_M_Utley_Branch.JPG,yes
Dowagiac,public,Dowagiac,Michigan,United States,"Jan 13, 1903","$12,500",211 Commercial St.,41.983039,-86.110545,,wikipedia-list,File:Dowagiac_District_Library.jpg,https://upload.wikimedia.org/wikipedia/commons/thumb/c/c4/Dowagiac_District_Library.jpg/1920px-Dowagiac_District_Library.jpg?utm_source=commons.wikimedia.org&utm_campaign=imageinfo&utm_content=thumbnail,Jesse Sallak,CC BY-SA 4.0,https://creativecommons.org/licenses/by-sa/4.0,https://commons.wikimedia.org/wiki/File:Dowagiac_District_Library.jpg,yes
East Jordan,public,East Jordan,Michigan,United States,"Feb 6, 1915","$10,000",301 Main St.,45.156731,-85.127823,,wikipedia-list,File:East_Jordan_Arts_Center.jpg,https://upload.wikimedia.org/wikipedia/commons/thumb/4/4d/East_Jordan_Arts_Center.jpg/1920px-East_Jordan_Arts_Center.jpg?utm_source=commons.wikimedia.org&utm_campaign=imageinfo&utm_content=thumbnail,Jesse Sallak,CC BY-SA 4.0,https://creativecommons.org/licenses/by-sa/4.0,https://commons.wikimedia.org/wiki/File:East_Jordan_Arts_Center.jpg,yes
Escanaba,public,Escanaba,Michigan,United States,"Apr 11, 1902","$21,200",251 S. 7th St.,45.744167,-87.056111,"https://en.wikipedia.org/wiki/Carnegie_Public_Library_(Escanaba,_Michigan)",wikipedia-list,File:Escanaba_MI_Carnegie_Library.jpg,https://upload.wikimedia.org/wikipedia/commons/thumb/c/cc/Escanaba_MI_Carnegie_Library.jpg/1920px-Escanaba_MI_Carnegie_Library.jpg?utm_source=commons.wikimedia.org&utm_campaign=imageinfo&utm_content=thumbnail,Andrew Jameson,CC BY-SA 3.0,https://creativecommons.org/licenses/by-sa/3.0,https://commons.wikimedia.org/wiki/File:Escanaba_MI_Carnegie_Library.jpg,yes
Flint,public,Flint,Michigan,United States,"Dec 27, 1902","$25,000",Clifford St. and East Kearsley St.,43.019251,-83.686089,,wikipedia-list,File:Flint_Michigan_Carnegie_Library.jpg,https://upload.wikimedia.org/wikipedia/commons/thumb/7/70/Flint_Michigan_Carnegie_Library.jpg/1920px-Flint_Michigan_Carnegie_Library.jpg?utm_source=commons.wikimedia.org&utm_campaign=imageinfo&utm_content=thumbnail,Unknown authorUnknown author,Public domain,,https://commons.wikimedia.org/wiki/File:Flint_Michigan_Carnegie_Library.jpg,yes
Grand Haven,public,Grand Haven,Michigan,United States,"Feb 12, 1903","$12,500",15 N. 3rd St.,,,,,,,,,,,no
Houghton,public,Houghton,Michigan,United States,"Apr 23, 1908","$15,000",105 Huron St.,47.121328,-88.567992,https://en.wikipedia.org/wiki/Carnegie_Museum_of_Houghton,wikipedia-list,File:Carnegie_Museum_-_Houghton.jpg,https://upload.wikimedia.org/wikipedia/commons/thumb/1/10/Carnegie_Museum_-_Houghton.jpg/1920px-Carnegie_Museum_-_Houghton.jpg?utm_source=commons.wikimedia.org&utm_campaign=imageinfo&utm_content=thumbnail,Chris857,CC BY-SA 3.0,https://creativecommons.org/licenses/by-sa/3.0,https://commons.wikimedia.org/wiki/File:Carnegie_Museum_-_Houghton.jpg,yes
Howell,public,Howell,Michigan,United States,"Jan 9, 1902","$15,000",314 W. Grand River Ave.,42.608442,-83.932135,,wikipedia-list,File:Howell_Carnegie_District_Library.JPG,https://upload.wikimedia.org/wikipedia/commons/thumb/0/05/Howell_Carnegie_District_Library.JPG/1920px-Howell_Carnegie_District_Library.JPG?utm_source=commons.wikimedia.org&utm_campaign=imageinfo&utm_content=thumbnail,Dwight Burdette,CC BY 3.0,https://creativecommons.org/licenses/by/3.0,https://commons.wikimedia.org/wiki/File:Howell_Carnegie_District_Library.JPG,yes
Hudson,public,Hudson,Michigan,United States,"Mar 27, 1903","$10,000",205 S. Market St.,41.853843,-84.353504,,wikipedia-list,File:Hudson_Michigan_Carnegie_Library.JPG,https://upload.wikimedia.org/wikipedia/commons/thumb/c/c2/Hudson_Michigan_Carnegie_Library.JPG/1920px-Hudson_Michigan_Carnegie_Library.JPG?utm_source=commons.wikimedia.org&utm_campaign=imageinfo&utm_content=thumbnail,Darren56brown,CC BY-SA 4.0,https://creativecommons.org/licenses/by-sa/4.0,https://commons.wikimedia.org/wiki/File:Hudson_Michigan_Carnegie_Library.JPG,yes
Iron Mountain,public,Iron Mountain,Michigan,United States,"Mar 12, 1901","$17,500",300 Ludington St.,,,,wikipedia-list,File:IronMountainCarnegieLibraryFront.jpg,https://upload.wikimedia.org/wikipedia/commons/thumb/3/36/IronMountainCarnegieLibraryFront.jpg/1920px-IronMountainCarnegieLibraryFront.jpg?utm_source=commons.wikimedia.org&utm_campaign=imageinfo&utm_content=thumbnail,Royalbroil,CC BY-SA 3.0,https://creativecommons.org/licenses/by-sa/3.0,https://commons.wikimedia.org/wiki/File:IronMountainCarnegieLibraryFront.jpg,yes
Ironwood,public,Ironwood,Michigan,United States,"Apr 21, 1900","$17,000",235 E. Aurora St.,46.452208,-90.172282,https://en.wikipedia.org/wiki/Ironwood_Carnegie_Library,wikipedia-list,"File:2013-07-13_Ironwood_Carnegie_Library,_235_E._Aurora_St.,_Ironwood,_MI.jpg",https://upload.wikimedia.org/wikipedia/commons/thumb/b/b2/2013-07-13_Ironwood_Carnegie_Library%2C_235_E._Aurora_St.%2C_Ironwood%2C_MI.jpg/1920px-2013-07-13_Ironwood_Carnegie_Library%2C_235_E._Aurora_St.%2C_Ironwood%2C_MI.jpg?utm_source=commons.wikimedia.org&utm_campaign=imageinfo&utm_content=thumbnail,Sa magnuson33,CC BY-SA 3.0,https://creativecommons.org/licenses/by-sa/3.0,"https://commons.wikimedia.org/wiki/File:2013-07-13_Ironwood_Carnegie_Library,_235_E._Aurora_St.,_Ironwood,_MI.jpg",yes
Ishpeming,public,Ishpeming,Michigan,United States,"Mar 12, 1901","$25,000",317 Main St.,46.491480,-87.669479,https://en.wikipedia.org/wiki/Ishpeming_Carnegie_Public_Library,wikipedia-list,File:Ishpeming_Carnegie_Public_Library.jpg,https://upload.wikimedia.org/wikipedia/commons/thumb/e/e1/Ishpeming_Carnegie_Public_Library.jpg/1920px-Ishpeming_Carnegie_Public_Library.jpg?utm_source=commons.wikimedia.org&utm_campaign=imageinfo&utm_content=thumbnail,Jesse Sallak,CC BY-SA 4.0,https://creativecommons.org/licenses/by-sa/4.0,https://commons.wikimedia.org/wiki/File:Ishpeming_Carnegie_Public_Library.jpg,yes
Jackson,public,Jackson,Michigan,United States,"Mar 14, 1901","$70,000",244 W. Michigan Ave.,42.248056,-84.411111,,wikipedia-list,File:Jackson_Michigan_Carnegie_Library.JPG,https://upload.wikimedia.org/wikipedia/commons/thumb/0/01/Jackson_Michigan_Carnegie_Library.JPG/1920px-Jackson_Michigan_Carnegie_Library.JPG?utm_source=commons.wikimedia.org&utm_campaign=imageinfo&utm_content=thumbnail,Darren56brown,CC BY-SA 4.0,https://creativecommons.org/licenses/by-sa/4.0,https://commons.wikimedia.org/wiki/File:Jackson_Michigan_Carnegie_Library.JPG,yes
Lansing,public,Lansing,Michigan,United States,"Jan 9, 1902","$35,000",210 W. Shiawassee St.,,,,wikipedia-list,File:Carnegie_Library_Lansing_MI.JPG,https://upload.wikimedia.org/wikipedia/commons/thumb/0/0e/Carnegie_Library_Lansing_MI.JPG/1920px-Carnegie_Library_Lansing_MI.JPG?utm_source=commons.wikimedia.org&utm_campaign=imageinfo&utm_content=thumbnail,Darren56brown,CC BY-SA 4.0,https://creativecommons.org/licenses/by-sa/4.0,https://commons.wikimedia.org/wiki/File:Carnegie_Library_Lansing_MI.JPG,yes
Lapeer,public,Lapeer,Michigan,United States,"Apr 3, 1917","$13,750",921 W. Nepessing St.,,,,wikipedia-list,File:Lapeer_MI_Carnegie_Library.jpg,https://upload.wikimedia.org/wikipedia/commons/thumb/7/77/Lapeer_MI_Carnegie_Library.jpg/1920px-Lapeer_MI_Carnegie_Library.jpg?utm_source=commons.wikimedia.org&utm_campaign=imageinfo&utm_content=thumbnail,C Hanchey,CC BY-SA 2.0,https://creativecommons.org/licenses/by-sa/2.0,https://commons.wikimedia.org/wiki/File:Lapeer_MI_Carnegie_Library.jpg,yes
Ludington,public,Ludington,Michigan,United States,"Jun 5, 1903","$15,000",217 E. Ludington Ave.,,,https://en.wikipedia.org/wiki/Ludington_Public_Library,wikipedia-list,File:Ludington_Public_Library_Aug_2008.JPG,https://upload.wikimedia.org/wikipedia/commons/8/86/Ludington_Public_Library_Aug_2008.JPG?utm_source=commons.wikimedia.org&utm_campaign=imageinfo&utm_content=thumbnail_unscaled,Doug Coldwell,CC BY-SA 3.0,https://creativecommons.org/licenses/by-sa/3.0,https://commons.wikimedia.org/wiki/File:Ludington_Public_Library_Aug_2008.JPG,yes
Mancelona,public,Mancelona,Michigan,United States,"Jan 5, 1916","$10,000",202 W. State St.,,,,wikipedia-list,File:Mancelona_Township_Library.jpg,https://upload.wikimedia.org/wikipedia/commons/thumb/1/1d/Mancelona_Township_Library.jpg/1920px-Mancelona_Township_Library.jpg?utm_source=commons.wikimedia.org&utm_campaign=imageinfo&utm_content=thumbnail,Jesse Sallak,CC BY-SA 4.0,https://creativecommons.org/licenses/by-sa/4.0,https://commons.wikimedia.org/wiki/File:Mancelona_Township_Library.jpg,yes
Manistee,public,Manistee,Michigan,United States,"Apr 26, 1902","$35,000",95 Maple St.,,,,wikipedia-list,File:Manistee_Public_Library.jpg,https://upload.wikimedia.org/wikipedia/commons/thumb/8/89/Manistee_Public_Library.jpg/1920px-Manistee_Public_Library.jpg?utm_source=commons.wikimedia.org&utm_campaign=imageinfo&utm_content=thumbnail,Cbl62,CC BY-SA 3.0,https://creativecommons.org/licenses/by-sa/3.0,https://commons.wikimedia.org/wiki/File:Manistee_Public_Library.jpg,yes
Marlette,public,Marlette,Michigan,United States,"Apr 16, 1918","$7,500",3116 Main St.,,,,wikipedia-list,File:Marlette_MI_Carnegie_Library.jpg,https://upload.wikimedia.org/wikipedia/commons/thumb/e/e0/Marlette_MI_Carnegie_Library.jpg/1920px-Marlette_MI_Carnegie_Library.jpg?utm_source=commons.wikimedia.org&utm_campaign=imageinfo&utm_content=thumbnail,Craig Hanchey,CC BY-SA 2.0,https://creativecommons.org/licenses/by-sa/2.0,https://commons.wikimedia.org/wiki/File:Marlette_MI_Carnegie_Library.jpg,yes
Mendon,public,Mendon,Michigan,United States,"Apr 11, 1905","$10,000",314 W. Main St.,,,,wikipedia-list,File:Mendon_Public_Library.jpg,https://upload.wikimedia.org/wikipedia/commons/thumb/3/3b/Mendon_Public_Library.jpg/1920px-Mendon_Public_Library.jpg?utm_source=commons.wikimedia.org&utm_campaign=imageinfo&utm_content=thumbnail,rossograph,CC BY-SA 4.0,https://creativecommons.org/licenses/by-sa/4.0,https://commons.wikimedia.org/wiki/File:Mendon_Public_Library.jpg,yes
Midland,public,Midland,Michigan,United States,"Feb 3, 1917","$12,500",Townsend St.,,,,,,,,,,,no
Mount Clemens,public,Mount Clemens,Michigan,United States,"Mar 14, 1902","$17,000",125 Macomb St.,42.599703,-82.880389,,wikipedia-list,File:Mount_Clemens_Public_Library.JPG,https://upload.wikimedia.org/wikipedia/commons/thumb/7/74/Mount_Clemens_Public_Library.JPG/1920px-Mount_Clemens_Public_Library.JPG?utm_source=commons.wikimedia.org&utm_campaign=imageinfo&utm_content=thumbnail,Darren56brown,CC BY-SA 4.0,https://creativecommons.org/licenses/by-sa/4.0,https://commons.wikimedia.org/wiki/File:Mount_Clemens_Public_Library.JPG,yes
Newaygo,public,Newaygo,Michigan,United States,"Dec 8, 1913","$5,000",45 State Rd.,,,,wikipedia-list,File:Newaygo_Area_District_Library.jpg,https://upload.wikimedia.org/wikipedia/commons/thumb/c/c7/Newaygo_Area_District_Library.jpg/1920px-Newaygo_Area_District_Library.jpg?utm_source=commons.wikimedia.org&utm_campaign=imageinfo&utm_content=thumbnail,Jesse Sallak,CC BY-SA 4.0,https://creativecommons.org/licenses/by-sa/4.0,https://commons.wikimedia.org/wiki/File:Newaygo_Area_District_Library.jpg,yes
Niles,public,Niles,Michigan,United States,"Jan 22, 1903","$15,000",321 E. Main St.,,,,wikipedia-list,File:Carnegie_Library_Niles_Michigan_034.jpg,https://upload.wikimedia.org/wikipedia/commons/thumb/7/71/Carnegie_Library_Niles_Michigan_034.jpg/1920px-Carnegie_Library_Niles_Michigan_034.jpg?utm_source=commons.wikimedia.org&utm_campaign=imageinfo&utm_content=thumbnail,Chris Light (talk),CC BY-SA 3.0,https://creativecommons.org/licenses/by-sa/3.0,https://commons.wikimedia.org/wiki/File:Carnegie_Library_Niles_Michigan_034.jpg,yes
Owosso,public,Owosso,Michigan,United States,"Apr 2, 1913","$20,000",502 W. Main St.,,,https://en.wikipedia.org/wiki/Shiawassee_District_Library,wikipedia-list,File:Owosso.jpg,https://upload.wikimedia.org/wikipedia/commons/4/49/Owosso.jpg?utm_source=commons.wikimedia.org&utm_campaign=imageinfo&utm_content=thumbnail_unscaled,Shiawassee DL,CC0,http://creativecommons.org/publicdomain/zero/1.0/deed.en,https://commons.wikimedia.org/wiki/File:Owosso.jpg,yes
Paw Paw,public,Paw Paw,Michigan,United States,"Apr 3, 1917","$10,000",129 S. Kalamazoo St.,,,,wikipedia-list,File:The_Paw_Paw_Carnegie_Center.jpg,https://upload.wikimedia.org/wikipedia/commons/thumb/9/9a/The_Paw_Paw_Carnegie_Center.jpg/1920px-The_Paw_Paw_Carnegie_Center.jpg?utm_source=commons.wikimedia.org&utm_campaign=imageinfo&utm_content=thumbnail,Jesse Sallak,CC BY-SA 4.0,https://creativecommons.org/licenses/by-sa/4.0,https://commons.wikimedia.org/wiki/File:The_Paw_Paw_Carnegie_Center.jpg,yes
Petoskey,public,Petoskey,Michigan,United States,"Apr 8, 1907","$12,500",451 E. Mitchell St.,,,,wikipedia-list,File:Petoskey_MI_Carnegie_Library.jpg,https://upload.wikimedia.org/wikipedia/commons/thumb/8/82/Petoskey_MI_Carnegie_Library.jpg/1920px-Petoskey_MI_Carnegie_Library.jpg?utm_source=commons.wikimedia.org&utm_campaign=imageinfo&utm_content=thumbnail,C Hanchey,CC BY-SA 2.0,https://creativecommons.org/licenses/by-sa/2.0,https://commons.wikimedia.org/wiki/File:Petoskey_MI_Carnegie_Library.jpg,yes
Port Huron,public,Port Huron,Michigan,United States,"Feb 4, 1902","$45,000",1115 6th St.,,,https://en.wikipedia.org/wiki/Carnegie_Center_--_Port_Huron_Museum,wikipedia-list,File:Port_Huron_Museum_Carnegie_Center.JPG,https://upload.wikimedia.org/wikipedia/commons/thumb/d/d0/Port_Huron_Museum_Carnegie_Center.JPG/1920px-Port_Huron_Museum_Carnegie_Center.JPG?utm_source=commons.wikimedia.org&utm_campaign=imageinfo&utm_content=thumbnail,Darren56brown,CC BY-SA 4.0,https://creativecommons.org/licenses/by-sa/4.0,https://commons.wikimedia.org/wiki/File:Port_Huron_Museum_Carnegie_Center.JPG,yes
Portland,public,Portland,Michigan,United States,"Mar 25, 1905","$10,000",334 Kent St.,,,,wikipedia-list,File:Portland_Michigan_Carnegie_Library.JPG,https://upload.wikimedia.org/wikipedia/commons/thumb/2/2b/Portland_Michigan_Carnegie_Library.JPG/1920px-Portland_Michigan_Carnegie_Library.JPG?utm_source=commons.wikimedia.org&utm_campaign=imageinfo&utm_content=thumbnail,Darren56brown,CC BY-SA 4.0,https://creativecommons.org/licenses/by-sa/4.0,https://commons.wikimedia.org/wiki/File:Portland_Michigan_Carnegie_Library.JPG,yes
Sault Ste. Marie,public,Sault Ste. Marie,Michigan,United States,"Feb 6, 1901","$30,000",315 Armory Pl.,,,,wikipedia-list,File:Sault_Ste_Marie_Carnegie_Library.jpg,https://upload.wikimedia.org/wikipedia/commons/3/3b/Sault_Ste_Marie_Carnegie_Library.jpg?utm_source=commons.wikimedia.org&utm_campaign=imageinfo&utm_content=thumbnail_unscaled,Andrew Everett,CC BY 2.0,https://creativecommons.org/licenses/by/2.0,https://commons.wikimedia.org/wiki/File:Sault_Ste_Marie_Carnegie_Library.jpg,yes
South Haven,public,South Haven,Michigan,United States,"Dec 20, 1904","$12,500",600 Phoenix St.,,,,wikipedia-list,File:South_Haven_Center_for_the_Arts.jpg,https://upload.wikimedia.org/wikipedia/commons/1/13/South_Haven_Center_for_the_Arts.jpg?utm_source=commons.wikimedia.org&utm_campaign=imageinfo&utm_content=thumbnail_unscaled,Rabbet at English Wikipedia,CC BY 2.5,https://creativecommons.org/licenses/by/2.5,https://commons.wikimedia.org/wiki/File:South_Haven_Center_for_the_Arts.jpg,yes
Sparta,public,Sparta,Michigan,United States,"Mar 31, 1916","$10,000",80 N. Union St.,,,,wikipedia-list,File:Sparta_Carnegie_Township_Library.jpg,https://upload.wikimedia.org/wikipedia/commons/thumb/a/a9/Sparta_Carnegie_Township_Library.jpg/1920px-Sparta_Carnegie_Township_Library.jpg?utm_source=commons.wikimedia.org&utm_campaign=imageinfo&utm_content=thumbnail,Jesse Sallak,CC BY-SA 4.0,https://creativecommons.org/licenses/by-sa/4.0,https://commons.wikimedia.org/wiki/File:Sparta_Carnegie_Township_Library.jpg,yes
St. Joseph,public,St. Joseph,Michigan,United States,"Dec 27, 1902","$13,500",500 Main St.,,,,wikipedia-list,File:Saint_Joseph_Public_Library_Building.jpg,https://upload.wikimedia.org/wikipedia/commons/thumb/8/87/Saint_Joseph_Public_Library_Building.jpg/1920px-Saint_Joseph_Public_Library_Building.jpg?utm_source=commons.wikimedia.org&utm_campaign=imageinfo&utm_content=thumbnail,rossograph,CC BY-SA 4.0,https://creativecommons.org/licenses/by-sa/4.0,https://commons.wikimedia.org/wiki/File:Saint_Joseph_Public_Library_Building.jpg,yes
Stambaugh,public,Stambaugh,Michigan,United States,"Apr 13, 1914","$12,500",601 Garfield Ave.,,,,wikipedia-list,File:West_Iron_County_Administration_Building.jpg,https://upload.wikimedia.org/wikipedia/commons/thumb/1/17/West_Iron_County_Administration_Building.jpg/1920px-West_Iron_County_Administration_Building.jpg?utm_source=commons.wikimedia.org&utm_campaign=imageinfo&utm_content=thumbnail,Jesse Sallak,CC BY-SA 4.0,https://creativecommons.org/licenses/by-sa/4.0,https://commons.wikimedia.org/wiki/File:West_Iron_County_Administration_Building.jpg,yes
Sturgis,public,Sturgis,Michigan,United States,"Dec 13, 1907","$10,000",,,,,wikipedia-list,File:Carnegie_Library_Sturgis_MI.jpg,https://upload.wikimedia.org/wikipedia/commons/thumb/a/a6/Carnegie_Library_Sturgis_MI.jpg/1920px-Carnegie_Library_Sturgis_MI.jpg?utm_source=commons.wikimedia.org&utm_campaign=imageinfo&utm_content=thumbnail,Parham Photo,Public domain,,https://commons.wikimedia.org/wiki/File:Carnegie_Library_Sturgis_MI.jpg,yes
Tecumseh,public,Tecumseh,Michigan,United States,"Feb 2, 1903","$10,000",304 W. Chicago Blvd.,,,,wikipedia-list,File:Tecumseh_Michigan_Carnegie_Library.JPG,https://upload.wikimedia.org/wikipedia/commons/thumb/9/9d/Tecumseh_Michigan_Carnegie_Library.JPG/1920px-Tecumseh_Michigan_Carnegie_Library.JPG?utm_source=commons.wikimedia.org&utm_campaign=imageinfo&utm_content=thumbnail,Darren56brown,CC BY-SA 4.0,https://creativecommons.org/licenses/by-sa/4.0,https://commons.wikimedia.org/wiki/File:Tecumseh_Michigan_Carnegie_Library.JPG,yes
Three Rivers,public,Three Rivers,Michigan,United States,"Sep 5, 1902","$12,500",107 N. Main St.,,,,wikipedia-list,File:Three_Rivers_MI_Carnegie_Library.jpg,https://upload.wikimedia.org/wikipedia/commons/thumb/f/f5/Three_Rivers_MI_Carnegie_Library.jpg/1920px-Three_Rivers_MI_Carnegie_Library.jpg?utm_source=commons.wikimedia.org&utm_campaign=imageinfo&utm_content=thumbnail,Darrell Harden,CC BY-SA 2.0,https://creativecommons.org/licenses/by-sa/2.0,https://commons.wikimedia.org/wiki/File:Three_Rivers_MI_Carnegie_Library.jpg,yes
Traverse City,public,Traverse City,Michigan,United States,"Apr 11, 1902","$20,000",322 6th St.,,,,wikipedia-list,"File:Carnegie_Library_Entrance_(Traverse_City,_Michigan).jpg",https://upload.wikimedia.org/wikipedia/commons/6/62/Carnegie_Library_Entrance_%28Traverse_City%2C_Michigan%29.jpg?utm_source=commons.wikimedia.org&utm_campaign=imageinfo&utm_content=thumbnail_unscaled,takomabibelot,CC BY 2.0,https://creativecommons.org/licenses/by/2.0,"https://commons.wikimedia.org/wiki/File:Carnegie_Library_Entrance_(Traverse_City,_Michigan).jpg",yes
Wyandotte,public,Wyandotte,Michigan,United States,"Jan 23, 1911","$17,500",3139 Biddle Ave.,,,,wikipedia-list,File:Wyandotte_MI_Carnegie_Library_Postcard.jpg,https://upload.wikimedia.org/wikipedia/commons/thumb/e/e7/Wyandotte_MI_Carnegie_Library_Postcard.jpg/1920px-Wyandotte_MI_Carnegie_Library_Postcard.jpg?utm_source=commons.wikimedia.org&utm_campaign=imageinfo&utm_content=thumbnail,Flickr User Wyandotte2001,CC BY-SA 2.0,https://creativecommons.org/licenses/by-sa/2.0,https://commons.wikimedia.org/wiki/File:Wyandotte_MI_Carnegie_Library_Postcard.jpg,yes
Aitkin,public,Aitkin,Minnesota,United States,"Apr 23, 1908","$6,500",121 2nd St NW,46.5331417,-93.7093194,https://en.wikipedia.org/wiki/Aitkin_Carnegie_Library,wikipedia-list,File:Aitkin_Carnegie_Library.jpg,https://upload.wikimedia.org/wikipedia/commons/0/0d/Aitkin_Carnegie_Library.jpg?utm_source=commons.wikimedia.org&utm_campaign=imageinfo&utm_content=thumbnail_unscaled,Elkman.,CC BY-SA 3.0,https://creativecommons.org/licenses/by-sa/3.0,https://commons.wikimedia.org/wiki/File:Aitkin_Carnegie_Library.jpg,yes
Albert Lea,public,Albert Lea,Minnesota,United States,"Apr 11, 1902","$13,000",146 College St W,43.6471056,-93.3697278,,wikipedia-list,File:Albert_Lea_Carnegie_Library.jpg,https://upload.wikimedia.org/wikipedia/commons/thumb/b/bd/Albert_Lea_Carnegie_Library.jpg/1920px-Albert_Lea_Carnegie_Library.jpg?utm_source=commons.wikimedia.org&utm_campaign=imageinfo&utm_content=thumbnail,McGhiever,CC BY-SA 4.0,https://creativecommons.org/licenses/by-sa/4.0,https://commons.wikimedia.org/wiki/File:Albert_Lea_Carnegie_Library.jpg,yes
Alexandria,public,Alexandria,Minnesota,United States,"Feb 2, 1903","$12,000",7th Ave W & Filmore St,45.8850694,-95.3788194,,wikipedia-list,File:Alexandria_Carnegie_Library.jpg,https://upload.wikimedia.org/wikipedia/commons/d/db/Alexandria_Carnegie_Library.jpg?utm_source=commons.wikimedia.org&utm_campaign=imageinfo&utm_content=thumbnail_unscaled,McGhiever,CC BY-SA 3.0,https://creativecommons.org/licenses/by-sa/3.0,https://commons.wikimedia.org/wiki/File:Alexandria_Carnegie_Library.jpg,yes
Anoka,public,Anoka,Minnesota,United States,"Mar 27, 1903","$12,500",Demolished,,,,wikipedia-list,File:1912postcardPublicLibraryAnokaMN.jpg,https://upload.wikimedia.org/wikipedia/commons/1/17/1912postcardPublicLibraryAnokaMN.jpg?utm_source=commons.wikimedia.org&utm_campaign=imageinfo&utm_content=thumbnail_unscaled,Unknown authorUnknown author,Public domain,,https://commons.wikimedia.org/wiki/File:1912postcardPublicLibraryAnokaMN.jpg,yes
Austin,public,Austin,Minnesota,United States,"Oct 3, 1901","$15,000",Demolished,,,https://en.wikipedia.org/wiki/Austin_Public_Library_(Minnesota),wikipedia-list,File:CarnegieLibraryAustinMN.jpg,https://upload.wikimedia.org/wikipedia/commons/c/c8/CarnegieLibraryAustinMN.jpg?utm_source=commons.wikimedia.org&utm_campaign=imageinfo&utm_content=thumbnail_unscaled,Bloom of Minneapolis,Public domain,,https://commons.wikimedia.org/wiki/File:CarnegieLibraryAustinMN.jpg,yes
Bemidji,public,Bemidji,Minnesota,United States,"Feb 10, 1908","$12,500",426 Bemidji Ave,47.4726750,-94.8794806,https://en.wikipedia.org/wiki/Bemidji_Carnegie_Library,wikipedia-list,File:Bemidji_Carnegie_Library.jpg,https://upload.wikimedia.org/wikipedia/commons/thumb/d/d3/Bemidji_Carnegie_Library.jpg/1920px-Bemidji_Carnegie_Library.jpg?utm_source=commons.wikimedia.org&utm_campaign=imageinfo&utm_content=thumbnail,McGhiever,CC BY-SA 3.0,https://creativecommons.org/licenses/by-sa/3.0,https://commons.wikimedia.org/wiki/File:Bemidji_Carnegie_Library.jpg,yes
Benson,public,Benson,Minnesota,United States,"Apr 3, 1912","$7,500",Demolished,,,,wikipedia-list,File:1914postcardCarnegiePublicLibraryBensonMN.jpg,https://upload.wikimedia.org/wikipedia/commons/f/fe/1914postcardCarnegiePublicLibraryBensonMN.jpg?utm_source=commons.wikimedia.org&utm_campaign=imageinfo&utm_content=thumbnail_unscaled,Unknown authorUnknown author,Public domain,,https://commons.wikimedia.org/wiki/File:1914postcardCarnegiePublicLibraryBensonMN.jpg,yes
Brainerd,public,Brainerd,Minnesota,United States,"Jan 6, 1903","$12,000",206 7th St N,46.3583778,-94.1988639,https://en.wikipedia.org/wiki/Brainerd_Public_Library,wikipedia-list,File:Brainerd_Carnegie_Library_2016.jpg,https://upload.wikimedia.org/wikipedia/commons/thumb/5/57/Brainerd_Carnegie_Library_2016.jpg/1920px-Brainerd_Carnegie_Library_2016.jpg?utm_source=commons.wikimedia.org&utm_campaign=imageinfo&utm_content=thumbnail,McGhiever,CC BY-SA 4.0,https://creativecommons.org/licenses/by-sa/4.0,https://commons.wikimedia.org/wiki/File:Brainerd_Carnegie_Library_2016.jpg,yes
Browns Valley,public,Browns Valley,Minnesota,United States,"Jan 31, 1914","$5,500",Broadway Ave & 2nd St,45.5950361,-96.8308417,https://en.wikipedia.org/wiki/Browns_Valley_Carnegie_Public_Library,wikipedia-list,File:Browns_Valley_Carnegie_Library.jpg,https://upload.wikimedia.org/wikipedia/commons/8/80/Browns_Valley_Carnegie_Library.jpg?utm_source=commons.wikimedia.org&utm_campaign=imageinfo&utm_content=thumbnail_unscaled,McGhiever,CC BY-SA 3.0,https://creativecommons.org/licenses/by-sa/3.0,https://commons.wikimedia.org/wiki/File:Browns_Valley_Carnegie_Library.jpg,yes
Chatfield,public,Chatfield,Minnesota,United States,"Jul 9, 1913","$6,000",314 Main St S,43.8446833,-92.1873444,https://en.wikipedia.org/wiki/Chatfield_Public_Library,wikipedia-list,File:2011-0115-ChatfieldPL.jpg,https://upload.wikimedia.org/wikipedia/commons/thumb/0/0f/2011-0115-ChatfieldPL.jpg/1920px-2011-0115-ChatfieldPL.jpg?utm_source=commons.wikimedia.org&utm_campaign=imageinfo&utm_content=thumbnail,Bobak Ha'Eri,CC BY 3.0,https://creativecommons.org/licenses/by/3.0,https://commons.wikimedia.org/wiki/File:2011-0115-ChatfieldPL.jpg,yes
Coleraine,public,Coleraine,Minnesota,United States,"Dec 16, 1908","$15,000",203 Cole Ave,47.2872306,-93.4242917,,wikipedia-list,File:CarnegieLibraryColeraineMN.jpg,https://upload.wikimedia.org/wikipedia/commons/thumb/1/1a/CarnegieLibraryColeraineMN.jpg/1920px-CarnegieLibraryColeraineMN.jpg?utm_source=commons.wikimedia.org&utm_campaign=imageinfo&utm_content=thumbnail,Jonathunder,CC BY-SA 3.0,https://creativecommons.org/licenses/by-sa/3.0,https://commons.wikimedia.org/wiki/File:CarnegieLibraryColeraineMN.jpg,yes
Crookston,public,Crookston,Minnesota,United States,"Nov 25, 1903","$17,500",110 N. Ash St.,47.7737306,-96.6048667,,wikipedia-list,File:CrookstonMnLibrary.jpg,https://upload.wikimedia.org/wikipedia/commons/b/bc/CrookstonMnLibrary.jpg?utm_source=commons.wikimedia.org&utm_campaign=imageinfo&utm_content=thumbnail_unscaled,scanned by Gary Johnson; original creator unknown; not stated on card,Public domain,,https://commons.wikimedia.org/wiki/File:CrookstonMnLibrary.jpg,yes
Dawson,public,Dawson,Minnesota,United States,"Mar 31, 1916","$9,000",677 Pine St,44.9287083,-96.0556722,,wikipedia-list,File:Dawson_Carnegie_Library.jpg,https://upload.wikimedia.org/wikipedia/commons/thumb/a/a7/Dawson_Carnegie_Library.jpg/1920px-Dawson_Carnegie_Library.jpg?utm_source=commons.wikimedia.org&utm_campaign=imageinfo&utm_content=thumbnail,McGhiever,CC BY-SA 3.0,https://creativecommons.org/licenses/by-sa/3.0,https://commons.wikimedia.org/wiki/File:Dawson_Carnegie_Library.jpg,yes
Detroit Lakes,public,Detroit Lakes,Minnesota,United States,"Dec 23, 1911","$10,000",1000 Washington Ave,46.8156306,-95.8458361,"https://en.wikipedia.org/wiki/Detroit_Lakes,_Minnesota#Carnegie_Library",wikipedia-list,File:Detroit_Lakes_Library_HABS.jpg,https://upload.wikimedia.org/wikipedia/commons/d/d4/Detroit_Lakes_Library_HABS.jpg?utm_source=commons.wikimedia.org&utm_campaign=imageinfo&utm_content=thumbnail_unscaled,Jet Lowe,Public domain,,https://commons.wikimedia.org/wiki/File:Detroit_Lakes_Library_HABS.jpg,yes
Duluth (Main),public,Duluth,Minnesota,United States,"Oct 7, 1899","$75,000",101 2nd St W,46.7873139,-92.1022583,https://en.wikipedia.org/wiki/Duluth_Public_Library_(historic),wikipedia-list,File:Old_Duluth_Public_Library.jpg,https://upload.wikimedia.org/wikipedia/commons/thumb/9/95/Old_Duluth_Public_Library.jpg/1920px-Old_Duluth_Public_Library.jpg?utm_source=commons.wikimedia.org&utm_campaign=imageinfo&utm_content=thumbnail,McGhiever,CC BY-SA 4.0,https://creativecommons.org/licenses/by-sa/4.0,https://commons.wikimedia.org/wiki/File:Old_Duluth_Public_Library.jpg,yes
Duluth Lincoln,public,Duluth,Minnesota,United States,"Oct 7, 1899","$30,000",2227 W 2nd St,46.7667000,-92.1290139,https://en.wikipedia.org/wiki/Lincoln_Branch_Library,wikipedia-list,File:Lincoln_Branch_Library_1.jpg,https://upload.wikimedia.org/wikipedia/commons/thumb/1/11/Lincoln_Branch_Library_1.jpg/1920px-Lincoln_Branch_Library_1.jpg?utm_source=commons.wikimedia.org&utm_campaign=imageinfo&utm_content=thumbnail,Chris857,CC BY-SA 3.0,https://creativecommons.org/licenses/by-sa/3.0,https://commons.wikimedia.org/wiki/File:Lincoln_Branch_Library_1.jpg,yes
Duluth West Duluth,public,Duluth,Minnesota,United States,"Oct 7, 1899","$20,000",Demolished,,,,,,,,,,,no
Eveleth,public,Eveleth,Minnesota,United States,"Feb 20, 1911","$15,000",614 Pierce St,47.4624139,-92.535667,,wikipedia-list,File:Eveleth_Carnegie_Library.JPG,https://upload.wikimedia.org/wikipedia/commons/e/ea/Eveleth_Carnegie_Library.JPG?utm_source=commons.wikimedia.org&utm_campaign=imageinfo&utm_content=thumbnail_unscaled,McGhiever,CC BY-SA 3.0,https://creativecommons.org/licenses/by-sa/3.0,https://commons.wikimedia.org/wiki/File:Eveleth_Carnegie_Library.JPG,yes
Fairmont,public,Fairmont,Minnesota,United States,"Feb 12, 1903","$10,000",Demolished,,,,wikipedia-list,File:1914postcardCarnegiePublicLibraryFairmontMN.jpg,https://upload.wikimedia.org/wikipedia/commons/2/2c/1914postcardCarnegiePublicLibraryFairmontMN.jpg?utm_source=commons.wikimedia.org&utm_campaign=imageinfo&utm_content=thumbnail_unscaled,Unknown authorUnknown author,Public domain,,https://commons.wikimedia.org/wiki/File:1914postcardCarnegiePublicLibraryFairmontMN.jpg,yes
Fergus Falls,public,Fergus Falls,Minnesota,United States,"Feb 20, 1904","$21,475",121 Union St N,46.2843111,-96.0781361,,wikipedia-list,File:1913postcardCarnegiePublicLibraryFergusFallsMN.jpg,https://upload.wikimedia.org/wikipedia/commons/2/2a/1913postcardCarnegiePublicLibraryFergusFallsMN.jpg?utm_source=commons.wikimedia.org&utm_campaign=imageinfo&utm_content=thumbnail_unscaled,Unknown authorUnknown author,Public domain,,https://commons.wikimedia.org/wiki/File:1913postcardCarnegiePublicLibraryFergusFallsMN.jpg,yes
Glenwood,public,Glenwood,Minnesota,United States,"May 2, 1907","$10,000",108 1st Ave SE,45.6491056,-95.3881361,"https://en.wikipedia.org/wiki/Glenwood_Public_Library_(Glenwood,_Minnesota)",wikipedia-list,File:2013-0408-GlenwoodPublicLibrary.jpg,https://upload.wikimedia.org/wikipedia/commons/thumb/d/df/2013-0408-GlenwoodPublicLibrary.jpg/1920px-2013-0408-GlenwoodPublicLibrary.jpg?utm_source=commons.wikimedia.org&utm_campaign=imageinfo&utm_content=thumbnail,Bobak Ha'Eri,CC BY 3.0,https://creativecommons.org/licenses/by/3.0,https://commons.wikimedia.org/wiki/File:2013-0408-GlenwoodPublicLibrary.jpg,yes
Graceville,public,Graceville,Minnesota,United States,"May 21, 1913","$7,000",Demolished,,,,,,,,,,,no
Grand Rapids,public,Grand Rapids,Minnesota,United States,"Jan 19, 1905","$10,000",21 5th St NE,,,,wikipedia-list,File:1908postcardPublicLibraryGrandRapidsMN.jpg,https://upload.wikimedia.org/wikipedia/commons/2/2d/1908postcardPublicLibraryGrandRapidsMN.jpg?utm_source=commons.wikimedia.org&utm_campaign=imageinfo&utm_content=thumbnail_unscaled,Unknown authorUnknown author,Public domain,,https://commons.wikimedia.org/wiki/File:1908postcardPublicLibraryGrandRapidsMN.jpg,yes
Hibbing,public,Hibbing,Minnesota,United States,"Apr 23, 1906","$25,000",Demolished,,,,wikipedia-list,File:CarnegieLibraryHibbingMN.jpg,https://upload.wikimedia.org/wikipedia/commons/4/41/CarnegieLibraryHibbingMN.jpg?utm_source=commons.wikimedia.org&utm_campaign=imageinfo&utm_content=thumbnail_unscaled,Unknown authorUnknown author,Public domain,,https://commons.wikimedia.org/wiki/File:CarnegieLibraryHibbingMN.jpg,yes
Hutchinson,public,Hutchinson,Minnesota,United States,"Apr 13, 1903","$12,500",50 Hassan St SE,44.8916833,-94.368194,,wikipedia-list,File:Hutchinson_Library.jpg,https://upload.wikimedia.org/wikipedia/commons/thumb/b/bc/Hutchinson_Library.jpg/1920px-Hutchinson_Library.jpg?utm_source=commons.wikimedia.org&utm_campaign=imageinfo&utm_content=thumbnail,McGhiever,CC BY-SA 4.0,https://creativecommons.org/licenses/by-sa/4.0,https://commons.wikimedia.org/wiki/File:Hutchinson_Library.jpg,yes
Janesville,public,Janesville,Minnesota,United States,"May 2, 1911","$5,000",102 2nd St W,44.11750,-93.7078722,https://en.wikipedia.org/wiki/Janesville_Free_Public_Library,wikipedia-list,File:2009-0805-JanesvilleFreePubLib.jpg,https://upload.wikimedia.org/wikipedia/commons/thumb/a/ad/2009-0805-JanesvilleFreePubLib.jpg/1920px-2009-0805-JanesvilleFreePubLib.jpg?utm_source=commons.wikimedia.org&utm_campaign=imageinfo&utm_content=thumbnail,Bobak Ha'Eri,CC BY 3.0,https://creativecommons.org/licenses/by/3.0,https://commons.wikimedia.org/wiki/File:2009-0805-JanesvilleFreePubLib.jpg,yes
Lake City,public,Lake City,Minnesota,United States,"Nov 7, 1917","$13,000",Demolished,,,,,,,,,,,no
Litchfield,public,Litchfield,Minnesota,United States,"Feb 12, 1903","$10,000",201 Sibley Ave S,45.1247556,-94.5278139,,wikipedia-list,"File:Litchfield,_MN,_Carnegie_Library_Building.jpg",https://upload.wikimedia.org/wikipedia/commons/thumb/3/35/Litchfield%2C_MN%2C_Carnegie_Library_Building.jpg/1920px-Litchfield%2C_MN%2C_Carnegie_Library_Building.jpg?utm_source=commons.wikimedia.org&utm_campaign=imageinfo&utm_content=thumbnail,Kaethesson,CC BY-SA 3.0,https://creativecommons.org/licenses/by-sa/3.0,"https://commons.wikimedia.org/wiki/File:Litchfield,_MN,_Carnegie_Library_Building.jpg",yes
Little Falls,public,Little Falls,Minnesota,United States,"Mar 14, 1902","$10,000",108 3rd St NE,45.9766889,-94.3587000,https://en.wikipedia.org/wiki/Little_Falls_Carnegie_Library,wikipedia-list,File:Little_Falls_Carnegie_Library_original_building.JPG,https://upload.wikimedia.org/wikipedia/commons/thumb/3/3d/Little_Falls_Carnegie_Library_original_building.JPG/1920px-Little_Falls_Carnegie_Library_original_building.JPG?utm_source=commons.wikimedia.org&utm_campaign=imageinfo&utm_content=thumbnail,Tom Reedy,CC BY-SA 3.0,https://creativecommons.org/licenses/by-sa/3.0,https://commons.wikimedia.org/wiki/File:Little_Falls_Carnegie_Library_original_building.JPG,yes
Luverne,public,Luverne,Minnesota,United States,"Mar 27, 1903","$10,000",205 Freeman Ave N,43.6555167,-96.2099139,,wikipedia-list,File:Luverne_Public_Library.jpg,https://upload.wikimedia.org/wikipedia/commons/thumb/d/db/Luverne_Public_Library.jpg/1920px-Luverne_Public_Library.jpg?utm_source=commons.wikimedia.org&utm_campaign=imageinfo&utm_content=thumbnail,McGhiever,CC BY-SA 3.0,https://creativecommons.org/licenses/by-sa/3.0,https://commons.wikimedia.org/wiki/File:Luverne_Public_Library.jpg,yes
Madison,public,Madison,Minnesota,United States,"Feb 1, 1905","$8,000",401 6th Ave,45.012472,-96.1934944,https://en.wikipedia.org/wiki/Madison_Carnegie_Library,wikipedia-list,File:Madison_Carnegie_Library.jpg,https://upload.wikimedia.org/wikipedia/commons/5/53/Madison_Carnegie_Library.jpg?utm_source=commons.wikimedia.org&utm_campaign=imageinfo&utm_content=thumbnail_unscaled,McGhiever,CC BY-SA 3.0,https://creativecommons.org/licenses/by-sa/3.0,https://commons.wikimedia.org/wiki/File:Madison_Carnegie_Library.jpg,yes
Mankato,public,Mankato,Minnesota,United States,"Feb 6, 1901","$40,000",120 Broad Rd S,44.1657944,-94.0009889,https://en.wikipedia.org/wiki/Mankato_Public_Library_and_Reading_Room,wikipedia-list,File:Mankato_Public_Library.jpg,https://upload.wikimedia.org/wikipedia/commons/thumb/5/5a/Mankato_Public_Library.jpg/1920px-Mankato_Public_Library.jpg?utm_source=commons.wikimedia.org&utm_campaign=imageinfo&utm_content=thumbnail,McGhiever,CC BY-SA 4.0,https://creativecommons.org/licenses/by-sa/4.0,https://commons.wikimedia.org/wiki/File:Mankato_Public_Library.jpg,yes
Mapleton,public,Mapleton,Minnesota,United States,"Mar 25, 1905","$5,000",104 1st Ave NE,43.9285500,-93.9577861,https://en.wikipedia.org/wiki/Mapleton_Public_Library,wikipedia-list,File:2009-0805-Mapleton-CarnegieLib.jpg,https://upload.wikimedia.org/wikipedia/commons/thumb/d/d3/2009-0805-Mapleton-CarnegieLib.jpg/1920px-2009-0805-Mapleton-CarnegieLib.jpg?utm_source=commons.wikimedia.org&utm_campaign=imageinfo&utm_content=thumbnail,Bobak Ha'Eri,CC BY 3.0,https://creativecommons.org/licenses/by/3.0,https://commons.wikimedia.org/wiki/File:2009-0805-Mapleton-CarnegieLib.jpg,yes
Marshall,public,Marshall,Minnesota,United States,"Feb 12, 1903","$10,000",Demolished,,,,wikipedia-list,File:CarnegieLibraryMarshallMN.jpg,https://upload.wikimedia.org/wikipedia/commons/e/ea/CarnegieLibraryMarshallMN.jpg?utm_source=commons.wikimedia.org&utm_campaign=imageinfo&utm_content=thumbnail_unscaled,Unknown authorUnknown author,Public domain,,https://commons.wikimedia.org/wiki/File:CarnegieLibraryMarshallMN.jpg,yes
Minneapolis Central Avenue,public,Minneapolis,Minnesota,United States,"Apr 3, 1912","$125,000",Demolished,,,,wikipedia-list,"File:Central_Avenue_Branch,_Minneapolis_Public_Library.jpg",https://upload.wikimedia.org/wikipedia/commons/thumb/c/c6/Central_Avenue_Branch%2C_Minneapolis_Public_Library.jpg/1920px-Central_Avenue_Branch%2C_Minneapolis_Public_Library.jpg?utm_source=commons.wikimedia.org&utm_campaign=imageinfo&utm_content=thumbnail,Hennepin County Library,CC BY-SA 4.0,https://creativecommons.org/licenses/by-sa/4.0,"https://commons.wikimedia.org/wiki/File:Central_Avenue_Branch,_Minneapolis_Public_Library.jpg",yes
Minneapolis Franklin,public,Minneapolis,Minnesota,United States,"Apr 3, 1912",—,1314 Franklin Ave E,44.9629833,-93.2558500,https://en.wikipedia.org/wiki/Franklin_Community_Library,wikipedia-list,File:Franklin_Branch_Library_2.JPG,https://upload.wikimedia.org/wikipedia/commons/thumb/a/a9/Franklin_Branch_Library_2.JPG/1920px-Franklin_Branch_Library_2.JPG?utm_source=commons.wikimedia.org&utm_campaign=imageinfo&utm_content=thumbnail,Elkman,CC BY-SA 4.0,https://creativecommons.org/licenses/by-sa/4.0,https://commons.wikimedia.org/wiki/File:Franklin_Branch_Library_2.JPG,yes
Minneapolis Hosmer,public,Minneapolis,Minnesota,United States,"Apr 3, 1912",—,347 36th St E,44.9375139,-93.2705472,https://en.wikipedia.org/wiki/Hosmer_Community_Library,wikipedia-list,File:Hosmer_Library.jpg,https://upload.wikimedia.org/wikipedia/commons/thumb/5/5b/Hosmer_Library.jpg/1920px-Hosmer_Library.jpg?utm_source=commons.wikimedia.org&utm_campaign=imageinfo&utm_content=thumbnail,McGhiever,CC BY-SA 4.0,https://creativecommons.org/licenses/by-sa/4.0,https://commons.wikimedia.org/wiki/File:Hosmer_Library.jpg,yes
Minneapolis Sumner,public,Minneapolis,Minnesota,United States,"Apr 3, 1912",—,611 VanWhite Memorial Blvd,44.9847722,-93.2945639,https://en.wikipedia.org/wiki/Sumner_Community_Library,wikipedia-list,File:Sumner_Branch_Library.jpg,https://upload.wikimedia.org/wikipedia/commons/5/5a/Sumner_Branch_Library.jpg?utm_source=commons.wikimedia.org&utm_campaign=imageinfo&utm_content=thumbnail_unscaled,McGhiever,CC BY-SA 3.0,https://creativecommons.org/licenses/by-sa/3.0,https://commons.wikimedia.org/wiki/File:Sumner_Branch_Library.jpg,yes
Montevideo,public,Montevideo,Minnesota,United States,"Dec 16, 1905","$10,000",125 3rd St N,44.946472,-95.7234556,,wikipedia-list,File:Montevideo_Carnegie_Library.jpg,https://upload.wikimedia.org/wikipedia/commons/c/ce/Montevideo_Carnegie_Library.jpg?utm_source=commons.wikimedia.org&utm_campaign=imageinfo&utm_content=thumbnail_unscaled,McGhiever,CC BY-SA 3.0,https://creativecommons.org/licenses/by-sa/3.0,https://commons.wikimedia.org/wiki/File:Montevideo_Carnegie_Library.jpg,yes
Moorhead,public,Moorhead,Minnesota,United States,"Feb 29, 1904","$12,000",Demolished,,,,wikipedia-list,File:PublicLibraryMoorheadMN.jpg,https://upload.wikimedia.org/wikipedia/commons/d/d0/PublicLibraryMoorheadMN.jpg?utm_source=commons.wikimedia.org&utm_campaign=imageinfo&utm_content=thumbnail_unscaled,Unknown authorUnknown author,Public domain,,https://commons.wikimedia.org/wiki/File:PublicLibraryMoorheadMN.jpg,yes
Morris,public,Morris,Minnesota,United States,"Dec 4, 1903","$10,000",Nevada Ave & 6th St,45.5857389,-95.9178083,https://en.wikipedia.org/wiki/Morris_Carnegie_Library,wikipedia-list,File:Morris_Carnegie_Library.jpg,https://upload.wikimedia.org/wikipedia/commons/f/f9/Morris_Carnegie_Library.jpg?utm_source=commons.wikimedia.org&utm_campaign=imageinfo&utm_content=thumbnail_unscaled,Gobonobo,CC BY-SA 3.0,https://creativecommons.org/licenses/by-sa/3.0,https://commons.wikimedia.org/wiki/File:Morris_Carnegie_Library.jpg,yes
Mountain Iron,public,Mountain Iron,Minnesota,United States,"Jan 14, 1914","$8,000",5742 Mountain Ave,47.5328361,-92.6218528,,wikipedia-list,File:Mountain_Iron_Carnegie_Library.JPG,https://upload.wikimedia.org/wikipedia/commons/0/06/Mountain_Iron_Carnegie_Library.JPG?utm_source=commons.wikimedia.org&utm_campaign=imageinfo&utm_content=thumbnail_unscaled,McGhiever,CC BY-SA 3.0,https://creativecommons.org/licenses/by-sa/3.0,https://commons.wikimedia.org/wiki/File:Mountain_Iron_Carnegie_Library.JPG,yes
Northfield,public,Northfield,Minnesota,United States,"Jan 8, 1908","$10,000",210 Washington St,44.4576583,-93.1590222,https://en.wikipedia.org/wiki/Northfield_Public_Library,wikipedia-list,File:Northfield_Carnegie_Library_2015.jpg,https://upload.wikimedia.org/wikipedia/commons/thumb/5/51/Northfield_Carnegie_Library_2015.jpg/1920px-Northfield_Carnegie_Library_2015.jpg?utm_source=commons.wikimedia.org&utm_campaign=imageinfo&utm_content=thumbnail,McGhiever,CC BY-SA 4.0,https://creativecommons.org/licenses/by-sa/4.0,https://commons.wikimedia.org/wiki/File:Northfield_Carnegie_Library_2015.jpg,yes
Ortonville,public,Ortonville,Minnesota,United States,"Aug 11, 1913","$10,000",412 2nd St NW,45.308472,-96.4482278,,wikipedia-list,File:Ortonville_Free_Library.jpg,https://upload.wikimedia.org/wikipedia/commons/e/ed/Ortonville_Free_Library.jpg?utm_source=commons.wikimedia.org&utm_campaign=imageinfo&utm_content=thumbnail_unscaled,McGhiever,CC BY-SA 3.0,https://creativecommons.org/licenses/by-sa/3.0,https://commons.wikimedia.org/wiki/File:Ortonville_Free_Library.jpg,yes
Park Rapids,public,Park Rapids,Minnesota,United States,"May 8, 1908","$5,000",101 2nd St W,46.921361,-95.0588917,,wikipedia-list,File:Park_Rapids_Carnegie_Library.jpg,https://upload.wikimedia.org/wikipedia/commons/2/26/Park_Rapids_Carnegie_Library.jpg?utm_source=commons.wikimedia.org&utm_campaign=imageinfo&utm_content=thumbnail_unscaled,McGhiever,CC BY-SA 3.0,https://creativecommons.org/licenses/by-sa/3.0,https://commons.wikimedia.org/wiki/File:Park_Rapids_Carnegie_Library.jpg,yes
Pipestone,public,Pipestone,Minnesota,United States,"Mar 22, 1903","$10,000",217 Hiawatha Ave S,43.9985583,-96.3173528,https://en.wikipedia.org/wiki/Pipestone_Public_Library,wikipedia-list,File:Pipestone_Public_Library.JPG,https://upload.wikimedia.org/wikipedia/commons/f/f6/Pipestone_Public_Library.JPG?utm_source=commons.wikimedia.org&utm_campaign=imageinfo&utm_content=thumbnail_unscaled,Glorioussandwich,Public domain,,https://commons.wikimedia.org/wiki/File:Pipestone_Public_Library.JPG,yes
Preston,public,Preston,Minnesota,United States,"Dec 2, 1909","$8,000",101 Saint Paul St NW,43.670111,-92.0836583,,wikipedia-list,File:Preston_Public_Library.jpg,https://upload.wikimedia.org/wikipedia/commons/thumb/b/b3/Preston_Public_Library.jpg/1920px-Preston_Public_Library.jpg?utm_source=commons.wikimedia.org&utm_campaign=imageinfo&utm_content=thumbnail,McGhiever,CC BY 4.0,https://creativecommons.org/licenses/by/4.0,https://commons.wikimedia.org/wiki/File:Preston_Public_Library.jpg,yes
Red Wing,public,Red Wing,Minnesota,United States,"Dec 14, 1901","$17,000",Demolished,,,,wikipedia-list,File:1907postcardCarnegiePublicLibraryRedWingMN.jpg,https://upload.wikimedia.org/wikipedia/commons/1/11/1907postcardCarnegiePublicLibraryRedWingMN.jpg?utm_source=commons.wikimedia.org&utm_campaign=imageinfo&utm_content=thumbnail_unscaled,Unknown authorUnknown author,Public domain,,https://commons.wikimedia.org/wiki/File:1907postcardCarnegiePublicLibraryRedWingMN.jpg,yes
Redwood Falls,public,Redwood Falls,Minnesota,United States,"Nov 25, 1903","$10,000",334 Jefferson St S,44.5389556,-95.1166056,,wikipedia-list,File:Redwood_Falls_Carnegie_Library.jpg,https://upload.wikimedia.org/wikipedia/commons/9/98/Redwood_Falls_Carnegie_Library.jpg?utm_source=commons.wikimedia.org&utm_campaign=imageinfo&utm_content=thumbnail_unscaled,McGhiever,CC BY-SA 3.0,https://creativecommons.org/licenses/by-sa/3.0,https://commons.wikimedia.org/wiki/File:Redwood_Falls_Carnegie_Library.jpg,yes
St. Cloud,public,St. Cloud,Minnesota,United States,"Feb 16, 1901","$25,000",Demolished,,,,wikipedia-list,File:PublicLibraryStCloudMN.jpg,https://upload.wikimedia.org/wikipedia/commons/1/16/PublicLibraryStCloudMN.jpg?utm_source=commons.wikimedia.org&utm_campaign=imageinfo&utm_content=thumbnail_unscaled,E.W. Atwood &amp; Company,Public domain,,https://commons.wikimedia.org/wiki/File:PublicLibraryStCloudMN.jpg,yes
St. Paul Arlington Hills,public,St. Paul,Minnesota,United States,"May 8, 1914","$75,000",1105 Greenbrier St,44.9745083,-93.0713583,https://en.wikipedia.org/wiki/Arlington_Hills_Library,wikipedia-list,File:Arlington_Hills_Library_2012.jpg,https://upload.wikimedia.org/wikipedia/commons/thumb/8/85/Arlington_Hills_Library_2012.jpg/1920px-Arlington_Hills_Library_2012.jpg?utm_source=commons.wikimedia.org&utm_campaign=imageinfo&utm_content=thumbnail,McGhiever,CC BY-SA 3.0,https://creativecommons.org/licenses/by-sa/3.0,https://commons.wikimedia.org/wiki/File:Arlington_Hills_Library_2012.jpg,yes
St. Paul Riverview,public,St. Paul,Minnesota,United States,"May 8, 1914",—,1 E George St,44.9299139,-93.0847250,https://en.wikipedia.org/wiki/Riverview_Branch_Library,wikipedia-list,File:Riverview_Library.jpg,https://upload.wikimedia.org/wikipedia/commons/thumb/3/30/Riverview_Library.jpg/1920px-Riverview_Library.jpg?utm_source=commons.wikimedia.org&utm_campaign=imageinfo&utm_content=thumbnail,McGhiever,CC BY-SA 4.0,https://creativecommons.org/licenses/by-sa/4.0,https://commons.wikimedia.org/wiki/File:Riverview_Library.jpg,yes
St. Paul St. Anthony Park,public,St. Paul,Minnesota,United States,"May 8, 1914",—,2245 Como Ave W,44.9809889,-93.1935778,https://en.wikipedia.org/wiki/St._Anthony_Park_Branch_Library,wikipedia-list,File:St._Anthony_Park_Branch_Library.jpg,https://upload.wikimedia.org/wikipedia/commons/thumb/f/f7/St._Anthony_Park_Branch_Library.jpg/1920px-St._Anthony_Park_Branch_Library.jpg?utm_source=commons.wikimedia.org&utm_campaign=imageinfo&utm_content=thumbnail,McGhiever,CC BY 4.0,https://creativecommons.org/licenses/by/4.0,https://commons.wikimedia.org/wiki/File:St._Anthony_Park_Branch_Library.jpg,yes
St. Peter,public,St. Peter,Minnesota,United States,"Jan 6, 1903","$10,000",429 Minnesota Ave S,44.3224833,-93.9581528,,wikipedia-list,File:St._Peter_Carnegie_Library.jpg,https://upload.wikimedia.org/wikipedia/commons/thumb/3/38/St._Peter_Carnegie_Library.jpg/1920px-St._Peter_Carnegie_Library.jpg?utm_source=commons.wikimedia.org&utm_campaign=imageinfo&utm_content=thumbnail,McGhiever,CC BY-SA 4.0,https://creativecommons.org/licenses/by-sa/4.0,https://commons.wikimedia.org/wiki/File:St._Peter_Carnegie_Library.jpg,yes
Sauk Centre,public,Sauk Centre,Minnesota,United States,"Feb 12, 1903","$11,000",430 Main St S,45.7349222,-94.9523083,,wikipedia-list,File:Sauk_Centre_Carnegie_Library.jpg,https://upload.wikimedia.org/wikipedia/commons/d/de/Sauk_Centre_Carnegie_Library.jpg?utm_source=commons.wikimedia.org&utm_campaign=imageinfo&utm_content=thumbnail_unscaled,McGhiever,CC BY-SA 3.0,https://creativecommons.org/licenses/by-sa/3.0,https://commons.wikimedia.org/wiki/File:Sauk_Centre_Carnegie_Library.jpg,yes
Spring Valley,public,Spring Valley,Minnesota,United States,"Mar 27, 1903","$8,000",201 Broadway Ave S,43.6867194,-92.390694,https://en.wikipedia.org/wiki/Spring_Valley_Public_Library,wikipedia-list,File:Spring_Valley_Carnegie_Library.jpg,https://upload.wikimedia.org/wikipedia/commons/1/1d/Spring_Valley_Carnegie_Library.jpg?utm_source=commons.wikimedia.org&utm_campaign=imageinfo&utm_content=thumbnail_unscaled,McGhiever,CC BY-SA 3.0,https://creativecommons.org/licenses/by-sa/3.0,https://commons.wikimedia.org/wiki/File:Spring_Valley_Carnegie_Library.jpg,yes
Stillwater,public,Stillwater,Minnesota,United States,"Jul 3, 1901","$27,500",224 3rd St N,45.0575333,-92.8103111,,wikipedia-list,File:PublicLibraryStillwaterMN.jpg,https://upload.wikimedia.org/wikipedia/commons/thumb/f/f5/PublicLibraryStillwaterMN.jpg/1920px-PublicLibraryStillwaterMN.jpg?utm_source=commons.wikimedia.org&utm_campaign=imageinfo&utm_content=thumbnail,Travellers &amp; Tinkers,CC BY-SA 4.0,https://creativecommons.org/licenses/by-sa/4.0,https://commons.wikimedia.org/wiki/File:PublicLibraryStillwaterMN.jpg,yes
Thief River Falls,public,Thief River Falls,Minnesota,United States,"Jan 31, 1914","$12,500",102 Main Ave S,48.1172722,-96.1811333,https://en.wikipedia.org/wiki/Thief_River_Falls_Public_Library,wikipedia-list,File:Carnegie_library_thief_river_falls.jpg,https://upload.wikimedia.org/wikipedia/commons/f/f7/Carnegie_library_thief_river_falls.jpg?utm_source=commons.wikimedia.org&utm_campaign=imageinfo&utm_content=thumbnail_unscaled,Andrew Filer,Public domain,,https://commons.wikimedia.org/wiki/File:Carnegie_library_thief_river_falls.jpg,yes
Two Harbors,public,Two Harbors,Minnesota,United States,"Feb 10, 1908","$15,000",320 Waterfront Dr,47.0225528,-91.6706444,https://en.wikipedia.org/wiki/Two_Harbors_Carnegie_Library,wikipedia-list,File:Two_Harbors_Carnegie_Library_2013.jpg,https://upload.wikimedia.org/wikipedia/commons/thumb/5/52/Two_Harbors_Carnegie_Library_2013.jpg/1920px-Two_Harbors_Carnegie_Library_2013.jpg?utm_source=commons.wikimedia.org&utm_campaign=imageinfo&utm_content=thumbnail,McGhiever,CC BY-SA 4.0,https://creativecommons.org/licenses/by-sa/4.0,https://commons.wikimedia.org/wiki/File:Two_Harbors_Carnegie_Library_2013.jpg,yes
Virginia,public,Virginia,Minnesota,United States,"Dec 20, 1904","$10,000",Demolished,,,,,,,,,,,no
Walker,public,Walker,Minnesota,United States,"Apr 8, 1910","$6,500",Demolished,,,,,,,,,,,no
White Bear,public,White Bear,Minnesota,United States,"Jul 13, 1912","$5,000",Demolished,,,,,,,,,,,no
Willmar,public,Willmar,Minnesota,United States,"Jan 13, 1903","$11,000",Demolished,,,,,,,,,,,no
Worthington,public,Worthington,Minnesota,United States,"Jun 1, 1903","$10,000",Demolished,,,,wikipedia-list,File:PublicLibraryWorthingtonMN.jpg,https://upload.wikimedia.org/wikipedia/commons/7/7a/PublicLibraryWorthingtonMN.jpg?utm_source=commons.wikimedia.org&utm_campaign=imageinfo&utm_content=thumbnail_unscaled,Unknown authorUnknown author,Public domain,,https://commons.wikimedia.org/wiki/File:PublicLibraryWorthingtonMN.jpg,yes
Zumbrota,public,Zumbrota,Minnesota,United States,"Nov 27, 1906","$6,500",320 East Avenue,44.2939417,-92.6681917,,wikipedia-list,File:CrossingsAtCarnegie.JPG,https://upload.wikimedia.org/wikipedia/commons/thumb/9/90/CrossingsAtCarnegie.JPG/1920px-CrossingsAtCarnegie.JPG?utm_source=commons.wikimedia.org&utm_campaign=imageinfo&utm_content=thumbnail,Jonathunder,GFDL 1.2,http://www.gnu.org/licenses/old-licenses/fdl-1.2.html,https://commons.wikimedia.org/wiki/File:CrossingsAtCarnegie.JPG,yes
Clarksdale,public,Clarksdale,Mississippi,United States,"Nov 21, 1911","$10,000",114 Delta Ave.,,,,wikipedia-list,"File:Carnegie_Public_Library,_Clarksdale,_MS,_March_26,_2013.jpg",https://upload.wikimedia.org/wikipedia/commons/thumb/3/38/Carnegie_Public_Library%2C_Clarksdale%2C_MS%2C_March_26%2C_2013.jpg/1920px-Carnegie_Public_Library%2C_Clarksdale%2C_MS%2C_March_26%2C_2013.jpg?utm_source=commons.wikimedia.org&utm_campaign=imageinfo&utm_content=thumbnail,Capofirstfret,CC BY-SA 3.0,https://creativecommons.org/licenses/by-sa/3.0,"https://commons.wikimedia.org/wiki/File:Carnegie_Public_Library,_Clarksdale,_MS,_March_26,_2013.jpg",yes
Greenwood,public,Greenwood,Mississippi,United States,"Sep 29, 1911","$10,000",408 W. Washington St.,,,,,,,,,,,no
Gulfport,public,Gulfport,Mississippi,United States,"May 15, 1916","$10,000",1300 24th Ave.,,,,wikipedia-list,File:Carnegie_Library_Gulfport_2018.jpg,https://upload.wikimedia.org/wikipedia/commons/thumb/1/1f/Carnegie_Library_Gulfport_2018.jpg/1920px-Carnegie_Library_Gulfport_2018.jpg?utm_source=commons.wikimedia.org&utm_campaign=imageinfo&utm_content=thumbnail,Woodlot,CC BY-SA 4.0,https://creativecommons.org/licenses/by-sa/4.0,https://commons.wikimedia.org/wiki/File:Carnegie_Library_Gulfport_2018.jpg,yes
Houston,public,Houston,Mississippi,United States,"Feb 25, 1908","$6,000",105 W. Madison St.,33.89639,-89.00083,https://en.wikipedia.org/wiki/Houston_Carnegie_Library,wikipedia-list,"File:Houston,_Mississippi_Carnegie_Library.jpg",https://upload.wikimedia.org/wikipedia/commons/0/01/Houston%2C_Mississippi_Carnegie_Library.jpg?utm_source=commons.wikimedia.org&utm_campaign=imageinfo&utm_content=thumbnail_unscaled,Credit: Courtesy of the Mississippi Department of Archives and History,Public domain,,"https://commons.wikimedia.org/wiki/File:Houston,_Mississippi_Carnegie_Library.jpg",yes
Jackson,public,Jackson,Mississippi,United States,"Jan 31, 1911","$25,000",,,,,,,,,,,,no
Meridian Carnegie Library (white),public,Meridian,Mississippi,United States,"Dec 2, 1904","$30,000",628 25th Ave.,32.36389,-88.70306,https://en.wikipedia.org/wiki/Meridian_Museum_of_Art,wikipedia-list,File:Meridian_Museum_of_Art_postcard.jpg,https://upload.wikimedia.org/wikipedia/commons/b/b3/Meridian_Museum_of_Art_postcard.jpg?utm_source=commons.wikimedia.org&utm_campaign=imageinfo&utm_content=thumbnail_unscaled,Credit: Courtesy of the Mississippi Department of Archives and History,Public domain,,https://commons.wikimedia.org/wiki/File:Meridian_Museum_of_Art_postcard.jpg,yes
Meridian Carnegie Library (black),public,Meridian,Mississippi,United States,"Dec 2, 1904","$8,000",2721 13th St.,32.36944,-88.70639,"https://en.wikipedia.org/wiki/Carnegie_Branch_Library_(Meridian,_Mississippi)",,,,,,,,no
Mound Bayou,public,Mound Bayou,Mississippi,United States,"Feb 13, 1909","$4,000",,,,,,,,,,,,no
Okolona,public,Okolona,Mississippi,United States,"Mar 11, 1914","$7,500",321 W. Main St.,,,,,,,,,,,no
Vicksburg,public,Vicksburg,Mississippi,United States,"Jul 23, 1914","$25,000",819 South St.,32.34806,-90.88083,,wikipedia-list,File:Old_Vicksburg_Public_Library.jpg,https://upload.wikimedia.org/wikipedia/commons/0/00/Old_Vicksburg_Public_Library.jpg?utm_source=commons.wikimedia.org&utm_campaign=imageinfo&utm_content=thumbnail_unscaled,Credit: Courtesy of the Mississippi Department of Archives and History,Public domain,,https://commons.wikimedia.org/wiki/File:Old_Vicksburg_Public_Library.jpg,yes
West Point,public,West Point,Mississippi,United States,"Jan 31, 1913","$10,000",510 E. Broad St.,,,,wikipedia-list,File:Carnegie_Library_West_Point.JPG,https://upload.wikimedia.org/wikipedia/commons/thumb/5/53/Carnegie_Library_West_Point.JPG/1920px-Carnegie_Library_West_Point.JPG?utm_source=commons.wikimedia.org&utm_campaign=imageinfo&utm_content=thumbnail,TheMixedRevue,CC BY-SA 4.0,https://creativecommons.org/licenses/by-sa/4.0,https://commons.wikimedia.org/wiki/File:Carnegie_Library_West_Point.JPG,yes
Albany,public,Albany,Missouri,United States,"Jun 2, 1903","$12,500",101 W. Clay St.,,,"https://en.wikipedia.org/wiki/Carnegie_Library_of_Albany_(Albany,_Missouri)",wikipedia-list,File:Albany_MO_Library.JPG,https://upload.wikimedia.org/wikipedia/commons/thumb/9/93/Albany_MO_Library.JPG/1920px-Albany_MO_Library.JPG?utm_source=commons.wikimedia.org&utm_campaign=imageinfo&utm_content=thumbnail,JeanVMorrison,CC BY-SA 3.0,https://creativecommons.org/licenses/by-sa/3.0,https://commons.wikimedia.org/wiki/File:Albany_MO_Library.JPG,yes
Aurora,public,Aurora,Missouri,United States,"Mar 14, 1913","$9,000",202 Jefferson Ave.,,,,wikipedia-list,File:AuroraCarnegieLibrary.jpg,https://upload.wikimedia.org/wikipedia/commons/thumb/3/3f/AuroraCarnegieLibrary.jpg/1920px-AuroraCarnegieLibrary.jpg?utm_source=commons.wikimedia.org&utm_campaign=imageinfo&utm_content=thumbnail,Kaethesson,CC BY-SA 3.0,https://creativecommons.org/licenses/by-sa/3.0,https://commons.wikimedia.org/wiki/File:AuroraCarnegieLibrary.jpg,yes
Bolivar,public,Bolivar,Missouri,United States,"Nov 3, 1913","$8,000",120 E. Jackson St.,,,,wikipedia-list,File:BolivarCarnegieLibrary.jpg,https://upload.wikimedia.org/wikipedia/commons/thumb/a/a1/BolivarCarnegieLibrary.jpg/1920px-BolivarCarnegieLibrary.jpg?utm_source=commons.wikimedia.org&utm_campaign=imageinfo&utm_content=thumbnail,Kaethesson,CC BY-SA 3.0,https://creativecommons.org/licenses/by-sa/3.0,https://commons.wikimedia.org/wiki/File:BolivarCarnegieLibrary.jpg,yes
Brookfield,public,Brookfield,Missouri,United States,"Nov 9, 1916","$12,000",114 E. Wood St.,,,,,,,,,,,no
Cape Girardeau,public,Cape Girardeau,Missouri,United States,"Nov 9, 1916","$25,000",44 N. Lorimier St.,,,,wikipedia-list,File:CapeGirardeauCarnegieLibrary.jpg,https://upload.wikimedia.org/wikipedia/commons/thumb/b/bd/CapeGirardeauCarnegieLibrary.jpg/1920px-CapeGirardeauCarnegieLibrary.jpg?utm_source=commons.wikimedia.org&utm_campaign=imageinfo&utm_content=thumbnail,Kaethesson,CC BY-SA 3.0,https://creativecommons.org/licenses/by-sa/3.0,https://commons.wikimedia.org/wiki/File:CapeGirardeauCarnegieLibrary.jpg,yes
Carthage,public,Carthage,Missouri,United States,"Apr 26, 1902","$25,000",321 W. 7th St.,,,,wikipedia-list,File:CarthageCarnegieLibrary.jpg,https://upload.wikimedia.org/wikipedia/commons/thumb/2/23/CarthageCarnegieLibrary.jpg/1920px-CarthageCarnegieLibrary.jpg?utm_source=commons.wikimedia.org&utm_campaign=imageinfo&utm_content=thumbnail,Kaethesson,CC BY-SA 3.0,https://creativecommons.org/licenses/by-sa/3.0,https://commons.wikimedia.org/wiki/File:CarthageCarnegieLibrary.jpg,yes
Excelsior Springs,public,Excelsior Springs,Missouri,United States,"Apr 28, 1913","$10,000",339 E. Broadway St.,,,,wikipedia-list,File:CarnegiePublicLibraryExcelsiorSpringsMissouri.jpg,https://upload.wikimedia.org/wikipedia/commons/thumb/6/69/CarnegiePublicLibraryExcelsiorSpringsMissouri.jpg/1920px-CarnegiePublicLibraryExcelsiorSpringsMissouri.jpg?utm_source=commons.wikimedia.org&utm_campaign=imageinfo&utm_content=thumbnail,Kaethesson,CC BY-SA 3.0,https://creativecommons.org/licenses/by-sa/3.0,https://commons.wikimedia.org/wiki/File:CarnegiePublicLibraryExcelsiorSpringsMissouri.jpg,yes
Fayette,public,Fayette,Missouri,United States,"May 21, 1913","$10,000",201 S. Main St.,,,,wikipedia-list,File:CarnegiePublicLibraryFayetteMissouri.jpg,https://upload.wikimedia.org/wikipedia/commons/thumb/d/d4/CarnegiePublicLibraryFayetteMissouri.jpg/1920px-CarnegiePublicLibraryFayetteMissouri.jpg?utm_source=commons.wikimedia.org&utm_campaign=imageinfo&utm_content=thumbnail,Kaethesson,CC BY-SA 3.0,https://creativecommons.org/licenses/by-sa/3.0,https://commons.wikimedia.org/wiki/File:CarnegiePublicLibraryFayetteMissouri.jpg,yes
Fulton,public,Fulton,Missouri,United States,"Apr 8, 1911","$12,000",709 Market St.,,,,,,,,,,,no
Huntsville,public,Huntsville,Missouri,United States,"Apr 13, 1914","$10,000",102 E. Library St.,,,,wikipedia-list,File:CarnegiePublicLibraryHuntsvilleMissouri.jpg,https://upload.wikimedia.org/wikipedia/commons/thumb/b/b3/CarnegiePublicLibraryHuntsvilleMissouri.jpg/1920px-CarnegiePublicLibraryHuntsvilleMissouri.jpg?utm_source=commons.wikimedia.org&utm_campaign=imageinfo&utm_content=thumbnail,Kaethesson,CC BY-SA 3.0,https://creativecommons.org/licenses/by-sa/3.0,https://commons.wikimedia.org/wiki/File:CarnegiePublicLibraryHuntsvilleMissouri.jpg,yes
Jefferson City,public,Jefferson City,Missouri,United States,"Jan 15, 1900","$25,000",210 Adams St.,,,,,,,,,,,no
Joplin,public,Joplin,Missouri,United States,"Jul 16, 1901","$60,000",Wall Ave. and 9th St.,,,https://en.wikipedia.org/wiki/Joplin_Carnegie_Library,wikipedia-list,File:JoplinCarnegieLibrary.jpg,https://upload.wikimedia.org/wikipedia/commons/thumb/4/4f/JoplinCarnegieLibrary.jpg/1920px-JoplinCarnegieLibrary.jpg?utm_source=commons.wikimedia.org&utm_campaign=imageinfo&utm_content=thumbnail,Kaethesson,CC BY-SA 3.0,https://creativecommons.org/licenses/by-sa/3.0,https://commons.wikimedia.org/wiki/File:JoplinCarnegieLibrary.jpg,yes
Louisiana,public,Louisiana,Missouri,United States,"Apr 11, 1902","$10,000",121 N. 3rd St.,,,,wikipedia-list,File:LA_MO_Library.JPG,https://upload.wikimedia.org/wikipedia/commons/thumb/f/f8/LA_MO_Library.JPG/1920px-LA_MO_Library.JPG?utm_source=commons.wikimedia.org&utm_campaign=imageinfo&utm_content=thumbnail,Smallbones,Public domain,,https://commons.wikimedia.org/wiki/File:LA_MO_Library.JPG,yes
Marceline,public,Marceline,Missouri,United States,"May 3, 1917","$12,500",119 E. California Ave.,,,,wikipedia-list,File:Marceline_MO_Lib.JPG,https://upload.wikimedia.org/wikipedia/commons/thumb/9/93/Marceline_MO_Lib.JPG/1920px-Marceline_MO_Lib.JPG?utm_source=commons.wikimedia.org&utm_campaign=imageinfo&utm_content=thumbnail,JeanVMorrison,CC BY-SA 3.0,https://creativecommons.org/licenses/by-sa/3.0,https://commons.wikimedia.org/wiki/File:Marceline_MO_Lib.JPG,yes
Marshfield,public,Marshfield,Missouri,United States,"Apr 8, 1910","$5,000",219 S. Clay St.,,,,wikipedia-list,File:MarshfieldCarnegieLibrary.jpg,https://upload.wikimedia.org/wikipedia/commons/thumb/e/e0/MarshfieldCarnegieLibrary.jpg/1920px-MarshfieldCarnegieLibrary.jpg?utm_source=commons.wikimedia.org&utm_campaign=imageinfo&utm_content=thumbnail,Kaethesson,CC BY-SA 3.0,https://creativecommons.org/licenses/by-sa/3.0,https://commons.wikimedia.org/wiki/File:MarshfieldCarnegieLibrary.jpg,yes
Maryville,public,Maryville,Missouri,United States,"Dec 29, 1903","$14,000",,,,,,,,,,,,no
Mexico,public,Mexico,Missouri,United States,"Apr 30, 1912","$12,500",149 N. Clark St.,,,,wikipedia-list,File:Mexico-Audrain_Carnegie.jpg,https://upload.wikimedia.org/wikipedia/commons/thumb/d/d9/Mexico-Audrain_Carnegie.jpg/1920px-Mexico-Audrain_Carnegie.jpg?utm_source=commons.wikimedia.org&utm_campaign=imageinfo&utm_content=thumbnail,JeanVMorrison,CC BY-SA 3.0,https://creativecommons.org/licenses/by-sa/3.0,https://commons.wikimedia.org/wiki/File:Mexico-Audrain_Carnegie.jpg,yes
Moberly,public,Moberly,Missouri,United States,"Apr 26, 1902","$20,000",111 N. 4th St.,,,,wikipedia-list,File:CarnegiePublicLibraryMoberlyMissouri.jpg,https://upload.wikimedia.org/wikipedia/commons/thumb/c/cb/CarnegiePublicLibraryMoberlyMissouri.jpg/1920px-CarnegiePublicLibraryMoberlyMissouri.jpg?utm_source=commons.wikimedia.org&utm_campaign=imageinfo&utm_content=thumbnail,Kaethesson,CC BY-SA 3.0,https://creativecommons.org/licenses/by-sa/3.0,https://commons.wikimedia.org/wiki/File:CarnegiePublicLibraryMoberlyMissouri.jpg,yes
Monroe City,public,Monroe City,Missouri,United States,"May 15, 1916","$7,500",109 2nd St.,,,,wikipedia-list,File:CarnegiePublicLibraryMonroeCityMissouri.jpg,https://upload.wikimedia.org/wikipedia/commons/thumb/2/2f/CarnegiePublicLibraryMonroeCityMissouri.jpg/1920px-CarnegiePublicLibraryMonroeCityMissouri.jpg?utm_source=commons.wikimedia.org&utm_campaign=imageinfo&utm_content=thumbnail,Kaethesson,CC BY-SA 3.0,https://creativecommons.org/licenses/by-sa/3.0,https://commons.wikimedia.org/wiki/File:CarnegiePublicLibraryMonroeCityMissouri.jpg,yes
Nevada,public,Nevada,Missouri,United States,"Jun 1, 1915","$17,500",225 W. Austin Blvd.,,,,wikipedia-list,File:CarnegieLibraryBuildingNevada.jpg,https://upload.wikimedia.org/wikipedia/commons/thumb/5/58/CarnegieLibraryBuildingNevada.jpg/1920px-CarnegieLibraryBuildingNevada.jpg?utm_source=commons.wikimedia.org&utm_campaign=imageinfo&utm_content=thumbnail,Kaethesson,CC BY-SA 3.0,https://creativecommons.org/licenses/by-sa/3.0,https://commons.wikimedia.org/wiki/File:CarnegieLibraryBuildingNevada.jpg,yes
Sedalia,public,Sedalia,Missouri,United States,"Oct 28, 1899","$50,000",311 W. 3rd St.,,,https://en.wikipedia.org/wiki/Sedalia_Public_Library,wikipedia-list,File:CarnegiePublicLibrarySedaliaMissouri.jpg,https://upload.wikimedia.org/wikipedia/commons/thumb/b/b2/CarnegiePublicLibrarySedaliaMissouri.jpg/1920px-CarnegiePublicLibrarySedaliaMissouri.jpg?utm_source=commons.wikimedia.org&utm_campaign=imageinfo&utm_content=thumbnail,Kaethesson,CC BY-SA 3.0,https://creativecommons.org/licenses/by-sa/3.0,https://commons.wikimedia.org/wiki/File:CarnegiePublicLibrarySedaliaMissouri.jpg,yes
Shelbina,public,Shelbina,Missouri,United States,"Nov 9, 1916","$10,000",102 N. Center St,,,,wikipedia-list,File:CarnegiePublicLibraryShelbinaMissouri.jpg,https://upload.wikimedia.org/wikipedia/commons/thumb/7/73/CarnegiePublicLibraryShelbinaMissouri.jpg/1920px-CarnegiePublicLibraryShelbinaMissouri.jpg?utm_source=commons.wikimedia.org&utm_campaign=imageinfo&utm_content=thumbnail,Kaethesson,CC BY-SA 3.0,https://creativecommons.org/licenses/by-sa/3.0,https://commons.wikimedia.org/wiki/File:CarnegiePublicLibraryShelbinaMissouri.jpg,yes
Springfield,public,Springfield,Missouri,United States,"Oct 4, 1901","$50,000",397 E. Central St.,,,,wikipedia-list,File:SpringfieldCarnegieLibrary.jpg,https://upload.wikimedia.org/wikipedia/commons/thumb/0/06/SpringfieldCarnegieLibrary.jpg/1920px-SpringfieldCarnegieLibrary.jpg?utm_source=commons.wikimedia.org&utm_campaign=imageinfo&utm_content=thumbnail,Kaethesson,CC BY-SA 3.0,https://creativecommons.org/licenses/by-sa/3.0,https://commons.wikimedia.org/wiki/File:SpringfieldCarnegieLibrary.jpg,yes
St. Joseph Carnegie,public,St. Joseph,Missouri,United States,"Feb 13, 1901","$50,000",316 Massachusetts St.,,,https://en.wikipedia.org/wiki/St._Joseph_Public_Library-Carnegie_Branch,wikipedia-list,File:StJosephCarnegiePublicLibraryBuildingMassachusettsSt.jpg,https://upload.wikimedia.org/wikipedia/commons/thumb/e/ea/StJosephCarnegiePublicLibraryBuildingMassachusettsSt.jpg/1920px-StJosephCarnegiePublicLibraryBuildingMassachusettsSt.jpg?utm_source=commons.wikimedia.org&utm_campaign=imageinfo&utm_content=thumbnail,Kaethesson,CC BY-SA 3.0,https://creativecommons.org/licenses/by-sa/3.0,https://commons.wikimedia.org/wiki/File:StJosephCarnegiePublicLibraryBuildingMassachusettsSt.jpg,yes
St. Joseph Washington Park,public,St. Joseph,Missouri,United States,"Feb 13, 1901",—,1821 N. 3rd St.,,,,wikipedia-list,File:CarnegiePublicLibraryStJosephWashingtonBluff.jpg,https://upload.wikimedia.org/wikipedia/commons/thumb/5/5f/CarnegiePublicLibraryStJosephWashingtonBluff.jpg/1920px-CarnegiePublicLibraryStJosephWashingtonBluff.jpg?utm_source=commons.wikimedia.org&utm_campaign=imageinfo&utm_content=thumbnail,Kaethesson,CC BY-SA 3.0,https://creativecommons.org/licenses/by-sa/3.0,https://commons.wikimedia.org/wiki/File:CarnegiePublicLibraryStJosephWashingtonBluff.jpg,yes
St. Louis Central,public,St. Louis,Missouri,United States,"Mar 12, 1901","$1,000,000",1301 Olive St.,,,,wikipedia-list,File:STLCentrallibrary.jpg,https://upload.wikimedia.org/wikipedia/commons/thumb/9/91/STLCentrallibrary.jpg/1920px-STLCentrallibrary.jpg?utm_source=commons.wikimedia.org&utm_campaign=imageinfo&utm_content=thumbnail,Garfield226,CC BY-SA 3.0,https://creativecommons.org/licenses/by-sa/3.0,https://commons.wikimedia.org/wiki/File:STLCentrallibrary.jpg,yes
St. Louis Barr,public,St. Louis,Missouri,United States,"Mar 12, 1901",—,1701 S. Jefferson Ave.,,,,wikipedia-list,File:Barr_Branch_Library_Historic_District_St_Louis_MO.jpg,https://upload.wikimedia.org/wikipedia/commons/thumb/0/0a/Barr_Branch_Library_Historic_District_St_Louis_MO.jpg/1920px-Barr_Branch_Library_Historic_District_St_Louis_MO.jpg?utm_source=commons.wikimedia.org&utm_campaign=imageinfo&utm_content=thumbnail,Parker Botanical,CC BY-SA 3.0,https://creativecommons.org/licenses/by-sa/3.0,https://commons.wikimedia.org/wiki/File:Barr_Branch_Library_Historic_District_St_Louis_MO.jpg,yes
St. Louis Cabanne,public,St. Louis,Missouri,United States,"Mar 12, 1901",—,1106 Union Blvd.,,,,wikipedia-list,File:Cabanne_Library.jpg,https://upload.wikimedia.org/wikipedia/commons/thumb/5/56/Cabanne_Library.jpg/1920px-Cabanne_Library.jpg?utm_source=commons.wikimedia.org&utm_campaign=imageinfo&utm_content=thumbnail,Paul Sableman,CC BY 2.0,https://creativecommons.org/licenses/by/2.0,https://commons.wikimedia.org/wiki/File:Cabanne_Library.jpg,yes
St. Louis Carondelet,public,St. Louis,Missouri,United States,"Mar 12, 1901",—,6800 Michigan Ave.,,,,wikipedia-list,File:St._Louis_Public_Library_-_Carondelet_Branch.jpg,https://upload.wikimedia.org/wikipedia/commons/thumb/2/21/St._Louis_Public_Library_-_Carondelet_Branch.jpg/1920px-St._Louis_Public_Library_-_Carondelet_Branch.jpg?utm_source=commons.wikimedia.org&utm_campaign=imageinfo&utm_content=thumbnail,Paul Sableman,CC BY 2.0,https://creativecommons.org/licenses/by/2.0,https://commons.wikimedia.org/wiki/File:St._Louis_Public_Library_-_Carondelet_Branch.jpg,yes
St. Louis Carpenter,public,St. Louis,Missouri,United States,"Mar 12, 1901",—,3309 S. Grand Blvd.,,,,,,,,,,,no
St. Louis Divoll,public,St. Louis,Missouri,United States,"Mar 12, 1901",—,1257 Farrar St.,,,,wikipedia-list,File:Old_St_Louis_Divoll_Carnegie_library_building.jpg,https://upload.wikimedia.org/wikipedia/commons/thumb/2/25/Old_St_Louis_Divoll_Carnegie_library_building.jpg/1920px-Old_St_Louis_Divoll_Carnegie_library_building.jpg?utm_source=commons.wikimedia.org&utm_campaign=imageinfo&utm_content=thumbnail,charlie vinz,CC BY-SA 2.0,https://creativecommons.org/licenses/by-sa/2.0,https://commons.wikimedia.org/wiki/File:Old_St_Louis_Divoll_Carnegie_library_building.jpg,yes
St. Louis Soulard,public,St. Louis,Missouri,United States,"Mar 12, 1901",—,706 Lafayette Ave.,,,,,,,,,,,no
Webb City,public,Webb City,Missouri,United States,"Apr 28, 1913","$25,000",101 S. Liberty Ave.,,,,wikipedia-list,File:Andrew_Carnegie_Funded_Public_Library_Webb_City_Missouri.jpg,https://upload.wikimedia.org/wikipedia/commons/thumb/3/3a/Andrew_Carnegie_Funded_Public_Library_Webb_City_Missouri.jpg/1920px-Andrew_Carnegie_Funded_Public_Library_Webb_City_Missouri.jpg?utm_source=commons.wikimedia.org&utm_campaign=imageinfo&utm_content=thumbnail,Kaethesson,CC BY-SA 3.0,https://creativecommons.org/licenses/by-sa/3.0,https://commons.wikimedia.org/wiki/File:Andrew_Carnegie_Funded_Public_Library_Webb_City_Missouri.jpg,yes
Big Timber,public,Big Timber,Montana,United States,"May 16, 1911","$7,500",314 McLeod St.,45.83250,-109.95194,"https://en.wikipedia.org/wiki/Carnegie_Public_Library_(Big_Timber,_Montana)",wikipedia-list,File:Carneige_Library_Big_Timber_Montana_01.JPG,https://upload.wikimedia.org/wikipedia/commons/thumb/5/56/Carneige_Library_Big_Timber_Montana_01.JPG/1920px-Carneige_Library_Big_Timber_Montana_01.JPG?utm_source=commons.wikimedia.org&utm_campaign=imageinfo&utm_content=thumbnail,Mike Cline,CC BY-SA 4.0,https://creativecommons.org/licenses/by-sa/4.0,https://commons.wikimedia.org/wiki/File:Carneige_Library_Big_Timber_Montana_01.JPG,yes
Bozeman,public,Bozeman,Montana,United States,"Mar 14, 1902","$15,000",35 N. Bozeman Ave.,45.68028,-111.03444,https://en.wikipedia.org/wiki/Bozeman_Carnegie_Library,wikipedia-list,File:BozemanCarnegieLibrary2011.jpg,https://upload.wikimedia.org/wikipedia/commons/thumb/b/b1/BozemanCarnegieLibrary2011.jpg/1920px-BozemanCarnegieLibrary2011.jpg?utm_source=commons.wikimedia.org&utm_campaign=imageinfo&utm_content=thumbnail,Mike Cline,Public domain,,https://commons.wikimedia.org/wiki/File:BozemanCarnegieLibrary2011.jpg,yes
Chinook,public,Chinook,Montana,United States,"Oct 29, 1918","$15,000",421 Ohio St.,,,,,,,,,,,no
Dillon,public,Dillon,Montana,United States,"Jan 22, 1902","$7,500",121 S. Idaho St.,45.21639,-112.63694,,wikipedia-list,"File:Dillon_City_Library_(2013)_-_Beaverhead_County,_Montana.png",https://upload.wikimedia.org/wikipedia/commons/thumb/a/a1/Dillon_City_Library_%282013%29_-_Beaverhead_County%2C_Montana.png/1920px-Dillon_City_Library_%282013%29_-_Beaverhead_County%2C_Montana.png?utm_source=commons.wikimedia.org&utm_campaign=imageinfo&utm_content=thumbnail,Robstutz,CC BY-SA 3.0,https://creativecommons.org/licenses/by-sa/3.0,"https://commons.wikimedia.org/wiki/File:Dillon_City_Library_(2013)_-_Beaverhead_County,_Montana.png",yes
Fort Benton,public,Fort Benton,Montana,United States,"Mar 31, 1916","$15,000",1518 Main St.,,,,wikipedia-list,File:FortBentonMT_CarnegieLibrary.jpg,https://upload.wikimedia.org/wikipedia/commons/1/12/FortBentonMT_CarnegieLibrary.jpg?utm_source=commons.wikimedia.org&utm_campaign=imageinfo&utm_content=thumbnail_unscaled,User:Magicpiano,CC BY-SA 4.0,https://creativecommons.org/licenses/by-sa/4.0,https://commons.wikimedia.org/wiki/File:FortBentonMT_CarnegieLibrary.jpg,yes
Glasgow,public,Glasgow,Montana,United States,"Apr 8, 1907","$7,500",,,,,,,,,,,,no
Great Falls,public,Great Falls,Montana,United States,"Jun 21, 1901","$31,700",,,,,,,,,,,,no
Hamilton,public,Hamilton,Montana,United States,"Jul 23, 1914","$9,000",306 State St.,,,,,,,,,,,no
Hardin,public,Hardin,Montana,United States,"Mar 31, 1916","$7,500",419 N. Custer Ave.,,,,,,,,,,,no
Havre,public,Havre,Montana,United States,"Mar 14, 1913","$12,000",447 4th Ave.,48.54917,-109.67639,"https://en.wikipedia.org/wiki/Carnegie_Public_Library_(Havre,_Montana)",wikipedia-list,"File:Carnegie_Public_Library_(2013)_-_Hill_County,_Montana.png",https://upload.wikimedia.org/wikipedia/commons/thumb/7/7b/Carnegie_Public_Library_%282013%29_-_Hill_County%2C_Montana.png/1920px-Carnegie_Public_Library_%282013%29_-_Hill_County%2C_Montana.png?utm_source=commons.wikimedia.org&utm_campaign=imageinfo&utm_content=thumbnail,Robstutz,CC BY-SA 3.0,https://creativecommons.org/licenses/by-sa/3.0,"https://commons.wikimedia.org/wiki/File:Carnegie_Public_Library_(2013)_-_Hill_County,_Montana.png",yes
Kalispell,public,Kalispell,Montana,United States,"Dec 21, 1901","$10,000",302 2nd Ave. E.,,,,,,,,,,,no
Lewistown,public,Lewistown,Montana,United States,"Jan 19, 1905","$10,000",701 W. Main St.,47.06139,-109.42972,,wikipedia-list,File:Lewistown_Montana_Carnegie_Library.jpg,https://upload.wikimedia.org/wikipedia/commons/2/2e/Lewistown_Montana_Carnegie_Library.jpg?utm_source=commons.wikimedia.org&utm_campaign=imageinfo&utm_content=thumbnail_unscaled,Raymond Hitchcock,CC BY-SA 2.0,https://creativecommons.org/licenses/by-sa/2.0,https://commons.wikimedia.org/wiki/File:Lewistown_Montana_Carnegie_Library.jpg,yes
Livingston,public,Livingston,Montana,United States,"Mar 20, 1903","$10,000",228 W. Callender St.,,,,,,,,,,,no
Malta,public,Malta,Montana,United States,"Feb 3, 1917","$15,000",S. 1st St.,48.35972,-107.87611,https://en.wikipedia.org/wiki/Phillips_County_Carnegie_Library,wikipedia-list,"File:Phillips_County_Carnegie_Library_(2013)_-_Phillips_County,_Montana.png",https://upload.wikimedia.org/wikipedia/commons/thumb/1/18/Phillips_County_Carnegie_Library_%282013%29_-_Phillips_County%2C_Montana.png/1920px-Phillips_County_Carnegie_Library_%282013%29_-_Phillips_County%2C_Montana.png?utm_source=commons.wikimedia.org&utm_campaign=imageinfo&utm_content=thumbnail,Robstutz,CC BY-SA 3.0,https://creativecommons.org/licenses/by-sa/3.0,"https://commons.wikimedia.org/wiki/File:Phillips_County_Carnegie_Library_(2013)_-_Phillips_County,_Montana.png",yes
Miles City,public,Miles City,Montana,United States,"Jul 16, 1901","$10,000",1 S. 10th St.,,,,wikipedia-list,File:Miles_City_Montana_Public_Library.jpg,https://upload.wikimedia.org/wikipedia/commons/thumb/d/d0/Miles_City_Montana_Public_Library.jpg/1920px-Miles_City_Montana_Public_Library.jpg?utm_source=commons.wikimedia.org&utm_campaign=imageinfo&utm_content=thumbnail,David Schott,CC BY 2.0,https://creativecommons.org/licenses/by/2.0,https://commons.wikimedia.org/wiki/File:Miles_City_Montana_Public_Library.jpg,yes
Missoula,public,Missoula,Montana,United States,"Jan 13, 1903","$12,500",335 N. Pattee St.,46.87250,-113.99139,,wikipedia-list,"File:Carnegie_Public_Library_(2012)_-_Missoula_County,_Montana.png",https://upload.wikimedia.org/wikipedia/commons/2/2d/Carnegie_Public_Library_%282012%29_-_Missoula_County%2C_Montana.png?utm_source=commons.wikimedia.org&utm_campaign=imageinfo&utm_content=thumbnail_unscaled,Robstutz,CC BY-SA 3.0,https://creativecommons.org/licenses/by-sa/3.0,"https://commons.wikimedia.org/wiki/File:Carnegie_Public_Library_(2012)_-_Missoula_County,_Montana.png",yes
Red Lodge,public,Red Lodge,Montana,United States,"Jun 11, 1914","$15,000",3 W. 8th St.,,,,,,,,,,,no
Albion,public,Albion,Nebraska,United States,"Apr 8, 1907","$6,000",437 S 3rd St,,,,commons-namesearch,File:Albion MI Carnegie Library.jpg,https://upload.wikimedia.org/wikipedia/commons/thumb/4/46/Albion_MI_Carnegie_Library.jpg/1920px-Albion_MI_Carnegie_Library.jpg?utm_source=commons.wikimedia.org&utm_campaign=imageinfo&utm_content=thumbnail,Jan Pewsey,CC BY-SA 2.0,https://creativecommons.org/licenses/by-sa/2.0,https://commons.wikimedia.org/wiki/File:Albion_MI_Carnegie_Library.jpg,yes
Alliance,public,Alliance,Nebraska,United States,"Dec 2, 1909","$10,000",204 W 4th St,,,,,,,,,,,no
Alma,public,Alma,Nebraska,United States,"Dec 13, 1907","$10,000",111 S John St,,,,wikipedia-list,"File:Alma,_Nebraska_former_library_from_SE.JPG",https://upload.wikimedia.org/wikipedia/commons/thumb/6/65/Alma%2C_Nebraska_former_library_from_SE.JPG/1920px-Alma%2C_Nebraska_former_library_from_SE.JPG?utm_source=commons.wikimedia.org&utm_campaign=imageinfo&utm_content=thumbnail,Ammodramus,Public domain,,"https://commons.wikimedia.org/wiki/File:Alma,_Nebraska_former_library_from_SE.JPG",yes
Arcadia,public,Arcadia,Nebraska,United States,"Mar 31, 1916","$7,000",100 S. Reynolds St.,,,,,,,,,,,no
Ashland,public,Ashland,Nebraska,United States,"Mar 18, 1911","$5,500",207 N. 15th St.,,,"https://en.wikipedia.org/wiki/Ashland_Public_Library_(Ashland,_Nebraska)",wikipedia-list,File:Ashland_library_from_NW_2.JPG,https://upload.wikimedia.org/wikipedia/commons/thumb/c/c1/Ashland_library_from_NW_2.JPG/1920px-Ashland_library_from_NW_2.JPG?utm_source=commons.wikimedia.org&utm_campaign=imageinfo&utm_content=thumbnail,Ammodramus,Public domain,,https://commons.wikimedia.org/wiki/File:Ashland_library_from_NW_2.JPG,yes
Aurora,public,Aurora,Nebraska,United States,"Dec 2, 1909","$10,000",812 12th St,,,,,,,,,,,no
Beatrice,public,Beatrice,Nebraska,United States,"Mar 14, 1902","$23,000",220 N. 5th St.,,,https://en.wikipedia.org/wiki/Beatrice_City_Library,wikipedia-list,"File:Beatrice,_Nebraska_Carnegie_library_from_W_1.JPG",https://upload.wikimedia.org/wikipedia/commons/thumb/8/81/Beatrice%2C_Nebraska_Carnegie_library_from_W_1.JPG/1920px-Beatrice%2C_Nebraska_Carnegie_library_from_W_1.JPG?utm_source=commons.wikimedia.org&utm_campaign=imageinfo&utm_content=thumbnail,Ammodramus,CC0,http://creativecommons.org/publicdomain/zero/1.0/deed.en,"https://commons.wikimedia.org/wiki/File:Beatrice,_Nebraska_Carnegie_library_from_W_1.JPG",yes
Blair,public,Blair,Nebraska,United States,"Mar 31, 1916","$10,000",Built at corner of 5th and Lincoln St. In 1958 5th St was renamed 17th St.,,,,,,,,,,,no
Bloomfield,public,Bloomfield,Nebraska,United States,"Jan 2, 1913","$5,000",,,,,,,,,,,,no
Broken Bow,public,Broken Bow,Nebraska,United States,"Jul 23, 1914","$10,000",255 S. 10th St.,,,https://en.wikipedia.org/wiki/Broken_Bow_Carnegie_Library,wikipedia-list,"File:Broken_Bow,_Nebraska_Carnegie_library_from_NE.JPG",https://upload.wikimedia.org/wikipedia/commons/thumb/a/a8/Broken_Bow%2C_Nebraska_Carnegie_library_from_NE.JPG/1920px-Broken_Bow%2C_Nebraska_Carnegie_library_from_NE.JPG?utm_source=commons.wikimedia.org&utm_campaign=imageinfo&utm_content=thumbnail,Ammodramus,Public domain,,"https://commons.wikimedia.org/wiki/File:Broken_Bow,_Nebraska_Carnegie_library_from_NE.JPG",yes
Burwell,public,Burwell,Nebraska,United States,"May 21, 1913","$5,000",110 S. 7th Ave.,,,https://en.wikipedia.org/wiki/Burwell_Carnegie_Library,wikipedia-list,"File:Burwell,_Nebraska_Carnegie_library_from_W.JPG",https://upload.wikimedia.org/wikipedia/commons/thumb/4/4a/Burwell%2C_Nebraska_Carnegie_library_from_W.JPG/1920px-Burwell%2C_Nebraska_Carnegie_library_from_W.JPG?utm_source=commons.wikimedia.org&utm_campaign=imageinfo&utm_content=thumbnail,Ammodramus,Public domain,,"https://commons.wikimedia.org/wiki/File:Burwell,_Nebraska_Carnegie_library_from_W.JPG",yes
Chadron,public,Chadron,Nebraska,United States,"Apr 16, 1910","$5,788",507 Bordeaux St.,,,https://en.wikipedia.org/wiki/Chadron_Public_Library,wikipedia-list,File:Chadron_Public_Library_from_SE_1.JPG,https://upload.wikimedia.org/wikipedia/commons/thumb/3/3e/Chadron_Public_Library_from_SE_1.JPG/1920px-Chadron_Public_Library_from_SE_1.JPG?utm_source=commons.wikimedia.org&utm_campaign=imageinfo&utm_content=thumbnail,Ammodramus,Public domain,,https://commons.wikimedia.org/wiki/File:Chadron_Public_Library_from_SE_1.JPG,yes
Clarks,public,Clarks,Nebraska,United States,"May 3, 1917","$7,500",101 W Amity St,,,,wikipedia-list,File:ClarksNE_Library.jpg,https://upload.wikimedia.org/wikipedia/commons/3/32/ClarksNE_Library.jpg?utm_source=commons.wikimedia.org&utm_campaign=imageinfo&utm_content=thumbnail_unscaled,User:Magicpiano,CC BY-SA 4.0,https://creativecommons.org/licenses/by-sa/4.0,https://commons.wikimedia.org/wiki/File:ClarksNE_Library.jpg,yes
Clay Center,public,Clay Center,Nebraska,United States,"Jan 6, 1915","$7,000",117 W Edgar St,,,,,,,,,,,no
Columbus,public,Columbus,Nebraska,United States,"Aug 11, 1913","$13,000",1470 25th Ave,,,https://en.wikipedia.org/wiki/Columbus_Carnegie_Library,commons-namesearch,"File:Old Carnegie Library building, Columbus, NE.jpg",https://upload.wikimedia.org/wikipedia/commons/thumb/9/94/Old_Carnegie_Library_building%2C_Columbus%2C_NE.jpg/1920px-Old_Carnegie_Library_building%2C_Columbus%2C_NE.jpg?utm_source=commons.wikimedia.org&utm_campaign=imageinfo&utm_content=thumbnail,Myotus,CC0,http://creativecommons.org/publicdomain/zero/1.0/deed.en,"https://commons.wikimedia.org/wiki/File:Old_Carnegie_Library_building,_Columbus,_NE.jpg",yes
Cozad,public,Cozad,Nebraska,United States,"Sep 14, 1917","$6,000",,,,,,,,,,,,no
Crete [5],public,Crete,Nebraska,United States,"Aug 11, 1913","$10,000","305 East 13th Street, Crete, Nebraska 68333",,,,,,,,,,,no
David City,public,David City,Nebraska,United States,"Nov 9, 1916","$10,000",360 E St,,,,,,,,,,,no
Dewitt,public,De Witt,Nebraska,United States,"Nov 14, 1906","$3,000",,,,,,,,,,,,no
Fairbury,public,Fairbury,Nebraska,United States,"Dec 24, 1907","$12,500",601 7th St.,,,https://en.wikipedia.org/wiki/Fairbury_Public-Carnegie_Library,wikipedia-list,"File:Fairbury,_Nebraska_Carnegie_library_from_SE_1.JPG",https://upload.wikimedia.org/wikipedia/commons/thumb/e/ee/Fairbury%2C_Nebraska_Carnegie_library_from_SE_1.JPG/1920px-Fairbury%2C_Nebraska_Carnegie_library_from_SE_1.JPG?utm_source=commons.wikimedia.org&utm_campaign=imageinfo&utm_content=thumbnail,Ammodramus,CC0,http://creativecommons.org/publicdomain/zero/1.0/deed.en,"https://commons.wikimedia.org/wiki/File:Fairbury,_Nebraska_Carnegie_library_from_SE_1.JPG",yes
Fairfield,public,Fairfield,Nebraska,United States,"Jan 9, 1913","$6,000",412 N. D St.,,,https://en.wikipedia.org/wiki/Fairfield_Carnegie_Library,wikipedia-list,"File:Fairfield,_Nebraska_library_from_W_1.JPG",https://upload.wikimedia.org/wikipedia/commons/thumb/0/0f/Fairfield%2C_Nebraska_library_from_W_1.JPG/1920px-Fairfield%2C_Nebraska_library_from_W_1.JPG?utm_source=commons.wikimedia.org&utm_campaign=imageinfo&utm_content=thumbnail,Ammodramus,CC0,http://creativecommons.org/publicdomain/zero/1.0/deed.en,"https://commons.wikimedia.org/wiki/File:Fairfield,_Nebraska_library_from_W_1.JPG",yes
Franklin,public,Franklin,Nebraska,United States,"Sep 29, 1915","$5,000",1401 L St,,,,,,,,,,,no
Fremont,public,Fremont,Nebraska,United States,"Dec 30, 1901",15000,Southeast corner of Military and Park,,,,,,,,,,,no
Fullerton,public,Fullerton,Nebraska,United States,"Jul 13, 1912","$6,000",402 Fuller St,,,,,,,,,,,no
Geneva,public,Geneva,Nebraska,United States,"Jan 31, 1911","$8,000",1043 G St,,,,,,,,,,,no
Gibbon,public,Gibbon,Nebraska,United States,"May 17, 1912","$6,000",,,,,,,,,,,,no
Gothenburg,public,Gothenburg,Nebraska,United States,"Jan 14, 1914","$8,000",1104 Lake Av,,,,wikipedia-list,File:Gothenburg_Carnegie_library_from_SE_2.JPG,https://upload.wikimedia.org/wikipedia/commons/thumb/0/01/Gothenburg_Carnegie_library_from_SE_2.JPG/1920px-Gothenburg_Carnegie_library_from_SE_2.JPG?utm_source=commons.wikimedia.org&utm_campaign=imageinfo&utm_content=thumbnail,Ammodramus,Public domain,,https://commons.wikimedia.org/wiki/File:Gothenburg_Carnegie_library_from_SE_2.JPG,yes
Grand Island,public,Grand Island,Nebraska,United States,"Apr 26, 1902","$20,000",321 W. 2nd St.,,,https://en.wikipedia.org/wiki/Grand_Island_Carnegie_Library,wikipedia-list,File:Grand_Island_Carnegie_library_from_NW.JPG,https://upload.wikimedia.org/wikipedia/commons/thumb/d/d1/Grand_Island_Carnegie_library_from_NW.JPG/1920px-Grand_Island_Carnegie_library_from_NW.JPG?utm_source=commons.wikimedia.org&utm_campaign=imageinfo&utm_content=thumbnail,Ammodramus,Public domain,,https://commons.wikimedia.org/wiki/File:Grand_Island_Carnegie_library_from_NW.JPG,yes
Hartington,public,Hartington,Nebraska,United States,"Mar 11, 1914","$8,000",106 S Broadway,,,,,,,,,,,no
Harvard,public,Harvard,Nebraska,United States,"Jun 11, 1914","$6,000",309 N Clay Ave,,,,,,,,,,,no
Hastings,public,Hastings,Nebraska,United States,"Dec 27, 1902","$15,000",Southeast corner of Denver Ave and 4th street,,,,,,,,,,,no
Havelock,public,Havelock,Nebraska,United States,"Mar 24, 1906","$7,000",4308 N 63rd,,,,,,,,,,,no
Holdrege,public,Holdrege,Nebraska,United States,"Nov 16, 1904","$8,500",604 East Av,,,,,,,,,,,no
Kearney,public,Kearney,Nebraska,United States,"Jan 13, 1903","$12,000",Southwest corner of 21st St and 1st Ave,,,,,,,,,,,no
Lexington,public,Lexington,Nebraska,United States,"Nov 9, 1916","$10,000",705 N Washington St,,,,,,,,,,,no
Lincoln Main,public,Lincoln,Nebraska,United States,"Dec 20, 1899","$87,000",136 South 14th Street,,,,,,,,,,,no
Lincoln Branch,public,Lincoln,Nebraska,United States,"Dec 20, 1899","$10,000 [7]",2121 N 27th St,,,,,,,,,,,no
Loup City,public,Loup City,Nebraska,United States,"Mar 31, 1916","$8,000",652 N St.,,,https://en.wikipedia.org/wiki/Loup_City_Township_Carnegie_Library,wikipedia-list,File:Loup_City_Carnegie_Library_from_S.JPG,https://upload.wikimedia.org/wikipedia/commons/thumb/a/a8/Loup_City_Carnegie_Library_from_S.JPG/1920px-Loup_City_Carnegie_Library_from_S.JPG?utm_source=commons.wikimedia.org&utm_campaign=imageinfo&utm_content=thumbnail,Ammodramus,Public domain,,https://commons.wikimedia.org/wiki/File:Loup_City_Carnegie_Library_from_S.JPG,yes
Madison,public,Madison,Nebraska,United States,"Jan 31, 1911","$6,000",W 3rd and Kent,,,"https://en.wikipedia.org/wiki/Madison,_Nebraska_Public_Library",wikipedia-list,"File:Madison,_Nebraska_library_from_SW.JPG",https://upload.wikimedia.org/wikipedia/commons/thumb/b/bc/Madison%2C_Nebraska_library_from_SW.JPG/1920px-Madison%2C_Nebraska_library_from_SW.JPG?utm_source=commons.wikimedia.org&utm_campaign=imageinfo&utm_content=thumbnail,Ammodramus,CC0,http://creativecommons.org/publicdomain/zero/1.0/deed.en,"https://commons.wikimedia.org/wiki/File:Madison,_Nebraska_library_from_SW.JPG",yes
McCook,public,McCook,Nebraska,United States,"Dec 8, 1905","$11,000",423 Norris Ave.,,,https://en.wikipedia.org/wiki/McCook_Public-Carnegie_Library,wikipedia-list,"File:McCook,_Nebraska_Carnegie_library_from_W.JPG",https://upload.wikimedia.org/wikipedia/commons/7/71/McCook%2C_Nebraska_Carnegie_library_from_W.JPG?utm_source=commons.wikimedia.org&utm_campaign=imageinfo&utm_content=thumbnail_unscaled,Ammodramus,Public domain,,"https://commons.wikimedia.org/wiki/File:McCook,_Nebraska_Carnegie_library_from_W.JPG",yes
Neligh,public,Neligh,Nebraska,United States,"Dec 14, 1908","$5,000",510 Main Street,,,,,,,,,,,no
Norfolk,public,Norfolk,Nebraska,United States,"Dec 13, 1907","$10,000",803 W. Norfolk Ave.,,,https://en.wikipedia.org/wiki/Norfolk_Carnegie_Library,wikipedia-list,File:Norfolk_Carnegie_Library_fromNE_1.JPG,https://upload.wikimedia.org/wikipedia/commons/thumb/c/ca/Norfolk_Carnegie_Library_fromNE_1.JPG/1920px-Norfolk_Carnegie_Library_fromNE_1.JPG?utm_source=commons.wikimedia.org&utm_campaign=imageinfo&utm_content=thumbnail,Ammodramus,Public domain,,https://commons.wikimedia.org/wiki/File:Norfolk_Carnegie_Library_fromNE_1.JPG,yes
North Bend,public,North Bend,Nebraska,United States,"Dec 7, 1911","$7,500",140 E. 8th St.,,,https://en.wikipedia.org/wiki/North_Bend_Carnegie_Library,wikipedia-list,File:North_Bend_Carnegie_library_from_SE.JPG,https://upload.wikimedia.org/wikipedia/commons/8/81/North_Bend_Carnegie_library_from_SE.JPG?utm_source=commons.wikimedia.org&utm_campaign=imageinfo&utm_content=thumbnail_unscaled,Ammodramus,Public domain,,https://commons.wikimedia.org/wiki/File:North_Bend_Carnegie_library_from_SE.JPG,yes
North Platte,public,North Platte,Nebraska,United States,"Apr 8, 1910","$12,000",314 N Jeffers St,,,,,,,,,,,no
O'Neill,public,O'Neill,Nebraska,United States,"May 17, 1912","$10,000",601 E Douglas,,,,,,,,,,,no
Pawnee City,public,Pawnee City,Nebraska,United States,"Dec 30, 1904","$7,000",730 G St.,,,https://en.wikipedia.org/wiki/Pawnee_City_Carnegie_Library,wikipedia-list,File:Pawnee_City_library_from_W_1.JPG,https://upload.wikimedia.org/wikipedia/commons/thumb/a/af/Pawnee_City_library_from_W_1.JPG/1920px-Pawnee_City_library_from_W_1.JPG?utm_source=commons.wikimedia.org&utm_campaign=imageinfo&utm_content=thumbnail,Ammodramus,CC0,http://creativecommons.org/publicdomain/zero/1.0/deed.en,https://commons.wikimedia.org/wiki/File:Pawnee_City_library_from_W_1.JPG,yes
Pierce,public,Pierce,Nebraska,United States,"Mar 29, 1911","$4,000",200 E Willow St,,,,,,,,,,,no
Plainview,public,Plainview,Nebraska,United States,"Dec 3, 1915","$6,000",102 S. Main St.,,,https://en.wikipedia.org/wiki/Plainview_Carnegie_Library,wikipedia-list,"File:Plainview,_Nebraska_library_from_E_1.JPG",https://upload.wikimedia.org/wikipedia/commons/thumb/e/e0/Plainview%2C_Nebraska_library_from_E_1.JPG/1920px-Plainview%2C_Nebraska_library_from_E_1.JPG?utm_source=commons.wikimedia.org&utm_campaign=imageinfo&utm_content=thumbnail,Ammodramus,Public domain,,"https://commons.wikimedia.org/wiki/File:Plainview,_Nebraska_library_from_E_1.JPG",yes
Plattsmouth,public,Plattsmouth,Nebraska,United States,"Jun 1, 1915","$12,500",401 Avenue A,,,,,,,,,,,no
Ponca,public,Ponca,Nebraska,United States,"Apr 25, 1911","$4,500",203 2nd St,,,,,,,,,,,no
Randolph,public,Randolph,Nebraska,United States,"Nov 9, 1916","$6,000",,,,,,,,,,,,no
Ravenna,public,Ravenna,Nebraska,United States,"Nov 9, 1916","$7,500",121 W Seneca St,,,,,,,,,,,no
Schuyler,public,Schuyler,Nebraska,United States,"Mar 29, 1911","$9,000",1003 B St.,,,https://en.wikipedia.org/wiki/Schuyler_Carnegie_Library,wikipedia-list,"File:Schuyler,_Nebraska_Carnegie_library_from_NE_2.JPG",https://upload.wikimedia.org/wikipedia/commons/thumb/0/00/Schuyler%2C_Nebraska_Carnegie_library_from_NE_2.JPG/1920px-Schuyler%2C_Nebraska_Carnegie_library_from_NE_2.JPG?utm_source=commons.wikimedia.org&utm_campaign=imageinfo&utm_content=thumbnail,Ammodramus,Public domain,,"https://commons.wikimedia.org/wiki/File:Schuyler,_Nebraska_Carnegie_library_from_NE_2.JPG",yes
Scottsbluff,public,Scottsbluff,Nebraska,United States,"Jun 6, 1917","$15,000",106 E. 18th St.,,,https://en.wikipedia.org/wiki/Scottsbluff_Carnegie_Library,wikipedia-list,File:Scottsbluff_Carnegie_Library_N_entrance.JPG,https://upload.wikimedia.org/wikipedia/commons/thumb/d/d1/Scottsbluff_Carnegie_Library_N_entrance.JPG/1920px-Scottsbluff_Carnegie_Library_N_entrance.JPG?utm_source=commons.wikimedia.org&utm_campaign=imageinfo&utm_content=thumbnail,Ammodramus,Public domain,,https://commons.wikimedia.org/wiki/File:Scottsbluff_Carnegie_Library_N_entrance.JPG,yes
Seward,public,Seward,Nebraska,United States,"Apr 3, 1912","$8,000",204 S 5th St,,,,commons-namesearch,"File:Seward, Nebraska Carnegie library from W 1.JPG",https://upload.wikimedia.org/wikipedia/commons/thumb/c/c2/Seward%2C_Nebraska_Carnegie_library_from_W_1.JPG/1920px-Seward%2C_Nebraska_Carnegie_library_from_W_1.JPG?utm_source=commons.wikimedia.org&utm_campaign=imageinfo&utm_content=thumbnail,Ammodramus,CC0,http://creativecommons.org/publicdomain/zero/1.0/deed.en,"https://commons.wikimedia.org/wiki/File:Seward,_Nebraska_Carnegie_library_from_W_1.JPG",yes
Shelton,public,Shelton,Nebraska,United States,"Apr 2, 1913","$9,000",313 C St,,,,,,,,,,,no
Sidney,public,Sidney,Nebraska,United States,"Jul 9, 1913","$6,500",740 Illinois St.,,,https://en.wikipedia.org/wiki/Sidney_Carnegie_Library,wikipedia-list,"File:Sidney,_Nebraska_Carnegie_library_from_SW_3.JPG",https://upload.wikimedia.org/wikipedia/commons/thumb/2/29/Sidney%2C_Nebraska_Carnegie_library_from_SW_3.JPG/1920px-Sidney%2C_Nebraska_Carnegie_library_from_SW_3.JPG?utm_source=commons.wikimedia.org&utm_campaign=imageinfo&utm_content=thumbnail,Ammodramus,Public domain,,"https://commons.wikimedia.org/wiki/File:Sidney,_Nebraska_Carnegie_library_from_SW_3.JPG",yes
South Omaha,public,Omaha,Nebraska,United States,"Jun 21, 1901","$50,000",2302 M Street,,,https://en.wikipedia.org/wiki/Omaha_Public_Library_branches#First_building,,,,,,,,no
Spencer,public,Spencer,Nebraska,United States,"Dec 3, 1915","$8,000",110 W Main,,,,,,,,,,,no
Stanton,public,Stanton,Nebraska,United States,"Apr 13, 1914","$8,000",1009 Jackpine St.,,,https://en.wikipedia.org/wiki/Stanton_Carnegie_Library,,,,,,,,no
Stromsburg,public,Stromsburg,Nebraska,United States,"Mar 16, 1915","$7,500",5th and Commercial,,,,,,,,,,,no
Superior,public,Superior,Nebraska,United States,"Dec 24, 1907","$7,000",354 N Commercial Ave,,,,wikipedia-list,"File:Superior,_Nebraska_Carnegie_Library.jpg",https://upload.wikimedia.org/wikipedia/commons/thumb/f/f7/Superior%2C_Nebraska_Carnegie_Library.jpg/1920px-Superior%2C_Nebraska_Carnegie_Library.jpg?utm_source=commons.wikimedia.org&utm_campaign=imageinfo&utm_content=thumbnail,Ammodramus,CC0,http://creativecommons.org/publicdomain/zero/1.0/deed.en,"https://commons.wikimedia.org/wiki/File:Superior,_Nebraska_Carnegie_Library.jpg",yes
Sutton,public,Sutton,Nebraska,United States,"Feb 1, 1909","$5,700",,,,,,,,,,,,no
Tecumseh,public,Tecumseh,Nebraska,United States,"Nov 14, 1906","$6,000",136 N 5th St,,,,,,,,,,,no
Tekamah,public,Tekamah,Nebraska,United States,"Nov 17, 1914","$8,000",204 S. 13th St.,,,https://en.wikipedia.org/wiki/Tekamah_Carnegie_Library,wikipedia-list,File:Tekamah_Carnegie_Library_from_SE_1.JPG,https://upload.wikimedia.org/wikipedia/commons/thumb/e/ee/Tekamah_Carnegie_Library_from_SE_1.JPG/1920px-Tekamah_Carnegie_Library_from_SE_1.JPG?utm_source=commons.wikimedia.org&utm_campaign=imageinfo&utm_content=thumbnail,Ammodramus,Public domain,,https://commons.wikimedia.org/wiki/File:Tekamah_Carnegie_Library_from_SE_1.JPG,yes
University Place,public,University Place,Nebraska,United States,"Mar 16, 1915","$12,500",2820 N 48th St,,,,,,,,,,,no
Wayne,public,Wayne,Nebraska,United States,"Jan 6, 1911","$9,000",410 Main St,,,,,,,,,,,no
Wymore,public,Wymore,Nebraska,United States,"Sep 25, 1914","$10,000",116 W F St,,,,,,,,,,,no
Reno,public,Reno,Nevada,United States,"Mar 14, 1902","$15,000",S Virginia St. and Mill St.,39.5247917,-119.8117444,,wikipedia-list,"File:Reno,_Nevada_Carnegie_Library.jpg",https://upload.wikimedia.org/wikipedia/commons/7/7b/Reno%2C_Nevada_Carnegie_Library.jpg?utm_source=commons.wikimedia.org&utm_campaign=imageinfo&utm_content=thumbnail_unscaled,Unknown authorUnknown author,Public domain,,"https://commons.wikimedia.org/wiki/File:Reno,_Nevada_Carnegie_Library.jpg",yes
Berlin Public Library,public,Berlin,New Hampshire,United States,"Dec 27, 1902","$17,000",270 Main St.,44.472562,-71.178274,,wikipedia-list,File:Berlin_Public_Library_5.JPG,https://upload.wikimedia.org/wikipedia/commons/thumb/8/8b/Berlin_Public_Library_5.JPG/1920px-Berlin_Public_Library_5.JPG?utm_source=commons.wikimedia.org&utm_campaign=imageinfo&utm_content=thumbnail,AlexiusHoratius,CC BY-SA 3.0,https://creativecommons.org/licenses/by-sa/3.0,https://commons.wikimedia.org/wiki/File:Berlin_Public_Library_5.JPG,yes
Fiske Free Library,public,Claremont,New Hampshire,United States,"Jan 13, 1903","$15,000",108 Broad St.,43.372348,-72.336602,,wikipedia-list,File:Claremont_Library_5.JPG,https://upload.wikimedia.org/wikipedia/commons/thumb/8/82/Claremont_Library_5.JPG/1920px-Claremont_Library_5.JPG?utm_source=commons.wikimedia.org&utm_campaign=imageinfo&utm_content=thumbnail,AlexiusHoratius,CC BY-SA 3.0,https://creativecommons.org/licenses/by-sa/3.0,https://commons.wikimedia.org/wiki/File:Claremont_Library_5.JPG,yes
Dover,public,Dover,New Hampshire,United States,"Apr 26, 1902","$30,000",73 Locust St.,43.193241,-70.875549,,wikipedia-list,File:Dover_Public_Library_5.JPG,https://upload.wikimedia.org/wikipedia/commons/thumb/0/02/Dover_Public_Library_5.JPG/1920px-Dover_Public_Library_5.JPG?utm_source=commons.wikimedia.org&utm_campaign=imageinfo&utm_content=thumbnail,AlexiusHoratius,CC BY-SA 3.0,https://creativecommons.org/licenses/by-sa/3.0,https://commons.wikimedia.org/wiki/File:Dover_Public_Library_5.JPG,yes
Franklin,public,Franklin,New Hampshire,United States,"Nov 25, 1903","$15,000",310 Central St.,43.444538,-71.646953,,wikipedia-list,File:FranklinNH_FreePublicLibrary.jpg,https://upload.wikimedia.org/wikipedia/commons/1/17/FranklinNH_FreePublicLibrary.jpg?utm_source=commons.wikimedia.org&utm_campaign=imageinfo&utm_content=thumbnail_unscaled,User:Magicpiano,CC BY-SA 4.0,https://creativecommons.org/licenses/by-sa/4.0,https://commons.wikimedia.org/wiki/File:FranklinNH_FreePublicLibrary.jpg,yes
Lebanon,public,Lebanon,New Hampshire,United States,"Dec 13, 1907","$12,500",9 E. Park St.,43.643715,-72.250128,,wikipedia-list,"File:Lebanon_Public_Library_-_Lebanon,_NH_-_DSC02638.JPG",https://upload.wikimedia.org/wikipedia/commons/thumb/9/9b/Lebanon_Public_Library_-_Lebanon%2C_NH_-_DSC02638.JPG/1920px-Lebanon_Public_Library_-_Lebanon%2C_NH_-_DSC02638.JPG?utm_source=commons.wikimedia.org&utm_campaign=imageinfo&utm_content=thumbnail,Daderot,CC0,http://creativecommons.org/publicdomain/zero/1.0/deed.en,"https://commons.wikimedia.org/wiki/File:Lebanon_Public_Library_-_Lebanon,_NH_-_DSC02638.JPG",yes
Littleton,public,Littleton,New Hampshire,United States,"Mar 14, 1902","$15,000",92 Main St.,44.307205,-71.773446,,wikipedia-list,"File:Littleton,_New_Hampshire_(8224916041).jpg",https://upload.wikimedia.org/wikipedia/commons/thumb/3/3f/Littleton%2C_New_Hampshire_%288224916041%29.jpg/1920px-Littleton%2C_New_Hampshire_%288224916041%29.jpg?utm_source=commons.wikimedia.org&utm_campaign=imageinfo&utm_content=thumbnail,"Doug Kerr from Albany, NY, United States",CC BY-SA 2.0,https://creativecommons.org/licenses/by-sa/2.0,"https://commons.wikimedia.org/wiki/File:Littleton,_New_Hampshire_(8224916041).jpg",yes
Dudley-Tucker Library,public,Raymond,New Hampshire,United States,"May 15, 1906","$2,000",9 Epping St.,43.037309,-71.182351,,wikipedia-list,"File:Dudley_Tucker_Library,_Raymond_NH.jpg",https://upload.wikimedia.org/wikipedia/commons/thumb/b/b3/Dudley_Tucker_Library%2C_Raymond_NH.jpg/1920px-Dudley_Tucker_Library%2C_Raymond_NH.jpg?utm_source=commons.wikimedia.org&utm_campaign=imageinfo&utm_content=thumbnail,John Phelan,CC BY-SA 3.0,https://creativecommons.org/licenses/by-sa/3.0,"https://commons.wikimedia.org/wiki/File:Dudley_Tucker_Library,_Raymond_NH.jpg",yes
Rochester,public,Rochester,New Hampshire,United States,"Dec 22, 1903","$20,000",65 S. Main St.,43.302274,-70.974813,,wikipedia-list,File:Rochester_Public_Library_5.JPG,https://upload.wikimedia.org/wikipedia/commons/thumb/a/a2/Rochester_Public_Library_5.JPG/1920px-Rochester_Public_Library_5.JPG?utm_source=commons.wikimedia.org&utm_campaign=imageinfo&utm_content=thumbnail,AlexiusHoratius,CC BY-SA 3.0,https://creativecommons.org/licenses/by-sa/3.0,https://commons.wikimedia.org/wiki/File:Rochester_Public_Library_5.JPG,yes
Whitefield,public,Whitefield,New Hampshire,United States,"Apr 23, 1903","$7,500",8 Lancaster Rd.,44.374591,-71.611354,,wikipedia-list,File:Whitefield_NH_Public_Library_5.JPG,https://upload.wikimedia.org/wikipedia/commons/thumb/2/2d/Whitefield_NH_Public_Library_5.JPG/1920px-Whitefield_NH_Public_Library_5.JPG?utm_source=commons.wikimedia.org&utm_campaign=imageinfo&utm_content=thumbnail,AlexiusHoratius,CC BY-SA 3.0,https://creativecommons.org/licenses/by-sa/3.0,https://commons.wikimedia.org/wiki/File:Whitefield_NH_Public_Library_5.JPG,yes
Atlantic City,public,,New Jersey,United States,"Jan 22, 1903","$71,075",35 S. Dr. Martin Luther King Blvd.,,,https://en.wikipedia.org/wiki/Carnegie_Library_Center,wikipedia-list,File:Carnegie_Library_Center.jpg,https://upload.wikimedia.org/wikipedia/commons/thumb/e/ec/Carnegie_Library_Center.jpg/1920px-Carnegie_Library_Center.jpg?utm_source=commons.wikimedia.org&utm_campaign=imageinfo&utm_content=thumbnail,Jay Reed,CC BY-SA 2.0,https://creativecommons.org/licenses/by-sa/2.0,https://commons.wikimedia.org/wiki/File:Carnegie_Library_Center.jpg,yes
Avon,public,,New Jersey,United States,"May 15, 1916","$5,000",,,,,,,,,,,,no
Bayonne,public,,New Jersey,United States,"Apr 13, 1903","$83,000",697 Avenue C,,,https://en.wikipedia.org/wiki/Bayonne_Public_Library,wikipedia-list,File:Bayonne_FPL_jeh.jpg,https://upload.wikimedia.org/wikipedia/commons/thumb/f/f9/Bayonne_FPL_jeh.jpg/1920px-Bayonne_FPL_jeh.jpg?utm_source=commons.wikimedia.org&utm_campaign=imageinfo&utm_content=thumbnail,Jim.henderson,CC0,http://creativecommons.org/publicdomain/zero/1.0/deed.en,https://commons.wikimedia.org/wiki/File:Bayonne_FPL_jeh.jpg,yes
Belleville,public,,New Jersey,United States,"Apr 28, 1909","$20,000",,,,https://en.wikipedia.org/wiki/Belleville_Public_Library_and_Information_Center,wikipedia-list,"File:Bellville_Pub_Lib_221_Wash_Av_Belleville,_NJ_07109_jeh.jpg",https://upload.wikimedia.org/wikipedia/commons/thumb/5/5a/Bellville_Pub_Lib_221_Wash_Av_Belleville%2C_NJ_07109_jeh.jpg/1920px-Bellville_Pub_Lib_221_Wash_Av_Belleville%2C_NJ_07109_jeh.jpg?utm_source=commons.wikimedia.org&utm_campaign=imageinfo&utm_content=thumbnail,Jim.henderson,CC0,http://creativecommons.org/publicdomain/zero/1.0/deed.en,"https://commons.wikimedia.org/wiki/File:Bellville_Pub_Lib_221_Wash_Av_Belleville,_NJ_07109_jeh.jpg",yes
Belmar,public,,New Jersey,United States,"Jan 14, 1914","$13,000",,,,https://en.wikipedia.org/wiki/Belmar_Public_Library,,,,,,,,no
Caldwell,public,,New Jersey,United States,"Jan 8, 1908","$10,000",,,,,,,,,,,,no
Camden Main,public,,New Jersey,United States,"Jan 2, 1903","$120,000",616 Broadway,,,https://en.wikipedia.org/wiki/Camden_Free_Public_Library_Main_Building,wikipedia-list,File:CamdenFreePublicLibraryMain2013_01.JPG,https://upload.wikimedia.org/wikipedia/commons/thumb/0/01/CamdenFreePublicLibraryMain2013_01.JPG/1920px-CamdenFreePublicLibraryMain2013_01.JPG?utm_source=commons.wikimedia.org&utm_campaign=imageinfo&utm_content=thumbnail,Hudconja,CC BY-SA 3.0,https://creativecommons.org/licenses/by-sa/3.0,https://commons.wikimedia.org/wiki/File:CamdenFreePublicLibraryMain2013_01.JPG,yes
Camden Cooper,public,,New Jersey,United States,"Jan 2, 1903",—,,,,https://en.wikipedia.org/wiki/Cooper_Library_in_Johnson_Park,wikipedia-list,File:Cooper_Library_Camden_NJ.JPG,https://upload.wikimedia.org/wikipedia/commons/thumb/f/f3/Cooper_Library_Camden_NJ.JPG/1920px-Cooper_Library_Camden_NJ.JPG?utm_source=commons.wikimedia.org&utm_campaign=imageinfo&utm_content=thumbnail,Smallbones,Public domain,,https://commons.wikimedia.org/wiki/File:Cooper_Library_Camden_NJ.JPG,yes
Camden East Camden,public,,New Jersey,United States,"Jan 2, 1903",—,,,,,,,,,,,,no
Collingswood,public,,New Jersey,United States,"Jan 5, 1916","$15,000",,,,,,,,,,,,no
Cranford,public,,New Jersey,United States,"Jan 20, 1908","$10,000",,,,,,,,,,,,no
East Orange Main,public,,New Jersey,United States,"Jan 18, 1900","$116,000",291 Main Street,,,https://en.wikipedia.org/wiki/East_Orange_Public_Library,,,,,,,,no
East Orange Elmwood,public,,New Jersey,United States,"Jan 18, 1900",—,,,,,,,,,,,,no
East Orange Franklin,public,,New Jersey,United States,"Jan 18, 1900",—,,,,,,,,,,,,no
Edgewater,public,,New Jersey,United States,"Mar 16, 1915","$15,000",49 Hudson Ave.,,,https://en.wikipedia.org/wiki/Edgewater_Public_Library,wikipedia-list,File:Edgewater_Library.JPG,https://upload.wikimedia.org/wikipedia/commons/8/81/Edgewater_Library.JPG?utm_source=commons.wikimedia.org&utm_campaign=imageinfo&utm_content=thumbnail_unscaled,Hisland7,CC BY-SA 3.0,http://creativecommons.org/licenses/by-sa/3.0/,https://commons.wikimedia.org/wiki/File:Edgewater_Library.JPG,yes
Elizabeth Main,public,,New Jersey,United States,"Feb 3, 1910","$130,810",,,,https://en.wikipedia.org/wiki/Elizabeth_Public_Library,wikipedia-list,File:ElizabethPublicLibrary.jpg,https://upload.wikimedia.org/wikipedia/commons/c/c4/ElizabethPublicLibrary.jpg?utm_source=commons.wikimedia.org&utm_campaign=imageinfo&utm_content=thumbnail_unscaled,KForce at en.wikipedia,CC BY-SA 3.0,https://creativecommons.org/licenses/by-sa/3.0,https://commons.wikimedia.org/wiki/File:ElizabethPublicLibrary.jpg,yes
Elizabeth Liberty Square,public,,New Jersey,United States,"Feb 3, 1910",—,240 Elizabeth Ave.,,,,,,,,,,,no
Englewood,public,,New Jersey,United States,"Jul 9, 1913","$25,000",,,,,,,,,,,,no
Freehold,public,,New Jersey,United States,"Mar 27, 1903","$11,000",28 + 1 ⁄ 2 East Main Street,,,https://en.wikipedia.org/wiki/Freehold_Public_Library,wikipedia-list,File:Carnegie_Library_in_Freehold.png,https://upload.wikimedia.org/wikipedia/commons/c/cc/Carnegie_Library_in_Freehold.png?utm_source=commons.wikimedia.org&utm_campaign=imageinfo&utm_content=thumbnail_unscaled,Freeholdman12,CC BY-SA 4.0,https://creativecommons.org/licenses/by-sa/4.0,https://commons.wikimedia.org/wiki/File:Carnegie_Library_in_Freehold.png,yes
Kearny,public,,New Jersey,United States,"Jan 16, 1906","$27,600",318 Kearny Ave.,,,https://en.wikipedia.org/wiki/Kearny_Public_Library,wikipedia-list,File:Kearny_Public_Library_main_entrance.jpg,https://upload.wikimedia.org/wikipedia/commons/thumb/1/14/Kearny_Public_Library_main_entrance.jpg/1920px-Kearny_Public_Library_main_entrance.jpg?utm_source=commons.wikimedia.org&utm_campaign=imageinfo&utm_content=thumbnail,Hudconja,CC BY-SA 3.0,https://creativecommons.org/licenses/by-sa/3.0,https://commons.wikimedia.org/wiki/File:Kearny_Public_Library_main_entrance.jpg,yes
Lakewood,public,,New Jersey,United States,"Feb 3, 1917","$12,500",,,,,,,,,,,,no
Little Falls,public,,New Jersey,United States,"Apr 3, 1917","$10,000",,,,,,,,,,,,no
Long Branch,public,,New Jersey,United States,"Feb 3, 1917","$30,000",,,,,,,,,,,,no
Montclair Bellevue,public,,New Jersey,United States,"Mar 8, 1901","$60,000",185 Bellevue Ave.,,,"https://en.wikipedia.org/wiki/Free_Public_Library,_Upper_Montclair_Branch",wikipedia-list,File:185_Bellevue_Ave_Montclair_NJ-SWM-TLW-_2012-09-23.jpg,https://upload.wikimedia.org/wikipedia/commons/thumb/7/77/185_Bellevue_Ave_Montclair_NJ-SWM-TLW-_2012-09-23.jpg/1920px-185_Bellevue_Ave_Montclair_NJ-SWM-TLW-_2012-09-23.jpg?utm_source=commons.wikimedia.org&utm_campaign=imageinfo&utm_content=thumbnail,Snowilli,CC BY-SA 3.0,https://creativecommons.org/licenses/by-sa/3.0,https://commons.wikimedia.org/wiki/File:185_Bellevue_Ave_Montclair_NJ-SWM-TLW-_2012-09-23.jpg,yes
Montclair Montclair,public,,New Jersey,United States,"Mar 8, 1901",—,73 Church St.,,,"https://en.wikipedia.org/wiki/Carnegie_Library_(Montclair,_New_Jersey)",commons-namesearch,"File:CARNEGIE LIBRARY, MONTCLAIR, ESSEX COUNTY, NJ.jpg",https://upload.wikimedia.org/wikipedia/commons/thumb/7/78/CARNEGIE_LIBRARY%2C_MONTCLAIR%2C_ESSEX_COUNTY%2C_NJ.jpg/1920px-CARNEGIE_LIBRARY%2C_MONTCLAIR%2C_ESSEX_COUNTY%2C_NJ.jpg?utm_source=commons.wikimedia.org&utm_campaign=imageinfo&utm_content=thumbnail,JERRYE &amp; ROY KLOTZ MD,CC BY-SA 4.0,https://creativecommons.org/licenses/by-sa/4.0,"https://commons.wikimedia.org/wiki/File:CARNEGIE_LIBRARY,_MONTCLAIR,_ESSEX_COUNTY,_NJ.jpg",yes
New Brunswick,public,,New Jersey,United States,"Mar 14, 1902","$52,500",,,,https://en.wikipedia.org/wiki/New_Brunswick_Free_Public_Library,wikipedia-list,"File:Free_Public_Library,_New_Brunswick,_NJ.jpg",https://upload.wikimedia.org/wikipedia/commons/thumb/0/07/Free_Public_Library%2C_New_Brunswick%2C_NJ.jpg/1920px-Free_Public_Library%2C_New_Brunswick%2C_NJ.jpg?utm_source=commons.wikimedia.org&utm_campaign=imageinfo&utm_content=thumbnail,Zeete,CC BY-SA 4.0,https://creativecommons.org/licenses/by-sa/4.0,"https://commons.wikimedia.org/wiki/File:Free_Public_Library,_New_Brunswick,_NJ.jpg",yes
Nutley,public,,New Jersey,United States,"Feb 13, 1913","$20,000",,,,,,,,,,,,no
Orange,public,,New Jersey,United States,"Apr 19, 1915","$1,500",348 Main St.,,,https://en.wikipedia.org/wiki/Orange_Free_Public_Library,wikipedia-list,"File:ORANGE_FREE_PUBLIC_LIBRARY,_ORANGE,_ESSEX_COUNTY,_NJ.jpg",https://upload.wikimedia.org/wikipedia/commons/thumb/7/72/ORANGE_FREE_PUBLIC_LIBRARY%2C_ORANGE%2C_ESSEX_COUNTY%2C_NJ.jpg/1920px-ORANGE_FREE_PUBLIC_LIBRARY%2C_ORANGE%2C_ESSEX_COUNTY%2C_NJ.jpg?utm_source=commons.wikimedia.org&utm_campaign=imageinfo&utm_content=thumbnail,"JERRYE &amp; ROY KLOTZ, M.D.",CC BY-SA 4.0,https://creativecommons.org/licenses/by-sa/4.0,"https://commons.wikimedia.org/wiki/File:ORANGE_FREE_PUBLIC_LIBRARY,_ORANGE,_ESSEX_COUNTY,_NJ.jpg",yes
Perth Amboy,public,,New Jersey,United States,"Mar 8, 1901","$50,450",196 Jefferson Street,,,https://en.wikipedia.org/wiki/Perth_Amboy_Public_Library,wikipedia-list,"File:Perth_Amboy_Public_Library,_NJ_-_2025.jpg",https://upload.wikimedia.org/wikipedia/commons/thumb/3/36/Perth_Amboy_Public_Library%2C_NJ_-_2025.jpg/1920px-Perth_Amboy_Public_Library%2C_NJ_-_2025.jpg?utm_source=commons.wikimedia.org&utm_campaign=imageinfo&utm_content=thumbnail,Zeete,CC BY-SA 4.0,https://creativecommons.org/licenses/by-sa/4.0,"https://commons.wikimedia.org/wiki/File:Perth_Amboy_Public_Library,_NJ_-_2025.jpg",yes
Plainfield,public,,New Jersey,United States,"Feb 7, 1911","$50,000",,,,,,,,,,,,no
Summit,public,,New Jersey,United States,"Feb 1, 1909","$21,000",,,,,,,,,,,,no
Union,public,,New Jersey,United States,"Feb 5, 1904","$25,000",,,,,wikipedia-list,File:43rdStreetUnionHillLibrary.png,https://upload.wikimedia.org/wikipedia/commons/0/00/43rdStreetUnionHillLibrary.png?utm_source=commons.wikimedia.org&utm_campaign=imageinfo&utm_content=thumbnail_unscaled,Unknown authorUnknown author,Public domain,,https://commons.wikimedia.org/wiki/File:43rdStreetUnionHillLibrary.png,yes
Verona,public,,New Jersey,United States,"Mar 31, 1916","$11,000",,,,,,,,,,,,no
Vineland,public,,New Jersey,United States,"Feb 2, 1903","$12,000",,,,,,,,,,,,no
West Hoboken,public,,New Jersey,United States,"Feb 4, 1902","$25,000",420 15th St.,,,,wikipedia-list,File:Musto_Center.jpg,https://upload.wikimedia.org/wikipedia/commons/thumb/d/df/Musto_Center.jpg/1920px-Musto_Center.jpg?utm_source=commons.wikimedia.org&utm_campaign=imageinfo&utm_content=thumbnail,Hudconja,CC BY-SA 3.0,https://creativecommons.org/licenses/by-sa/3.0,https://commons.wikimedia.org/wiki/File:Musto_Center.jpg,yes
Westfield,public,,New Jersey,United States,"Dec 30, 1904","$15,000",266 E. Broad St.,,,,,,,,,,,no
Las Vegas,public,Las Vegas,New Mexico,United States,"Mar 14, 1902","$10,000",500 National Ave.,35.598659,-105.215228,,wikipedia-list,File:Las_Vegas_New_Mexico_Public_Library.jpg,https://upload.wikimedia.org/wikipedia/commons/thumb/a/ae/Las_Vegas_New_Mexico_Public_Library.jpg/1920px-Las_Vegas_New_Mexico_Public_Library.jpg?utm_source=commons.wikimedia.org&utm_campaign=imageinfo&utm_content=thumbnail,AllenS,Public domain,,https://commons.wikimedia.org/wiki/File:Las_Vegas_New_Mexico_Public_Library.jpg,yes
Raton,public,Raton,New Mexico,United States,"Jan 23, 1911","$12,000",Ripley Park,36.905234,-104.438047,,,,,,,,,no
Roswell,public,Roswell,New Mexico,United States,"Jun 1, 1903","$10,000",123 W. 3rd St.,33.395359,-104.523144,"https://en.wikipedia.org/wiki/Carnegie_Library_(Roswell,_New_Mexico)",wikipedia-list,File:Carnegie_Library_Roswell_New_Mexico.jpg,https://upload.wikimedia.org/wikipedia/commons/b/b3/Carnegie_Library_Roswell_New_Mexico.jpg?utm_source=commons.wikimedia.org&utm_campaign=imageinfo&utm_content=thumbnail_unscaled,Camerafiend,CC BY-SA 4.0,https://creativecommons.org/licenses/by-sa/4.0,https://commons.wikimedia.org/wiki/File:Carnegie_Library_Roswell_New_Mexico.jpg,yes
Amsterdam,public,Amsterdam,New York,United States,"Feb 4, 1902","$25,000",28 Church St.,,,,wikipedia-list,"File:Carnegie_Library_in_Amsterdam,_NY.jpg",https://upload.wikimedia.org/wikipedia/commons/thumb/0/01/Carnegie_Library_in_Amsterdam%2C_NY.jpg/1920px-Carnegie_Library_in_Amsterdam%2C_NY.jpg?utm_source=commons.wikimedia.org&utm_campaign=imageinfo&utm_content=thumbnail,Jwilson855,CC BY-SA 4.0,https://creativecommons.org/licenses/by-sa/4.0,"https://commons.wikimedia.org/wiki/File:Carnegie_Library_in_Amsterdam,_NY.jpg",yes
Andover,public,Andover,New York,United States,"Nov 21, 1911","$5,000",40 Main St.,,,,wikipedia-list,"File:Carnegie_Library,_Andover_NY.jpg",https://upload.wikimedia.org/wikipedia/commons/thumb/8/88/Carnegie_Library%2C_Andover_NY.jpg/1920px-Carnegie_Library%2C_Andover_NY.jpg?utm_source=commons.wikimedia.org&utm_campaign=imageinfo&utm_content=thumbnail,Jwilson855,CC BY-SA 4.0,https://creativecommons.org/licenses/by-sa/4.0,"https://commons.wikimedia.org/wiki/File:Carnegie_Library,_Andover_NY.jpg",yes
Binghamton,public,Binghamton,New York,United States,"Apr 26, 1902","$75,000",78 Exchange St.,,,,wikipedia-list,File:Carnegie_Library_in_Binghamton_NY.jpg,https://upload.wikimedia.org/wikipedia/commons/thumb/3/39/Carnegie_Library_in_Binghamton_NY.jpg/1920px-Carnegie_Library_in_Binghamton_NY.jpg?utm_source=commons.wikimedia.org&utm_campaign=imageinfo&utm_content=thumbnail,Janet Allen,CC BY-SA 3.0,https://creativecommons.org/licenses/by-sa/3.0,https://commons.wikimedia.org/wiki/File:Carnegie_Library_in_Binghamton_NY.jpg,yes
Bolivar,public,Bolivar,New York,United States,"Apr 10, 1909","$5,000",390 Main St.,,,https://en.wikipedia.org/wiki/Bolivar_Free_Library,wikipedia-list,"File:Carnegie_Library,_Bolivar_NY.jpg",https://upload.wikimedia.org/wikipedia/commons/thumb/8/81/Carnegie_Library%2C_Bolivar_NY.jpg/1920px-Carnegie_Library%2C_Bolivar_NY.jpg?utm_source=commons.wikimedia.org&utm_campaign=imageinfo&utm_content=thumbnail,Jwilson855,CC BY-SA 4.0,https://creativecommons.org/licenses/by-sa/4.0,"https://commons.wikimedia.org/wiki/File:Carnegie_Library,_Bolivar_NY.jpg",yes
Canastota,public,Canastota,New York,United States,"Jan 10, 1902","$10,000",102 W. Center St.,,,https://en.wikipedia.org/wiki/Canastota_Public_Library,wikipedia-list,File:Canastota_Public_Library.jpg,https://upload.wikimedia.org/wikipedia/commons/thumb/c/c5/Canastota_Public_Library.jpg/1920px-Canastota_Public_Library.jpg?utm_source=commons.wikimedia.org&utm_campaign=imageinfo&utm_content=thumbnail,Crazyblocks2004,CC BY-SA 4.0,https://creativecommons.org/licenses/by-sa/4.0,https://commons.wikimedia.org/wiki/File:Canastota_Public_Library.jpg,yes
Catskill,public,Catskill,New York,United States,"Feb 2, 1901","$20,000",1 Franklin St.,,,,,,,,,,,no
Chatham,public,Chatham,New York,United States,"Aug 16, 1901","$15,000",11 Woodbridge Ave,,,,wikipedia-list,"File:Carnegie_Library_in_Chatham,_NY.jpg",https://upload.wikimedia.org/wikipedia/commons/thumb/8/8f/Carnegie_Library_in_Chatham%2C_NY.jpg/1920px-Carnegie_Library_in_Chatham%2C_NY.jpg?utm_source=commons.wikimedia.org&utm_campaign=imageinfo&utm_content=thumbnail,Jwilson855,CC BY-SA 4.0,https://creativecommons.org/licenses/by-sa/4.0,"https://commons.wikimedia.org/wiki/File:Carnegie_Library_in_Chatham,_NY.jpg",yes
Dunkirk,public,Dunkirk,New York,United States,"Feb 20, 1904","$25,000",536 Central Ave.,,,,,,,,,,,no
Elmira,public,Elmira,New York,United States,"Jan 28, 1916","$70,000",400 E. Church St.,,,,wikipedia-list,"File:Carnegie_Library,_Elmira_NY.jpg",https://upload.wikimedia.org/wikipedia/commons/b/b1/Carnegie_Library%2C_Elmira_NY.jpg?utm_source=commons.wikimedia.org&utm_campaign=imageinfo&utm_content=thumbnail_unscaled,Jwilson855,CC BY-SA 4.0,https://creativecommons.org/licenses/by-sa/4.0,"https://commons.wikimedia.org/wiki/File:Carnegie_Library,_Elmira_NY.jpg",yes
Fleischmanns,public,Fleischmanns,New York,United States,1901,"$5,000",1017 Main St.,,,https://en.wikipedia.org/wiki/Skene_Memorial_Library,wikipedia-list,"File:Skene_Memorial_Library,_Fleischmanns,_NY.jpg",https://upload.wikimedia.org/wikipedia/commons/thumb/8/85/Skene_Memorial_Library%2C_Fleischmanns%2C_NY.jpg/1920px-Skene_Memorial_Library%2C_Fleischmanns%2C_NY.jpg?utm_source=commons.wikimedia.org&utm_campaign=imageinfo&utm_content=thumbnail,Daniel Case,CC BY-SA 3.0,https://creativecommons.org/licenses/by-sa/3.0,"https://commons.wikimedia.org/wiki/File:Skene_Memorial_Library,_Fleischmanns,_NY.jpg",yes
Franklinville,public,Franklinville,New York,United States,"May 8, 1914","$2,200",5 N. Main St.,,,,,,,,,,,no
Fulton,public,Fulton,New York,United States,"Mar 14, 1902","$15,000",160 S. 1st St.,,,https://en.wikipedia.org/wiki/Fulton_Public_Library,,,,,,,,no
Gloversville,public,Gloversville,New York,United States,"Mar 8, 1901","$50,000",58 E. Fulton St.,,,https://en.wikipedia.org/wiki/Gloversville_Free_Library,wikipedia-list,File:Gloversville_Free_Library_Aug_10.jpg,https://upload.wikimedia.org/wikipedia/commons/thumb/e/e5/Gloversville_Free_Library_Aug_10.jpg/1920px-Gloversville_Free_Library_Aug_10.jpg?utm_source=commons.wikimedia.org&utm_campaign=imageinfo&utm_content=thumbnail,"Doug Kerr from Albany, NY, United States",CC BY-SA 2.0,https://creativecommons.org/licenses/by-sa/2.0,https://commons.wikimedia.org/wiki/File:Gloversville_Free_Library_Aug_10.jpg,yes
Hamburg,public,Hamburg,New York,United States,"Jul 23, 1914","$5,000",102 Buffalo St.,,,,,,,,,,,no
Hornell,public,Hornell,New York,United States,"Jan 22, 1903","$25,000",64 Genesee St.,,,https://en.wikipedia.org/wiki/Hornell_Public_Library,wikipedia-list,File:Hornell_Library_Aug_09.jpg,https://upload.wikimedia.org/wikipedia/commons/5/5b/Hornell_Library_Aug_09.jpg?utm_source=commons.wikimedia.org&utm_campaign=imageinfo&utm_content=thumbnail_unscaled,"Doug Kerr from now in Binghamton, NY",CC BY-SA 2.0,https://creativecommons.org/licenses/by-sa/2.0,https://commons.wikimedia.org/wiki/File:Hornell_Library_Aug_09.jpg,yes
Johnstown,public,Johnstown,New York,United States,"Mar 6, 1901","$16,000",38 S. Market St.,,,,wikipedia-list,"File:Carnegie_Library_in_Johnstown,_NY.jpg",https://upload.wikimedia.org/wikipedia/commons/thumb/c/cd/Carnegie_Library_in_Johnstown%2C_NY.jpg/1920px-Carnegie_Library_in_Johnstown%2C_NY.jpg?utm_source=commons.wikimedia.org&utm_campaign=imageinfo&utm_content=thumbnail,Jwilson855,CC BY-SA 4.0,https://creativecommons.org/licenses/by-sa/4.0,"https://commons.wikimedia.org/wiki/File:Carnegie_Library_in_Johnstown,_NY.jpg",yes
Kingston,public,Kingston,New York,United States,"Apr 26, 1902","$30,000",405 Broadway,,,https://en.wikipedia.org/wiki/Kingston_City_Library,wikipedia-list,"File:Kingston_City_Library,_NY.jpg",https://upload.wikimedia.org/wikipedia/commons/thumb/a/a4/Kingston_City_Library%2C_NY.jpg/1920px-Kingston_City_Library%2C_NY.jpg?utm_source=commons.wikimedia.org&utm_campaign=imageinfo&utm_content=thumbnail,Daniel Case,CC BY-SA 3.0,https://creativecommons.org/licenses/by-sa/3.0,"https://commons.wikimedia.org/wiki/File:Kingston_City_Library,_NY.jpg",yes
Lackawanna,public,Lackawanna,New York,United States,"May 3, 1917","$30,000",560 Ridge Rd.,,,,wikipedia-list,File:Lackawanna_Public_Library.jpg,https://upload.wikimedia.org/wikipedia/commons/thumb/f/f3/Lackawanna_Public_Library.jpg/1920px-Lackawanna_Public_Library.jpg?utm_source=commons.wikimedia.org&utm_campaign=imageinfo&utm_content=thumbnail,Stantond602,CC BY-SA 4.0,https://creativecommons.org/licenses/by-sa/4.0,https://commons.wikimedia.org/wiki/File:Lackawanna_Public_Library.jpg,yes
Mount Vernon,public,Mount Vernon,New York,United States,"Feb 19, 1901","$72,000",28 S. 1st Ave.,,,,,,,,,,,no
New Rochelle,public,New Rochelle,New York,United States,"Mar 14, 1901","$60,000",662 Main St.,,,,wikipedia-list,File:New_Rochelle_Carnegie_Library-2.jpg,https://upload.wikimedia.org/wikipedia/commons/thumb/6/60/New_Rochelle_Carnegie_Library-2.jpg/1920px-New_Rochelle_Carnegie_Library-2.jpg?utm_source=commons.wikimedia.org&utm_campaign=imageinfo&utm_content=thumbnail,DanTD,CC BY-SA 4.0,https://creativecommons.org/licenses/by-sa/4.0,https://commons.wikimedia.org/wiki/File:New_Rochelle_Carnegie_Library-2.jpg,yes
Niagara Falls,public,Niagara Falls,New York,United States,"Mar 8, 1901","$50,000",1022 Main St.,,,"https://en.wikipedia.org/wiki/Carnegie_Library_(Niagara_Falls,_New_York)",wikipedia-list,File:Niagara_Falls_Public_Library_Jun_09.JPG,https://upload.wikimedia.org/wikipedia/commons/thumb/a/af/Niagara_Falls_Public_Library_Jun_09.JPG/1920px-Niagara_Falls_Public_Library_Jun_09.JPG?utm_source=commons.wikimedia.org&utm_campaign=imageinfo&utm_content=thumbnail,Pubdog (talk),Public domain,,https://commons.wikimedia.org/wiki/File:Niagara_Falls_Public_Library_Jun_09.JPG,yes
North Tonawanda,public,North Tonawanda,New York,United States,"Dec 27, 1902","$20,000",240 Goundry St.,,,"https://en.wikipedia.org/wiki/Carnegie_Library_(North_Tonawanda,_New_York)",wikipedia-list,File:North_Tonawanda_Carnegie_Library_Nov_08.JPG,https://upload.wikimedia.org/wikipedia/commons/thumb/b/bb/North_Tonawanda_Carnegie_Library_Nov_08.JPG/1920px-North_Tonawanda_Carnegie_Library_Nov_08.JPG?utm_source=commons.wikimedia.org&utm_campaign=imageinfo&utm_content=thumbnail,Pubdog (talk),Public domain,,https://commons.wikimedia.org/wiki/File:North_Tonawanda_Carnegie_Library_Nov_08.JPG,yes
Northport,public,Northport,New York,United States,"May 21, 1913","$10,000",215 Main St.,,,https://en.wikipedia.org/wiki/Northport_Public_Library,wikipedia-list,File:Northport_Historic_Library-World_War_One_Memorial.jpg,https://upload.wikimedia.org/wikipedia/commons/thumb/a/ab/Northport_Historic_Library-World_War_One_Memorial.jpg/1920px-Northport_Historic_Library-World_War_One_Memorial.jpg?utm_source=commons.wikimedia.org&utm_campaign=imageinfo&utm_content=thumbnail,DanTD,CC BY-SA 3.0,https://creativecommons.org/licenses/by-sa/3.0,https://commons.wikimedia.org/wiki/File:Northport_Historic_Library-World_War_One_Memorial.jpg,yes
Nyack,public,Nyack,New York,United States,"Dec 21, 1901","$15,000",59 S. Broadway,,,https://en.wikipedia.org/wiki/Nyack_Library,wikipedia-list,File:06131908lincolnboulder.jpg,https://upload.wikimedia.org/wikipedia/commons/d/d3/06131908lincolnboulder.jpg?utm_source=commons.wikimedia.org&utm_campaign=imageinfo&utm_content=thumbnail_unscaled,Unknown authorUnknown author,CC BY-SA 3.0,https://creativecommons.org/licenses/by-sa/3.0,https://commons.wikimedia.org/wiki/File:06131908lincolnboulder.jpg,yes
Olean,public,Olean,New York,United States,"Nov 27, 1906","$40,000",116 S. Union St.,,,https://en.wikipedia.org/wiki/Olean_Public_Library,wikipedia-list,File:Olean_Public_Library_Apr_10.JPG,https://upload.wikimedia.org/wikipedia/commons/thumb/8/8f/Olean_Public_Library_Apr_10.JPG/1920px-Olean_Public_Library_Apr_10.JPG?utm_source=commons.wikimedia.org&utm_campaign=imageinfo&utm_content=thumbnail,Pubdog (talk),Public domain,,https://commons.wikimedia.org/wiki/File:Olean_Public_Library_Apr_10.JPG,yes
Ossining,public,Ossining,New York,United States,"Dec 23, 1911","$26,000",,,,,,,,,,,,no
Patchogue,public,Patchogue,New York,United States,"Jan 8, 1905","$15,000",160 W. Main St.,,,,wikipedia-list,File:Old_Patchogue_Library.JPG,https://upload.wikimedia.org/wikipedia/commons/thumb/2/26/Old_Patchogue_Library.JPG/1920px-Old_Patchogue_Library.JPG?utm_source=commons.wikimedia.org&utm_campaign=imageinfo&utm_content=thumbnail,DanTD,CC BY-SA 3.0,https://creativecommons.org/licenses/by-sa/3.0,https://commons.wikimedia.org/wiki/File:Old_Patchogue_Library.JPG,yes
Penn Yan,public,Penn Yan,New York,United States,"Jan 6, 1903","$10,000",214 Main St.,,,,wikipedia-list,"File:Main_St_214,_Public_Library,_Penn_Yan_HD_01.JPG",https://upload.wikimedia.org/wikipedia/commons/thumb/6/66/Main_St_214%2C_Public_Library%2C_Penn_Yan_HD_01.JPG/1920px-Main_St_214%2C_Public_Library%2C_Penn_Yan_HD_01.JPG?utm_source=commons.wikimedia.org&utm_campaign=imageinfo&utm_content=thumbnail,Shuvaev,CC BY-SA 4.0,https://creativecommons.org/licenses/by-sa/4.0,"https://commons.wikimedia.org/wiki/File:Main_St_214,_Public_Library,_Penn_Yan_HD_01.JPG",yes
Perry,public,Perry,New York,United States,"Jul 13, 1912","$12,000",70 Main St. N.,,,,,,,,,,,no
Port Jervis,public,Port Jervis,New York,United States,"Feb 21, 1901","$30,000",138 Pike St.,,,,wikipedia-list,File:Free_Library_Port_Jervis.jpg,https://upload.wikimedia.org/wikipedia/commons/thumb/b/bd/Free_Library_Port_Jervis.jpg/1920px-Free_Library_Port_Jervis.jpg?utm_source=commons.wikimedia.org&utm_campaign=imageinfo&utm_content=thumbnail,Beyond My Ken,CC BY-SA 4.0,https://creativecommons.org/licenses/by-sa/4.0,https://commons.wikimedia.org/wiki/File:Free_Library_Port_Jervis.jpg,yes
Rockville Centre,public,Rockville Centre,New York,United States,"Dec 14, 1903","$10,000",11 Clinton Ave.,,,,,,,,,,,no
Salamanca,public,Salamanca,New York,United States,"Feb 3, 1917","$17,500",45 S. Main St.,,,,wikipedia-list,"File:Carnegie_Library,_Salamanca_NY.jpg",https://upload.wikimedia.org/wikipedia/commons/thumb/c/c1/Carnegie_Library%2C_Salamanca_NY.jpg/1920px-Carnegie_Library%2C_Salamanca_NY.jpg?utm_source=commons.wikimedia.org&utm_campaign=imageinfo&utm_content=thumbnail,Jwilson855,CC BY-SA 4.0,https://creativecommons.org/licenses/by-sa/4.0,"https://commons.wikimedia.org/wiki/File:Carnegie_Library,_Salamanca_NY.jpg",yes
Saugerties,public,Saugerties,New York,United States,"Sep 25, 1914","$12,500",91 Washington Ave.,,,,wikipedia-list,File:Saugerties_Public_Library_Apr_09.jpg,https://upload.wikimedia.org/wikipedia/commons/b/b6/Saugerties_Public_Library_Apr_09.jpg?utm_source=commons.wikimedia.org&utm_campaign=imageinfo&utm_content=thumbnail_unscaled,Doug Kerr from Upstate New York,CC BY-SA 2.0,https://creativecommons.org/licenses/by-sa/2.0,https://commons.wikimedia.org/wiki/File:Saugerties_Public_Library_Apr_09.jpg,yes
Schenectady,public,Schenectady,New York,United States,"Feb 13, 1901","$50,000",,,,,wikipedia-list,File:Webster_House_1.jpg,https://upload.wikimedia.org/wikipedia/commons/thumb/5/50/Webster_House_1.jpg/1920px-Webster_House_1.jpg?utm_source=commons.wikimedia.org&utm_campaign=imageinfo&utm_content=thumbnail,UpstateNYer,CC BY-SA 3.0,https://creativecommons.org/licenses/by-sa/3.0,https://commons.wikimedia.org/wiki/File:Webster_House_1.jpg,yes
Solvay,public,Solvay,New York,United States,"Jan 13, 1903","$10,000",615 Woods Rd.,,,https://en.wikipedia.org/wiki/Solvay_Public_Library,wikipedia-list,File:Carnegie_Library_Solvay_NY.jpg,https://upload.wikimedia.org/wikipedia/commons/thumb/8/84/Carnegie_Library_Solvay_NY.jpg/1920px-Carnegie_Library_Solvay_NY.jpg?utm_source=commons.wikimedia.org&utm_campaign=imageinfo&utm_content=thumbnail,Janet Allen,CC BY-SA 3.0,https://creativecommons.org/licenses/by-sa/3.0,https://commons.wikimedia.org/wiki/File:Carnegie_Library_Solvay_NY.jpg,yes
Syracuse,public,Syracuse,New York,United States,"Jan 15, 1901","$200,000",335 Montgomery St.,,,,wikipedia-list,File:Carnegie_Library_in_Syracuse_NY.jpg,https://upload.wikimedia.org/wikipedia/commons/thumb/2/2a/Carnegie_Library_in_Syracuse_NY.jpg/1920px-Carnegie_Library_in_Syracuse_NY.jpg?utm_source=commons.wikimedia.org&utm_campaign=imageinfo&utm_content=thumbnail,Janet Allen,CC BY-SA 3.0,https://creativecommons.org/licenses/by-sa/3.0,https://commons.wikimedia.org/wiki/File:Carnegie_Library_in_Syracuse_NY.jpg,yes
Theresa,public,Theresa,New York,United States,"Jan 18, 1910","$7,500",301 Main St.,,,,,,,,,,,no
Ticonderoga,public,Ticonderoga,New York,United States,"Mar 8, 1904","$7,000",161 Montcalm St.,,,https://en.wikipedia.org/wiki/Black_Watch_Library,wikipedia-list,"File:Black_Watch_Library,_Ticonderoga.jpg",https://upload.wikimedia.org/wikipedia/commons/thumb/d/d0/Black_Watch_Library%2C_Ticonderoga.jpg/1920px-Black_Watch_Library%2C_Ticonderoga.jpg?utm_source=commons.wikimedia.org&utm_campaign=imageinfo&utm_content=thumbnail,Mwanner,CC BY-SA 3.0,https://creativecommons.org/licenses/by-sa/3.0,"https://commons.wikimedia.org/wiki/File:Black_Watch_Library,_Ticonderoga.jpg",yes
Warsaw,public,Warsaw,New York,United States,"Feb 5, 1904","$12,500",130 N. Main St.,,,,wikipedia-list,File:Warsaw_Public_Library_Oct_09.jpg,https://upload.wikimedia.org/wikipedia/commons/4/45/Warsaw_Public_Library_Oct_09.jpg?utm_source=commons.wikimedia.org&utm_campaign=imageinfo&utm_content=thumbnail_unscaled,Doug Kerr from Upstate New York,CC BY-SA 2.0,https://creativecommons.org/licenses/by-sa/2.0,https://commons.wikimedia.org/wiki/File:Warsaw_Public_Library_Oct_09.jpg,yes
White Plains,public,White Plains,New York,United States,"Dec 20, 1904","$40,000",,,,,,,,,,,,no
Yonkers,public,Yonkers,New York,United States,"Mar 8, 1901","$50,000",,,,,,,,,,,,no
115th Street,public,,New York City,United States,,,203 W. 115th St.,40.80278,-73.95389,https://en.wikipedia.org/wiki/115th_Street_Library,wikipedia-list,"File:NYPL_115th_Street_Branch,_Manhattan.jpg",https://upload.wikimedia.org/wikipedia/commons/f/f4/NYPL_115th_Street_Branch%2C_Manhattan.jpg?utm_source=commons.wikimedia.org&utm_campaign=imageinfo&utm_content=thumbnail_unscaled,Mcmillin24,CC BY-SA 3.0,https://creativecommons.org/licenses/by-sa/3.0,"https://commons.wikimedia.org/wiki/File:NYPL_115th_Street_Branch,_Manhattan.jpg",yes
125th Street,public,,New York City,United States,,,224 E. 125th St.,40.8030250,-73.9348667,,wikipedia-list,"File:NYPL_125th_Street_Branch,_Manhattan.jpg",https://upload.wikimedia.org/wikipedia/commons/e/e2/NYPL_125th_Street_Branch%2C_Manhattan.jpg?utm_source=commons.wikimedia.org&utm_campaign=imageinfo&utm_content=thumbnail_unscaled,Mcmillin24,CC BY-SA 3.0,https://creativecommons.org/licenses/by-sa/3.0,"https://commons.wikimedia.org/wiki/File:NYPL_125th_Street_Branch,_Manhattan.jpg",yes
135th Street,public,,New York City,United States,,,103 W. 135th St.,40.8145306,-73.9413833,,wikipedia-list,"File:NYPL_Former_135th_Street_Branch,_Manhattan.jpg",https://upload.wikimedia.org/wikipedia/commons/6/65/NYPL_Former_135th_Street_Branch%2C_Manhattan.jpg?utm_source=commons.wikimedia.org&utm_campaign=imageinfo&utm_content=thumbnail_unscaled,Mcmillin24,CC BY-SA 3.0,https://creativecommons.org/licenses/by-sa/3.0,"https://commons.wikimedia.org/wiki/File:NYPL_Former_135th_Street_Branch,_Manhattan.jpg",yes
58th Street,public,,New York City,United States,,,121-7 East 58th Street,,,,wikipedia-list,File:58th_St_Carnegie_Library_1940.jpg,https://upload.wikimedia.org/wikipedia/commons/4/40/58th_St_Carnegie_Library_1940.jpg?utm_source=commons.wikimedia.org&utm_campaign=imageinfo&utm_content=thumbnail_unscaled,NYC tax photographer,Public domain,,https://commons.wikimedia.org/wiki/File:58th_St_Carnegie_Library_1940.jpg,yes
67th Street,public,,New York City,United States,,,328 E. 67th St.,40.7649139,-73.9595250,,wikipedia-list,"File:NYPL_67th_Street_Branch,_Manhattan.jpg",https://upload.wikimedia.org/wikipedia/commons/1/16/NYPL_67th_Street_Branch%2C_Manhattan.jpg?utm_source=commons.wikimedia.org&utm_campaign=imageinfo&utm_content=thumbnail_unscaled,Mcmillin24,CC BY-SA 3.0,https://creativecommons.org/licenses/by-sa/3.0,"https://commons.wikimedia.org/wiki/File:NYPL_67th_Street_Branch,_Manhattan.jpg",yes
96th Street,public,,New York City,United States,,,112 E. 96th St.,40.7859917,-73.9517611,,wikipedia-list,File:New_York_Public_Library_-_96th_Street_Library_(48236948371).jpg,https://upload.wikimedia.org/wikipedia/commons/thumb/c/c6/New_York_Public_Library_-_96th_Street_Library_%2848236948371%29.jpg/1920px-New_York_Public_Library_-_96th_Street_Library_%2848236948371%29.jpg?utm_source=commons.wikimedia.org&utm_campaign=imageinfo&utm_content=thumbnail,"Ajay Suresh from New York, NY, USA",CC BY 2.0,https://creativecommons.org/licenses/by/2.0,https://commons.wikimedia.org/wiki/File:New_York_Public_Library_-_96th_Street_Library_(48236948371).jpg,yes
Aguilar,public,,New York City,United States,,,174 E. 110th St.,40.7941972,-73.9434222,,wikipedia-list,"File:NYPL_Aguilar_Branch,_Manhattan.jpg",https://upload.wikimedia.org/wikipedia/commons/f/f2/NYPL_Aguilar_Branch%2C_Manhattan.jpg?utm_source=commons.wikimedia.org&utm_campaign=imageinfo&utm_content=thumbnail_unscaled,Mcmillin24,CC BY-SA 3.0,https://creativecommons.org/licenses/by-sa/3.0,"https://commons.wikimedia.org/wiki/File:NYPL_Aguilar_Branch,_Manhattan.jpg",yes
Chatham Square,public,,New York City,United States,,,33 E. Broadway,40.7134028,-73.9965111,,wikipedia-list,"File:NYPL_Chatham_Square_Branch,_Manhattan.jpg",https://upload.wikimedia.org/wikipedia/commons/1/1b/NYPL_Chatham_Square_Branch%2C_Manhattan.jpg?utm_source=commons.wikimedia.org&utm_campaign=imageinfo&utm_content=thumbnail_unscaled,Mcmillin24,CC BY-SA 3.0,https://creativecommons.org/licenses/by-sa/3.0,"https://commons.wikimedia.org/wiki/File:NYPL_Chatham_Square_Branch,_Manhattan.jpg",yes
Columbus,public,,New York City,United States,,,742 10th Ave.,40.7649583,-73.9912583,,wikipedia-list,"File:NYPL_Columbus_Branch,_Manhattan_crop.jpg",https://upload.wikimedia.org/wikipedia/commons/b/bc/NYPL_Columbus_Branch%2C_Manhattan_crop.jpg?utm_source=commons.wikimedia.org&utm_campaign=imageinfo&utm_content=thumbnail_unscaled,"Mcmillin24; cropped by Beyond My Ken (talk) 01:42, 20 May 2018 (UTC)",CC BY-SA 3.0,https://creativecommons.org/licenses/by-sa/3.0,"https://commons.wikimedia.org/wiki/File:NYPL_Columbus_Branch,_Manhattan_crop.jpg",yes
Epiphany,public,,New York City,United States,,,228 E. 23rd St.,40.7381056,-73.9819611,,wikipedia-list,"File:NYPL_Epiphany_Branch,_Manhattan.jpg",https://upload.wikimedia.org/wikipedia/commons/thumb/3/3c/NYPL_Epiphany_Branch%2C_Manhattan.jpg/1920px-NYPL_Epiphany_Branch%2C_Manhattan.jpg?utm_source=commons.wikimedia.org&utm_campaign=imageinfo&utm_content=thumbnail,Mcmillin24,CC BY-SA 3.0,https://creativecommons.org/licenses/by-sa/3.0,"https://commons.wikimedia.org/wiki/File:NYPL_Epiphany_Branch,_Manhattan.jpg",yes
Fort Washington,public,,New York City,United States,,,535 W. 179th St.,40.8478111,-73.9340028,,wikipedia-list,"File:NYPL_Fort_Washington_Branch,_Manhattan.jpg",https://upload.wikimedia.org/wikipedia/commons/3/3f/NYPL_Fort_Washington_Branch%2C_Manhattan.jpg?utm_source=commons.wikimedia.org&utm_campaign=imageinfo&utm_content=thumbnail_unscaled,Mcmillin24,CC BY-SA 3.0,https://creativecommons.org/licenses/by-sa/3.0,"https://commons.wikimedia.org/wiki/File:NYPL_Fort_Washington_Branch,_Manhattan.jpg",yes
Hamilton Fish,public,,New York City,United States,,,388-92 East Houston Street,,,,wikipedia-list,File:Hamilton_Fish_Park_Library.jpg,https://upload.wikimedia.org/wikipedia/commons/e/e1/Hamilton_Fish_Park_Library.jpg?utm_source=commons.wikimedia.org&utm_campaign=imageinfo&utm_content=thumbnail_unscaled,Unknown authorUnknown author,CC BY-SA 4.0,https://creativecommons.org/licenses/by-sa/4.0,https://commons.wikimedia.org/wiki/File:Hamilton_Fish_Park_Library.jpg,yes
Hamilton Grange,public,,New York City,United States,,,503 W. 145th St.,40.825611,-73.9480667,https://en.wikipedia.org/wiki/Hamilton_Grange_Library,wikipedia-list,"File:NYPL_Hamilton_Grange_Branch,_Manhattan.jpg",https://upload.wikimedia.org/wikipedia/commons/3/33/NYPL_Hamilton_Grange_Branch%2C_Manhattan.jpg?utm_source=commons.wikimedia.org&utm_campaign=imageinfo&utm_content=thumbnail_unscaled,Mcmillin24,CC BY-SA 3.0,https://creativecommons.org/licenses/by-sa/3.0,"https://commons.wikimedia.org/wiki/File:NYPL_Hamilton_Grange_Branch,_Manhattan.jpg",yes
Harlem,public,,New York City,United States,,,9 W. 124th St.,40.8061917,-73.9432944,,wikipedia-list,"File:NYPL_Harlem_Branch,_Manhattan.jpg",https://upload.wikimedia.org/wikipedia/commons/0/0b/NYPL_Harlem_Branch%2C_Manhattan.jpg?utm_source=commons.wikimedia.org&utm_campaign=imageinfo&utm_content=thumbnail_unscaled,Mcmillin24,CC BY-SA 3.0,https://creativecommons.org/licenses/by-sa/3.0,"https://commons.wikimedia.org/wiki/File:NYPL_Harlem_Branch,_Manhattan.jpg",yes
Hudson Park,public,,New York City,United States,,,66 Leroy St.,40.7299861,-74.0051583,,wikipedia-list,"File:NYPL_Hudson_Park_Branch,_Manhattan.jpg",https://upload.wikimedia.org/wikipedia/commons/thumb/4/43/NYPL_Hudson_Park_Branch%2C_Manhattan.jpg/1920px-NYPL_Hudson_Park_Branch%2C_Manhattan.jpg?utm_source=commons.wikimedia.org&utm_campaign=imageinfo&utm_content=thumbnail,Mcmillin24,CC BY-SA 3.0,https://creativecommons.org/licenses/by-sa/3.0,"https://commons.wikimedia.org/wiki/File:NYPL_Hudson_Park_Branch,_Manhattan.jpg",yes
Muhlenberg,public,,New York City,United States,,,209 W. 23rd St.,40.7444500,-73.9960028,,wikipedia-list,"File:NYPL_Muhlenberg_Branch,_Manhattan.jpg",https://upload.wikimedia.org/wikipedia/commons/9/90/NYPL_Muhlenberg_Branch%2C_Manhattan.jpg?utm_source=commons.wikimedia.org&utm_campaign=imageinfo&utm_content=thumbnail_unscaled,Mcmillin24,CC BY-SA 3.0,https://creativecommons.org/licenses/by-sa/3.0,"https://commons.wikimedia.org/wiki/File:NYPL_Muhlenberg_Branch,_Manhattan.jpg",yes
Riverside,public,,New York City,United States,,,190 Amsterdam Ave.,40.776639,-73.9836222,,wikipedia-list,File:190_Amsterdam_Ave.jpg,https://upload.wikimedia.org/wikipedia/commons/d/d8/190_Amsterdam_Ave.jpg?utm_source=commons.wikimedia.org&utm_campaign=imageinfo&utm_content=thumbnail_unscaled,NYC tax photographer,CC BY-SA 4.0,https://creativecommons.org/licenses/by-sa/4.0,https://commons.wikimedia.org/wiki/File:190_Amsterdam_Ave.jpg,yes
Rivington Street,public,,New York City,United States,,,61 Rivington St.,40.7208750,-73.9902333,,wikipedia-list,"File:NYPL_Rivington_Street_Branch,_Manhattan.jpg",https://upload.wikimedia.org/wikipedia/commons/d/db/NYPL_Rivington_Street_Branch%2C_Manhattan.jpg?utm_source=commons.wikimedia.org&utm_campaign=imageinfo&utm_content=thumbnail_unscaled,Mcmillin24,CC BY-SA 3.0,https://creativecommons.org/licenses/by-sa/3.0,"https://commons.wikimedia.org/wiki/File:NYPL_Rivington_Street_Branch,_Manhattan.jpg",yes
Saint Agnes,public,,New York City,United States,,,444 Amsterdam Ave.,40.7848444,-73.9774889,,wikipedia-list,"File:NYPL_Saint_Agnes_Branch,_Manhattan.jpg",https://upload.wikimedia.org/wikipedia/commons/8/89/NYPL_Saint_Agnes_Branch%2C_Manhattan.jpg?utm_source=commons.wikimedia.org&utm_campaign=imageinfo&utm_content=thumbnail_unscaled,Mcmillin24,CC BY-SA 3.0,https://creativecommons.org/licenses/by-sa/3.0,"https://commons.wikimedia.org/wiki/File:NYPL_Saint_Agnes_Branch,_Manhattan.jpg",yes
Saint Gabriel's Park,public,,New York City,United States,,,303-5 East 36th Street,,,,wikipedia-list,File:St._Gabriel's_Park_Library.jpg,https://upload.wikimedia.org/wikipedia/commons/7/7c/St._Gabriel%27s_Park_Library.jpg?utm_source=commons.wikimedia.org&utm_campaign=imageinfo&utm_content=thumbnail_unscaled,Unknown authorUnknown author,CC BY-SA 4.0,https://creativecommons.org/licenses/by-sa/4.0,https://commons.wikimedia.org/wiki/File:St._Gabriel%27s_Park_Library.jpg,yes
Seward Park,public,,New York City,United States,,,192 E. Broadway,40.7144667,-73.9885222,https://en.wikipedia.org/wiki/Seward_Park_(Manhattan),wikipedia-list,"File:NYPL_Seward_Park_Branch,_Manhattan.jpg",https://upload.wikimedia.org/wikipedia/commons/thumb/6/64/NYPL_Seward_Park_Branch%2C_Manhattan.jpg/1920px-NYPL_Seward_Park_Branch%2C_Manhattan.jpg?utm_source=commons.wikimedia.org&utm_campaign=imageinfo&utm_content=thumbnail,Mcmillin24,CC BY-SA 3.0,https://creativecommons.org/licenses/by-sa/3.0,"https://commons.wikimedia.org/wiki/File:NYPL_Seward_Park_Branch,_Manhattan.jpg",yes
Tompkins Square,public,,New York City,United States,,,331 E. 10th St.,40.7273306,-73.980417,,wikipedia-list,"File:NYPL_Tompkins_Square_Branch,_Manhattan.jpg",https://upload.wikimedia.org/wikipedia/commons/3/38/NYPL_Tompkins_Square_Branch%2C_Manhattan.jpg?utm_source=commons.wikimedia.org&utm_campaign=imageinfo&utm_content=thumbnail_unscaled,Mcmillin24,CC BY-SA 3.0,https://creativecommons.org/licenses/by-sa/3.0,"https://commons.wikimedia.org/wiki/File:NYPL_Tompkins_Square_Branch,_Manhattan.jpg",yes
Washington Heights,public,,New York City,United States,,,1000 St. Nicholas Ave.,40.8345167,-73.9396694,,wikipedia-list,"File:NYPL_Washington_Heights_Branch,_Manhattan.jpg",https://upload.wikimedia.org/wikipedia/commons/thumb/5/57/NYPL_Washington_Heights_Branch%2C_Manhattan.jpg/1920px-NYPL_Washington_Heights_Branch%2C_Manhattan.jpg?utm_source=commons.wikimedia.org&utm_campaign=imageinfo&utm_content=thumbnail,Mcmillin24,CC BY-SA 3.0,https://creativecommons.org/licenses/by-sa/3.0,"https://commons.wikimedia.org/wiki/File:NYPL_Washington_Heights_Branch,_Manhattan.jpg",yes
Webster,public,,New York City,United States,,,1465 York Ave.,40.7706306,-73.951278,,wikipedia-list,"File:NYPL_Webster_Branch,_Manhattan.jpg",https://upload.wikimedia.org/wikipedia/commons/5/50/NYPL_Webster_Branch%2C_Manhattan.jpg?utm_source=commons.wikimedia.org&utm_campaign=imageinfo&utm_content=thumbnail_unscaled,Mcmillin24,CC BY-SA 3.0,https://creativecommons.org/licenses/by-sa/3.0,"https://commons.wikimedia.org/wiki/File:NYPL_Webster_Branch,_Manhattan.jpg",yes
West 40th Street,public,,New York City,United States,,,457 West 40th Street,,,,wikipedia-list,File:457_West_40th_Street_Library.jpg,https://upload.wikimedia.org/wikipedia/commons/0/00/457_West_40th_Street_Library.jpg?utm_source=commons.wikimedia.org&utm_campaign=imageinfo&utm_content=thumbnail_unscaled,"Wurts Bros. (New York, N.Y.) From NY Public Library Digital Collection",Public domain,,https://commons.wikimedia.org/wiki/File:457_West_40th_Street_Library.jpg,yes
Yorkville,public,,New York City,United States,,,222 E. 79th St.,40.7736528,-73.9563111,https://en.wikipedia.org/wiki/Yorkville_Library,wikipedia-list,"File:NYPL_Yorkville_Branch,_Manhattan.jpg",https://upload.wikimedia.org/wikipedia/commons/9/91/NYPL_Yorkville_Branch%2C_Manhattan.jpg?utm_source=commons.wikimedia.org&utm_campaign=imageinfo&utm_content=thumbnail_unscaled,Mcmillin24,CC BY-SA 3.0,https://creativecommons.org/licenses/by-sa/3.0,"https://commons.wikimedia.org/wiki/File:NYPL_Yorkville_Branch,_Manhattan.jpg",yes
Port Richmond,public,,New York City,United States,,,75 Bennett St.,40.6375528,-74.1311500,,wikipedia-list,"File:NYPL_Port_Richmond_Branch,_Staten_Island.jpg",https://upload.wikimedia.org/wikipedia/commons/thumb/5/52/NYPL_Port_Richmond_Branch%2C_Staten_Island.jpg/1920px-NYPL_Port_Richmond_Branch%2C_Staten_Island.jpg?utm_source=commons.wikimedia.org&utm_campaign=imageinfo&utm_content=thumbnail,Mcmillin24,CC BY-SA 3.0,https://creativecommons.org/licenses/by-sa/3.0,"https://commons.wikimedia.org/wiki/File:NYPL_Port_Richmond_Branch,_Staten_Island.jpg",yes
Saint George,public,,New York City,United States,,,5 Central Ave.,40.6417167,-74.0766500,,wikipedia-list,"File:NYPL_Saint_George_Branch,_Staten_Island.jpg",https://upload.wikimedia.org/wikipedia/commons/thumb/a/ae/NYPL_Saint_George_Branch%2C_Staten_Island.jpg/1920px-NYPL_Saint_George_Branch%2C_Staten_Island.jpg?utm_source=commons.wikimedia.org&utm_campaign=imageinfo&utm_content=thumbnail,Mcmillin24,CC BY-SA 3.0,https://creativecommons.org/licenses/by-sa/3.0,"https://commons.wikimedia.org/wiki/File:NYPL_Saint_George_Branch,_Staten_Island.jpg",yes
Stapleton,public,,New York City,United States,,,132 Canal St.,40.6264583,-74.0779944,,wikipedia-list,"File:NYPL_Stapleton_Branch,_Staten_Island.jpg",https://upload.wikimedia.org/wikipedia/commons/thumb/0/0f/NYPL_Stapleton_Branch%2C_Staten_Island.jpg/1920px-NYPL_Stapleton_Branch%2C_Staten_Island.jpg?utm_source=commons.wikimedia.org&utm_campaign=imageinfo&utm_content=thumbnail,Mcmillin24,CC BY-SA 3.0,https://creativecommons.org/licenses/by-sa/3.0,"https://commons.wikimedia.org/wiki/File:NYPL_Stapleton_Branch,_Staten_Island.jpg",yes
Tottenville,public,,New York City,United States,,,7430 Amboy Rd.,40.509583,-74.2441083,,wikipedia-list,File:Tottenville_NYPL_jeh.JPG,https://upload.wikimedia.org/wikipedia/commons/thumb/0/03/Tottenville_NYPL_jeh.JPG/1920px-Tottenville_NYPL_jeh.JPG?utm_source=commons.wikimedia.org&utm_campaign=imageinfo&utm_content=thumbnail,Jim.henderson,Public domain,,https://commons.wikimedia.org/wiki/File:Tottenville_NYPL_jeh.JPG,yes
Fordham,public,,New York City,United States,,,,,,,wikipedia-list,File:Fordham_Library_Center.jpg,https://upload.wikimedia.org/wikipedia/commons/7/7a/Fordham_Library_Center.jpg?utm_source=commons.wikimedia.org&utm_campaign=imageinfo&utm_content=thumbnail_unscaled,Julian A. Henderson,CC BY-SA 3.0,https://creativecommons.org/licenses/by-sa/3.0,https://commons.wikimedia.org/wiki/File:Fordham_Library_Center.jpg,yes
High Bridge,public,,New York City,United States,,,,,,,,,,,,,,no
Hunts Point,public,,New York City,United States,,,,,,,wikipedia-list,File:Hunts_Point_NYPL_877_Southern_Blvd_jeh.jpg,https://upload.wikimedia.org/wikipedia/commons/thumb/2/29/Hunts_Point_NYPL_877_Southern_Blvd_jeh.jpg/1920px-Hunts_Point_NYPL_877_Southern_Blvd_jeh.jpg?utm_source=commons.wikimedia.org&utm_campaign=imageinfo&utm_content=thumbnail,Jim.henderson,CC0,http://creativecommons.org/publicdomain/zero/1.0/deed.en,https://commons.wikimedia.org/wiki/File:Hunts_Point_NYPL_877_Southern_Blvd_jeh.jpg,yes
Kingsbridge,public,,New York City,United States,,,,,,,,,,,,,,no
Melrose,public,,New York City,United States,,,,,,,wikipedia-list,File:Melrose_Library_Branch_1914.jpg,https://upload.wikimedia.org/wikipedia/commons/1/14/Melrose_Library_Branch_1914.jpg?utm_source=commons.wikimedia.org&utm_campaign=imageinfo&utm_content=thumbnail_unscaled,Unknown authorUnknown author,Public domain,,https://commons.wikimedia.org/wiki/File:Melrose_Library_Branch_1914.jpg,yes
Morrisania,public,,New York City,United States,,,,,,,wikipedia-list,File:NYPL_Bronx_Morrisania_Library_IMG_2780_HLG.jpg,https://upload.wikimedia.org/wikipedia/commons/thumb/1/12/NYPL_Bronx_Morrisania_Library_IMG_2780_HLG.jpg/1920px-NYPL_Bronx_Morrisania_Library_IMG_2780_HLG.jpg?utm_source=commons.wikimedia.org&utm_campaign=imageinfo&utm_content=thumbnail,Hugo L. González,CC BY-SA 4.0,https://creativecommons.org/licenses/by-sa/4.0,https://commons.wikimedia.org/wiki/File:NYPL_Bronx_Morrisania_Library_IMG_2780_HLG.jpg,yes
Mott Haven,public,,New York City,United States,,,,,,,wikipedia-list,File:Mott_Haven_NYPL_Alexander_Av_&_140_St_jeh.JPG,https://upload.wikimedia.org/wikipedia/commons/thumb/5/59/Mott_Haven_NYPL_Alexander_Av_%26_140_St_jeh.JPG/1920px-Mott_Haven_NYPL_Alexander_Av_%26_140_St_jeh.JPG?utm_source=commons.wikimedia.org&utm_campaign=imageinfo&utm_content=thumbnail,Jim.henderson,CC BY 3.0,https://creativecommons.org/licenses/by/3.0,https://commons.wikimedia.org/wiki/File:Mott_Haven_NYPL_Alexander_Av_%26_140_St_jeh.JPG,yes
Tremont,public,,New York City,United States,,,,,,,wikipedia-list,File:NYPL_Bronx_Tremont_Library_IMG_2803_HLG.jpg,https://upload.wikimedia.org/wikipedia/commons/thumb/e/ed/NYPL_Bronx_Tremont_Library_IMG_2803_HLG.jpg/1920px-NYPL_Bronx_Tremont_Library_IMG_2803_HLG.jpg?utm_source=commons.wikimedia.org&utm_campaign=imageinfo&utm_content=thumbnail,Hugo L. González,CC BY-SA 4.0,https://creativecommons.org/licenses/by-sa/4.0,https://commons.wikimedia.org/wiki/File:NYPL_Bronx_Tremont_Library_IMG_2803_HLG.jpg,yes
Woodstock,public,,New York City,United States,,,,,,,wikipedia-list,File:Woodstock_NYPL_160_St_jeh.jpg,https://upload.wikimedia.org/wikipedia/commons/thumb/7/75/Woodstock_NYPL_160_St_jeh.jpg/1920px-Woodstock_NYPL_160_St_jeh.jpg?utm_source=commons.wikimedia.org&utm_campaign=imageinfo&utm_content=thumbnail,Jim.henderson,CC BY-SA 4.0,https://creativecommons.org/licenses/by-sa/4.0,https://commons.wikimedia.org/wiki/File:Woodstock_NYPL_160_St_jeh.jpg,yes
Arlington,public,,New York City,United States,,,"203 Arlington Ave. at Warwick St. 40°40'50.4""N 73°53'14.0""W",,,,wikipedia-list,File:Arlington_Library.jpg,https://upload.wikimedia.org/wikipedia/commons/thumb/b/b5/Arlington_Library.jpg/1920px-Arlington_Library.jpg?utm_source=commons.wikimedia.org&utm_campaign=imageinfo&utm_content=thumbnail,Don Wiss,CC BY-SA 4.0,https://creativecommons.org/licenses/by-sa/4.0,https://commons.wikimedia.org/wiki/File:Arlington_Library.jpg,yes
Bedford,public,,New York City,United States,,,496 Franklin Avenue,,,,wikipedia-list,File:Bedford_BPL_Hancock_Pl_jeh.jpg,https://upload.wikimedia.org/wikipedia/commons/thumb/f/fa/Bedford_BPL_Hancock_Pl_jeh.jpg/1920px-Bedford_BPL_Hancock_Pl_jeh.jpg?utm_source=commons.wikimedia.org&utm_campaign=imageinfo&utm_content=thumbnail,Jim.henderson,CC BY-SA 3.0,https://creativecommons.org/licenses/by-sa/3.0,https://commons.wikimedia.org/wiki/File:Bedford_BPL_Hancock_Pl_jeh.jpg,yes
Brownsville,public,,New York City,United States,,,61 Glenmore Avenue,,,,wikipedia-list,File:Brownsville_Library.jpg,https://upload.wikimedia.org/wikipedia/commons/thumb/6/61/Brownsville_Library.jpg/1920px-Brownsville_Library.jpg?utm_source=commons.wikimedia.org&utm_campaign=imageinfo&utm_content=thumbnail,Don Wiss,CC BY-SA 4.0,https://creativecommons.org/licenses/by-sa/4.0,https://commons.wikimedia.org/wiki/File:Brownsville_Library.jpg,yes
Bushwick,public,,New York City,United States,,,340 Bushwick Avenue,,,,wikipedia-list,File:Bushwick_BPL_jeh.JPG,https://upload.wikimedia.org/wikipedia/commons/thumb/2/23/Bushwick_BPL_jeh.JPG/1920px-Bushwick_BPL_jeh.JPG?utm_source=commons.wikimedia.org&utm_campaign=imageinfo&utm_content=thumbnail,Jim.henderson,Public domain,,https://commons.wikimedia.org/wiki/File:Bushwick_BPL_jeh.JPG,yes
Carroll Park [now Carroll Gardens],public,,New York City,United States,,,396 Clinton Street at Union Street,,,,wikipedia-list,File:BPL_Union_Clinton_jeh.JPG,https://upload.wikimedia.org/wikipedia/commons/thumb/a/ab/BPL_Union_Clinton_jeh.JPG/1920px-BPL_Union_Clinton_jeh.JPG?utm_source=commons.wikimedia.org&utm_campaign=imageinfo&utm_content=thumbnail,Jim.henderson,CC0,http://creativecommons.org/publicdomain/zero/1.0/deed.en,https://commons.wikimedia.org/wiki/File:BPL_Union_Clinton_jeh.JPG,yes
DeKalb,public,,New York City,United States,,,790 Bushwick Avenue,,,,wikipedia-list,File:DeKalb_Library.jpg,https://upload.wikimedia.org/wikipedia/commons/thumb/e/ed/DeKalb_Library.jpg/1920px-DeKalb_Library.jpg?utm_source=commons.wikimedia.org&utm_campaign=imageinfo&utm_content=thumbnail,Don Wiss,CC BY-SA 4.0,https://creativecommons.org/licenses/by-sa/4.0,https://commons.wikimedia.org/wiki/File:DeKalb_Library.jpg,yes
Eastern Parkway,public,,New York City,United States,,,1044 Eastern Parkway,,,,wikipedia-list,File:Eastern_Parkway_Library.jpg,https://upload.wikimedia.org/wikipedia/commons/thumb/9/9a/Eastern_Parkway_Library.jpg/1920px-Eastern_Parkway_Library.jpg?utm_source=commons.wikimedia.org&utm_campaign=imageinfo&utm_content=thumbnail,Don Wiss,CC BY-SA 4.0,https://creativecommons.org/licenses/by-sa/4.0,https://commons.wikimedia.org/wiki/File:Eastern_Parkway_Library.jpg,yes
Flatbush,public,,New York City,United States,,,22 Linden Blvd. at Flatbush Ave.,,,,wikipedia-list,"File:Flatbush_Public_Library,_Brooklyn,_1915.png",https://upload.wikimedia.org/wikipedia/commons/2/2c/Flatbush_Public_Library%2C_Brooklyn%2C_1915.png?utm_source=commons.wikimedia.org&utm_campaign=imageinfo&utm_content=thumbnail_unscaled,H. Finkelstein &amp; Son,Public domain,,"https://commons.wikimedia.org/wiki/File:Flatbush_Public_Library,_Brooklyn,_1915.png",yes
Fort Hamilton,public,,New York City,United States,,,9424 Fourth Ave.,,,,wikipedia-list,File:Bay_Ridge_Carnegie_Library.jpg,https://upload.wikimedia.org/wikipedia/commons/thumb/2/29/Bay_Ridge_Carnegie_Library.jpg/1920px-Bay_Ridge_Carnegie_Library.jpg?utm_source=commons.wikimedia.org&utm_campaign=imageinfo&utm_content=thumbnail,Don Wiss,CC BY-SA 4.0,https://creativecommons.org/licenses/by-sa/4.0,https://commons.wikimedia.org/wiki/File:Bay_Ridge_Carnegie_Library.jpg,yes
Greenpoint,public,,New York City,United States,,,107 Norman Ave.,40.72583,-73.950722,,wikipedia-list,"File:Carnegie_Library._Greenpoint,_Brooklyn,_N.Y.jpg",https://upload.wikimedia.org/wikipedia/commons/3/37/Carnegie_Library._Greenpoint%2C_Brooklyn%2C_N.Y.jpg?utm_source=commons.wikimedia.org&utm_campaign=imageinfo&utm_content=thumbnail_unscaled,"""Published by Andrew Sawer Jr."" Printed in Germany.",CC BY-SA 4.0,https://creativecommons.org/licenses/by-sa/4.0,"https://commons.wikimedia.org/wiki/File:Carnegie_Library._Greenpoint,_Brooklyn,_N.Y.jpg",yes
Leonard,public,,New York City,United States,,,"81 Devoe St. at Leonard St., Williamsburg",,,,wikipedia-list,File:Leonard_Devoe_BPL_jeh.jpg,https://upload.wikimedia.org/wikipedia/commons/thumb/5/55/Leonard_Devoe_BPL_jeh.jpg/1920px-Leonard_Devoe_BPL_jeh.jpg?utm_source=commons.wikimedia.org&utm_campaign=imageinfo&utm_content=thumbnail,Jim.henderson,CC0,http://creativecommons.org/publicdomain/zero/1.0/deed.en,https://commons.wikimedia.org/wiki/File:Leonard_Devoe_BPL_jeh.jpg,yes
Macon,public,,New York City,United States,,,"361 Lewis Avenue, Bedford-Stuyversant",,,https://en.wikipedia.org/wiki/Macon_Library,wikipedia-list,File:Macon-library-brooklyn.jpg,https://upload.wikimedia.org/wikipedia/commons/thumb/0/04/Macon-library-brooklyn.jpg/1920px-Macon-library-brooklyn.jpg?utm_source=commons.wikimedia.org&utm_campaign=imageinfo&utm_content=thumbnail,Ehblake,CC BY-SA 4.0,https://creativecommons.org/licenses/by-sa/4.0,https://commons.wikimedia.org/wiki/File:Macon-library-brooklyn.jpg,yes
Pacific,public,,New York City,United States,,,25 4th Avenue at Pacific Street,,,,wikipedia-list,File:Pacific_BPL_with_bus_jeh.jpg,https://upload.wikimedia.org/wikipedia/commons/thumb/9/90/Pacific_BPL_with_bus_jeh.jpg/1920px-Pacific_BPL_with_bus_jeh.jpg?utm_source=commons.wikimedia.org&utm_campaign=imageinfo&utm_content=thumbnail,Jim.henderson,CC0,http://creativecommons.org/publicdomain/zero/1.0/deed.en,https://commons.wikimedia.org/wiki/File:Pacific_BPL_with_bus_jeh.jpg,yes
Prospect [now Park Slope],public,,New York City,United States,,,431 6th Ave. at 9th St.,,,,wikipedia-list,File:BPL_Prospect_Branch_jeh.JPG,https://upload.wikimedia.org/wikipedia/commons/9/93/BPL_Prospect_Branch_jeh.JPG?utm_source=commons.wikimedia.org&utm_campaign=imageinfo&utm_content=thumbnail_unscaled,Jim.henderson,CC0,http://creativecommons.org/publicdomain/zero/1.0/deed.en,https://commons.wikimedia.org/wiki/File:BPL_Prospect_Branch_jeh.JPG,yes
Red Hook,public,,New York City,United States,,,,,,,wikipedia-list,"File:Red_Hook_Branch,_Brooklyn_Public_Library.jpg",https://upload.wikimedia.org/wikipedia/commons/b/b2/Red_Hook_Branch%2C_Brooklyn_Public_Library.jpg?utm_source=commons.wikimedia.org&utm_campaign=imageinfo&utm_content=thumbnail_unscaled,Unknown authorUnknown author,Public domain,,"https://commons.wikimedia.org/wiki/File:Red_Hook_Branch,_Brooklyn_Public_Library.jpg",yes
Saratoga,public,,New York City,United States,,,8 Thomas S Boyland Street,40.684750,-73.91500,,wikipedia-list,File:Saratoga_Library.jpg,https://upload.wikimedia.org/wikipedia/commons/thumb/4/4d/Saratoga_Library.jpg/1920px-Saratoga_Library.jpg?utm_source=commons.wikimedia.org&utm_campaign=imageinfo&utm_content=thumbnail,Don Wiss,CC BY-SA 4.0,https://creativecommons.org/licenses/by-sa/4.0,https://commons.wikimedia.org/wiki/File:Saratoga_Library.jpg,yes
South,public,,New York City,United States,,,51st street and 4th Avenue,,,,wikipedia-list,File:South_Branch_Library.jpg,https://upload.wikimedia.org/wikipedia/commons/d/d3/South_Branch_Library.jpg?utm_source=commons.wikimedia.org&utm_campaign=imageinfo&utm_content=thumbnail_unscaled,The Rotograph Co. N.Y.City. Printed in Germany A 19c,CC BY-SA 4.0,https://creativecommons.org/licenses/by-sa/4.0,https://commons.wikimedia.org/wiki/File:South_Branch_Library.jpg,yes
Stone Avenue,public,,New York City,United States,,,581 Mother Gaston Boulevard,,,,wikipedia-list,File:Stone_Avenue_Library.jpg,https://upload.wikimedia.org/wikipedia/commons/thumb/1/16/Stone_Avenue_Library.jpg/1920px-Stone_Avenue_Library.jpg?utm_source=commons.wikimedia.org&utm_campaign=imageinfo&utm_content=thumbnail,Don Wiss,CC BY-SA 4.0,https://creativecommons.org/licenses/by-sa/4.0,https://commons.wikimedia.org/wiki/File:Stone_Avenue_Library.jpg,yes
Walt Whitman,public,,New York City,United States,,,"93 Saint Edwards Street, Ft Greene",,,,wikipedia-list,File:St_Edwards_BPL_jeh.jpg,https://upload.wikimedia.org/wikipedia/commons/thumb/b/b0/St_Edwards_BPL_jeh.jpg/1920px-St_Edwards_BPL_jeh.jpg?utm_source=commons.wikimedia.org&utm_campaign=imageinfo&utm_content=thumbnail,Jim.henderson,Public domain,,https://commons.wikimedia.org/wiki/File:St_Edwards_BPL_jeh.jpg,yes
Washington Irving,public,,New York City,United States,,,360 Irving Ave. Bushwick,40.69750,-73.91222,,wikipedia-list,File:Washington_Irving_Library.jpg,https://upload.wikimedia.org/wikipedia/commons/thumb/2/20/Washington_Irving_Library.jpg/1920px-Washington_Irving_Library.jpg?utm_source=commons.wikimedia.org&utm_campaign=imageinfo&utm_content=thumbnail,Don Wiss,CC BY-SA 4.0,https://creativecommons.org/licenses/by-sa/4.0,https://commons.wikimedia.org/wiki/File:Washington_Irving_Library.jpg,yes
Williamsburg,public,,New York City,United States,,,240 Division Avenue,40.70694,-73.95750,,wikipedia-list,File:BPL_Williamsburg_240_Division_Av_jeh.jpg,https://upload.wikimedia.org/wikipedia/commons/thumb/9/90/BPL_Williamsburg_240_Division_Av_jeh.jpg/1920px-BPL_Williamsburg_240_Division_Av_jeh.jpg?utm_source=commons.wikimedia.org&utm_campaign=imageinfo&utm_content=thumbnail,Jim.henderson,CC BY 3.0,https://creativecommons.org/licenses/by/3.0,https://commons.wikimedia.org/wiki/File:BPL_Williamsburg_240_Division_Av_jeh.jpg,yes
Astoria,public,,New York City,United States,,,14-01 Astoria Blvd.,,,,wikipedia-list,File:Astoria_Public_Library_Postcard.jpg,https://upload.wikimedia.org/wikipedia/commons/c/cb/Astoria_Public_Library_Postcard.jpg?utm_source=commons.wikimedia.org&utm_campaign=imageinfo&utm_content=thumbnail_unscaled,"W.T. Burns &amp; Co, Astoria, N.Y. Germany",Public domain,,https://commons.wikimedia.org/wiki/File:Astoria_Public_Library_Postcard.jpg,yes
Elmhurst,public,,New York City,United States,,,86-01 Broadway,40.738470,-73.877307,,wikipedia-list,File:Elmhurst_QPL_jeh.jpg,https://upload.wikimedia.org/wikipedia/commons/thumb/5/50/Elmhurst_QPL_jeh.jpg/1920px-Elmhurst_QPL_jeh.jpg?utm_source=commons.wikimedia.org&utm_campaign=imageinfo&utm_content=thumbnail,Jim.henderson,CC0,http://creativecommons.org/publicdomain/zero/1.0/deed.en,https://commons.wikimedia.org/wiki/File:Elmhurst_QPL_jeh.jpg,yes
Far Rockaway,public,,New York City,United States,,,,,,,wikipedia-list,"File:Queens_Borough;_being_a_descriptive_and_illustrated_book_of_the_borough_of_Queens,_city_of_Greater_New_York,_setting_forth_its_many_advantages_and_possibilities_as_a_section_wherein_to_live,_to_work_(14596366017).jpg",https://upload.wikimedia.org/wikipedia/commons/4/4d/Queens_Borough%3B_being_a_descriptive_and_illustrated_book_of_the_borough_of_Queens%2C_city_of_Greater_New_York%2C_setting_forth_its_many_advantages_and_possibilities_as_a_section_wherein_to_live%2C_to_work_%2814596366017%29.jpg?utm_source=commons.wikimedia.org&utm_campaign=imageinfo&utm_content=thumbnail_unscaled,Internet Archive Book Images,No restrictions,https://www.flickr.com/commons/usage/,"https://commons.wikimedia.org/wiki/File:Queens_Borough;_being_a_descriptive_and_illustrated_book_of_the_borough_of_Queens,_city_of_Greater_New_York,_setting_forth_its_many_advantages_and_possibilities_as_a_section_wherein_to_live,_to_work_(14596366017).jpg",yes
Flushing,public,,New York City,United States,,,Kissena Boulevard and Main Street,,,,wikipedia-list,File:Flushing_Queens_Library.jpg,https://upload.wikimedia.org/wikipedia/commons/b/b7/Flushing_Queens_Library.jpg?utm_source=commons.wikimedia.org&utm_campaign=imageinfo&utm_content=thumbnail_unscaled,"Pub. by Douglass Caulkins, Lynnbrook, N.Y.",CC BY-SA 4.0,https://creativecommons.org/licenses/by-sa/4.0,https://commons.wikimedia.org/wiki/File:Flushing_Queens_Library.jpg,yes
Poppenhusen,public,,New York City,United States,,,121-23 14th Ave. and 13-16 College Point Blvd.,,,,wikipedia-list,File:Poppenhusen_QPL_jeh.JPG,https://upload.wikimedia.org/wikipedia/commons/thumb/b/bf/Poppenhusen_QPL_jeh.JPG/1920px-Poppenhusen_QPL_jeh.JPG?utm_source=commons.wikimedia.org&utm_campaign=imageinfo&utm_content=thumbnail,MyName (Jim.henderson (talk)),Public domain,,https://commons.wikimedia.org/wiki/File:Poppenhusen_QPL_jeh.JPG,yes
Richmond Hill,public,,New York City,United States,,,118-14 Hillside Ave.,,,,wikipedia-list,"File:Richmond_Hill,_QPL_Carnegie_Library.jpg",https://upload.wikimedia.org/wikipedia/commons/thumb/9/90/Richmond_Hill%2C_QPL_Carnegie_Library.jpg/1920px-Richmond_Hill%2C_QPL_Carnegie_Library.jpg?utm_source=commons.wikimedia.org&utm_campaign=imageinfo&utm_content=thumbnail,DanTD,CC BY-SA 4.0,https://creativecommons.org/licenses/by-sa/4.0,"https://commons.wikimedia.org/wiki/File:Richmond_Hill,_QPL_Carnegie_Library.jpg",yes
Woodhaven,public,,New York City,United States,,,85-41 Forest Pkwy.,,,,wikipedia-list,File:Woodhaven_library_20190208.jpg,https://upload.wikimedia.org/wikipedia/commons/thumb/9/91/Woodhaven_library_20190208.jpg/1920px-Woodhaven_library_20190208.jpg?utm_source=commons.wikimedia.org&utm_campaign=imageinfo&utm_content=thumbnail,CaptJayRuffins,CC BY-SA 4.0,https://creativecommons.org/licenses/by-sa/4.0,https://commons.wikimedia.org/wiki/File:Woodhaven_library_20190208.jpg,yes
Andrews,public,Andrews,North Carolina,United States,"Apr 13, 1914","$5,000",,,,,,,,,,,,no
Charlotte,public,Charlotte,North Carolina,United States,"Mar 12, 1901","$40,000",310 N. Tryon St.,,,,,,,,,,,no
Durham,public,Durham,North Carolina,United States,"Sep 14, 1917","$32,000",311 E. Main St.,,,,,,,,,,,no
Greensboro Main,public,Greensboro,North Carolina,United States,"Apr 26, 1902","$40,446",,,,,,,,,,,,no
Greensboro Carnegie Branch,public,Greensboro,North Carolina,United States,"Apr 26, 1902",—,900 E. Washington St.,,,,,,,,,,,no
Hendersonville,public,Hendersonville,North Carolina,United States,"May 2, 1911","$10,000",4th Ave. and King St.,,,,,,,,,,,no
Hickory,public,Hickory,North Carolina,United States,"May 3, 1917","$13,250",415 1st Ave. NW,,,https://en.wikipedia.org/wiki/Elliott%E2%80%93Carnegie_Library,wikipedia-list,"File:Elliott_Carnegie_Library,_Hickory,_North_Carolina.jpg",https://upload.wikimedia.org/wikipedia/commons/thumb/f/fb/Elliott_Carnegie_Library%2C_Hickory%2C_North_Carolina.jpg/1920px-Elliott_Carnegie_Library%2C_Hickory%2C_North_Carolina.jpg?utm_source=commons.wikimedia.org&utm_campaign=imageinfo&utm_content=thumbnail,Tylerg,CC BY-SA 3.0,https://creativecommons.org/licenses/by-sa/3.0,"https://commons.wikimedia.org/wiki/File:Elliott_Carnegie_Library,_Hickory,_North_Carolina.jpg",yes
Murphy,public,Murphy,North Carolina,United States,"May 15, 1916","$7,500",87 Peachtree St.,,,,wikipedia-list,File:The_Murphy_NC_Carnegie_library_building_now_houses_the_Cherokee_County_Historical_Museum.jpg,https://upload.wikimedia.org/wikipedia/commons/thumb/b/bc/The_Murphy_NC_Carnegie_library_building_now_houses_the_Cherokee_County_Historical_Museum.jpg/1920px-The_Murphy_NC_Carnegie_library_building_now_houses_the_Cherokee_County_Historical_Museum.jpg?utm_source=commons.wikimedia.org&utm_campaign=imageinfo&utm_content=thumbnail,Harrison Keely,CC BY 4.0,https://creativecommons.org/licenses/by/4.0,https://commons.wikimedia.org/wiki/File:The_Murphy_NC_Carnegie_library_building_now_houses_the_Cherokee_County_Historical_Museum.jpg,yes
Rutherford College,public,Rutherford College,North Carolina,United States,"Feb 21, 1907","$2,500",,,,,,,,,,,,no
Winston-Salem,public,Winston-Salem,North Carolina,United States,"Feb 12, 1903","$15,000",211 W. 3rd St.,,,,,,,,,,,no
Bismarck,public,Bismarck,North Dakota,United States,"Jan 28, 1916","$25,000",Thayer Ave. and 6th St.,46.8077056,-100.783778,,,,,,,,,no
Devils Lake,public,Devils Lake,North Dakota,United States,"Apr 23, 1908","$12,500",623 4th Ave.,48.11472,-98.86028,https://en.wikipedia.org/wiki/Devils_Lake_Carnegie_Library,wikipedia-list,File:Devils_Lake_Carnegie_Library.jpg,https://upload.wikimedia.org/wikipedia/commons/7/78/Devils_Lake_Carnegie_Library.jpg?utm_source=commons.wikimedia.org&utm_campaign=imageinfo&utm_content=thumbnail_unscaled,Unknown authorUnknown author,Public domain,,https://commons.wikimedia.org/wiki/File:Devils_Lake_Carnegie_Library.jpg,yes
Dickinson,public,Dickinson,North Dakota,United States,"Mar 21, 1908","$12,500","139 3rd St., W.",46.8819389,-102.7871194,https://en.wikipedia.org/wiki/Dickinson_Area_Public_Library,wikipedia-list,File:DickinsonND_CarnegieLibrary.jpg,https://upload.wikimedia.org/wikipedia/commons/7/7a/DickinsonND_CarnegieLibrary.jpg?utm_source=commons.wikimedia.org&utm_campaign=imageinfo&utm_content=thumbnail_unscaled,Magicpiano,CC BY-SA 4.0,https://creativecommons.org/licenses/by-sa/4.0,https://commons.wikimedia.org/wiki/File:DickinsonND_CarnegieLibrary.jpg,yes
Fargo,public,Fargo,North Dakota,United States,"Mar 6, 1901","$20,000",625 2nd Ave. N.,46.879806,-96.7886167,,,,,,,,,no
Grafton,public,Grafton,North Dakota,United States,"Feb 2, 1903","$10,000",49 W. 7th St.,48.4177083,-97.4124778,,,,,,,,,no
Grand Forks,public,Grand Forks,North Dakota,United States,"Jul 4, 1901","$22,700",Corner of N 5th St and Alpha/1st Avenue.,,,,,,,,,,,no
Minot,public,Minot,North Dakota,United States,"Aug 29, 1908","$15,000","105 2nd Ave., SE",48.23472,-101.29083,https://en.wikipedia.org/wiki/Minot_Carnegie_Library,wikipedia-list,File:Carnegie_Center_Minot.jpg,https://upload.wikimedia.org/wikipedia/commons/c/cf/Carnegie_Center_Minot.jpg?utm_source=commons.wikimedia.org&utm_campaign=imageinfo&utm_content=thumbnail_unscaled,A1%,CC BY-SA 3.0,https://creativecommons.org/licenses/by-sa/3.0,https://commons.wikimedia.org/wiki/File:Carnegie_Center_Minot.jpg,yes
Valley City,public,Valley City,North Dakota,United States,"Jul 5, 1901","$15,000",410 Central Ave. N.,46.92639,-98.00306,https://en.wikipedia.org/wiki/Valley_City_Carnegie_Library,wikipedia-list,File:Valley_City_Public_Library.jpg,https://upload.wikimedia.org/wikipedia/commons/thumb/d/d4/Valley_City_Public_Library.jpg/1920px-Valley_City_Public_Library.jpg?utm_source=commons.wikimedia.org&utm_campaign=imageinfo&utm_content=thumbnail,Andrew Filer,CC BY-SA 2.0,https://creativecommons.org/licenses/by-sa/2.0,https://commons.wikimedia.org/wiki/File:Valley_City_Public_Library.jpg,yes
Hobart,public,Hobart,Tasmania,Australia,6 Oct 1902,"$36,505",16 Argyle Street,,,,wikipedia-list,File:Maritime_Museum_of_Tasmania_(2023).jpg,https://upload.wikimedia.org/wikipedia/commons/thumb/9/9b/Maritime_Museum_of_Tasmania_%282023%29.jpg/1920px-Maritime_Museum_of_Tasmania_%282023%29.jpg?utm_source=commons.wikimedia.org&utm_campaign=imageinfo&utm_content=thumbnail,Canley,CC BY-SA 4.0,https://creativecommons.org/licenses/by-sa/4.0,https://commons.wikimedia.org/wiki/File:Maritime_Museum_of_Tasmania_(2023).jpg,yes
Midland Junction,public,Midland Junction,Western Australia,Australia,2 Dec 1909,"$7,300",,,,,,,,,,,,no
Mildura,public,Mildura,Victoria,Australia,23 Jun 1906,"$9,825",,,,,commons-namesearch,File:13694-Mildura-1911-The Carnegie Public Library-Brück & Sohn Kunstverlag.jpg,https://upload.wikimedia.org/wikipedia/commons/1/12/13694-Mildura-1911-The_Carnegie_Public_Library-Br%C3%BCck_%26_Sohn_Kunstverlag.jpg?utm_source=commons.wikimedia.org&utm_campaign=imageinfo&utm_content=thumbnail_unscaled,Brück &amp; Sohn Kunstverlag Meißen,CC0,http://creativecommons.org/publicdomain/zero/1.0/deed.en,https://commons.wikimedia.org/wiki/File:13694-Mildura-1911-The_Carnegie_Public_Library-Br%C3%BCck_%26_Sohn_Kunstverlag.jpg,yes
Northcote,public,Northcote,Victoria,Australia,13 Mar 1909,"$14,610",,,,,,,,,,,,no
Alexandra,public,Alexandra,Otago,New Zealand,2 Dec 1909,"$3,880",,,,,,,,,,,,no
Balclutha,public,Balclutha,Otago,New Zealand,2 Apr 1913,"$4,870",23 John Street,,,,,,,,,,,no
Cambridge,public,Cambridge,Waikato,New Zealand,14 Dec 1908,"$4,870",,,,,wikipedia-list,"File:Carnegie_Library_Cambridge,_1911.jpg",https://upload.wikimedia.org/wikipedia/commons/thumb/d/d6/Carnegie_Library_Cambridge%2C_1911.jpg/1920px-Carnegie_Library_Cambridge%2C_1911.jpg?utm_source=commons.wikimedia.org&utm_campaign=imageinfo&utm_content=thumbnail,Frederick George Radcliffe,Public domain,,"https://commons.wikimedia.org/wiki/File:Carnegie_Library_Cambridge,_1911.jpg",yes
Dannevirke,public,Dannevirke,Manawatū-Whanganui,New Zealand,10 Apr 1906,"$9,690",,,,,wikipedia-list,"File:Former_Public_Library,_Dannevirke,_New_Zealand_(72).JPG",https://upload.wikimedia.org/wikipedia/commons/thumb/8/80/Former_Public_Library%2C_Dannevirke%2C_New_Zealand_%2872%29.JPG/1920px-Former_Public_Library%2C_Dannevirke%2C_New_Zealand_%2872%29.JPG?utm_source=commons.wikimedia.org&utm_campaign=imageinfo&utm_content=thumbnail,Michal Klajban,CC BY-SA 4.0,https://creativecommons.org/licenses/by-sa/4.0,"https://commons.wikimedia.org/wiki/File:Former_Public_Library,_Dannevirke,_New_Zealand_(72).JPG",yes
Dunedin,public,Dunedin,Otago,New Zealand,19 Sep 1902,"$48,700",Moray Place,,,,wikipedia-list,"File:Dunedin_Public_Library_(former),_New_Zealand1.JPG",https://upload.wikimedia.org/wikipedia/commons/thumb/e/e0/Dunedin_Public_Library_%28former%29%2C_New_Zealand1.JPG/1920px-Dunedin_Public_Library_%28former%29%2C_New_Zealand1.JPG?utm_source=commons.wikimedia.org&utm_campaign=imageinfo&utm_content=thumbnail,Benchill,CC BY-SA 3.0,https://creativecommons.org/licenses/by-sa/3.0,"https://commons.wikimedia.org/wiki/File:Dunedin_Public_Library_(former),_New_Zealand1.JPG",yes
Fairlie,public,Fairlie,Canterbury,New Zealand,31 Jan 1913,"$4,875",6 Allandale Road,,,,wikipedia-list,"File:Carnegie_Library,_Fairlie_241.JPG",https://upload.wikimedia.org/wikipedia/commons/thumb/a/a2/Carnegie_Library%2C_Fairlie_241.JPG/1920px-Carnegie_Library%2C_Fairlie_241.JPG?utm_source=commons.wikimedia.org&utm_campaign=imageinfo&utm_content=thumbnail,Schwede66,CC BY-SA 4.0,https://creativecommons.org/licenses/by-sa/4.0,"https://commons.wikimedia.org/wiki/File:Carnegie_Library,_Fairlie_241.JPG",yes
Gore,public,Gore,Southland,New Zealand,10 Jul 1907,"$9,750",14 Hokonui Drive,,,,wikipedia-list,File:The_Old_Public_Library_(Gore).jpg,https://upload.wikimedia.org/wikipedia/commons/thumb/3/39/The_Old_Public_Library_%28Gore%29.jpg/1920px-The_Old_Public_Library_%28Gore%29.jpg?utm_source=commons.wikimedia.org&utm_campaign=imageinfo&utm_content=thumbnail,Mrs Puff,CC BY-SA 2.0,https://creativecommons.org/licenses/by-sa/2.0,https://commons.wikimedia.org/wiki/File:The_Old_Public_Library_(Gore).jpg,yes
Greymouth,public,Greymouth,West Coast,New Zealand,5 Oct 1904,"$10,967",,,,,wikipedia-list,"File:Town_Hall_and_Municipal_Library,_Greymouth.jpg",https://upload.wikimedia.org/wikipedia/commons/thumb/2/26/Town_Hall_and_Municipal_Library%2C_Greymouth.jpg/1920px-Town_Hall_and_Municipal_Library%2C_Greymouth.jpg?utm_source=commons.wikimedia.org&utm_campaign=imageinfo&utm_content=thumbnail,National Library NZ on The Commons,No restrictions,https://www.flickr.com/commons/usage/,"https://commons.wikimedia.org/wiki/File:Town_Hall_and_Municipal_Library,_Greymouth.jpg",yes
Hamilton,public,Hamilton,Waikato,New Zealand,23 Apr 1906,"$9,720",354 Victoria Street,,,,wikipedia-list,"File:Hamilton_Carnegie_Library,_1908.jpg",https://upload.wikimedia.org/wikipedia/commons/thumb/b/ba/Hamilton_Carnegie_Library%2C_1908.jpg/1920px-Hamilton_Carnegie_Library%2C_1908.jpg?utm_source=commons.wikimedia.org&utm_campaign=imageinfo&utm_content=thumbnail,not stated,Public domain,,"https://commons.wikimedia.org/wiki/File:Hamilton_Carnegie_Library,_1908.jpg",yes
Hastings,public,Hastings,Hawke's Bay,New Zealand,29 May 1905,"$12,175",,,,,,,,,,,,no
Hokitika,public,Hokitika,West Coast,New Zealand,20 Jun 1905,"$12,175",17 Hamilton Street,,,,wikipedia-list,File:Hokitika_Museum_248.JPG,https://upload.wikimedia.org/wikipedia/commons/thumb/d/df/Hokitika_Museum_248.JPG/1920px-Hokitika_Museum_248.JPG?utm_source=commons.wikimedia.org&utm_campaign=imageinfo&utm_content=thumbnail,Schwede66,CC BY-SA 4.0,https://creativecommons.org/licenses/by-sa/4.0,https://commons.wikimedia.org/wiki/File:Hokitika_Museum_248.JPG,yes
Levin,public,Levin,Manawatū-Whanganui,New Zealand,28 Sep 1909,"$7,290",,,,,wikipedia-list,"File:Public_library,_Levin_1920.jpg",https://upload.wikimedia.org/wikipedia/commons/thumb/d/d9/Public_library%2C_Levin_1920.jpg/1920px-Public_library%2C_Levin_1920.jpg?utm_source=commons.wikimedia.org&utm_campaign=imageinfo&utm_content=thumbnail,Photographer unidentified,Public domain,,"https://commons.wikimedia.org/wiki/File:Public_library,_Levin_1920.jpg",yes
Marton,public,Marton,Manawatū-Whanganui,New Zealand,23 Jul 1914,"$6,075",,,,,,,,,,,,no
New Plymouth,public,New Plymouth,Taranaki,New Zealand,13 Feb 1906,"$12,150",,,,,,,,,,,,no
Onehunga,public,Onehunga,Auckland,New Zealand,15 Jul 1909,"$9,720",55 Princes Street,,,,wikipedia-list,File:NZ_AK_Carnegie_Free_Library_(1).jpg,https://upload.wikimedia.org/wikipedia/commons/thumb/a/a0/NZ_AK_Carnegie_Free_Library_%281%29.jpg/1920px-NZ_AK_Carnegie_Free_Library_%281%29.jpg?utm_source=commons.wikimedia.org&utm_campaign=imageinfo&utm_content=thumbnail,Itineris55,CC BY-SA 4.0,https://creativecommons.org/licenses/by-sa/4.0,https://commons.wikimedia.org/wiki/File:NZ_AK_Carnegie_Free_Library_(1).jpg,yes
Thames,public,Thames,Waikato,New Zealand,7 Jan 1904,"$9,760",,,,,wikipedia-list,File:Carnegie_Free_Library_Building_In_Thames.jpg,https://upload.wikimedia.org/wikipedia/commons/3/35/Carnegie_Free_Library_Building_In_Thames.jpg?utm_source=commons.wikimedia.org&utm_campaign=imageinfo&utm_content=thumbnail_unscaled,Ingolfson,Public domain,,https://commons.wikimedia.org/wiki/File:Carnegie_Free_Library_Building_In_Thames.jpg,yes
Timaru,public,Timaru,Canterbury,New Zealand,14 Jun 1906,"$21,010",2 King George Place,,,,wikipedia-list,"File:Municipal_Offices_&_Public_Library,_Timaru.jpg",https://upload.wikimedia.org/wikipedia/commons/thumb/c/ca/Municipal_Offices_%26_Public_Library%2C_Timaru.jpg/1920px-Municipal_Offices_%26_Public_Library%2C_Timaru.jpg?utm_source=commons.wikimedia.org&utm_campaign=imageinfo&utm_content=thumbnail,Karora,Public domain,,"https://commons.wikimedia.org/wiki/File:Municipal_Offices_%26_Public_Library,_Timaru.jpg",yes
Westport,public,Westport,West Coast,New Zealand,10 Sep 1903,"$9,720",Lyndhurst Street,,,,wikipedia-list,File:Westport_NZ_Public_Library.JPG,https://upload.wikimedia.org/wikipedia/commons/thumb/a/a1/Westport_NZ_Public_Library.JPG/1920px-Westport_NZ_Public_Library.JPG?utm_source=commons.wikimedia.org&utm_campaign=imageinfo&utm_content=thumbnail,Mattinbgn (talk · contribs),CC BY 3.0,https://creativecommons.org/licenses/by/3.0,https://commons.wikimedia.org/wiki/File:Westport_NZ_Public_Library.JPG,yes
Akron,public,Akron,Ohio,United States,"Dec 24, 1901","$82,000",69 E. Market St.,,,https://en.wikipedia.org/wiki/Akron_Public_Library,wikipedia-list,"File:Former_Carnegie_Library,_Akron,_UH_USA.jpg",https://upload.wikimedia.org/wikipedia/commons/a/a8/Former_Carnegie_Library%2C_Akron%2C_UH_USA.jpg?utm_source=commons.wikimedia.org&utm_campaign=imageinfo&utm_content=thumbnail_unscaled,Carptrash,CC BY-SA 3.0,https://creativecommons.org/licenses/by-sa/3.0,"https://commons.wikimedia.org/wiki/File:Former_Carnegie_Library,_Akron,_UH_USA.jpg",yes
Alliance,public,Alliance,Ohio,United States,"Jan 13, 1903","$25,000",NE corner of S. Arch Ave. & High St.,,,,wikipedia-list,"File:Alliance,_Ohio.jpg",https://upload.wikimedia.org/wikipedia/commons/9/91/Alliance%2C_Ohio.jpg?utm_source=commons.wikimedia.org&utm_campaign=imageinfo&utm_content=thumbnail_unscaled,Unknown authorUnknown author,CC BY-SA 4.0,https://creativecommons.org/licenses/by-sa/4.0,"https://commons.wikimedia.org/wiki/File:Alliance,_Ohio.jpg",yes
Amherst,public,Amherst,Ohio,United States,"Mar 8, 1904","$10,000",221 Spring St.,,,,wikipedia-list,File:Carnegie_Library_P5080677.jpg,https://upload.wikimedia.org/wikipedia/commons/thumb/f/f0/Carnegie_Library_P5080677.jpg/1920px-Carnegie_Library_P5080677.jpg?utm_source=commons.wikimedia.org&utm_campaign=imageinfo&utm_content=thumbnail,Chris Light,CC BY-SA 4.0,https://creativecommons.org/licenses/by-sa/4.0,https://commons.wikimedia.org/wiki/File:Carnegie_Library_P5080677.jpg,yes
Ashtabula,public,Ashtabula,Ohio,United States,"Mar 6, 1901","$15,000",335 W. 44th St.,,,,wikipedia-list,File:Carnegie_Library_(13903811627).jpg,https://upload.wikimedia.org/wikipedia/commons/thumb/d/d7/Carnegie_Library_%2813903811627%29.jpg/1920px-Carnegie_Library_%2813903811627%29.jpg?utm_source=commons.wikimedia.org&utm_campaign=imageinfo&utm_content=thumbnail,Miami University Libraries - Digital Collections,No restrictions,https://www.flickr.com/commons/usage/,https://commons.wikimedia.org/wiki/File:Carnegie_Library_(13903811627).jpg,yes
Athens,public,Athens,Ohio,United States,"Dec 16, 1903","$30,000",32 Park Place,,,,wikipedia-list,File:OU_Scripps_Hall.JPG,https://upload.wikimedia.org/wikipedia/commons/thumb/1/17/OU_Scripps_Hall.JPG/1920px-OU_Scripps_Hall.JPG?utm_source=commons.wikimedia.org&utm_campaign=imageinfo&utm_content=thumbnail,Ed!(talk)(Hall of Fame),CC BY-SA 3.0,https://creativecommons.org/licenses/by-sa/3.0,https://commons.wikimedia.org/wiki/File:OU_Scripps_Hall.JPG,yes
Bellefontaine,public,Bellefontaine,Ohio,United States,"Jan 6, 1903","$14,000",140 N. Main St.,,,,wikipedia-list,File:Carnegie_library_in_Bellefontaine.jpg,https://upload.wikimedia.org/wikipedia/commons/thumb/7/7f/Carnegie_library_in_Bellefontaine.jpg/1920px-Carnegie_library_in_Bellefontaine.jpg?utm_source=commons.wikimedia.org&utm_campaign=imageinfo&utm_content=thumbnail,Nyttend,Public domain,,https://commons.wikimedia.org/wiki/File:Carnegie_library_in_Bellefontaine.jpg,yes
Bellevue,public,Bellevue,Ohio,United States,"Jan 13, 1903","$13,600",224 E. Main St.,,,,wikipedia-list,File:Bellevue_Carnegie_Library_PC050661.jpg,https://upload.wikimedia.org/wikipedia/commons/thumb/c/ca/Bellevue_Carnegie_Library_PC050661.jpg/1920px-Bellevue_Carnegie_Library_PC050661.jpg?utm_source=commons.wikimedia.org&utm_campaign=imageinfo&utm_content=thumbnail,Chris Light,CC BY-SA 4.0,https://creativecommons.org/licenses/by-sa/4.0,https://commons.wikimedia.org/wiki/File:Bellevue_Carnegie_Library_PC050661.jpg,yes
Bristolville,public,Bristolville,Ohio,United States,"Apr 25, 1911","$6,000",1855 Greenville Rd.,,,,wikipedia-list,"File:Bristol,_OH_Library.jpg",https://upload.wikimedia.org/wikipedia/commons/thumb/e/e2/Bristol%2C_OH_Library.jpg/1920px-Bristol%2C_OH_Library.jpg?utm_source=commons.wikimedia.org&utm_campaign=imageinfo&utm_content=thumbnail,"Bristol Public Library, Bristolville, OH",CC BY-SA 4.0,https://creativecommons.org/licenses/by-sa/4.0,"https://commons.wikimedia.org/wiki/File:Bristol,_OH_Library.jpg",yes
Bryan,public,Bryan,Ohio,United States,"Feb 12, 1903","$10,000",107 E. High St.,,,,wikipedia-list,File:PB020121_Bryan_Carnegie_Library.JPG,https://upload.wikimedia.org/wikipedia/commons/a/a7/PB020121_Bryan_Carnegie_Library.JPG?utm_source=commons.wikimedia.org&utm_campaign=imageinfo&utm_content=thumbnail_unscaled,Chris Light (talk),CC BY-SA 3.0,https://creativecommons.org/licenses/by-sa/3.0,https://commons.wikimedia.org/wiki/File:PB020121_Bryan_Carnegie_Library.JPG,yes
Bucyrus,public,Bucyrus,Ohio,United States,"Jun 1, 1903","$15,000",200 E. Mansfield St.,,,,wikipedia-list,File:Carnegie_library_in_Bucyrus.jpg,https://upload.wikimedia.org/wikipedia/commons/thumb/d/de/Carnegie_library_in_Bucyrus.jpg/1920px-Carnegie_library_in_Bucyrus.jpg?utm_source=commons.wikimedia.org&utm_campaign=imageinfo&utm_content=thumbnail,Nyttend,Public domain,,https://commons.wikimedia.org/wiki/File:Carnegie_library_in_Bucyrus.jpg,yes
Cambridge,public,Cambridge,Ohio,United States,"Jan 22, 1902","$21,000",800 Steubenville Ave.,,,,wikipedia-list,File:Guernsey_County_District_Public_Library.jpg,https://upload.wikimedia.org/wikipedia/commons/thumb/4/4a/Guernsey_County_District_Public_Library.jpg/1920px-Guernsey_County_District_Public_Library.jpg?utm_source=commons.wikimedia.org&utm_campaign=imageinfo&utm_content=thumbnail,Nyttend,Public domain,,https://commons.wikimedia.org/wiki/File:Guernsey_County_District_Public_Library.jpg,yes
Canton,public,Canton,Ohio,United States,"Apr 15, 1901","$60,000",236 3rd St. SW,,,https://en.wikipedia.org/wiki/Canton_Public_Library,wikipedia-list,"File:Canton_Public_Library,_236_3rd_St.,_SW,_Canton,_OH_7-23-2010_12-39-00_PM.JPG",https://upload.wikimedia.org/wikipedia/commons/e/e3/Canton_Public_Library%2C_236_3rd_St.%2C_SW%2C_Canton%2C_OH_7-23-2010_12-39-00_PM.JPG?utm_source=commons.wikimedia.org&utm_campaign=imageinfo&utm_content=thumbnail_unscaled,Sanfranman59,CC BY-SA 3.0,https://creativecommons.org/licenses/by-sa/3.0,"https://commons.wikimedia.org/wiki/File:Canton_Public_Library,_236_3rd_St.,_SW,_Canton,_OH_7-23-2010_12-39-00_PM.JPG",yes
Carey,public,Carey,Ohio,United States,"Dec 30, 1904","$8,000",236 E. Findlay St.,,,,wikipedia-list,"File:Carey,_Ohio.jpg",https://upload.wikimedia.org/wikipedia/commons/c/c5/Carey%2C_Ohio.jpg?utm_source=commons.wikimedia.org&utm_campaign=imageinfo&utm_content=thumbnail_unscaled,Mackinacbreezer,CC BY-SA 4.0,https://creativecommons.org/licenses/by-sa/4.0,"https://commons.wikimedia.org/wiki/File:Carey,_Ohio.jpg",yes
Celina,public,Celina,Ohio,United States,"Dec 30, 1904","$12,000",303 N. Main St.,,,,wikipedia-list,"File:Celina,_OH_Public_Library.jpg",https://upload.wikimedia.org/wikipedia/commons/thumb/c/c3/Celina%2C_OH_Public_Library.jpg/1920px-Celina%2C_OH_Public_Library.jpg?utm_source=commons.wikimedia.org&utm_campaign=imageinfo&utm_content=thumbnail,"Celina, OH Public Library",CC BY-SA 4.0,https://creativecommons.org/licenses/by-sa/4.0,"https://commons.wikimedia.org/wiki/File:Celina,_OH_Public_Library.jpg",yes
Chillicothe,public,Chillicothe,Ohio,United States,"Apr 13, 1903","$30,000",140 S. Paint St.,,,,wikipedia-list,"File:Chillicothe,_OH_Library.jpg",https://upload.wikimedia.org/wikipedia/commons/7/73/Chillicothe%2C_OH_Library.jpg?utm_source=commons.wikimedia.org&utm_campaign=imageinfo&utm_content=thumbnail_unscaled,"Chillicothe, OH Library",CC BY-SA 4.0,https://creativecommons.org/licenses/by-sa/4.0,"https://commons.wikimedia.org/wiki/File:Chillicothe,_OH_Library.jpg",yes
Cincinnati Avondale,public,Cincinnati,Ohio,United States,"Apr 9, 1902","$286,000",3566 Reading Rd.,,,,wikipedia-list,File:Carnegie_lib_700_2.jpg,https://upload.wikimedia.org/wikipedia/commons/0/07/Carnegie_lib_700_2.jpg?utm_source=commons.wikimedia.org&utm_campaign=imageinfo&utm_content=thumbnail_unscaled,Rdikeman at English Wikipedia,CC BY-SA 3.0,http://creativecommons.org/licenses/by-sa/3.0/,https://commons.wikimedia.org/wiki/File:Carnegie_lib_700_2.jpg,yes
Cincinnati Cumminsville,public,Cincinnati,Ohio,United States,"Apr 9, 1902",—,4219 Hamilton Ave.,,,,wikipedia-list,File:Northside_Library_Cincinnati_2019.jpg,https://upload.wikimedia.org/wikipedia/commons/thumb/0/0f/Northside_Library_Cincinnati_2019.jpg/1920px-Northside_Library_Cincinnati_2019.jpg?utm_source=commons.wikimedia.org&utm_campaign=imageinfo&utm_content=thumbnail,Antony-22,CC BY-SA 4.0,https://creativecommons.org/licenses/by-sa/4.0,https://commons.wikimedia.org/wiki/File:Northside_Library_Cincinnati_2019.jpg,yes
Cincinnati East End,public,Cincinnati,Ohio,United States,"Apr 9, 1902",—,3738 Eastern Ave.,,,,wikipedia-list,File:Former_Carnegie_library_in_Columbia-Tusculum.jpg,https://upload.wikimedia.org/wikipedia/commons/thumb/b/b5/Former_Carnegie_library_in_Columbia-Tusculum.jpg/1920px-Former_Carnegie_library_in_Columbia-Tusculum.jpg?utm_source=commons.wikimedia.org&utm_campaign=imageinfo&utm_content=thumbnail,Nyttend,Public domain,,https://commons.wikimedia.org/wiki/File:Former_Carnegie_library_in_Columbia-Tusculum.jpg,yes
Cincinnati Hyde Park,public,Cincinnati,Ohio,United States,"Apr 9, 1902",—,2747 Erie Ave.,,,,wikipedia-list,File:PLCH_Hyde_Park_Branch.jpg,https://upload.wikimedia.org/wikipedia/commons/thumb/9/96/PLCH_Hyde_Park_Branch.jpg/1920px-PLCH_Hyde_Park_Branch.jpg?utm_source=commons.wikimedia.org&utm_campaign=imageinfo&utm_content=thumbnail,"Eugene Kim from San Francisco, USA",CC BY 2.0,https://creativecommons.org/licenses/by/2.0,https://commons.wikimedia.org/wiki/File:PLCH_Hyde_Park_Branch.jpg,yes
Cincinnati North Cincinnati,public,Cincinnati,Ohio,United States,"Apr 9, 1902",—,2802 Vine St.,,,,wikipedia-list,"File:Public_Library,_North,_Cincinnati,_OH.jpg",https://upload.wikimedia.org/wikipedia/commons/b/ba/Public_Library%2C_North%2C_Cincinnati%2C_OH.jpg?utm_source=commons.wikimedia.org&utm_campaign=imageinfo&utm_content=thumbnail_unscaled,"The Public Library of Cincinnati and Hamilton County, OH",CC BY-SA 4.0,https://creativecommons.org/licenses/by-sa/4.0,"https://commons.wikimedia.org/wiki/File:Public_Library,_North,_Cincinnati,_OH.jpg",yes
Cincinnati Norwood,public,Norwood,Ohio,United States,"Nov 3, 1904","$23,000",4325 Montgomery Rd.,,,,wikipedia-list,"File:Public_Library,_Norwood,_Cincinnati,_OH.jpg",https://upload.wikimedia.org/wikipedia/commons/4/49/Public_Library%2C_Norwood%2C_Cincinnati%2C_OH.jpg?utm_source=commons.wikimedia.org&utm_campaign=imageinfo&utm_content=thumbnail_unscaled,"The Public Library of Cincinnati and Hamilton County, OH",CC BY-SA 4.0,https://creativecommons.org/licenses/by-sa/4.0,"https://commons.wikimedia.org/wiki/File:Public_Library,_Norwood,_Cincinnati,_OH.jpg",yes
Cincinnati Price Hill,public,Cincinnati,Ohio,United States,"Apr 9, 1902",—,3215 Warsaw Ave.,,,,wikipedia-list,File:Cincinnati_Price_Hill_Carnegie_Library.jpg,https://upload.wikimedia.org/wikipedia/commons/thumb/b/b1/Cincinnati_Price_Hill_Carnegie_Library.jpg/1920px-Cincinnati_Price_Hill_Carnegie_Library.jpg?utm_source=commons.wikimedia.org&utm_campaign=imageinfo&utm_content=thumbnail,Nyttend,Public domain,,https://commons.wikimedia.org/wiki/File:Cincinnati_Price_Hill_Carnegie_Library.jpg,yes
Cincinnati Walnut Hills,public,Cincinnati,Ohio,United States,"Apr 9, 1902",—,2533 Kemper Ln.,,,,wikipedia-list,"File:Public_Library,_Walnut_Hills,_Cincinnati,_OH.jpg",https://upload.wikimedia.org/wikipedia/commons/f/ff/Public_Library%2C_Walnut_Hills%2C_Cincinnati%2C_OH.jpg?utm_source=commons.wikimedia.org&utm_campaign=imageinfo&utm_content=thumbnail_unscaled,"The Public Library of Cincinnati and Hamilton County, OH",CC BY-SA 4.0,https://creativecommons.org/licenses/by-sa/4.0,"https://commons.wikimedia.org/wiki/File:Public_Library,_Walnut_Hills,_Cincinnati,_OH.jpg",yes
Cincinnati West End,public,Cincinnati,Ohio,United States,"Apr 9, 1902",—,NE corner of W. 8th St. & State Ave.,,,,wikipedia-list,"File:Public_Library,_West_End,_Cincinnati,_OH.jpg",https://upload.wikimedia.org/wikipedia/commons/0/0f/Public_Library%2C_West_End%2C_Cincinnati%2C_OH.jpg?utm_source=commons.wikimedia.org&utm_campaign=imageinfo&utm_content=thumbnail_unscaled,"The Public Library of Cincinnati and Hamilton County, OH",CC BY-SA 4.0,https://creativecommons.org/licenses/by-sa/4.0,"https://commons.wikimedia.org/wiki/File:Public_Library,_West_End,_Cincinnati,_OH.jpg",yes
Cleveland Broadway,public,Cleveland,Ohio,United States,"Apr 4, 1903","$590,000",5437 Broadway Ave.,,,,wikipedia-list,File:Broadway_Avenue_Carnegie_Library.jpg,https://upload.wikimedia.org/wikipedia/commons/thumb/b/b3/Broadway_Avenue_Carnegie_Library.jpg/1920px-Broadway_Avenue_Carnegie_Library.jpg?utm_source=commons.wikimedia.org&utm_campaign=imageinfo&utm_content=thumbnail,Nyttend,Public domain,,https://commons.wikimedia.org/wiki/File:Broadway_Avenue_Carnegie_Library.jpg,yes
Cleveland Brooklyn,public,Cleveland,Ohio,United States,"Apr 4, 1903",—,3706 Pearl Rd.,,,,wikipedia-list,"File:Brooklyn_Carnegie_Library,_Cleveland_Ohio.jpg",https://upload.wikimedia.org/wikipedia/commons/6/6a/Brooklyn_Carnegie_Library%2C_Cleveland_Ohio.jpg?utm_source=commons.wikimedia.org&utm_campaign=imageinfo&utm_content=thumbnail_unscaled,Chris Light,CC BY-SA 3.0,https://creativecommons.org/licenses/by-sa/3.0,"https://commons.wikimedia.org/wiki/File:Brooklyn_Carnegie_Library,_Cleveland_Ohio.jpg",yes
Cleveland Carnegie West,public,Cleveland,Ohio,United States,"Apr 4, 1903",—,1900 Fulton Rd.,,,,wikipedia-list,"File:Carnegie_West_Branch,_Cleveland,_OH_Public_Library.jpg",https://upload.wikimedia.org/wikipedia/commons/f/fd/Carnegie_West_Branch%2C_Cleveland%2C_OH_Public_Library.jpg?utm_source=commons.wikimedia.org&utm_campaign=imageinfo&utm_content=thumbnail_unscaled,Scott Pease,CC BY-SA 4.0,https://creativecommons.org/licenses/by-sa/4.0,"https://commons.wikimedia.org/wiki/File:Carnegie_West_Branch,_Cleveland,_OH_Public_Library.jpg",yes
Cleveland East 79th,public,Cleveland,Ohio,United States,"Apr 4, 1903",—,1215 E. 79th St.,,,,wikipedia-list,"File:East_79th_Branch_of_the_Cleveland,_OH_Public_Library.jpg",https://upload.wikimedia.org/wikipedia/commons/thumb/f/f6/East_79th_Branch_of_the_Cleveland%2C_OH_Public_Library.jpg/1920px-East_79th_Branch_of_the_Cleveland%2C_OH_Public_Library.jpg?utm_source=commons.wikimedia.org&utm_campaign=imageinfo&utm_content=thumbnail,Cleveland Public Library,CC BY-SA 4.0,https://creativecommons.org/licenses/by-sa/4.0,"https://commons.wikimedia.org/wiki/File:East_79th_Branch_of_the_Cleveland,_OH_Public_Library.jpg",yes
Cleveland Hough,public,Cleveland,Ohio,United States,"Apr 4, 1903",—,1765 Crawford Rd.,,,https://en.wikipedia.org/wiki/The_African_American_Museum_in_Cleveland,wikipedia-list,File:Afommus.jpg,https://upload.wikimedia.org/wikipedia/commons/5/55/Afommus.jpg?utm_source=commons.wikimedia.org&utm_campaign=imageinfo&utm_content=thumbnail_unscaled,Susan Donovan,CC BY-SA 3.0,https://creativecommons.org/licenses/by-sa/3.0,https://commons.wikimedia.org/wiki/File:Afommus.jpg,yes
Cleveland Jefferson,public,Cleveland,Ohio,United States,"Apr 4, 1903",—,850 Jefferson Ave.,,,,wikipedia-list,"File:Jefferson_Branch,_Cleveland,_OH_Public_Library.jpg",https://upload.wikimedia.org/wikipedia/commons/6/63/Jefferson_Branch%2C_Cleveland%2C_OH_Public_Library.jpg?utm_source=commons.wikimedia.org&utm_campaign=imageinfo&utm_content=thumbnail_unscaled,Scott Pease,CC BY-SA 4.0,https://creativecommons.org/licenses/by-sa/4.0,"https://commons.wikimedia.org/wiki/File:Jefferson_Branch,_Cleveland,_OH_Public_Library.jpg",yes
Cleveland Lorain,public,Cleveland,Ohio,United States,"Apr 4, 1903",—,8216 Lorain Ave.,,,,wikipedia-list,"File:Lorain_Ave_Carnegie_Library_in_the_City_of_Cleveland,_Ohio.jpg",https://upload.wikimedia.org/wikipedia/commons/2/27/Lorain_Ave_Carnegie_Library_in_the_City_of_Cleveland%2C_Ohio.jpg?utm_source=commons.wikimedia.org&utm_campaign=imageinfo&utm_content=thumbnail_unscaled,Chris Light,CC BY-SA 3.0,https://creativecommons.org/licenses/by-sa/3.0,"https://commons.wikimedia.org/wiki/File:Lorain_Ave_Carnegie_Library_in_the_City_of_Cleveland,_Ohio.jpg",yes
Cleveland Miles Park,public,Cleveland,Ohio,United States,"Apr 4, 1903",—,9250 Miles Park Ave.,,,,wikipedia-list,"File:Miles_Park_Branch,_Cleveland,_OH_Public_Library.jpg",https://upload.wikimedia.org/wikipedia/commons/thumb/5/52/Miles_Park_Branch%2C_Cleveland%2C_OH_Public_Library.jpg/1920px-Miles_Park_Branch%2C_Cleveland%2C_OH_Public_Library.jpg?utm_source=commons.wikimedia.org&utm_campaign=imageinfo&utm_content=thumbnail,Cleveland Public Library,CC BY-SA 4.0,https://creativecommons.org/licenses/by-sa/4.0,"https://commons.wikimedia.org/wiki/File:Miles_Park_Branch,_Cleveland,_OH_Public_Library.jpg",yes
Cleveland Quincy,public,Cleveland,Ohio,United States,"Apr 4, 1903",—,2390 E. 79th St.,,,,wikipedia-list,"File:Quincy_Branch,_Cleveland_OH_Public_Library.jpg",https://upload.wikimedia.org/wikipedia/commons/thumb/c/cd/Quincy_Branch%2C_Cleveland_OH_Public_Library.jpg/1920px-Quincy_Branch%2C_Cleveland_OH_Public_Library.jpg?utm_source=commons.wikimedia.org&utm_campaign=imageinfo&utm_content=thumbnail,Cleveland Public Library,CC BY-SA 4.0,https://creativecommons.org/licenses/by-sa/4.0,"https://commons.wikimedia.org/wiki/File:Quincy_Branch,_Cleveland_OH_Public_Library.jpg",yes
Cleveland Saint Clair,public,Cleveland,Ohio,United States,"Apr 4, 1903",—,1368 E. 55th St.,,,,wikipedia-list,File:Lake_Shore_Bank_and_Cleveland_Public_Library_St._Clair_Branch.jpg,https://upload.wikimedia.org/wikipedia/commons/4/4a/Lake_Shore_Bank_and_Cleveland_Public_Library_St._Clair_Branch.jpg?utm_source=commons.wikimedia.org&utm_campaign=imageinfo&utm_content=thumbnail_unscaled,"Office of Redevelopment, Ohio Department of Development",CC BY 2.0,https://creativecommons.org/licenses/by/2.0,https://commons.wikimedia.org/wiki/File:Lake_Shore_Bank_and_Cleveland_Public_Library_St._Clair_Branch.jpg,yes
Cleveland South,public,Cleveland,Ohio,United States,"Apr 4, 1903",—,3096 Scranton Rd.,,,,wikipedia-list,"File:South_Branch_Carnegie_Library_in_Cleveland,_Ohio.jpg",https://upload.wikimedia.org/wikipedia/commons/9/90/South_Branch_Carnegie_Library_in_Cleveland%2C_Ohio.jpg?utm_source=commons.wikimedia.org&utm_campaign=imageinfo&utm_content=thumbnail_unscaled,Chris Light,CC BY-SA 3.0,https://creativecommons.org/licenses/by-sa/3.0,"https://commons.wikimedia.org/wiki/File:South_Branch_Carnegie_Library_in_Cleveland,_Ohio.jpg",yes
Cleveland Sterling,public,Cleveland,Ohio,United States,"Apr 4, 1903",—,2200 E. 30th St.,,,,wikipedia-list,"File:Sterling_Branch,_Cleveland,_OH_Public_Library.jpg",https://upload.wikimedia.org/wikipedia/commons/thumb/8/8a/Sterling_Branch%2C_Cleveland%2C_OH_Public_Library.jpg/1920px-Sterling_Branch%2C_Cleveland%2C_OH_Public_Library.jpg?utm_source=commons.wikimedia.org&utm_campaign=imageinfo&utm_content=thumbnail,Scott Pease,CC BY-SA 4.0,https://creativecommons.org/licenses/by-sa/4.0,"https://commons.wikimedia.org/wiki/File:Sterling_Branch,_Cleveland,_OH_Public_Library.jpg",yes
Cleveland Superior,public,Cleveland,Ohio,United States,"Apr 4, 1903",—,1351 E. 105th St.,,,,wikipedia-list,File:Public_Library_Carnegie_Superior_Branch.jpg,https://upload.wikimedia.org/wikipedia/commons/thumb/1/13/Public_Library_Carnegie_Superior_Branch.jpg/1920px-Public_Library_Carnegie_Superior_Branch.jpg?utm_source=commons.wikimedia.org&utm_campaign=imageinfo&utm_content=thumbnail,Nyttend,Public domain,,https://commons.wikimedia.org/wiki/File:Public_Library_Carnegie_Superior_Branch.jpg,yes
Cleveland Woodland,public,Cleveland,Ohio,United States,"Apr 4, 1903",—,5806 Woodland Ave.,,,,wikipedia-list,"File:Woodland_Branch,_Cleveland,_OH_Public_Library.jpg",https://upload.wikimedia.org/wikipedia/commons/thumb/f/ff/Woodland_Branch%2C_Cleveland%2C_OH_Public_Library.jpg/1920px-Woodland_Branch%2C_Cleveland%2C_OH_Public_Library.jpg?utm_source=commons.wikimedia.org&utm_campaign=imageinfo&utm_content=thumbnail,"Cleveland, OH Public Library Archives",CC BY-SA 4.0,https://creativecommons.org/licenses/by-sa/4.0,"https://commons.wikimedia.org/wiki/File:Woodland_Branch,_Cleveland,_OH_Public_Library.jpg",yes
Clyde,public,Clyde,Ohio,United States,"Dec 2, 1904","$12,500",222 W. Buckeye St.,,,,wikipedia-list,File:Clyde-Carnegie_Library_PC110097.jpg,https://upload.wikimedia.org/wikipedia/commons/thumb/a/a1/Clyde-Carnegie_Library_PC110097.jpg/1920px-Clyde-Carnegie_Library_PC110097.jpg?utm_source=commons.wikimedia.org&utm_campaign=imageinfo&utm_content=thumbnail,Chris Light (talk),CC BY-SA 3.0,https://creativecommons.org/licenses/by-sa/3.0,https://commons.wikimedia.org/wiki/File:Clyde-Carnegie_Library_PC110097.jpg,yes
Columbus,public,Columbus,Ohio,United States,"Dec 30, 1901","$200,000",96 S. Grant Ave.,,,"https://en.wikipedia.org/wiki/Main_Library_(Columbus,_Ohio)",wikipedia-list,"File:Carnegie_Library,_Columbus,_Ohio_(Postcard).jpg",https://upload.wikimedia.org/wikipedia/commons/6/61/Carnegie_Library%2C_Columbus%2C_Ohio_%28Postcard%29.jpg?utm_source=commons.wikimedia.org&utm_campaign=imageinfo&utm_content=thumbnail_unscaled,Unknown authorUnknown author,Public domain,,"https://commons.wikimedia.org/wiki/File:Carnegie_Library,_Columbus,_Ohio_(Postcard).jpg",yes
Coshocton,public,Coshocton,Ohio,United States,"Dec 27, 1902","$17,000",4th and Chestnut Sts.,,,,wikipedia-list,File:Coshocton_Carnegie_library.jpg,https://upload.wikimedia.org/wikipedia/commons/thumb/b/b3/Coshocton_Carnegie_library.jpg/1920px-Coshocton_Carnegie_library.jpg?utm_source=commons.wikimedia.org&utm_campaign=imageinfo&utm_content=thumbnail,Nyttend,Public domain,,https://commons.wikimedia.org/wiki/File:Coshocton_Carnegie_library.jpg,yes
Dayton East 5th,public,Dayton,Ohio,United States,"Jan 6, 1911","$50,000",2160 E. 5th St.,,,,wikipedia-list,"File:Dayton_East_Library,_OH.jpg",https://upload.wikimedia.org/wikipedia/commons/c/c1/Dayton_East_Library%2C_OH.jpg?utm_source=commons.wikimedia.org&utm_campaign=imageinfo&utm_content=thumbnail_unscaled,"Permission from Dayton Metro Library, OH",CC BY-SA 4.0,https://creativecommons.org/licenses/by-sa/4.0,"https://commons.wikimedia.org/wiki/File:Dayton_East_Library,_OH.jpg",yes
Dayton West 5th,public,Dayton,Ohio,United States,"Jan 6, 1911",—,1612 W. 5th St.,,,,wikipedia-list,"File:Dayton_West_Library,_OH.jpg",https://upload.wikimedia.org/wikipedia/commons/1/16/Dayton_West_Library%2C_OH.jpg?utm_source=commons.wikimedia.org&utm_campaign=imageinfo&utm_content=thumbnail_unscaled,"Permission from Dayton Metro Library, OH",CC BY-SA 4.0,https://creativecommons.org/licenses/by-sa/4.0,"https://commons.wikimedia.org/wiki/File:Dayton_West_Library,_OH.jpg",yes
Defiance,public,Defiance,Ohio,United States,"Nov 25, 1903","$22,000",320 Fort St.,,,https://en.wikipedia.org/wiki/Defiance_Public_Library,wikipedia-list,File:Defiance_Public_Library.jpg,https://upload.wikimedia.org/wikipedia/commons/thumb/3/36/Defiance_Public_Library.jpg/1920px-Defiance_Public_Library.jpg?utm_source=commons.wikimedia.org&utm_campaign=imageinfo&utm_content=thumbnail,Nyttend,Public domain,,https://commons.wikimedia.org/wiki/File:Defiance_Public_Library.jpg,yes
Delaware,public,Delaware,Ohio,United States,"Dec 27, 1902","$21,500",101 N. Sandusky St.,,,https://en.wikipedia.org/wiki/Delaware_Public_Library,wikipedia-list,File:Delaware_Public_Library_entrance.jpg,https://upload.wikimedia.org/wikipedia/commons/thumb/9/9c/Delaware_Public_Library_entrance.jpg/1920px-Delaware_Public_Library_entrance.jpg?utm_source=commons.wikimedia.org&utm_campaign=imageinfo&utm_content=thumbnail,Nyttend,Public domain,,https://commons.wikimedia.org/wiki/File:Delaware_Public_Library_entrance.jpg,yes
Delphos,public,Delphos,Ohio,United States,"May 2, 1911","$12,500",309 W. 2nd St.,,,,,,,,,,,no
East Cleveland,public,East Cleveland,Ohio,United States,"Dec 20, 1904","$35,000",14101 Euclid Ave.,,,,wikipedia-list,File:EastClevelandPublicLibrary-Jan2017.jpg,https://upload.wikimedia.org/wikipedia/commons/f/fb/EastClevelandPublicLibrary-Jan2017.jpg?utm_source=commons.wikimedia.org&utm_campaign=imageinfo&utm_content=thumbnail_unscaled,State Library of Ohio,CC BY-SA 4.0,https://creativecommons.org/licenses/by-sa/4.0,https://commons.wikimedia.org/wiki/File:EastClevelandPublicLibrary-Jan2017.jpg,yes
East Liverpool,public,East Liverpool,Ohio,United States,"Jun 30, 1899","$50,000",219 E. 4th St.,,,"https://en.wikipedia.org/wiki/Carnegie_Public_Library_(East_Liverpool,_Ohio)",wikipedia-list,"File:Carnegie_Public_Library,_East_Liverpool.jpg",https://upload.wikimedia.org/wikipedia/commons/thumb/2/2c/Carnegie_Public_Library%2C_East_Liverpool.jpg/1920px-Carnegie_Public_Library%2C_East_Liverpool.jpg?utm_source=commons.wikimedia.org&utm_campaign=imageinfo&utm_content=thumbnail,Nyttend,Public domain,,"https://commons.wikimedia.org/wiki/File:Carnegie_Public_Library,_East_Liverpool.jpg",yes
Fostoria,public,Fostoria,Ohio,United States,"Mar 20, 1903","$20,000",205 Perry St.,,,,wikipedia-list,"File:Kaubisch_Library,_Fostoria_OH_1924.jpg",https://upload.wikimedia.org/wikipedia/commons/thumb/2/27/Kaubisch_Library%2C_Fostoria_OH_1924.jpg/1920px-Kaubisch_Library%2C_Fostoria_OH_1924.jpg?utm_source=commons.wikimedia.org&utm_campaign=imageinfo&utm_content=thumbnail,Shallon Gabel shared from Archives,CC BY-SA 4.0,https://creativecommons.org/licenses/by-sa/4.0,"https://commons.wikimedia.org/wiki/File:Kaubisch_Library,_Fostoria_OH_1924.jpg",yes
Galion,public,Galion,Ohio,United States,"Apr 11, 1902","$15,000",123 N. Market St.,,,,wikipedia-list,"File:Galion,_Ohio.jpg",https://upload.wikimedia.org/wikipedia/commons/8/8b/Galion%2C_Ohio.jpg?utm_source=commons.wikimedia.org&utm_campaign=imageinfo&utm_content=thumbnail_unscaled,Mackinacbreezer,CC BY-SA 4.0,https://creativecommons.org/licenses/by-sa/4.0,"https://commons.wikimedia.org/wiki/File:Galion,_Ohio.jpg",yes
Gallipolis,public,Gallipolis,Ohio,United States,"Dec 27, 1902","$12,500",61 State St.,,,,wikipedia-list,File:Carnegie_library_in_Gallipolis.jpg,https://upload.wikimedia.org/wikipedia/commons/thumb/1/18/Carnegie_library_in_Gallipolis.jpg/1920px-Carnegie_library_in_Gallipolis.jpg?utm_source=commons.wikimedia.org&utm_campaign=imageinfo&utm_content=thumbnail,Nyttend,Public domain,,https://commons.wikimedia.org/wiki/File:Carnegie_library_in_Gallipolis.jpg,yes
Geneva,public,Geneva,Ohio,United States,"Dec 14, 1908","$10,000",117 W. Main St.,,,,wikipedia-list,"File:Geneva,_OH_Public_Library.jpg",https://upload.wikimedia.org/wikipedia/commons/0/0f/Geneva%2C_OH_Public_Library.jpg?utm_source=commons.wikimedia.org&utm_campaign=imageinfo&utm_content=thumbnail_unscaled,C. Hanchey,CC BY 2.0,https://creativecommons.org/licenses/by/2.0,"https://commons.wikimedia.org/wiki/File:Geneva,_OH_Public_Library.jpg",yes
Germantown,public,Germantown,Ohio,United States,"Dec 20, 1904","$10,000",47 W. Center St.,,,,wikipedia-list,File:Germantown_Historical_Society.JPG,https://upload.wikimedia.org/wikipedia/commons/thumb/9/96/Germantown_Historical_Society.JPG/1920px-Germantown_Historical_Society.JPG?utm_source=commons.wikimedia.org&utm_campaign=imageinfo&utm_content=thumbnail,Pjsham,CC BY-SA 3.0,https://creativecommons.org/licenses/by-sa/3.0,https://commons.wikimedia.org/wiki/File:Germantown_Historical_Society.JPG,yes
Greenville,public,Greenville,Ohio,United States,"Mar 7, 1901","$25,000",520 Sycamore St.,,,https://en.wikipedia.org/wiki/Greenville_Carnegie_Library,wikipedia-list,File:Greenville_Carnegie_Library.jpg,https://upload.wikimedia.org/wikipedia/commons/thumb/a/a7/Greenville_Carnegie_Library.jpg/1920px-Greenville_Carnegie_Library.jpg?utm_source=commons.wikimedia.org&utm_campaign=imageinfo&utm_content=thumbnail,Nyttend,Public domain,,https://commons.wikimedia.org/wiki/File:Greenville_Carnegie_Library.jpg,yes
Kent,public,Kent,Ohio,United States,"Aug 16, 1901","$11,500",312 W. Main St.,,,https://en.wikipedia.org/wiki/Kent_Free_Library,wikipedia-list,File:Kent_Carnegie_library.jpg,https://upload.wikimedia.org/wikipedia/commons/thumb/b/bb/Kent_Carnegie_library.jpg/1920px-Kent_Carnegie_library.jpg?utm_source=commons.wikimedia.org&utm_campaign=imageinfo&utm_content=thumbnail,JonRidinger,CC BY 3.0,https://creativecommons.org/licenses/by/3.0,https://commons.wikimedia.org/wiki/File:Kent_Carnegie_library.jpg,yes
Kenton,public,Kenton,Ohio,United States,"Jan 22, 1902","$20,000",121 N. Detroit St.,,,https://en.wikipedia.org/wiki/Kenton_Public_Library,wikipedia-list,File:Old_Kenton_Public_Library.jpg,https://upload.wikimedia.org/wikipedia/commons/thumb/f/f5/Old_Kenton_Public_Library.jpg/1920px-Old_Kenton_Public_Library.jpg?utm_source=commons.wikimedia.org&utm_campaign=imageinfo&utm_content=thumbnail,User:Nyttend,Public domain,,https://commons.wikimedia.org/wiki/File:Old_Kenton_Public_Library.jpg,yes
Kinsman,public,Kinsman,Ohio,United States,"Mar 29, 1911","$7,000",6420 Church St.,,,,wikipedia-list,File:Kinsman_Carnegie_Library.jpg,https://upload.wikimedia.org/wikipedia/commons/thumb/a/a0/Kinsman_Carnegie_Library.jpg/1920px-Kinsman_Carnegie_Library.jpg?utm_source=commons.wikimedia.org&utm_campaign=imageinfo&utm_content=thumbnail,Nyttend,Public domain,,https://commons.wikimedia.org/wiki/File:Kinsman_Carnegie_Library.jpg,yes
Lakewood,public,Lakewood,Ohio,United States,"May 2, 1907","$44,600",15425 Detroit Ave.,,,,,,,,,,,no
Lebanon,public,Lebanon,Ohio,United States,"Feb 20, 1903","$10,000",101 S. Broadway,,,,wikipedia-list,File:Lebanon_Carnegie_Library.jpg,https://upload.wikimedia.org/wikipedia/commons/thumb/4/44/Lebanon_Carnegie_Library.jpg/1920px-Lebanon_Carnegie_Library.jpg?utm_source=commons.wikimedia.org&utm_campaign=imageinfo&utm_content=thumbnail,Nyttend,Public domain,,https://commons.wikimedia.org/wiki/File:Lebanon_Carnegie_Library.jpg,yes
Lima,public,Lima,Ohio,United States,"Jun 21, 1901","$34,000",corner of McDonel and Market St.,,,,wikipedia-list,"File:Lima,_OH_Public_Library.jpg",https://upload.wikimedia.org/wikipedia/commons/thumb/4/44/Lima%2C_OH_Public_Library.jpg/1920px-Lima%2C_OH_Public_Library.jpg?utm_source=commons.wikimedia.org&utm_campaign=imageinfo&utm_content=thumbnail,"Lima, OH Public Library",CC BY-SA 4.0,https://creativecommons.org/licenses/by-sa/4.0,"https://commons.wikimedia.org/wiki/File:Lima,_OH_Public_Library.jpg",yes
London,public,London,Ohio,United States,"Mar 14, 1902","$10,000",20 E. 1st St.,,,,wikipedia-list,"File:London,_Ohio_Public_Library.jpg",https://upload.wikimedia.org/wikipedia/commons/thumb/f/ff/London%2C_Ohio_Public_Library.jpg/1920px-London%2C_Ohio_Public_Library.jpg?utm_source=commons.wikimedia.org&utm_campaign=imageinfo&utm_content=thumbnail,Mackinacbreezer,CC BY-SA 4.0,https://creativecommons.org/licenses/by-sa/4.0,"https://commons.wikimedia.org/wiki/File:London,_Ohio_Public_Library.jpg",yes
Lorain,public,Lorain,Ohio,United States,"Jul 8, 1902","$30,000",329 W. 10th St.,,,,wikipedia-list,"File:Lorain,_OH_Public_Library.jpg",https://upload.wikimedia.org/wikipedia/commons/thumb/2/2d/Lorain%2C_OH_Public_Library.jpg/1920px-Lorain%2C_OH_Public_Library.jpg?utm_source=commons.wikimedia.org&utm_campaign=imageinfo&utm_content=thumbnail,F. M. Kirby,Public domain,,"https://commons.wikimedia.org/wiki/File:Lorain,_OH_Public_Library.jpg",yes
Madison,public,Madison,Ohio,United States,"Jun 1, 1915","$10,000",126 W. Main St.,,,,wikipedia-list,"File:Madison,_OH_Public_Library.jpg",https://upload.wikimedia.org/wikipedia/commons/e/e4/Madison%2C_OH_Public_Library.jpg?utm_source=commons.wikimedia.org&utm_campaign=imageinfo&utm_content=thumbnail_unscaled,"Madison, OH Public Library",CC BY-SA 4.0,https://creativecommons.org/licenses/by-sa/4.0,"https://commons.wikimedia.org/wiki/File:Madison,_OH_Public_Library.jpg",yes
Mansfield,public,Mansfield,Ohio,United States,"Mar 27, 1903","$37,000",43 W. 3rd St.,,,,wikipedia-list,File:Mansfield-ohio-library.jpg,https://upload.wikimedia.org/wikipedia/commons/thumb/b/b3/Mansfield-ohio-library.jpg/1920px-Mansfield-ohio-library.jpg?utm_source=commons.wikimedia.org&utm_campaign=imageinfo&utm_content=thumbnail,Tysto,Public domain,,https://commons.wikimedia.org/wiki/File:Mansfield-ohio-library.jpg,yes
Marietta,public,Marietta,Ohio,United States,"Jan 2, 1913","$30,000",615 5th St.,,,,wikipedia-list,"File:Marietta,_OH_Public_Library.jpg",https://upload.wikimedia.org/wikipedia/commons/thumb/3/38/Marietta%2C_OH_Public_Library.jpg/1920px-Marietta%2C_OH_Public_Library.jpg?utm_source=commons.wikimedia.org&utm_campaign=imageinfo&utm_content=thumbnail,Roger O. Young,CC BY-SA 4.0,https://creativecommons.org/licenses/by-sa/4.0,"https://commons.wikimedia.org/wiki/File:Marietta,_OH_Public_Library.jpg",yes
Marion,public,Marion,Ohio,United States,"Dec 27, 1902","$30,000",244 S. Main St.,,,"https://en.wikipedia.org/wiki/Marion_Public_Library_(Marion,_Ohio)",wikipedia-list,"File:Former_library_in_Marion,_Ohio.jpg",https://upload.wikimedia.org/wikipedia/commons/thumb/b/bd/Former_library_in_Marion%2C_Ohio.jpg/1920px-Former_library_in_Marion%2C_Ohio.jpg?utm_source=commons.wikimedia.org&utm_campaign=imageinfo&utm_content=thumbnail,Nyttend,Public domain,,"https://commons.wikimedia.org/wiki/File:Former_library_in_Marion,_Ohio.jpg",yes
Marysville,public,Marysville,Ohio,United States,"Nov 27, 1906","$10,000",231 S. Court St.,,,,wikipedia-list,"File:Public_Library,_Marysville,_OH.jpg",https://upload.wikimedia.org/wikipedia/commons/c/c6/Public_Library%2C_Marysville%2C_OH.jpg?utm_source=commons.wikimedia.org&utm_campaign=imageinfo&utm_content=thumbnail_unscaled,"Public Library of Marysville, OH",CC BY-SA 4.0,https://creativecommons.org/licenses/by-sa/4.0,"https://commons.wikimedia.org/wiki/File:Public_Library,_Marysville,_OH.jpg",yes
Maumee,public,Maumee,Ohio,United States,"Sep 29, 1915","$10,000",501 River Rd.,,,,wikipedia-list,File:Maumee_Ohio_Carnegie_Library.JPG,https://upload.wikimedia.org/wikipedia/commons/thumb/9/9b/Maumee_Ohio_Carnegie_Library.JPG/1920px-Maumee_Ohio_Carnegie_Library.JPG?utm_source=commons.wikimedia.org&utm_campaign=imageinfo&utm_content=thumbnail,Darren56brown,CC BY-SA 4.0,https://creativecommons.org/licenses/by-sa/4.0,https://commons.wikimedia.org/wiki/File:Maumee_Ohio_Carnegie_Library.JPG,yes
Miamisburg,public,Miamisburg,Ohio,United States,"Dec 24, 1908","$12,500",426 Central Ave.,,,,wikipedia-list,"File:Miamisburg,_Ohio_Public_Library.jpg",https://upload.wikimedia.org/wikipedia/commons/e/e9/Miamisburg%2C_Ohio_Public_Library.jpg?utm_source=commons.wikimedia.org&utm_campaign=imageinfo&utm_content=thumbnail_unscaled,Unknown Author,Public domain,,"https://commons.wikimedia.org/wiki/File:Miamisburg,_Ohio_Public_Library.jpg",yes
Middleport,public,Middleport,Ohio,United States,"Jan 31, 1911","$8,100",178 S. 3rd St.,,,https://en.wikipedia.org/wiki/Middleport_Public_Library,wikipedia-list,File:Middleport_Public_Library.jpg,https://upload.wikimedia.org/wikipedia/commons/thumb/3/3b/Middleport_Public_Library.jpg/1920px-Middleport_Public_Library.jpg?utm_source=commons.wikimedia.org&utm_campaign=imageinfo&utm_content=thumbnail,Nyttend,Public domain,,https://commons.wikimedia.org/wiki/File:Middleport_Public_Library.jpg,yes
Middletown,public,Middletown,Ohio,United States,"Apr 26, 1902","$25,000",1320 1st Ave.,,,,wikipedia-list,"File:Middletown,_OH_Public_Library.jpg",https://upload.wikimedia.org/wikipedia/commons/f/f2/Middletown%2C_OH_Public_Library.jpg?utm_source=commons.wikimedia.org&utm_campaign=imageinfo&utm_content=thumbnail_unscaled,George C. Crout,CC BY-SA 4.0,https://creativecommons.org/licenses/by-sa/4.0,"https://commons.wikimedia.org/wiki/File:Middletown,_OH_Public_Library.jpg",yes
Milan,public,Milan,Ohio,United States,"Jan 6, 1911","$8,000",19 E. Church St.,,,,wikipedia-list,"File:Milan,_Ohio.jpg",https://upload.wikimedia.org/wikipedia/commons/f/fb/Milan%2C_Ohio.jpg?utm_source=commons.wikimedia.org&utm_campaign=imageinfo&utm_content=thumbnail_unscaled,Mackinacbreezer,CC BY-SA 4.0,https://creativecommons.org/licenses/by-sa/4.0,"https://commons.wikimedia.org/wiki/File:Milan,_Ohio.jpg",yes
Mount Sterling,public,Mount Sterling,Ohio,United States,"Jan 23, 1911","$10,000",60 W. Columbus St.,,,,wikipedia-list,"File:Mount_Sterling,_Ohio,_Public_Library.jpg",https://upload.wikimedia.org/wikipedia/commons/thumb/9/91/Mount_Sterling%2C_Ohio%2C_Public_Library.jpg/1920px-Mount_Sterling%2C_Ohio%2C_Public_Library.jpg?utm_source=commons.wikimedia.org&utm_campaign=imageinfo&utm_content=thumbnail,"Permission of the Mount Sterling, OH Public Library",CC BY-SA 4.0,https://creativecommons.org/licenses/by-sa/4.0,"https://commons.wikimedia.org/wiki/File:Mount_Sterling,_Ohio,_Public_Library.jpg",yes
Napoleon,public,Napoleon,Ohio,United States,"Mar 29, 1911","$10,000",845 Woodlawn Ave.,,,,wikipedia-list,"File:Napolean,_OH_Public_Library.jpg",https://upload.wikimedia.org/wikipedia/commons/0/04/Napolean%2C_OH_Public_Library.jpg?utm_source=commons.wikimedia.org&utm_campaign=imageinfo&utm_content=thumbnail_unscaled,"Napoleon, OH Public Library",CC BY-SA 4.0,https://creativecommons.org/licenses/by-sa/4.0,"https://commons.wikimedia.org/wiki/File:Napolean,_OH_Public_Library.jpg",yes
New London,public,New London,Ohio,United States,"Jun 11, 1914","$10,000",67 S. Main St.,,,,wikipedia-list,"File:New_London,_OH_Public_Library.jpg",https://upload.wikimedia.org/wikipedia/commons/2/28/New_London%2C_OH_Public_Library.jpg?utm_source=commons.wikimedia.org&utm_campaign=imageinfo&utm_content=thumbnail_unscaled,"New London, OH Public Library",CC BY-SA 4.0,https://creativecommons.org/licenses/by-sa/4.0,"https://commons.wikimedia.org/wiki/File:New_London,_OH_Public_Library.jpg",yes
Norwalk,public,Norwalk,Ohio,United States,"Feb 2, 1903","$15,000",46 W. Main St.,,,,wikipedia-list,"File:Norwalk,_Ohio.jpg",https://upload.wikimedia.org/wikipedia/commons/a/a2/Norwalk%2C_Ohio.jpg?utm_source=commons.wikimedia.org&utm_campaign=imageinfo&utm_content=thumbnail_unscaled,Mackinacbreezer,CC BY-SA 4.0,https://creativecommons.org/licenses/by-sa/4.0,"https://commons.wikimedia.org/wiki/File:Norwalk,_Ohio.jpg",yes
Paulding,public,Paulding,Ohio,United States,"Jul 13, 1912","$40,000",205 S. Main St.,,,https://en.wikipedia.org/wiki/Paulding_County_Carnegie_Library,wikipedia-list,File:Paulding_County_Carnegie_Library.jpg,https://upload.wikimedia.org/wikipedia/commons/thumb/2/2b/Paulding_County_Carnegie_Library.jpg/1920px-Paulding_County_Carnegie_Library.jpg?utm_source=commons.wikimedia.org&utm_campaign=imageinfo&utm_content=thumbnail,Nyttend,Public domain,,https://commons.wikimedia.org/wiki/File:Paulding_County_Carnegie_Library.jpg,yes
Pickerington,public,Pickerington,Ohio,United States,"Jan 27, 1912","$10,000",15 W. Columbus St.,,,,wikipedia-list,File:Pickerington_Carnegie_Library.jpg,https://upload.wikimedia.org/wikipedia/commons/thumb/b/b5/Pickerington_Carnegie_Library.jpg/1920px-Pickerington_Carnegie_Library.jpg?utm_source=commons.wikimedia.org&utm_campaign=imageinfo&utm_content=thumbnail,Wdzinc,CC BY-SA 3.0,https://creativecommons.org/licenses/by-sa/3.0,https://commons.wikimedia.org/wiki/File:Pickerington_Carnegie_Library.jpg,yes
Pomeroy,public,Pomeroy,Ohio,United States,"Jan 27, 1912","$10,000",200 E. 2nd St.,,,,wikipedia-list,"File:Pomeroy,_Ohio_Public_Library.jpg",https://upload.wikimedia.org/wikipedia/commons/1/1c/Pomeroy%2C_Ohio_Public_Library.jpg?utm_source=commons.wikimedia.org&utm_campaign=imageinfo&utm_content=thumbnail_unscaled,"Jimmy Emerson, DVM",CC BY-SA 4.0,https://creativecommons.org/licenses/by-sa/4.0,"https://commons.wikimedia.org/wiki/File:Pomeroy,_Ohio_Public_Library.jpg",yes
Portsmouth,public,Portsmouth,Ohio,United States,"Jul 8, 1901","$50,000",1220 Gallia St.,,,https://en.wikipedia.org/wiki/Portsmouth_Public_Library_(Ohio),wikipedia-list,File:Portsmouth_Public_Library.JPG,https://upload.wikimedia.org/wikipedia/commons/thumb/5/52/Portsmouth_Public_Library.JPG/1920px-Portsmouth_Public_Library.JPG?utm_source=commons.wikimedia.org&utm_campaign=imageinfo&utm_content=thumbnail,Spongefan,CC BY-SA 3.0,http://creativecommons.org/licenses/by-sa/3.0/,https://commons.wikimedia.org/wiki/File:Portsmouth_Public_Library.JPG,yes
Ripley,public,Ripley,Ohio,United States,"Jan 2, 1913","$10,000",27 Main St.,,,,wikipedia-list,File:Union_Township_Library_in_Ripley.jpg,https://upload.wikimedia.org/wikipedia/commons/thumb/8/8a/Union_Township_Library_in_Ripley.jpg/1920px-Union_Township_Library_in_Ripley.jpg?utm_source=commons.wikimedia.org&utm_campaign=imageinfo&utm_content=thumbnail,Nyttend,Public domain,,https://commons.wikimedia.org/wiki/File:Union_Township_Library_in_Ripley.jpg,yes
Rockford,public,Rockford,Ohio,United States,"Jan 18, 1910","$10,000",162 S. Main St.,,,,wikipedia-list,File:Rockford_Carnegie_Library.jpg,https://upload.wikimedia.org/wikipedia/commons/thumb/a/a8/Rockford_Carnegie_Library.jpg/1920px-Rockford_Carnegie_Library.jpg?utm_source=commons.wikimedia.org&utm_campaign=imageinfo&utm_content=thumbnail,Nyttend,Public domain,,https://commons.wikimedia.org/wiki/File:Rockford_Carnegie_Library.jpg,yes
Salem,public,Salem,Ohio,United States,"Jan 22, 1903","$20,000",821 E. State St.,,,,wikipedia-list,"File:Salem,_OH_Public_Library.jpg",https://upload.wikimedia.org/wikipedia/commons/0/03/Salem%2C_OH_Public_Library.jpg?utm_source=commons.wikimedia.org&utm_campaign=imageinfo&utm_content=thumbnail_unscaled,"Salem, OH Public Library",CC BY-SA 4.0,https://creativecommons.org/licenses/by-sa/4.0,"https://commons.wikimedia.org/wiki/File:Salem,_OH_Public_Library.jpg",yes
Sandusky,public,Sandusky,Ohio,United States,"Aug 7, 1899","$50,000",114 W. Adams St.,,,"https://en.wikipedia.org/wiki/Carnegie_Library_(Sandusky,_Ohio)",wikipedia-list,File:Sandusky_Library.jpg,https://upload.wikimedia.org/wikipedia/commons/thumb/5/5f/Sandusky_Library.jpg/1920px-Sandusky_Library.jpg?utm_source=commons.wikimedia.org&utm_campaign=imageinfo&utm_content=thumbnail,Nyttend,Public domain,,https://commons.wikimedia.org/wiki/File:Sandusky_Library.jpg,yes
South Brooklyn,public,South Brooklyn,Ohio,United States,"Mar 27, 1903","$11,800",Pearl Rd. and Devonshire Rd.,,,,wikipedia-list,"File:South_Brooklyn_Public_Library,_OH.jpg",https://upload.wikimedia.org/wikipedia/commons/3/30/South_Brooklyn_Public_Library%2C_OH.jpg?utm_source=commons.wikimedia.org&utm_campaign=imageinfo&utm_content=thumbnail_unscaled,"Hammond, George F. (George Francis), 1855-1938",CC BY-SA 4.0,https://creativecommons.org/licenses/by-sa/4.0,"https://commons.wikimedia.org/wiki/File:South_Brooklyn_Public_Library,_OH.jpg",yes
Steubenville,public,Steubenville,Ohio,United States,"Jun 30, 1899","$62,000",407 S. 4th St.,,,,wikipedia-list,File:Main_Library_of_Steubenville_and_Jefferson_County_Ohio.jpg,https://upload.wikimedia.org/wikipedia/commons/thumb/f/fe/Main_Library_of_Steubenville_and_Jefferson_County_Ohio.jpg/1920px-Main_Library_of_Steubenville_and_Jefferson_County_Ohio.jpg?utm_source=commons.wikimedia.org&utm_campaign=imageinfo&utm_content=thumbnail,Tealwhisper,CC BY-SA 4.0,https://creativecommons.org/licenses/by-sa/4.0,https://commons.wikimedia.org/wiki/File:Main_Library_of_Steubenville_and_Jefferson_County_Ohio.jpg,yes
Tiffin,public,Tiffin,Ohio,United States,"Feb 15, 1912","$25,000",108 Jefferson St.,,,,wikipedia-list,File:Tiffin_Ohio_Public_Library.jpg,https://upload.wikimedia.org/wikipedia/commons/e/e2/Tiffin_Ohio_Public_Library.jpg?utm_source=commons.wikimedia.org&utm_campaign=imageinfo&utm_content=thumbnail_unscaled,Harry H. Hamm,Public domain,,https://commons.wikimedia.org/wiki/File:Tiffin_Ohio_Public_Library.jpg,yes
Toledo Jermain,public,Toledo,Ohio,United States,"Dec 16, 1905","$125,000",315 Galena St.,,,,wikipedia-list,File:Toledo_Jermain_Carnegie_Library.JPG,https://upload.wikimedia.org/wikipedia/commons/thumb/c/cd/Toledo_Jermain_Carnegie_Library.JPG/1920px-Toledo_Jermain_Carnegie_Library.JPG?utm_source=commons.wikimedia.org&utm_campaign=imageinfo&utm_content=thumbnail,Darren56brown,CC BY-SA 4.0,https://creativecommons.org/licenses/by-sa/4.0,https://commons.wikimedia.org/wiki/File:Toledo_Jermain_Carnegie_Library.JPG,yes
Toledo Kent,public,Toledo,Ohio,United States,"Dec 16, 1905",—,3026 Collingwood Blvd.,,,,wikipedia-list,"File:Toledo_Kent_Public_Library,_OH.jpg",https://upload.wikimedia.org/wikipedia/commons/5/5a/Toledo_Kent_Public_Library%2C_OH.jpg?utm_source=commons.wikimedia.org&utm_campaign=imageinfo&utm_content=thumbnail_unscaled,Unknown Author,Public domain,,"https://commons.wikimedia.org/wiki/File:Toledo_Kent_Public_Library,_OH.jpg",yes
Toledo Locke,public,Toledo,Ohio,United States,"Dec 16, 1905",—,806 Main St.,,,,wikipedia-list,File:Toledo_Locke_Carnegie_Library.JPG,https://upload.wikimedia.org/wikipedia/commons/thumb/7/70/Toledo_Locke_Carnegie_Library.JPG/1920px-Toledo_Locke_Carnegie_Library.JPG?utm_source=commons.wikimedia.org&utm_campaign=imageinfo&utm_content=thumbnail,Darren56brown,CC BY-SA 4.0,https://creativecommons.org/licenses/by-sa/4.0,https://commons.wikimedia.org/wiki/File:Toledo_Locke_Carnegie_Library.JPG,yes
Toledo Mott,public,Toledo,Ohio,United States,"Dec 16, 1905",—,1055 Dorr St.,,,,wikipedia-list,"File:Toledo_Mott_Public_Library,_OH.jpg",https://upload.wikimedia.org/wikipedia/commons/0/0d/Toledo_Mott_Public_Library%2C_OH.jpg?utm_source=commons.wikimedia.org&utm_campaign=imageinfo&utm_content=thumbnail_unscaled,Unknown Author,Public domain,,"https://commons.wikimedia.org/wiki/File:Toledo_Mott_Public_Library,_OH.jpg",yes
Toledo South,public,Toledo,Ohio,United States,"Dec 16, 1905",—,1638 Broadway,,,,wikipedia-list,File:Toledo_South_Carnegie_Library.JPG,https://upload.wikimedia.org/wikipedia/commons/thumb/2/2c/Toledo_South_Carnegie_Library.JPG/1920px-Toledo_South_Carnegie_Library.JPG?utm_source=commons.wikimedia.org&utm_campaign=imageinfo&utm_content=thumbnail,Darren56brown,CC BY-SA 4.0,https://creativecommons.org/licenses/by-sa/4.0,https://commons.wikimedia.org/wiki/File:Toledo_South_Carnegie_Library.JPG,yes
Upper Sandusky,public,Upper Sandusky,Ohio,United States,"Jan 23, 1911","$10,000",224 W. Johnson St.,,,,wikipedia-list,"File:Upper_Sandusky,_OH_Library.jpg",https://upload.wikimedia.org/wikipedia/commons/6/6f/Upper_Sandusky%2C_OH_Library.jpg?utm_source=commons.wikimedia.org&utm_campaign=imageinfo&utm_content=thumbnail_unscaled,H.E. Kinley,Public domain,,"https://commons.wikimedia.org/wiki/File:Upper_Sandusky,_OH_Library.jpg",yes
Warren,public,Warren,Ohio,United States,"Apr 23, 1903","$28,384","120 High St., NW",,,,wikipedia-list,File:Warren_Public_Library.jpg,https://upload.wikimedia.org/wikipedia/commons/thumb/7/78/Warren_Public_Library.jpg/1920px-Warren_Public_Library.jpg?utm_source=commons.wikimedia.org&utm_campaign=imageinfo&utm_content=thumbnail,Jack W. Pearce,CC BY-SA 2.0,https://creativecommons.org/licenses/by-sa/2.0,https://commons.wikimedia.org/wiki/File:Warren_Public_Library.jpg,yes
Washington Court House,public,Washington Court House,Ohio,United States,"Dec 30, 1901","$15,500",127 S. North St.,,,,wikipedia-list,"File:Washington_Court_House,_Ohio.jpg",https://upload.wikimedia.org/wikipedia/commons/0/04/Washington_Court_House%2C_Ohio.jpg?utm_source=commons.wikimedia.org&utm_campaign=imageinfo&utm_content=thumbnail_unscaled,Mackinacbreezer,CC BY-SA 4.0,https://creativecommons.org/licenses/by-sa/4.0,"https://commons.wikimedia.org/wiki/File:Washington_Court_House,_Ohio.jpg",yes
Wauseon,public,Wauseon,Ohio,United States,"Nov 25, 1903","$8,000",117 E. Elm St.,,,,wikipedia-list,File:Wauseon_Ohio_Carnegie_Library.JPG,https://upload.wikimedia.org/wikipedia/commons/thumb/0/07/Wauseon_Ohio_Carnegie_Library.JPG/1920px-Wauseon_Ohio_Carnegie_Library.JPG?utm_source=commons.wikimedia.org&utm_campaign=imageinfo&utm_content=thumbnail,Darren56brown,CC BY-SA 4.0,https://creativecommons.org/licenses/by-sa/4.0,https://commons.wikimedia.org/wiki/File:Wauseon_Ohio_Carnegie_Library.JPG,yes
Wellsville,public,Wellsville,Ohio,United States,"Feb 15, 1912","$10,000",115 9th St.,,,,wikipedia-list,"File:Wellsville_Carnegie_Public_Library,_OH.jpg",https://upload.wikimedia.org/wikipedia/commons/thumb/a/af/Wellsville_Carnegie_Public_Library%2C_OH.jpg/1920px-Wellsville_Carnegie_Public_Library%2C_OH.jpg?utm_source=commons.wikimedia.org&utm_campaign=imageinfo&utm_content=thumbnail,"Wellsville Carnegie Public Library, OH",CC BY-SA 4.0,https://creativecommons.org/licenses/by-sa/4.0,"https://commons.wikimedia.org/wiki/File:Wellsville_Carnegie_Public_Library,_OH.jpg",yes
Willoughby,public,Willoughby,Ohio,United States,"Dec 13, 1906","$14,500",30 Public Sq.,,,,wikipedia-list,"File:Public_Libary_Willoughby,_Ohio.jpg",https://upload.wikimedia.org/wikipedia/commons/1/13/Public_Libary_Willoughby%2C_Ohio.jpg?utm_source=commons.wikimedia.org&utm_campaign=imageinfo&utm_content=thumbnail_unscaled,Mackinacbreezer,CC BY-SA 4.0,https://creativecommons.org/licenses/by-sa/4.0,"https://commons.wikimedia.org/wiki/File:Public_Libary_Willoughby,_Ohio.jpg",yes
Wilmington,public,Wilmington,Ohio,United States,"Feb 4, 1902","$12,500",268 N. South St.,,,,wikipedia-list,File:Wilmington_Carnegie_library_on_North_South_Street.jpg,https://upload.wikimedia.org/wikipedia/commons/thumb/3/3d/Wilmington_Carnegie_library_on_North_South_Street.jpg/1920px-Wilmington_Carnegie_library_on_North_South_Street.jpg?utm_source=commons.wikimedia.org&utm_campaign=imageinfo&utm_content=thumbnail,Nyttend,Public domain,,https://commons.wikimedia.org/wiki/File:Wilmington_Carnegie_library_on_North_South_Street.jpg,yes
Wooster,public,Wooster,Ohio,United States,"Feb 2, 1903","$15,000",304 N. Market St.,,,,wikipedia-list,"File:Wooster,_OH_Public_Library.jpg",https://upload.wikimedia.org/wikipedia/commons/thumb/f/f2/Wooster%2C_OH_Public_Library.jpg/1920px-Wooster%2C_OH_Public_Library.jpg?utm_source=commons.wikimedia.org&utm_campaign=imageinfo&utm_content=thumbnail,"Wooster, OH Public Library",CC BY-SA 4.0,https://creativecommons.org/licenses/by-sa/4.0,"https://commons.wikimedia.org/wiki/File:Wooster,_OH_Public_Library.jpg",yes
Xenia,public,Xenia,Ohio,United States,"Jan 10, 1902","$23,500",194 E. Church St.,,,,wikipedia-list,File:Xenia_Carnegie_Library.jpg,https://upload.wikimedia.org/wikipedia/commons/thumb/b/bf/Xenia_Carnegie_Library.jpg/1920px-Xenia_Carnegie_Library.jpg?utm_source=commons.wikimedia.org&utm_campaign=imageinfo&utm_content=thumbnail,Nyttend,Public domain,,https://commons.wikimedia.org/wiki/File:Xenia_Carnegie_Library.jpg,yes
Youngstown,public,Youngstown,Ohio,United States,"Feb 19, 1908","$50,000",305 Wick Ave.,,,,wikipedia-list,File:McMillan_Library_from_southwest.jpg,https://upload.wikimedia.org/wikipedia/commons/thumb/d/d9/McMillan_Library_from_southwest.jpg/1920px-McMillan_Library_from_southwest.jpg?utm_source=commons.wikimedia.org&utm_campaign=imageinfo&utm_content=thumbnail,Nyttend,Public domain,,https://commons.wikimedia.org/wiki/File:McMillan_Library_from_southwest.jpg,yes
Zanesville,public,Zanesville,Ohio,United States,"Dec 16, 1905","$54,000",220 N. 5th St.,,,,wikipedia-list,File:ZanesvilleOH_PublicLibrary_cropped.jpg,https://upload.wikimedia.org/wikipedia/commons/thumb/1/17/ZanesvilleOH_PublicLibrary_cropped.jpg/1920px-ZanesvilleOH_PublicLibrary_cropped.jpg?utm_source=commons.wikimedia.org&utm_campaign=imageinfo&utm_content=thumbnail,"Julie Jordan Scott (original), Yassie (derivative work)",CC BY 4.0,https://creativecommons.org/licenses/by/4.0,https://commons.wikimedia.org/wiki/File:ZanesvilleOH_PublicLibrary_cropped.jpg,yes
Ardmore,public,Ardmore,Oklahoma,United States,"Mar 20, 1903","$15,000",500 Stanley Street SW,,,,wikipedia-list,File:Ardmore_July_2018_08_(Ardmore_Carnegie_Library).jpg,https://upload.wikimedia.org/wikipedia/commons/thumb/1/1b/Ardmore_July_2018_08_%28Ardmore_Carnegie_Library%29.jpg/1920px-Ardmore_July_2018_08_%28Ardmore_Carnegie_Library%29.jpg?utm_source=commons.wikimedia.org&utm_campaign=imageinfo&utm_content=thumbnail,Michael Barera,CC BY-SA 4.0,https://creativecommons.org/licenses/by-sa/4.0,https://commons.wikimedia.org/wiki/File:Ardmore_July_2018_08_(Ardmore_Carnegie_Library).jpg,yes
Bartlesville,public,Bartlesville,Oklahoma,United States,"Apr 23, 1908","$12,500",7th and Osage,,,,,,,,,,,no
Chickasha,public,Chickasha,Oklahoma,United States,"Feb 12, 1903","$10,000",527 Iowa Ave,,,,,,,,,,,no
Collinsville,public,Collinsville,Oklahoma,United States,"Jun 1, 1915","$7,500",1223 W Main St,,,,,,,,,,,no
Cordell,public,Cordell,Oklahoma,United States,"Jan 6, 1911","$9,000",105 E 1st St,,,https://en.wikipedia.org/wiki/Cordell_Carnegie_Public_Library,wikipedia-list,File:Cordell_Carnegie_Public_Library_(22423712423).jpg,https://upload.wikimedia.org/wikipedia/commons/thumb/e/eb/Cordell_Carnegie_Public_Library_%2822423712423%29.jpg/1920px-Cordell_Carnegie_Public_Library_%2822423712423%29.jpg?utm_source=commons.wikimedia.org&utm_campaign=imageinfo&utm_content=thumbnail,"Jeffrey Beall from Colorado, USA",CC BY-SA 2.0,https://creativecommons.org/licenses/by-sa/2.0,https://commons.wikimedia.org/wiki/File:Cordell_Carnegie_Public_Library_(22423712423).jpg,yes
El Reno,public,El Reno,Oklahoma,United States,"Nov 25, 1903","$12,500",215 E. Wade,,,"https://en.wikipedia.org/wiki/Carnegie_Library_(El_Reno,_Oklahoma)",wikipedia-list,File:Carnegie_Library_El_Reno_Oklahoma.jpg,https://upload.wikimedia.org/wikipedia/commons/thumb/9/9f/Carnegie_Library_El_Reno_Oklahoma.jpg/1920px-Carnegie_Library_El_Reno_Oklahoma.jpg?utm_source=commons.wikimedia.org&utm_campaign=imageinfo&utm_content=thumbnail,MisterBadmoon,CC BY-SA 3.0,https://creativecommons.org/licenses/by-sa/3.0,https://commons.wikimedia.org/wiki/File:Carnegie_Library_El_Reno_Oklahoma.jpg,yes
Elk City,public,Elk City,Oklahoma,United States,"Apr 13, 1914","$10,000",221 West Broadway,,,,,,,,,,,no
Enid,public,Enid,Oklahoma,United States,"Feb 20, 1904","$25,000",402 North Independence Avenue,,,,,,,,,,,no
Frederick,public,Frederick,Oklahoma,United States,"Sep 25, 1914","$10,000",200 East Grand,,,,,,,,,,,no
Guthrie,public,Guthrie,Oklahoma,United States,"Oct 17, 1901","$26,000",406 E Oklahoma Ave,,,"https://en.wikipedia.org/wiki/Carnegie_Library_(Guthrie,_Oklahoma)",wikipedia-list,File:Carnegie_Library_1.JPG,https://upload.wikimedia.org/wikipedia/commons/thumb/6/6c/Carnegie_Library_1.JPG/1920px-Carnegie_Library_1.JPG?utm_source=commons.wikimedia.org&utm_campaign=imageinfo&utm_content=thumbnail,The original uploader was Winkywalrus at English Wikipedia.,Public domain,,https://commons.wikimedia.org/wiki/File:Carnegie_Library_1.JPG,yes
Hobart,public,Hobart,Oklahoma,United States,"May 2, 1911","$10,000",200 S Main,,,,wikipedia-list,File:Hobart_Public_Library.jpg,https://upload.wikimedia.org/wikipedia/commons/thumb/8/82/Hobart_Public_Library.jpg/1920px-Hobart_Public_Library.jpg?utm_source=commons.wikimedia.org&utm_campaign=imageinfo&utm_content=thumbnail,Crimsonedge34,CC BY-SA 3.0,https://creativecommons.org/licenses/by-sa/3.0,https://commons.wikimedia.org/wiki/File:Hobart_Public_Library.jpg,yes
Lawton,public,Lawton,Oklahoma,United States,"Mar 31, 1916","$20,000","5th & ""B"" Avenue",,,,wikipedia-list,File:Carnegie_library_lawton_ok.jpg,https://upload.wikimedia.org/wikipedia/commons/thumb/3/34/Carnegie_library_lawton_ok.jpg/1920px-Carnegie_library_lawton_ok.jpg?utm_source=commons.wikimedia.org&utm_campaign=imageinfo&utm_content=thumbnail,Crimsonedge34,CC BY-SA 3.0,https://creativecommons.org/licenses/by-sa/3.0,https://commons.wikimedia.org/wiki/File:Carnegie_library_lawton_ok.jpg,yes
McAlester,public,McAlester,Oklahoma,United States,"Mar 24, 1906","$25,000",325 E. Grand Avenue,,,,,,,,,,,no
Miami,public,Miami,Oklahoma,United States,"Mar 15, 1916","$10,000",200 N. Main,,,,,,,,,,,no
Muskogee,public,Muskogee,Oklahoma,United States,"Aug 30, 1910","$60,000",401 E. Broadway,,,,,,,,,,,no
Oklahoma City,public,Oklahoma City,Oklahoma,United States,"Oct 27, 1899","$60,000",131 Dean A. McGee Avenue,,,,,,,,,,,no
Perry,public,Perry,Oklahoma,United States,"Feb 13, 1909","$10,000",302 North 7th Street,,,,commons-namesearch,"File:The Carnegie Library in Perry, OK.jpg",https://upload.wikimedia.org/wikipedia/commons/thumb/5/5f/The_Carnegie_Library_in_Perry%2C_OK.jpg/1920px-The_Carnegie_Library_in_Perry%2C_OK.jpg?utm_source=commons.wikimedia.org&utm_campaign=imageinfo&utm_content=thumbnail,Aaronw1109,CC0,http://creativecommons.org/publicdomain/zero/1.0/deed.en,"https://commons.wikimedia.org/wiki/File:The_Carnegie_Library_in_Perry,_OK.jpg",yes
Ponca City,public,Ponca City,Oklahoma,United States,"Aug 29, 1908","$6,500",Grand Avenue and Fifth Street,,,,,,,,,,,no
Sapulpa,public,Sapulpa,Oklahoma,United States,"Jan 28, 1916","$25,000",27 W Dewey,,,,,,,,,,,no
Shawnee,public,Shawnee,Oklahoma,United States,"Jun 2, 1904","$15,500",331 North Broadway,,,,wikipedia-list,"File:Carnegie_Library,_Shawnee,_Oklahoma.jpg",https://upload.wikimedia.org/wikipedia/commons/thumb/b/b7/Carnegie_Library%2C_Shawnee%2C_Oklahoma.jpg/1920px-Carnegie_Library%2C_Shawnee%2C_Oklahoma.jpg?utm_source=commons.wikimedia.org&utm_campaign=imageinfo&utm_content=thumbnail,kennethaw88,CC BY 4.0,https://creativecommons.org/licenses/by/4.0,"https://commons.wikimedia.org/wiki/File:Carnegie_Library,_Shawnee,_Oklahoma.jpg",yes
Tahlequah,public,Tahlequah,Oklahoma,United States,"Mar 25, 1905","$10,000",120 S. College Ave,,,,wikipedia-list,"File:Tahlequah_Public_Library,_Carnegie_Building.jpg",https://upload.wikimedia.org/wikipedia/commons/4/44/Tahlequah_Public_Library%2C_Carnegie_Building.jpg?utm_source=commons.wikimedia.org&utm_campaign=imageinfo&utm_content=thumbnail_unscaled,Tahlequah Public Library,CC BY-SA 3.0,https://creativecommons.org/licenses/by-sa/3.0,"https://commons.wikimedia.org/wiki/File:Tahlequah_Public_Library,_Carnegie_Building.jpg",yes
Tulsa,public,Tulsa,Oklahoma,United States,"Nov 30, 1910","$55,000",3rd and Cheyenne,,,,,,,,,,,no
Wagoner,public,Wagoner,Oklahoma,United States,"Dec 7, 1911","$10,000",102 South State,,,,wikipedia-list,"File:Wagoner,_Oklahoma_Carnegie_Library_1912_2021090600009.jpg",https://upload.wikimedia.org/wikipedia/commons/thumb/7/7a/Wagoner%2C_Oklahoma_Carnegie_Library_1912_2021090600009.jpg/1920px-Wagoner%2C_Oklahoma_Carnegie_Library_1912_2021090600009.jpg?utm_source=commons.wikimedia.org&utm_campaign=imageinfo&utm_content=thumbnail,Robert M. Braley Jr.,CC BY-SA 4.0,https://creativecommons.org/licenses/by-sa/4.0,"https://commons.wikimedia.org/wiki/File:Wagoner,_Oklahoma_Carnegie_Library_1912_2021090600009.jpg",yes
Woodward,public,Woodward,Oklahoma,United States,"Dec 3, 1915","$10,000",1207 8th Street,,,,,,,,,,,no
"Albany Carnegie Library (Albany, Oregon)",public,Albany,Oregon,United States,"Apr 8, 1911","$12,500",302 SW Ferry St.,,,,wikipedia-list,"File:Albany,_Oregon_-_library_03.jpg",https://upload.wikimedia.org/wikipedia/commons/thumb/3/3e/Albany%2C_Oregon_-_library_03.jpg/1920px-Albany%2C_Oregon_-_library_03.jpg?utm_source=commons.wikimedia.org&utm_campaign=imageinfo&utm_content=thumbnail,Joe Mabel,CC BY 4.0,https://creativecommons.org/licenses/by/4.0,"https://commons.wikimedia.org/wiki/File:Albany,_Oregon_-_library_03.jpg",yes
Ashland Carnegie Library,public,Ashland,Oregon,United States,"Jun 25, 1909","$15,000",,,,,wikipedia-list,File:Ashland_Carnegie_Library.jpg,https://upload.wikimedia.org/wikipedia/commons/thumb/8/83/Ashland_Carnegie_Library.jpg/1920px-Ashland_Carnegie_Library.jpg?utm_source=commons.wikimedia.org&utm_campaign=imageinfo&utm_content=thumbnail,Tgomez69,CC BY-SA 4.0,https://creativecommons.org/licenses/by-sa/4.0,https://commons.wikimedia.org/wiki/File:Ashland_Carnegie_Library.jpg,yes
Baker City Carnegie Library,public,Baker City,Oregon,United States,"Dec 13, 1907","$25,000","2020 Auburn Ave, Baker City, OR, 97814",,,,wikipedia-list,"File:Carnegie_Library_(Baker_City,_Oregon).jpg",https://upload.wikimedia.org/wikipedia/commons/thumb/8/80/Carnegie_Library_%28Baker_City%2C_Oregon%29.jpg/1920px-Carnegie_Library_%28Baker_City%2C_Oregon%29.jpg?utm_source=commons.wikimedia.org&utm_campaign=imageinfo&utm_content=thumbnail,Visitor7,CC BY-SA 3.0,https://creativecommons.org/licenses/by-sa/3.0,"https://commons.wikimedia.org/wiki/File:Carnegie_Library_(Baker_City,_Oregon).jpg",yes
"Coos Bay Carnegie Library – See Marshfield Carnegie Library, below",public,,Oregon,United States,,,,,,,,,,,,,,no
Dallas Carnegie Library,public,Dallas,Oregon,United States,"Dec 7, 1911","$10,000","187 SW Court Street, Dallas, OR 97338",,,,wikipedia-list,"File:Carnegie_Library_in_Dallas,_Oregon_(8113589613).jpg",https://upload.wikimedia.org/wikipedia/commons/thumb/0/05/Carnegie_Library_in_Dallas%2C_Oregon_%288113589613%29.jpg/1920px-Carnegie_Library_in_Dallas%2C_Oregon_%288113589613%29.jpg?utm_source=commons.wikimedia.org&utm_campaign=imageinfo&utm_content=thumbnail,OSU Special Collections &amp; Archives : Commons,No restrictions,https://www.flickr.com/commons/usage/,"https://commons.wikimedia.org/wiki/File:Carnegie_Library_in_Dallas,_Oregon_(8113589613).jpg",yes
Enterprise Carnegie Library,public,Enterprise,Oregon,United States,"Jan 31, 1913","$5,000",,,,,wikipedia-list,File:Enterprise_Public_Library_-_Enterprise_Oregon.jpg,https://upload.wikimedia.org/wikipedia/commons/thumb/d/dc/Enterprise_Public_Library_-_Enterprise_Oregon.jpg/1920px-Enterprise_Public_Library_-_Enterprise_Oregon.jpg?utm_source=commons.wikimedia.org&utm_campaign=imageinfo&utm_content=thumbnail,Ian Poellet,CC BY-SA 3.0,https://creativecommons.org/licenses/by-sa/3.0,https://commons.wikimedia.org/wiki/File:Enterprise_Public_Library_-_Enterprise_Oregon.jpg,yes
Eugene Carnegie Library,public,Eugene,Oregon,United States,"Dec 14, 1903","$10,000",,,,,wikipedia-list,"File:Eugene_Public_Library,_circa_1910.jpg",https://upload.wikimedia.org/wikipedia/commons/thumb/6/6e/Eugene_Public_Library%2C_circa_1910.jpg/1920px-Eugene_Public_Library%2C_circa_1910.jpg?utm_source=commons.wikimedia.org&utm_campaign=imageinfo&utm_content=thumbnail,OSU Special Collections &amp; Archives : Commons,No restrictions,https://www.flickr.com/commons/usage/,"https://commons.wikimedia.org/wiki/File:Eugene_Public_Library,_circa_1910.jpg",yes
Grants Pass Carnegie Library,public,Grants Pass,Oregon,United States,"Nov 18, 1903","$12,500",,,,,,,,,,,,no
Gresham Carnegie Library,public,Gresham,Oregon,United States,"Feb 21, 1901",—,"410 N. Main St. Gresham, OR",,,https://en.wikipedia.org/wiki/Gresham_Carnegie_Library,wikipedia-list,File:Gresham_Carnegie_Library_-_Gresham_Oregon.jpg,https://upload.wikimedia.org/wikipedia/commons/3/35/Gresham_Carnegie_Library_-_Gresham_Oregon.jpg?utm_source=commons.wikimedia.org&utm_campaign=imageinfo&utm_content=thumbnail_unscaled,Ian Poellet (User:Werewombat),CC BY-SA 4.0,https://creativecommons.org/licenses/by-sa/4.0,https://commons.wikimedia.org/wiki/File:Gresham_Carnegie_Library_-_Gresham_Oregon.jpg,yes
Hermiston Carnegie Library,public,Hermiston,Oregon,United States,"Jan 6, 1915","$5,000","215 E Gladys Ave, Hermiston, OR 97838",,,,,,,,,,,no
Hillsboro Carnegie Library,public,Hillsboro,Oregon,United States,"Nov 3, 1913","$10,000",,,,https://en.wikipedia.org/wiki/Hillsboro_Carnegie_Library,wikipedia-list,File:Hillsboro_Carnegie_Library_building_-_main_facade_(2023).jpg,https://upload.wikimedia.org/wikipedia/commons/thumb/8/84/Hillsboro_Carnegie_Library_building_-_main_facade_%282023%29.jpg/1920px-Hillsboro_Carnegie_Library_building_-_main_facade_%282023%29.jpg?utm_source=commons.wikimedia.org&utm_campaign=imageinfo&utm_content=thumbnail,Steve Morgan,CC BY-SA 4.0,https://creativecommons.org/licenses/by-sa/4.0,https://commons.wikimedia.org/wiki/File:Hillsboro_Carnegie_Library_building_-_main_facade_(2023).jpg,yes
Hood River Carnegie Library,public,Hood River,Oregon,United States,"Dec 3, 1912","$17,500",,,,,wikipedia-list,File:Hood_River_County_Library-Georgiana_Smith_Park_-_Hood_River_Oregon.jpg,https://upload.wikimedia.org/wikipedia/commons/b/b8/Hood_River_County_Library-Georgiana_Smith_Park_-_Hood_River_Oregon.jpg?utm_source=commons.wikimedia.org&utm_campaign=imageinfo&utm_content=thumbnail_unscaled,Ian Poellet (User:Werewombat),CC BY-SA 3.0,https://creativecommons.org/licenses/by-sa/3.0,https://commons.wikimedia.org/wiki/File:Hood_River_County_Library-Georgiana_Smith_Park_-_Hood_River_Oregon.jpg,yes
Klamath Falls Carnegie Library,public,Klamath Falls,Oregon,United States,"Mar 14, 1913","$20,000",N. Alameda Ave. and Monclaire St.,,,,wikipedia-list,File:KF_Carnegie.jpg,https://upload.wikimedia.org/wikipedia/commons/e/ee/KF_Carnegie.jpg?utm_source=commons.wikimedia.org&utm_campaign=imageinfo&utm_content=thumbnail_unscaled,Klamath County Library,CC BY-SA 4.0,https://creativecommons.org/licenses/by-sa/4.0,https://commons.wikimedia.org/wiki/File:KF_Carnegie.jpg,yes
La Grande Carnegie Library,public,La Grande,Oregon,United States,"Apr 2, 1913","$12,500","1006 Penn Avenue, La Grande 97850",,,,wikipedia-list,"File:Carnegie_Library_(La_Grande,_Oregon).jpg",https://upload.wikimedia.org/wikipedia/commons/thumb/7/7b/Carnegie_Library_%28La_Grande%2C_Oregon%29.jpg/1920px-Carnegie_Library_%28La_Grande%2C_Oregon%29.jpg?utm_source=commons.wikimedia.org&utm_campaign=imageinfo&utm_content=thumbnail,Visitor7,CC BY-SA 3.0,https://creativecommons.org/licenses/by-sa/3.0,"https://commons.wikimedia.org/wiki/File:Carnegie_Library_(La_Grande,_Oregon).jpg",yes
Marshfield Carnegie Library,public,Marshfield,Oregon,United States,"Apr 28, 1913","$12,500","515 W. Market St. Coos Bay, OR",,,,wikipedia-list,File:Coos_Bay_Carnegie_Library_-_Coos_Bay_Oregon.jpg,https://upload.wikimedia.org/wikipedia/commons/thumb/1/1f/Coos_Bay_Carnegie_Library_-_Coos_Bay_Oregon.jpg/1920px-Coos_Bay_Carnegie_Library_-_Coos_Bay_Oregon.jpg?utm_source=commons.wikimedia.org&utm_campaign=imageinfo&utm_content=thumbnail,Ian Poellet,CC BY-SA 4.0,https://creativecommons.org/licenses/by-sa/4.0,https://commons.wikimedia.org/wiki/File:Coos_Bay_Carnegie_Library_-_Coos_Bay_Oregon.jpg,yes
McMinnville Carnegie Library,public,McMinnville,Oregon,United States,"Jan 6, 1912","$10,000",,,,,wikipedia-list,File:McMinnville_Oregon_Library.JPG,https://upload.wikimedia.org/wikipedia/commons/thumb/7/72/McMinnville_Oregon_Library.JPG/1920px-McMinnville_Oregon_Library.JPG?utm_source=commons.wikimedia.org&utm_campaign=imageinfo&utm_content=thumbnail,M.O. Stevens,Public domain,,https://commons.wikimedia.org/wiki/File:McMinnville_Oregon_Library.JPG,yes
Medford Carnegie Library,public,Medford,Oregon,United States,"Jan 6, 1911","$20,000",,,,https://en.wikipedia.org/wiki/Medford_Carnegie_Library,wikipedia-list,File:Medford_Carnegie_Library_-_Medford_Oregon.jpg,https://upload.wikimedia.org/wikipedia/commons/thumb/d/df/Medford_Carnegie_Library_-_Medford_Oregon.jpg/1920px-Medford_Carnegie_Library_-_Medford_Oregon.jpg?utm_source=commons.wikimedia.org&utm_campaign=imageinfo&utm_content=thumbnail,ZabMilenko at English Wikipedia,CC BY-SA 3.0,http://creativecommons.org/licenses/by-sa/3.0/,https://commons.wikimedia.org/wiki/File:Medford_Carnegie_Library_-_Medford_Oregon.jpg,yes
Milton Carnegie Library,public,Milton,Oregon,United States,"Jan 6, 1915","$7,500","815 S Main St, Milton-Freewater, OR 97862",,,,wikipedia-list,File:MiltonCarnegieLibrary.jpg,https://upload.wikimedia.org/wikipedia/commons/a/a4/MiltonCarnegieLibrary.jpg?utm_source=commons.wikimedia.org&utm_campaign=imageinfo&utm_content=thumbnail_unscaled,GScottAlex,CC BY-SA 4.0,https://creativecommons.org/licenses/by-sa/4.0,https://commons.wikimedia.org/wiki/File:MiltonCarnegieLibrary.jpg,yes
Newberg Public Library,public,Newberg,Oregon,United States,"Mar 18, 1911","$10,000",,,,https://en.wikipedia.org/wiki/Newberg_Public_Library,wikipedia-list,File:Newberg_Oregon_library.JPG,https://upload.wikimedia.org/wikipedia/commons/thumb/2/2a/Newberg_Oregon_library.JPG/1920px-Newberg_Oregon_library.JPG?utm_source=commons.wikimedia.org&utm_campaign=imageinfo&utm_content=thumbnail,M.O. Stevens,CC BY-SA 3.0,https://creativecommons.org/licenses/by-sa/3.0,https://commons.wikimedia.org/wiki/File:Newberg_Oregon_library.JPG,yes
Ontario Carnegie Library,public,Ontario,Oregon,United States,"Dec 3, 1912","$7,500",,,,,,,,,,,,no
Oregon City Carnegie Library,public,Oregon City,Oregon,United States,"Dec 23, 1911","$12,500","606 John Adams Street, Oregon City, OR 97045",,,https://en.wikipedia.org/wiki/Oregon_City_Carnegie_Library,wikipedia-list,File:OREGON_CITY_OREGON_CARNEGIE_LIBRARY_copy.jpg,https://upload.wikimedia.org/wikipedia/commons/thumb/b/be/OREGON_CITY_OREGON_CARNEGIE_LIBRARY_copy.jpg/1920px-OREGON_CITY_OREGON_CARNEGIE_LIBRARY_copy.jpg?utm_source=commons.wikimedia.org&utm_campaign=imageinfo&utm_content=thumbnail,Srandjlsims,CC BY-SA 3.0,https://creativecommons.org/licenses/by-sa/3.0,https://commons.wikimedia.org/wiki/File:OREGON_CITY_OREGON_CARNEGIE_LIBRARY_copy.jpg,yes
Albina Library,public,Portland,Oregon,United States,"Feb 21, 1901","$165,000","216 NE Knott Street, Portland, OR 97212",,,https://en.wikipedia.org/wiki/Albina_Library,wikipedia-list,File:Title_Wave_Used_Bookstore_(ex-Albina_Carnegie_Library)_in_Portland_OR.jpg,https://upload.wikimedia.org/wikipedia/commons/thumb/f/f2/Title_Wave_Used_Bookstore_%28ex-Albina_Carnegie_Library%29_in_Portland_OR.jpg/1920px-Title_Wave_Used_Bookstore_%28ex-Albina_Carnegie_Library%29_in_Portland_OR.jpg?utm_source=commons.wikimedia.org&utm_campaign=imageinfo&utm_content=thumbnail,Steve Morgan,CC BY-SA 4.0,https://creativecommons.org/licenses/by-sa/4.0,https://commons.wikimedia.org/wiki/File:Title_Wave_Used_Bookstore_(ex-Albina_Carnegie_Library)_in_Portland_OR.jpg,yes
Arleta Carnegie Library,public,Portland,Oregon,United States,"Feb 21, 1901",—,"4420 SE 64th Avenue, Portland, OR 97206",,,https://en.wikipedia.org/wiki/Arleta_Branch_Library,wikipedia-list,File:Arleta_Library_-_Portland_Oregon.jpg,https://upload.wikimedia.org/wikipedia/commons/thumb/3/36/Arleta_Library_-_Portland_Oregon.jpg/1920px-Arleta_Library_-_Portland_Oregon.jpg?utm_source=commons.wikimedia.org&utm_campaign=imageinfo&utm_content=thumbnail,Ian Poellet,CC BY-SA 4.0,https://creativecommons.org/licenses/by-sa/4.0,https://commons.wikimedia.org/wiki/File:Arleta_Library_-_Portland_Oregon.jpg,yes
East Portland Carnegie Library,public,Portland,Oregon,United States,"Feb 21, 1901",—,"1110 SE Alder Street, Portland, OR 97214",,,https://en.wikipedia.org/wiki/East_Portland_Carnegie_Library,wikipedia-list,File:East_Portland_Branch_Multnomah_Library_-_Portland_Oregon.jpg,https://upload.wikimedia.org/wikipedia/commons/6/65/East_Portland_Branch_Multnomah_Library_-_Portland_Oregon.jpg?utm_source=commons.wikimedia.org&utm_campaign=imageinfo&utm_content=thumbnail_unscaled,Ian Poellet (User:Werewombat),CC BY-SA 3.0,https://creativecommons.org/licenses/by-sa/3.0,https://commons.wikimedia.org/wiki/File:East_Portland_Branch_Multnomah_Library_-_Portland_Oregon.jpg,yes
North Portland Library,public,Portland,Oregon,United States,1912 [6],—,"512 N Killingsworth Street, Portland, OR 97217",,,https://en.wikipedia.org/wiki/North_Portland_Library,wikipedia-list,File:North_Portland_Public_Library.jpg,https://upload.wikimedia.org/wikipedia/commons/thumb/7/7f/North_Portland_Public_Library.jpg/1920px-North_Portland_Public_Library.jpg?utm_source=commons.wikimedia.org&utm_campaign=imageinfo&utm_content=thumbnail,Visitor7,CC BY-SA 3.0,https://creativecommons.org/licenses/by-sa/3.0,https://commons.wikimedia.org/wiki/File:North_Portland_Public_Library.jpg,yes
St. Johns Carnegie Library,public,Portland,Oregon,United States,"Feb 21, 1901",—,"7510 N Charleston Avenue, Portland, OR 97203",,,https://en.wikipedia.org/wiki/St._Johns_Carnegie_Library,wikipedia-list,File:St._Johns_Library_in_Portland.jpg,https://upload.wikimedia.org/wikipedia/commons/thumb/4/4d/St._Johns_Library_in_Portland.jpg/1920px-St._Johns_Library_in_Portland.jpg?utm_source=commons.wikimedia.org&utm_campaign=imageinfo&utm_content=thumbnail,Finetooth,CC BY-SA 3.0,https://creativecommons.org/licenses/by-sa/3.0,https://commons.wikimedia.org/wiki/File:St._Johns_Library_in_Portland.jpg,yes
South Portland Carnegie Library,public,Portland,Oregon,United States,"Feb 21, 1901",—,,,,,wikipedia-list,File:South_Portland_Carnegie_Library_-_South_Portland_HD_60_-_Portland_Oregon.jpg,https://upload.wikimedia.org/wikipedia/commons/thumb/c/cb/South_Portland_Carnegie_Library_-_South_Portland_HD_60_-_Portland_Oregon.jpg/1920px-South_Portland_Carnegie_Library_-_South_Portland_HD_60_-_Portland_Oregon.jpg?utm_source=commons.wikimedia.org&utm_campaign=imageinfo&utm_content=thumbnail,Ian Poellet,CC BY-SA 4.0,https://creativecommons.org/licenses/by-sa/4.0,https://commons.wikimedia.org/wiki/File:South_Portland_Carnegie_Library_-_South_Portland_HD_60_-_Portland_Oregon.jpg,yes
Salem Carnegie Library,public,Salem,Oregon,United States,"Dec 24, 1907","$27,500","790 State Street, Salem, OR 97301",,,https://en.wikipedia.org/wiki/Salem_Carnegie_Library_(Oregon),wikipedia-list,File:Oregon_Civic_Justice_Center.JPG,https://upload.wikimedia.org/wikipedia/commons/thumb/9/9e/Oregon_Civic_Justice_Center.JPG/1920px-Oregon_Civic_Justice_Center.JPG?utm_source=commons.wikimedia.org&utm_campaign=imageinfo&utm_content=thumbnail,M.O. Stevens,CC BY-SA 3.0,http://creativecommons.org/licenses/by-sa/3.0/,https://commons.wikimedia.org/wiki/File:Oregon_Civic_Justice_Center.JPG,yes
The Dalles Carnegie Library,public,The Dalles,Oregon,United States,"Mar 9, 1907","$10,000","220 E 4th Street, The Dalles, OR 97058",,,https://en.wikipedia.org/wiki/The_Dalles_Carnegie_Library,wikipedia-list,File:Carnegie_Library_in_The_Dalles_Oregon.jpg,https://upload.wikimedia.org/wikipedia/commons/thumb/7/72/Carnegie_Library_in_The_Dalles_Oregon.jpg/1920px-Carnegie_Library_in_The_Dalles_Oregon.jpg?utm_source=commons.wikimedia.org&utm_campaign=imageinfo&utm_content=thumbnail,Tedder,CC BY 3.0,https://creativecommons.org/licenses/by/3.0,https://commons.wikimedia.org/wiki/File:Carnegie_Library_in_The_Dalles_Oregon.jpg,yes
Umatilla County Library,public,Pendleton,Oregon,United States,"Jan 6, 1915","$25,000","214 N. Main St. Pendleton, OR",,,https://en.wikipedia.org/wiki/Umatilla_County_Library,wikipedia-list,"File:Carnegie_Library_(Pendleton,_Oregon).jpg",https://upload.wikimedia.org/wikipedia/commons/thumb/7/71/Carnegie_Library_%28Pendleton%2C_Oregon%29.jpg/1920px-Carnegie_Library_%28Pendleton%2C_Oregon%29.jpg?utm_source=commons.wikimedia.org&utm_campaign=imageinfo&utm_content=thumbnail,Visitor7,CC BY-SA 3.0,https://creativecommons.org/licenses/by-sa/3.0,"https://commons.wikimedia.org/wiki/File:Carnegie_Library_(Pendleton,_Oregon).jpg",yes
Union Carnegie Library,public,Union,Oregon,United States,"Apr 25, 1911","$5,500",,,,,wikipedia-list,"File:Carnegie_Library_(Union,_Oregon).jpg",https://upload.wikimedia.org/wikipedia/commons/thumb/b/b2/Carnegie_Library_%28Union%2C_Oregon%29.jpg/1920px-Carnegie_Library_%28Union%2C_Oregon%29.jpg?utm_source=commons.wikimedia.org&utm_campaign=imageinfo&utm_content=thumbnail,Visitor7,CC BY-SA 3.0,https://creativecommons.org/licenses/by-sa/3.0,"https://commons.wikimedia.org/wiki/File:Carnegie_Library_(Union,_Oregon).jpg",yes
Woodburn Carnegie Library,public,Woodburn,Oregon,United States,"Jan 14, 1914","$10,000",,,,,,,,,,,,no
Chestnut Hill,public,,Pennsylvania,United States,,,8711 Germantown Avenue (19118),40.077255,-75.208755,,wikipedia-list,File:Phila_FLP_ChestnutHill01.png,https://upload.wikimedia.org/wikipedia/commons/thumb/5/50/Phila_FLP_ChestnutHill01.png/1920px-Phila_FLP_ChestnutHill01.png?utm_source=commons.wikimedia.org&utm_campaign=imageinfo&utm_content=thumbnail,Davidt8,Public domain,,https://commons.wikimedia.org/wiki/File:Phila_FLP_ChestnutHill01.png,yes
Cobbs Creek,public,,Pennsylvania,United States,,,"5800 Cobbs Creek Parkway, (19143)",39.94572,-75.241500,,wikipedia-list,File:Phila_FLP_CobbsCreek01.png,https://upload.wikimedia.org/wikipedia/commons/thumb/0/01/Phila_FLP_CobbsCreek01.png/1920px-Phila_FLP_CobbsCreek01.png?utm_source=commons.wikimedia.org&utm_campaign=imageinfo&utm_content=thumbnail,Davidt8,Public domain,,https://commons.wikimedia.org/wiki/File:Phila_FLP_CobbsCreek01.png,yes
Falls of Schuylkill,public,,Pennsylvania,United States,,,3501 Midvale Avenue (19129),40.014201,-75.191874,,wikipedia-list,File:Phila_FLP_FallsSchuylkill02.png,https://upload.wikimedia.org/wikipedia/commons/thumb/a/af/Phila_FLP_FallsSchuylkill02.png/1920px-Phila_FLP_FallsSchuylkill02.png?utm_source=commons.wikimedia.org&utm_campaign=imageinfo&utm_content=thumbnail,Davidt8,Public domain,,https://commons.wikimedia.org/wiki/File:Phila_FLP_FallsSchuylkill02.png,yes
Frankford,public,,Pennsylvania,United States,,,4634 Frankford Avenue (19124),,,,,,,,,,,no
Germantown,public,,Pennsylvania,United States,,,5818 Germantown Avenue (19144),40.037324,-75.176045,,wikipedia-list,File:Germantown_Free_Library.JPG,https://upload.wikimedia.org/wikipedia/commons/thumb/2/21/Germantown_Free_Library.JPG/1920px-Germantown_Free_Library.JPG?utm_source=commons.wikimedia.org&utm_campaign=imageinfo&utm_content=thumbnail,Smallbones,Public domain,,https://commons.wikimedia.org/wiki/File:Germantown_Free_Library.JPG,yes
Greenwich,public,,Pennsylvania,United States,,,,,,,,,,,,,,no
Haddington,public,,Pennsylvania,United States,,,446 North 65th Street (19151),39.970048,-75.249346,,wikipedia-list,File:Phila_FLP_Haddington01.jpg,https://upload.wikimedia.org/wikipedia/commons/thumb/f/fe/Phila_FLP_Haddington01.jpg/1920px-Phila_FLP_Haddington01.jpg?utm_source=commons.wikimedia.org&utm_campaign=imageinfo&utm_content=thumbnail,Davidt8,Public domain,,https://commons.wikimedia.org/wiki/File:Phila_FLP_Haddington01.jpg,yes
Kingsessing,public,,Pennsylvania,United States,,,1201 South 51st Street (19143),39.942406,-75.219037,,wikipedia-list,File:Phila_FLP_Kingsessing02.jpg,https://upload.wikimedia.org/wikipedia/commons/thumb/b/bb/Phila_FLP_Kingsessing02.jpg/1920px-Phila_FLP_Kingsessing02.jpg?utm_source=commons.wikimedia.org&utm_campaign=imageinfo&utm_content=thumbnail,Davidt8,Public domain,,https://commons.wikimedia.org/wiki/File:Phila_FLP_Kingsessing02.jpg,yes
Lehigh,public,,Pennsylvania,United States,,,601 West Lehigh Avenue (19133),39.992343,-75.142173,,wikipedia-list,File:Phila_FLP_LehighAvenue02.png,https://upload.wikimedia.org/wikipedia/commons/thumb/9/92/Phila_FLP_LehighAvenue02.png/1920px-Phila_FLP_LehighAvenue02.png?utm_source=commons.wikimedia.org&utm_campaign=imageinfo&utm_content=thumbnail,Davidt8,Public domain,,https://commons.wikimedia.org/wiki/File:Phila_FLP_LehighAvenue02.png,yes
Logan,public,,Pennsylvania,United States,,,"1333 Wagner Avenue (19141),",40.031457,-75.145342,,wikipedia-list,File:Phila_FLP_Logan01.png,https://upload.wikimedia.org/wikipedia/commons/thumb/4/40/Phila_FLP_Logan01.png/1920px-Phila_FLP_Logan01.png?utm_source=commons.wikimedia.org&utm_campaign=imageinfo&utm_content=thumbnail,Davidt8,Public domain,,https://commons.wikimedia.org/wiki/File:Phila_FLP_Logan01.png,yes
Manayunk,public,,Pennsylvania,United States,,,Fleming and Dupont Streets (19128),40.031107,-75.222124,,,,,,,,,no
McPherson Square,public,,Pennsylvania,United States,,,601 East Indiana Avenue (19134),39.994808,-75.11878,,wikipedia-list,File:Phila_FLP_McPherson01.jpg,https://upload.wikimedia.org/wikipedia/commons/b/bd/Phila_FLP_McPherson01.jpg?utm_source=commons.wikimedia.org&utm_campaign=imageinfo&utm_content=thumbnail_unscaled,Davidt8,Public domain,,https://commons.wikimedia.org/wiki/File:Phila_FLP_McPherson01.jpg,yes
Nicetown,public,,Pennsylvania,United States,,,1715 Hunting Park Avenue (19124),,,,,,,,,,,no
Oak Lane,public,,Pennsylvania,United States,,,6614 North 12th Street (19126),40.053362,-75.137714,,wikipedia-list,File:Phila_FLP_OakLane01.png,https://upload.wikimedia.org/wikipedia/commons/thumb/c/cc/Phila_FLP_OakLane01.png/1920px-Phila_FLP_OakLane01.png?utm_source=commons.wikimedia.org&utm_campaign=imageinfo&utm_content=thumbnail,Davidt8,Public domain,,https://commons.wikimedia.org/wiki/File:Phila_FLP_OakLane01.png,yes
Paschalville,public,,Pennsylvania,United States,,,6942 Woodland Avenue (19142),39.920410,-75.24089,,wikipedia-list,File:Phila_FLP_Paschalville.01.png,https://upload.wikimedia.org/wikipedia/commons/thumb/8/83/Phila_FLP_Paschalville.01.png/1920px-Phila_FLP_Paschalville.01.png?utm_source=commons.wikimedia.org&utm_campaign=imageinfo&utm_content=thumbnail,Davidt8,Public domain,,https://commons.wikimedia.org/wiki/File:Phila_FLP_Paschalville.01.png,yes
Passyunk,public,,Pennsylvania,United States,,,1935 Shunk Street (19145),39.919622,-75.1802,,wikipedia-list,File:Phila_FLP_Passyunk01.png,https://upload.wikimedia.org/wikipedia/commons/thumb/d/d4/Phila_FLP_Passyunk01.png/1920px-Phila_FLP_Passyunk01.png?utm_source=commons.wikimedia.org&utm_campaign=imageinfo&utm_content=thumbnail,Davidt8,Public domain,,https://commons.wikimedia.org/wiki/File:Phila_FLP_Passyunk01.png,yes
Richmond,public,,Pennsylvania,United States,,,2987 Almond Street (19134),39.982963,-75.108653,,wikipedia-list,File:Phila_FLP_Richmond01.jpg,https://upload.wikimedia.org/wikipedia/commons/8/8b/Phila_FLP_Richmond01.jpg?utm_source=commons.wikimedia.org&utm_campaign=imageinfo&utm_content=thumbnail_unscaled,Davidt8,Public domain,,https://commons.wikimedia.org/wiki/File:Phila_FLP_Richmond01.jpg,yes
South Philadelphia,public,,Pennsylvania,United States,,,2407 S Broad Street,,,,,,,,,,,no
Southwark,public,,Pennsylvania,United States,,,1108 South 5th Street,,,,,,,,,,,no
Spring Garden,public,,Pennsylvania,United States,,,1700 Spring Garden Street,,,,,,,,,,,no
Tacony,public,,Pennsylvania,United States,,,6742 Torresdale Avenue (19135),40.025356,-75.0452300,,wikipedia-list,File:Phila_FLP_Tacony01.jpg,https://upload.wikimedia.org/wikipedia/commons/thumb/0/00/Phila_FLP_Tacony01.jpg/1920px-Phila_FLP_Tacony01.jpg?utm_source=commons.wikimedia.org&utm_campaign=imageinfo&utm_content=thumbnail,Davidt8,Public domain,,https://commons.wikimedia.org/wiki/File:Phila_FLP_Tacony01.jpg,yes
Thomas Holme,public,,Pennsylvania,United States,,,7810 Frankford Avenue (19136),40.040293,-75.031184,,wikipedia-list,File:Phila_FLP_Holmesburg01.jpg,https://upload.wikimedia.org/wikipedia/commons/thumb/1/19/Phila_FLP_Holmesburg01.jpg/1920px-Phila_FLP_Holmesburg01.jpg?utm_source=commons.wikimedia.org&utm_campaign=imageinfo&utm_content=thumbnail,Davidt8,Public domain,,https://commons.wikimedia.org/wiki/File:Phila_FLP_Holmesburg01.jpg,yes
Walnut Street,public,,Pennsylvania,United States,,,140 South 40th Street (19104),39.954112,-75.202589,,wikipedia-list,File:Phila_FLP_WalnutStreet01.png,https://upload.wikimedia.org/wikipedia/commons/thumb/c/c7/Phila_FLP_WalnutStreet01.png/1920px-Phila_FLP_WalnutStreet01.png?utm_source=commons.wikimedia.org&utm_campaign=imageinfo&utm_content=thumbnail,Davidt8,Public domain,,https://commons.wikimedia.org/wiki/File:Phila_FLP_WalnutStreet01.png,yes
Wissahickon,public,,Pennsylvania,United States,,,Manayunk Avenue and Osbourne Street,,,,,,,,,,,no
Wyoming,public,,Pennsylvania,United States,,,231 East Wyoming Avenue (19120),40.021191,-75.121402,,wikipedia-list,File:Phila_FLP_Wyoming02.jpg,https://upload.wikimedia.org/wikipedia/commons/thumb/3/3a/Phila_FLP_Wyoming02.jpg/1920px-Phila_FLP_Wyoming02.jpg?utm_source=commons.wikimedia.org&utm_campaign=imageinfo&utm_content=thumbnail,Davidt8,Public domain,,https://commons.wikimedia.org/wiki/File:Phila_FLP_Wyoming02.jpg,yes
Allegheny,public,,Pennsylvania,United States,1886,"$481,012",6 Allegheny Square East,,,https://en.wikipedia.org/wiki/Carnegie_Free_Library_of_Allegheny,wikipedia-list,File:Carnegie_Free_Library_of_Allegheny.jpg,https://upload.wikimedia.org/wikipedia/commons/thumb/0/00/Carnegie_Free_Library_of_Allegheny.jpg/1920px-Carnegie_Free_Library_of_Allegheny.jpg?utm_source=commons.wikimedia.org&utm_campaign=imageinfo&utm_content=thumbnail,User:Nyttend,Public domain,,https://commons.wikimedia.org/wiki/File:Carnegie_Free_Library_of_Allegheny.jpg,yes
Beaver Falls,public,,Pennsylvania,United States,"Aug 15, 1899","$50,000",1301 7th Ave.,,,https://en.wikipedia.org/wiki/Carnegie_Free_Library_of_Beaver_Falls,wikipedia-list,File:Carnegie_Free_Library_in_Beaver_Falls.jpg,https://upload.wikimedia.org/wikipedia/commons/thumb/6/64/Carnegie_Free_Library_in_Beaver_Falls.jpg/1920px-Carnegie_Free_Library_in_Beaver_Falls.jpg?utm_source=commons.wikimedia.org&utm_campaign=imageinfo&utm_content=thumbnail,Mvincec,Public domain,,https://commons.wikimedia.org/wiki/File:Carnegie_Free_Library_in_Beaver_Falls.jpg,yes
Braddock,public,,Pennsylvania,United States,1887,"$357,782",419 Library St.,40.401869,-79.865425,https://en.wikipedia.org/wiki/Carnegie_Free_Library_of_Braddock,wikipedia-list,File:CarnegieFreeLibraryofBraddock.jpg,https://upload.wikimedia.org/wikipedia/commons/7/71/CarnegieFreeLibraryofBraddock.jpg?utm_source=commons.wikimedia.org&utm_campaign=imageinfo&utm_content=thumbnail_unscaled,Lee Paxton,CC BY-SA 4.0,https://creativecommons.org/licenses/by-sa/4.0,https://commons.wikimedia.org/wiki/File:CarnegieFreeLibraryofBraddock.jpg,yes
Bradford,public,,Pennsylvania,United States,"Jan 19, 1900","$40,000",27 Congress St.,,,,wikipedia-list,File:Bradford_PA_Carnegie_Public_Library_pre_1920.jpg,https://upload.wikimedia.org/wikipedia/commons/8/87/Bradford_PA_Carnegie_Public_Library_pre_1920.jpg?utm_source=commons.wikimedia.org&utm_campaign=imageinfo&utm_content=thumbnail_unscaled,Unknown authorUnknown author,Public domain,,https://commons.wikimedia.org/wiki/File:Bradford_PA_Carnegie_Public_Library_pre_1920.jpg,yes
Butler,public,,Pennsylvania,United States,"May 3, 1917","$37,000",218 N. McKean St.,,,,,,,,,,,no
Carnegie,public,,Pennsylvania,United States,"Apr 26, 1898","$310,000",300 Beechwood Ave.,,,"https://en.wikipedia.org/wiki/Andrew_Carnegie_Free_Library_(Carnegie,_Pennsylvania)",wikipedia-list,File:AndrewCarnegieFreeLibrary.jpg,https://upload.wikimedia.org/wikipedia/commons/9/91/AndrewCarnegieFreeLibrary.jpg?utm_source=commons.wikimedia.org&utm_campaign=imageinfo&utm_content=thumbnail_unscaled,Lee Paxton,CC BY-SA 4.0,https://creativecommons.org/licenses/by-sa/4.0,https://commons.wikimedia.org/wiki/File:AndrewCarnegieFreeLibrary.jpg,yes
Connellsville,public,,Pennsylvania,United States,"Apr 22, 1899","$75,000",299 S. Pittsburgh St.,,,"https://en.wikipedia.org/wiki/Carnegie_Free_Library_(Connellsville,_Pennsylvania)",wikipedia-list,File:Carnegie_Free_Library_Connellsville_Pennsylvania.jpg,https://upload.wikimedia.org/wikipedia/commons/thumb/0/0d/Carnegie_Free_Library_Connellsville_Pennsylvania.jpg/1920px-Carnegie_Free_Library_Connellsville_Pennsylvania.jpg?utm_source=commons.wikimedia.org&utm_campaign=imageinfo&utm_content=thumbnail,Canadian2006,CC BY-SA 3.0,https://creativecommons.org/licenses/by-sa/3.0,https://commons.wikimedia.org/wiki/File:Carnegie_Free_Library_Connellsville_Pennsylvania.jpg,yes
Corry,public,,Pennsylvania,United States,"Nov 9, 1916","$15,000",203 N. Center St.,,,,wikipedia-list,"File:Corry,_Pennsylvania_(4826624112).jpg",https://upload.wikimedia.org/wikipedia/commons/thumb/e/ef/Corry%2C_Pennsylvania_%284826624112%29.jpg/1920px-Corry%2C_Pennsylvania_%284826624112%29.jpg?utm_source=commons.wikimedia.org&utm_campaign=imageinfo&utm_content=thumbnail,"Doug Kerr from Albany, NY, United States",CC BY-SA 2.0,https://creativecommons.org/licenses/by-sa/2.0,"https://commons.wikimedia.org/wiki/File:Corry,_Pennsylvania_(4826624112).jpg",yes
Duquesne,public,,Pennsylvania,United States,"Jan 23, 1901","$310,000",,,,,,,,,,,,no
Easton,public,,Pennsylvania,United States,"Jul 4, 1901","$57,500",515 Church St.,,,https://en.wikipedia.org/wiki/Easton_Area_Public_Library,wikipedia-list,File:Easton_Area_Public_Library_in_Easton_PA.jpg,https://upload.wikimedia.org/wikipedia/commons/c/ca/Easton_Area_Public_Library_in_Easton_PA.jpg?utm_source=commons.wikimedia.org&utm_campaign=imageinfo&utm_content=thumbnail_unscaled,Hunter Kahn,Public domain,,https://commons.wikimedia.org/wiki/File:Easton_Area_Public_Library_in_Easton_PA.jpg,yes
Edgewood,public,,Pennsylvania,United States,"May 8, 1914","$12,500",4400 Greensburg Pike,,,,,,,,,,,no
Hamburg,public,,Pennsylvania,United States,"Feb 20, 1903","$10,000",35 N. 3rd St.,,,"https://en.wikipedia.org/wiki/Hamburg_Public_Library_(Hamburg,_Pennsylvania)",wikipedia-list,File:Hamburg_Public_Library_BerksCo_PA.JPG,https://upload.wikimedia.org/wikipedia/commons/thumb/f/fc/Hamburg_Public_Library_BerksCo_PA.JPG/1920px-Hamburg_Public_Library_BerksCo_PA.JPG?utm_source=commons.wikimedia.org&utm_campaign=imageinfo&utm_content=thumbnail,Smallbones,CC0,http://creativecommons.org/publicdomain/zero/1.0/deed.en,https://commons.wikimedia.org/wiki/File:Hamburg_Public_Library_BerksCo_PA.JPG,yes
Homestead,public,,Pennsylvania,United States,"Nov 27, 1896","$322,067",510 E. 10th Ave.,,,https://en.wikipedia.org/wiki/Carnegie_Library_of_Homestead,wikipedia-list,File:CarnegieLibraryofHomestead.jpg,https://upload.wikimedia.org/wikipedia/commons/6/6e/CarnegieLibraryofHomestead.jpg?utm_source=commons.wikimedia.org&utm_campaign=imageinfo&utm_content=thumbnail_unscaled,Lee Paxton,CC BY-SA 4.0,https://creativecommons.org/licenses/by-sa/4.0,https://commons.wikimedia.org/wiki/File:CarnegieLibraryofHomestead.jpg,yes
Johnstown,public,,Pennsylvania,United States,"Mar 9, 1890","$55,332",304 Washington St.,,,https://en.wikipedia.org/wiki/Cambria_Public_Library_Building,wikipedia-list,File:Johnstown_Flood_Museum_(11718055843).jpg,https://upload.wikimedia.org/wikipedia/commons/thumb/8/88/Johnstown_Flood_Museum_%2811718055843%29.jpg/1920px-Johnstown_Flood_Museum_%2811718055843%29.jpg?utm_source=commons.wikimedia.org&utm_campaign=imageinfo&utm_content=thumbnail,David Brossard,CC BY-SA 2.0,https://creativecommons.org/licenses/by-sa/2.0,https://commons.wikimedia.org/wiki/File:Johnstown_Flood_Museum_(11718055843).jpg,yes
Mansfield,public,,Pennsylvania,United States,"Mar 29, 1911","$5,000",71 N. Main St.,,,,,,,,,,,no
McKeesport,public,,Pennsylvania,United States,"Apr 2, 1899","$50,000",1507 Library Ave.,,,"https://en.wikipedia.org/wiki/Carnegie_Free_Library_(McKeesport,_Pennsylvania)",wikipedia-list,File:CarnegieFreeLibraryofMckeesport.jpg,https://upload.wikimedia.org/wikipedia/commons/0/0e/CarnegieFreeLibraryofMckeesport.jpg?utm_source=commons.wikimedia.org&utm_campaign=imageinfo&utm_content=thumbnail_unscaled,Lee Paxton,CC BY-SA 4.0,https://creativecommons.org/licenses/by-sa/4.0,https://commons.wikimedia.org/wiki/File:CarnegieFreeLibraryofMckeesport.jpg,yes
Midland,public,,Pennsylvania,United States,"May 8, 1914","$20,000",61 9th St.,,,,wikipedia-list,File:Midland_Carnegie_Library.jpg,https://upload.wikimedia.org/wikipedia/commons/thumb/f/ff/Midland_Carnegie_Library.jpg/1920px-Midland_Carnegie_Library.jpg?utm_source=commons.wikimedia.org&utm_campaign=imageinfo&utm_content=thumbnail,Nyttend,Public domain,,https://commons.wikimedia.org/wiki/File:Midland_Carnegie_Library.jpg,yes
North Bessemer,public,,Pennsylvania,United States,"May 1, 1901","$20,600",,,,,,,,,,,,no
Oakmont,public,,Pennsylvania,United States,"Jan 24, 1899","$25,000",700 Allegheny River Blvd.,,,,wikipedia-list,"File:Carnegie_Library,_Oakmont,_2015-02-27.jpg",https://upload.wikimedia.org/wikipedia/commons/thumb/c/c2/Carnegie_Library%2C_Oakmont%2C_2015-02-27.jpg/1920px-Carnegie_Library%2C_Oakmont%2C_2015-02-27.jpg?utm_source=commons.wikimedia.org&utm_campaign=imageinfo&utm_content=thumbnail,Cbaile19,CC0,http://creativecommons.org/publicdomain/zero/1.0/deed.en,"https://commons.wikimedia.org/wiki/File:Carnegie_Library,_Oakmont,_2015-02-27.jpg",yes
Oil City,public,,Pennsylvania,United States,"Apr 12, 1900","$44,000",2 Central Ave.,,,,wikipedia-list,File:Oil_City_Carnegie_Library.jpg,https://upload.wikimedia.org/wikipedia/commons/c/c4/Oil_City_Carnegie_Library.jpg?utm_source=commons.wikimedia.org&utm_campaign=imageinfo&utm_content=thumbnail_unscaled,unknown - before 1907,Public domain,,https://commons.wikimedia.org/wiki/File:Oil_City_Carnegie_Library.jpg,yes
Phoenixville,public,,Pennsylvania,United States,"Mar 9, 1901","$20,000",183 2nd Ave.,,,,wikipedia-list,File:Line_art_of_Phoenixville_Public_Library.gif,https://upload.wikimedia.org/wikipedia/commons/9/9d/Line_art_of_Phoenixville_Public_Library.gif?utm_source=commons.wikimedia.org&utm_campaign=imageinfo&utm_content=thumbnail_unscaled,Unknown authorUnknown author,Public domain,,https://commons.wikimedia.org/wiki/File:Line_art_of_Phoenixville_Public_Library.gif,yes
Pittsburgh Main,public,,Pennsylvania,United States,"Feb 6, 1890","$1,160,614 [21]",4400 Forbes Ave.,,,https://en.wikipedia.org/wiki/Carnegie_Library_of_Pittsburgh,wikipedia-list,File:Carnegie_Library_of_Pittsburgh_1.jpg,https://upload.wikimedia.org/wikipedia/commons/thumb/1/1f/Carnegie_Library_of_Pittsburgh_1.jpg/1920px-Carnegie_Library_of_Pittsburgh_1.jpg?utm_source=commons.wikimedia.org&utm_campaign=imageinfo&utm_content=thumbnail,No machine-readable author provided. Piotrus assumed (based on copyright claims).,CC BY-SA 3.0,https://creativecommons.org/licenses/by-sa/3.0,https://commons.wikimedia.org/wiki/File:Carnegie_Library_of_Pittsburgh_1.jpg,yes
Pittsburgh East Liberty,public,,Pennsylvania,United States,"Feb 6, 1890",—,,,,,commons-namesearch,"File:East Liberty Branch Carnegie Library, Pittsburgh LCCN2007686623.jpg",https://upload.wikimedia.org/wikipedia/commons/thumb/a/a1/East_Liberty_Branch_Carnegie_Library%2C_Pittsburgh_LCCN2007686623.jpg/1920px-East_Liberty_Branch_Carnegie_Library%2C_Pittsburgh_LCCN2007686623.jpg?utm_source=commons.wikimedia.org&utm_campaign=imageinfo&utm_content=thumbnail,"Miscellaneous Items in High Demand, PPOC, Library of Congress",Public domain,,"https://commons.wikimedia.org/wiki/File:East_Liberty_Branch_Carnegie_Library,_Pittsburgh_LCCN2007686623.jpg",yes
Pittsburgh Hazelwood,public,,Pennsylvania,United States,"Feb 6, 1890",—,4748 Monongahela St.,,,https://en.wikipedia.org/wiki/Hazelwood_Branch_of_the_Carnegie_Library_of_Pittsburgh,wikipedia-list,File:Hazelwood_Branch_Library_abandoned.jpg,https://upload.wikimedia.org/wikipedia/commons/thumb/6/65/Hazelwood_Branch_Library_abandoned.jpg/1920px-Hazelwood_Branch_Library_abandoned.jpg?utm_source=commons.wikimedia.org&utm_campaign=imageinfo&utm_content=thumbnail,Nyttend,Public domain,,https://commons.wikimedia.org/wiki/File:Hazelwood_Branch_Library_abandoned.jpg,yes
Pittsburgh Homewood,public,,Pennsylvania,United States,?,"$160,500 [22]",7101 Hamilton Ave.,,,https://en.wikipedia.org/wiki/Homewood_Branch_of_the_Carnegie_Library_of_Pittsburgh,wikipedia-list,File:HomewoodCarnegieLibraryofPittsburgh.jpg,https://upload.wikimedia.org/wikipedia/commons/e/e2/HomewoodCarnegieLibraryofPittsburgh.jpg?utm_source=commons.wikimedia.org&utm_campaign=imageinfo&utm_content=thumbnail_unscaled,Lee Paxton,CC BY-SA 4.0,https://creativecommons.org/licenses/by-sa/4.0,https://commons.wikimedia.org/wiki/File:HomewoodCarnegieLibraryofPittsburgh.jpg,yes
Pittsburgh Lawrenceville,public,,Pennsylvania,United States,"Feb 6, 1890",—,279 Fisk St.,,,https://en.wikipedia.org/wiki/Lawrenceville_Branch_of_the_Carnegie_Library_of_Pittsburgh,wikipedia-list,File:CarnegieLibaryLawrencevillePHLF.jpg,https://upload.wikimedia.org/wikipedia/commons/thumb/0/04/CarnegieLibaryLawrencevillePHLF.jpg/1920px-CarnegieLibaryLawrencevillePHLF.jpg?utm_source=commons.wikimedia.org&utm_campaign=imageinfo&utm_content=thumbnail,"Eli Pousson from Baltimore, MD, USA",CC BY-SA 2.0,https://creativecommons.org/licenses/by-sa/2.0,https://commons.wikimedia.org/wiki/File:CarnegieLibaryLawrencevillePHLF.jpg,yes
Pittsburgh Mount Washington,public,,Pennsylvania,United States,"Feb 6, 1890",—,315 Grandview Ave.,,,https://en.wikipedia.org/wiki/Mount_Washington_Branch_of_the_Carnegie_Library_of_Pittsburgh,wikipedia-list,"File:CarnegieLibraryofPittsburgh,MountWashington.JPG",https://upload.wikimedia.org/wikipedia/commons/thumb/1/10/CarnegieLibraryofPittsburgh%2CMountWashington.JPG/1920px-CarnegieLibraryofPittsburgh%2CMountWashington.JPG?utm_source=commons.wikimedia.org&utm_campaign=imageinfo&utm_content=thumbnail,TheZachMorrisExperience,CC BY-SA 3.0,https://creativecommons.org/licenses/by-sa/3.0,"https://commons.wikimedia.org/wiki/File:CarnegieLibraryofPittsburgh,MountWashington.JPG",yes
Pittsburgh South Side,public,,Pennsylvania,United States,"Feb 6, 1890",—,2205 E. Carson St.,,,https://en.wikipedia.org/wiki/South_Side_Branch_of_the_Carnegie_Library_of_Pittsburgh,wikipedia-list,File:SouthSideCarnegieLibraryPittsburgh.jpg,https://upload.wikimedia.org/wikipedia/commons/8/8b/SouthSideCarnegieLibraryPittsburgh.jpg?utm_source=commons.wikimedia.org&utm_campaign=imageinfo&utm_content=thumbnail_unscaled,Lee Paxton,CC BY-SA 4.0,https://creativecommons.org/licenses/by-sa/4.0,https://commons.wikimedia.org/wiki/File:SouthSideCarnegieLibraryPittsburgh.jpg,yes
Pittsburgh West End,public,,Pennsylvania,United States,"Feb 6, 1890",—,47 Wabash St.,,,https://en.wikipedia.org/wiki/West_End_Branch_of_the_Carnegie_Library_of_Pittsburgh,wikipedia-list,File:WestEndCarnegieLibraryofPittsburgh.jpg,https://upload.wikimedia.org/wikipedia/commons/1/14/WestEndCarnegieLibraryofPittsburgh.jpg?utm_source=commons.wikimedia.org&utm_campaign=imageinfo&utm_content=thumbnail_unscaled,Lee Paxton,CC BY-SA 4.0,https://creativecommons.org/licenses/by-sa/4.0,https://commons.wikimedia.org/wiki/File:WestEndCarnegieLibraryofPittsburgh.jpg,yes
Pittsburgh Wylie Avenue,public,,Pennsylvania,United States,"Feb 6, 1890",—,1911 Wylie Ave.,,,,,,,,,,,no
Pottsville,public,,Pennsylvania,United States,"Jan 28, 1916","$45,000",215 W. Market St.,,,,,,,,,,,no
Reading,public,,Pennsylvania,United States,"Apr 16, 1910","$111,180",100 S. 5th St.,,,,commons-namesearch,File:Carnegie Library Children Reading Room - From Grandhalaya Sarvasvamu.jpg,https://upload.wikimedia.org/wikipedia/commons/thumb/e/e5/Carnegie_Library_Children_Reading_Room_-_From_Grandhalaya_Sarvasvamu.jpg/1920px-Carnegie_Library_Children_Reading_Room_-_From_Grandhalaya_Sarvasvamu.jpg?utm_source=commons.wikimedia.org&utm_campaign=imageinfo&utm_content=thumbnail,Andhra Desa Library Association,Public domain,,https://commons.wikimedia.org/wiki/File:Carnegie_Library_Children_Reading_Room_-_From_Grandhalaya_Sarvasvamu.jpg,yes
Ridley Park,public,,Pennsylvania,United States,"Jun 24, 1911","$10,000",107 E. Ward St.,,,,wikipedia-list,File:Ridley_Park_PA_Public_Library.JPG,https://upload.wikimedia.org/wikipedia/commons/thumb/8/8b/Ridley_Park_PA_Public_Library.JPG/1920px-Ridley_Park_PA_Public_Library.JPG?utm_source=commons.wikimedia.org&utm_campaign=imageinfo&utm_content=thumbnail,Smallbones,CC0,http://creativecommons.org/publicdomain/zero/1.0/deed.en,https://commons.wikimedia.org/wiki/File:Ridley_Park_PA_Public_Library.JPG,yes
Swissvale,public,,Pennsylvania,United States,"Nov 17, 1914","$25,000",1800 Monongahela Ave.,,,,wikipedia-list,File:Swissvale_Carnegie_library.jpg,https://upload.wikimedia.org/wikipedia/commons/thumb/b/b2/Swissvale_Carnegie_library.jpg/1920px-Swissvale_Carnegie_library.jpg?utm_source=commons.wikimedia.org&utm_campaign=imageinfo&utm_content=thumbnail,Nyttend,Public domain,,https://commons.wikimedia.org/wiki/File:Swissvale_Carnegie_library.jpg,yes
Anderson,public,Anderson,South Carolina,United States,"Mar 14, 1905","$18,700",405 N. Main St.,,,,wikipedia-list,File:Anderson_Arts_Center_-_Old_Carnegie_Library.jpg,https://upload.wikimedia.org/wikipedia/commons/2/2a/Anderson_Arts_Center_-_Old_Carnegie_Library.jpg?utm_source=commons.wikimedia.org&utm_campaign=imageinfo&utm_content=thumbnail_unscaled,Upstateherd,CC BY-SA 4.0,https://creativecommons.org/licenses/by-sa/4.0,https://commons.wikimedia.org/wiki/File:Anderson_Arts_Center_-_Old_Carnegie_Library.jpg,yes
Beaufort,public,Beaufort,South Carolina,United States,"Sep 25, 1914","$7,500",701 Craven St.,,,,wikipedia-list,File:Beaufort_(SC)_Public_Library.jpg,https://upload.wikimedia.org/wikipedia/commons/3/30/Beaufort_%28SC%29_Public_Library.jpg?utm_source=commons.wikimedia.org&utm_campaign=imageinfo&utm_content=thumbnail_unscaled,2cooljohn,CC0,http://creativecommons.org/publicdomain/zero/1.0/deed.en,https://commons.wikimedia.org/wiki/File:Beaufort_(SC)_Public_Library.jpg,yes
Camden,public,Camden,South Carolina,United States,"Nov 17, 1914","$5,000",1314 Broad St.,,,,wikipedia-list,File:Camden_-_Public_Library.jpg,https://upload.wikimedia.org/wikipedia/commons/f/f3/Camden_-_Public_Library.jpg?utm_source=commons.wikimedia.org&utm_campaign=imageinfo&utm_content=thumbnail_unscaled,L. E. McCumber,Public domain,,https://commons.wikimedia.org/wiki/File:Camden_-_Public_Library.jpg,yes
Charleston,public,Charleston,South Carolina,United States,"Feb 26, 1914","$5,000",164 King St.,,,https://en.wikipedia.org/wiki/Charleston_Library_Society,wikipedia-list,File:CLS_1914_medium.jpg,https://upload.wikimedia.org/wikipedia/commons/f/f8/CLS_1914_medium.jpg?utm_source=commons.wikimedia.org&utm_campaign=imageinfo&utm_content=thumbnail_unscaled,White,Public domain,,https://commons.wikimedia.org/wiki/File:CLS_1914_medium.jpg,yes
Darlington,public,Darlington,South Carolina,United States,"May 15, 1916","$10,000",127 N. Main St.,,,,,,,,,,,no
Gaffney,public,Gaffney,South Carolina,United States,"Apr 2, 1913","$7,500",210 N. Limestone St.,,,,wikipedia-list,File:CarnegieFreeLibrary_9887.jpg,https://upload.wikimedia.org/wikipedia/commons/thumb/5/53/CarnegieFreeLibrary_9887.jpg/1920px-CarnegieFreeLibrary_9887.jpg?utm_source=commons.wikimedia.org&utm_campaign=imageinfo&utm_content=thumbnail,Cecouchman,CC BY-SA 3.0,https://creativecommons.org/licenses/by-sa/3.0,https://commons.wikimedia.org/wiki/File:CarnegieFreeLibrary_9887.jpg,yes
Greenwood,public,Greenwood,South Carolina,United States,"May 15, 1916","$12,500",,,,,,,,,,,,no
Honea Path,public,Honea Path,South Carolina,United States,"Mar 7, 1907","$5,000",318 N. Shirley Ave.,,,,wikipedia-list,File:Honea_Path_-_Carnegie_Library.jpg,https://upload.wikimedia.org/wikipedia/commons/thumb/8/85/Honea_Path_-_Carnegie_Library.jpg/1920px-Honea_Path_-_Carnegie_Library.jpg?utm_source=commons.wikimedia.org&utm_campaign=imageinfo&utm_content=thumbnail,P. Hughes,CC BY-SA 4.0,https://creativecommons.org/licenses/by-sa/4.0,https://commons.wikimedia.org/wiki/File:Honea_Path_-_Carnegie_Library.jpg,yes
Kingstree,public,Kingstree,South Carolina,United States,"Apr 19, 1915","$6,000",135 Hampton Ave.,,,,,,,,,,,no
Latta,public,Latta,South Carolina,United States,"Apr 3, 1912","$5,000",101 N. Marion St.,,,,wikipedia-list,File:Latta_-_Carnegie_Library.jpg,https://upload.wikimedia.org/wikipedia/commons/thumb/4/41/Latta_-_Carnegie_Library.jpg/1920px-Latta_-_Carnegie_Library.jpg?utm_source=commons.wikimedia.org&utm_campaign=imageinfo&utm_content=thumbnail,Dr. E. L. Brown,Public domain,,https://commons.wikimedia.org/wiki/File:Latta_-_Carnegie_Library.jpg,yes
Marion,public,Marion,South Carolina,United States,"Nov 16, 1904","$7,500",101 E. Court St.,,,,wikipedia-list,File:Marion_-_Carnegie_Library.jpg,https://upload.wikimedia.org/wikipedia/commons/d/d1/Marion_-_Carnegie_Library.jpg?utm_source=commons.wikimedia.org&utm_campaign=imageinfo&utm_content=thumbnail_unscaled,Unknown author,Public domain,,https://commons.wikimedia.org/wiki/File:Marion_-_Carnegie_Library.jpg,yes
Spartanburg,public,Spartanburg,South Carolina,United States,"Jun 23, 1903","$15,000",,,,,wikipedia-list,File:Kennedy_Free_Library.jpg,https://upload.wikimedia.org/wikipedia/commons/8/8c/Kennedy_Free_Library.jpg?utm_source=commons.wikimedia.org&utm_campaign=imageinfo&utm_content=thumbnail_unscaled,S. H. Kress &amp; Co. (publisher),Public domain,,https://commons.wikimedia.org/wiki/File:Kennedy_Free_Library.jpg,yes
Sumter,public,Sumter,South Carolina,United States,"Sep 29, 1915","$10,000",219 W. Liberty St.,,,"https://en.wikipedia.org/wiki/Carnegie_Public_Library_(Sumter,_South_Carolina)",wikipedia-list,"File:Carnegie_Public_Library_Sumter,_SC.jpg",https://upload.wikimedia.org/wikipedia/commons/2/29/Carnegie_Public_Library_Sumter%2C_SC.jpg?utm_source=commons.wikimedia.org&utm_campaign=imageinfo&utm_content=thumbnail_unscaled,Doug Short,CC BY-SA 3.0,https://creativecommons.org/licenses/by-sa/3.0,"https://commons.wikimedia.org/wiki/File:Carnegie_Public_Library_Sumter,_SC.jpg",yes
Union,public,Union,South Carolina,United States,"Jan 13, 1903","$10,000",300 E. South St.,,,,wikipedia-list,"File:Carnegie_Free_Library,_300_East_South_Street,_Union_(Union_County,_South_Carolina).jpg",https://upload.wikimedia.org/wikipedia/commons/thumb/9/9e/Carnegie_Free_Library%2C_300_East_South_Street%2C_Union_%28Union_County%2C_South_Carolina%29.jpg/1920px-Carnegie_Free_Library%2C_300_East_South_Street%2C_Union_%28Union_County%2C_South_Carolina%29.jpg?utm_source=commons.wikimedia.org&utm_campaign=imageinfo&utm_content=thumbnail,Jack Boucher,Public domain,,"https://commons.wikimedia.org/wiki/File:Carnegie_Free_Library,_300_East_South_Street,_Union_(Union_County,_South_Carolina).jpg",yes
Aberdeen,public,Aberdeen,South Dakota,United States,"Mar 14, 1901","$15,000",,,,,,,,,,,,no
Armour,public,Armour,South Dakota,United States,"Feb 26, 1914","$7,500",915 Main St.,,,,wikipedia-list,"File:Armour,_South_Dakota,_Carnegie_library_from_SE_1.jpg",https://upload.wikimedia.org/wikipedia/commons/thumb/8/84/Armour%2C_South_Dakota%2C_Carnegie_library_from_SE_1.jpg/1920px-Armour%2C_South_Dakota%2C_Carnegie_library_from_SE_1.jpg?utm_source=commons.wikimedia.org&utm_campaign=imageinfo&utm_content=thumbnail,Ammodramus,CC0,http://creativecommons.org/publicdomain/zero/1.0/deed.en,"https://commons.wikimedia.org/wiki/File:Armour,_South_Dakota,_Carnegie_library_from_SE_1.jpg",yes
Britton,public,Britton,South Dakota,United States,"May 8, 1914","$7,500",,,,,,,,,,,,no
Brookings,public,Brookings,South Dakota,United States,"Dec 13, 1907","$10,000",524 4th St.,,,,wikipedia-list,File:BrookingsCarnegie.jpg,https://upload.wikimedia.org/wikipedia/commons/e/e4/BrookingsCarnegie.jpg?utm_source=commons.wikimedia.org&utm_campaign=imageinfo&utm_content=thumbnail_unscaled,Jatakuck,CC BY-SA 3.0,https://creativecommons.org/licenses/by-sa/3.0,https://commons.wikimedia.org/wiki/File:BrookingsCarnegie.jpg,yes
Canton,public,Canton,South Dakota,United States,"Dec 2, 1904","$10,000",,,,,,,,,,,,no
Dallas,public,Dallas,South Dakota,United States,"Apr 28, 1913","$5,000",405 Main St.,,,,wikipedia-list,File:Dallas_SD_Carnegie_library_from_W_2.JPG,https://upload.wikimedia.org/wikipedia/commons/thumb/7/7f/Dallas_SD_Carnegie_library_from_W_2.JPG/1920px-Dallas_SD_Carnegie_library_from_W_2.JPG?utm_source=commons.wikimedia.org&utm_campaign=imageinfo&utm_content=thumbnail,Ammodramus,CC0,http://creativecommons.org/publicdomain/zero/1.0/deed.en,https://commons.wikimedia.org/wiki/File:Dallas_SD_Carnegie_library_from_W_2.JPG,yes
Deadwood,public,Deadwood,South Dakota,United States,"Apr 11, 1902","$15,000",435 Williams St.,,,,,,,,,,,no
Dell Rapids,public,Dell Rapids,South Dakota,United States,"Nov 20, 1908","$6,000",513 N. Orleans Ave.,,,,wikipedia-list,"File:Carnegie_Library_Dell_Rapids,_SD_1.jpg",https://upload.wikimedia.org/wikipedia/commons/d/d6/Carnegie_Library_Dell_Rapids%2C_SD_1.jpg?utm_source=commons.wikimedia.org&utm_campaign=imageinfo&utm_content=thumbnail_unscaled,AlexiusHoratius,CC BY-SA 3.0,https://creativecommons.org/licenses/by-sa/3.0,"https://commons.wikimedia.org/wiki/File:Carnegie_Library_Dell_Rapids,_SD_1.jpg",yes
Hot Springs,public,Hot Springs,South Dakota,United States,"Mar 9, 1907","$10,000",145 N. Chicago St.,,,,wikipedia-list,File:HotSpringsSD_Library.jpg,https://upload.wikimedia.org/wikipedia/commons/d/d9/HotSpringsSD_Library.jpg?utm_source=commons.wikimedia.org&utm_campaign=imageinfo&utm_content=thumbnail_unscaled,Magicpiano,CC BY-SA 4.0,https://creativecommons.org/licenses/by-sa/4.0,https://commons.wikimedia.org/wiki/File:HotSpringsSD_Library.jpg,yes
Huron,public,Huron,South Dakota,United States,"Dec 13, 1907","$10,000",,,,,,,,,,,,no
Lake Andes Carnegie Library,public,Lake Andes,South Dakota,United States,"Nov 21, 1911","$5,000",500 Main St.,,,https://en.wikipedia.org/wiki/Lake_Andes_Carnegie_Library,wikipedia-list,"File:Lake_Andes,_South_Dakota_library_from_N.jpg",https://upload.wikimedia.org/wikipedia/commons/5/5f/Lake_Andes%2C_South_Dakota_library_from_N.jpg?utm_source=commons.wikimedia.org&utm_campaign=imageinfo&utm_content=thumbnail_unscaled,Ammodramus,CC0,http://creativecommons.org/publicdomain/zero/1.0/deed.en,"https://commons.wikimedia.org/wiki/File:Lake_Andes,_South_Dakota_library_from_N.jpg",yes
Madison,public,Madison,South Dakota,United States,"Jan 16, 1906","$10,000",209 E. Center St.,,,,wikipedia-list,File:Madison_Public_Library.jpg,https://upload.wikimedia.org/wikipedia/commons/8/8e/Madison_Public_Library.jpg?utm_source=commons.wikimedia.org&utm_campaign=imageinfo&utm_content=thumbnail_unscaled,Madisonpubliclibrarysd,CC BY-SA 4.0,https://creativecommons.org/licenses/by-sa/4.0,https://commons.wikimedia.org/wiki/File:Madison_Public_Library.jpg,yes
Milbank,public,Milbank,South Dakota,United States,"Apr 11, 1905","$7,000",211 S. 3rd St.,,,,wikipedia-list,"File:Milbank_Carnegie_Library2_NRHP_78002555_Gtant_County,_SD.jpg",https://upload.wikimedia.org/wikipedia/commons/2/2a/Milbank_Carnegie_Library2_NRHP_78002555_Gtant_County%2C_SD.jpg?utm_source=commons.wikimedia.org&utm_campaign=imageinfo&utm_content=thumbnail_unscaled,Jon Roanhaus,CC BY-SA 3.0,https://creativecommons.org/licenses/by-sa/3.0,"https://commons.wikimedia.org/wiki/File:Milbank_Carnegie_Library2_NRHP_78002555_Gtant_County,_SD.jpg",yes
Mitchell,public,Mitchell,South Dakota,United States,"Jan 10, 1902","$12,000",119 W. 3rd Ave.,,,,wikipedia-list,"File:Carnegie_Library_Mitchell,_South_Dakota.jpg",https://upload.wikimedia.org/wikipedia/commons/thumb/7/7d/Carnegie_Library_Mitchell%2C_South_Dakota.jpg/1920px-Carnegie_Library_Mitchell%2C_South_Dakota.jpg?utm_source=commons.wikimedia.org&utm_campaign=imageinfo&utm_content=thumbnail,Sdgjake,CC BY-SA 3.0,https://creativecommons.org/licenses/by-sa/3.0,"https://commons.wikimedia.org/wiki/File:Carnegie_Library_Mitchell,_South_Dakota.jpg",yes
Pierre,public,Pierre,South Dakota,United States,"Mar 20, 1903","$12,500",,,,,,,,,,,,no
Rapid City,public,Rapid City,South Dakota,United States,"Mar 11, 1914","$12,500",604 Kansas City St.,,,,wikipedia-list,File:Rapid_City_Carnegie_Library_2017.JPG,https://upload.wikimedia.org/wikipedia/commons/thumb/9/98/Rapid_City_Carnegie_Library_2017.JPG/1920px-Rapid_City_Carnegie_Library_2017.JPG?utm_source=commons.wikimedia.org&utm_campaign=imageinfo&utm_content=thumbnail,Jeffrey Beall,CC BY 4.0,https://creativecommons.org/licenses/by/4.0,https://commons.wikimedia.org/wiki/File:Rapid_City_Carnegie_Library_2017.JPG,yes
Redfield,public,Redfield,South Dakota,United States,"Mar 14, 1902","$10,000",5 E. 5th Ave.,,,,wikipedia-list,"File:REDFIELD_CARNEGIE_LIBRARY,_SPINK_COUNTY,_SD.JPG",https://upload.wikimedia.org/wikipedia/commons/thumb/9/91/REDFIELD_CARNEGIE_LIBRARY%2C_SPINK_COUNTY%2C_SD.JPG/1920px-REDFIELD_CARNEGIE_LIBRARY%2C_SPINK_COUNTY%2C_SD.JPG?utm_source=commons.wikimedia.org&utm_campaign=imageinfo&utm_content=thumbnail,JERRYE AND ROY KLOTZ MD,CC BY-SA 3.0,https://creativecommons.org/licenses/by-sa/3.0,"https://commons.wikimedia.org/wiki/File:REDFIELD_CARNEGIE_LIBRARY,_SPINK_COUNTY,_SD.JPG",yes
Sioux Falls,public,Sioux Falls,South Dakota,United States,"Jan 24, 1901","$30,000",235 W. 10th St.,,,,wikipedia-list,File:Carnegie_Library_Sioux_Falls_1.jpg,https://upload.wikimedia.org/wikipedia/commons/0/07/Carnegie_Library_Sioux_Falls_1.jpg?utm_source=commons.wikimedia.org&utm_campaign=imageinfo&utm_content=thumbnail_unscaled,AlexiusHoratius,CC BY-SA 3.0,https://creativecommons.org/licenses/by-sa/3.0,https://commons.wikimedia.org/wiki/File:Carnegie_Library_Sioux_Falls_1.jpg,yes
Sisseton,public,Sisseton,South Dakota,United States,"Jun 11, 1914","$7,500",215 Oak St. E,,,,wikipedia-list,File:Sisseton_Carnegie_library_from_SSW_1.jpg,https://upload.wikimedia.org/wikipedia/commons/thumb/3/31/Sisseton_Carnegie_library_from_SSW_1.jpg/1920px-Sisseton_Carnegie_library_from_SSW_1.jpg?utm_source=commons.wikimedia.org&utm_campaign=imageinfo&utm_content=thumbnail,Ammodramus,CC0,http://creativecommons.org/publicdomain/zero/1.0/deed.en,https://commons.wikimedia.org/wiki/File:Sisseton_Carnegie_library_from_SSW_1.jpg,yes
Tyndall,public,Tyndall,South Dakota,United States,"Dec 3, 1915","$7,500",110 W. 17th Ave.,,,,wikipedia-list,File:Tyndall_SD_Carnegie_library_from_SW_1.JPG,https://upload.wikimedia.org/wikipedia/commons/thumb/0/09/Tyndall_SD_Carnegie_library_from_SW_1.JPG/1920px-Tyndall_SD_Carnegie_library_from_SW_1.JPG?utm_source=commons.wikimedia.org&utm_campaign=imageinfo&utm_content=thumbnail,Ammodramus,CC0,http://creativecommons.org/publicdomain/zero/1.0/deed.en,https://commons.wikimedia.org/wiki/File:Tyndall_SD_Carnegie_library_from_SW_1.JPG,yes
Vermillion,public,Vermillion,South Dakota,United States,"Feb 20, 1903","$10,000",12 Church St.,,,,wikipedia-list,File:VermilionSD_CarnegieLibraryBuilding.jpg,https://upload.wikimedia.org/wikipedia/commons/3/3f/VermilionSD_CarnegieLibraryBuilding.jpg?utm_source=commons.wikimedia.org&utm_campaign=imageinfo&utm_content=thumbnail_unscaled,User:Magicpiano,CC BY-SA 4.0,https://creativecommons.org/licenses/by-sa/4.0,https://commons.wikimedia.org/wiki/File:VermilionSD_CarnegieLibraryBuilding.jpg,yes
Wagner,public,Wagner,South Dakota,United States,"Jun 1, 1915","$5,000",,,,,,,,,,,,no
Watertown,public,Watertown,South Dakota,United States,"Apr 13, 1903","$10,000",27 1st Ave. SE,,,,wikipedia-list,"File:CARNEGIE_FREE_PUBLIC_LIBRARY,_CODINGTON_COUNTY,_SD.JPG",https://upload.wikimedia.org/wikipedia/commons/thumb/f/fa/CARNEGIE_FREE_PUBLIC_LIBRARY%2C_CODINGTON_COUNTY%2C_SD.JPG/1920px-CARNEGIE_FREE_PUBLIC_LIBRARY%2C_CODINGTON_COUNTY%2C_SD.JPG?utm_source=commons.wikimedia.org&utm_campaign=imageinfo&utm_content=thumbnail,JERRYE AND ROY KLOTZ MD,CC BY-SA 3.0,https://creativecommons.org/licenses/by-sa/3.0,"https://commons.wikimedia.org/wiki/File:CARNEGIE_FREE_PUBLIC_LIBRARY,_CODINGTON_COUNTY,_SD.JPG",yes
Wessington Springs,public,Wessington Springs,South Dakota,United States,"May 3, 1917","$7,000",109 W. Main St.,,,,wikipedia-list,File:Wessington_Springs_library_from_NE_1.jpg,https://upload.wikimedia.org/wikipedia/commons/thumb/2/2b/Wessington_Springs_library_from_NE_1.jpg/1920px-Wessington_Springs_library_from_NE_1.jpg?utm_source=commons.wikimedia.org&utm_campaign=imageinfo&utm_content=thumbnail,Ammodramus,CC0,http://creativecommons.org/publicdomain/zero/1.0/deed.en,https://commons.wikimedia.org/wiki/File:Wessington_Springs_library_from_NE_1.jpg,yes
Yankton,public,Yankton,South Dakota,United States,"Mar 14, 1902","$12,000",4th and Capitol Sts.,,,,wikipedia-list,File:Yankton_Carnegie_Library_from_E_1.JPG,https://upload.wikimedia.org/wikipedia/commons/8/86/Yankton_Carnegie_Library_from_E_1.JPG?utm_source=commons.wikimedia.org&utm_campaign=imageinfo&utm_content=thumbnail_unscaled,Ammodramus,Public domain,,https://commons.wikimedia.org/wiki/File:Yankton_Carnegie_Library_from_E_1.JPG,yes
Brownsville Carnegie Library,public,Brownsville,Tennessee,United States,"Dec 2, 1909","$7,500",121 W. Main St.,,,https://en.wikipedia.org/wiki/Brownsville_Carnegie_Library,wikipedia-list,File:Brownsville_Carnegie_Library-Brownsville_TN.jpg,https://upload.wikimedia.org/wikipedia/commons/thumb/8/89/Brownsville_Carnegie_Library-Brownsville_TN.jpg/1920px-Brownsville_Carnegie_Library-Brownsville_TN.jpg?utm_source=commons.wikimedia.org&utm_campaign=imageinfo&utm_content=thumbnail,rossograph,CC BY-SA 4.0,https://creativecommons.org/licenses/by-sa/4.0,https://commons.wikimedia.org/wiki/File:Brownsville_Carnegie_Library-Brownsville_TN.jpg,yes
Old Library Building,public,Chattanooga,Tennessee,United States,"Dec 27, 1900","$50,000",200 E. 8th St.,,,"https://en.wikipedia.org/wiki/Old_Library_Building_(Chattanooga,_Tennessee)",wikipedia-list,File:OldLibraryChattanooga.jpg,https://upload.wikimedia.org/wikipedia/commons/thumb/e/e6/OldLibraryChattanooga.jpg/1920px-OldLibraryChattanooga.jpg?utm_source=commons.wikimedia.org&utm_campaign=imageinfo&utm_content=thumbnail,Andrew Jameson,CC BY-SA 3.0,https://creativecommons.org/licenses/by-sa/3.0,https://commons.wikimedia.org/wiki/File:OldLibraryChattanooga.jpg,yes
Etowah,public,Etowah,Tennessee,United States,"Sep 29, 1915","$8,000",723-725 Ohio Ave.,,,,wikipedia-list,File:Etowah-Carnegie-Library-tn1.jpg,https://upload.wikimedia.org/wikipedia/commons/thumb/5/5f/Etowah-Carnegie-Library-tn1.jpg/1920px-Etowah-Carnegie-Library-tn1.jpg?utm_source=commons.wikimedia.org&utm_campaign=imageinfo&utm_content=thumbnail,Brian Stansberry,CC BY 3.0,https://creativecommons.org/licenses/by/3.0,https://commons.wikimedia.org/wiki/File:Etowah-Carnegie-Library-tn1.jpg,yes
Greeneville,public,Greeneville,Tennessee,United States,"Nov 3, 1913","$10,000",109 West Summer St.,,,,,,,,,,,no
Harriman,public,Harriman,Tennessee,United States,"Nov 20, 1908","$10,000",601 Walden St.,,,,wikipedia-list,File:Harriman-public-library-tn1.jpg,https://upload.wikimedia.org/wikipedia/commons/thumb/e/eb/Harriman-public-library-tn1.jpg/1920px-Harriman-public-library-tn1.jpg?utm_source=commons.wikimedia.org&utm_campaign=imageinfo&utm_content=thumbnail,Brian Stansberry,CC BY 3.0,https://creativecommons.org/licenses/by/3.0,https://commons.wikimedia.org/wiki/File:Harriman-public-library-tn1.jpg,yes
Jackson,public,Jackson,Tennessee,United States,"Feb 13, 1901","$30,000",305 E. College St.,,,https://en.wikipedia.org/wiki/Carnegie_Center_for_Arts_and_History,wikipedia-list,File:Jackson_Free_Library.JPG,https://upload.wikimedia.org/wikipedia/commons/thumb/2/26/Jackson_Free_Library.JPG/1920px-Jackson_Free_Library.JPG?utm_source=commons.wikimedia.org&utm_campaign=imageinfo&utm_content=thumbnail,Www78,CC BY-SA 3.0,https://creativecommons.org/licenses/by-sa/3.0,https://commons.wikimedia.org/wiki/File:Jackson_Free_Library.JPG,yes
Johnson City,public,Johnson City,Tennessee,United States,"Dec 23, 1902","$16,000",,,,,,,,,,,,no
Knoxville,public,Knoxville,Tennessee,United States,"May 15, 1916","$10,000",,,,,,,,,,,,no
Nashville Main,public,Nashville,Tennessee,United States,"Jul 23, 1901","$100,000",222 8th Ave. N.,,,,,,,,,,,no
Nashville Carnegie,public,Nashville,Tennessee,United States,"January 31, 1912","$25,000",1001 Monroe St.,,,,commons-namesearch,File:Bayliss Carnegie Library (April 2023)-3563.jpg,https://upload.wikimedia.org/wikipedia/commons/thumb/b/b6/Bayliss_Carnegie_Library_%28April_2023%29-3563.jpg/1920px-Bayliss_Carnegie_Library_%28April_2023%29-3563.jpg?utm_source=commons.wikimedia.org&utm_campaign=imageinfo&utm_content=thumbnail,Frank Schulenburg,CC BY-SA 4.0,https://creativecommons.org/licenses/by-sa/4.0,https://commons.wikimedia.org/wiki/File:Bayliss_Carnegie_Library_(April_2023)-3563.jpg,yes
Nashville East,public,Nashville,Tennessee,United States,"January 31, 1912","$25,000",206 Gallatin Ave.,,,,,,,,,,,no
Nashville Negro Branch,public,Nashville,Tennessee,United States,"January 31, 1912","$25,000",220 12th Ave. N.,,,,,,,,,,,no
Union City,public,Union City,Tennessee,United States,"Apr 8, 1910","$10,000",,,,,,,,,,,,no
Abilene,public,Abilene,Texas,United States,"Mar 9, 1907","$17,500",,,,,,,,,,,,no
Ballinger,public,Ballinger,Texas,United States,"Feb 10, 1908","$17,500",204 N 8th St,,,,wikipedia-list,File:Carnegie_library_ballinger.jpg,https://upload.wikimedia.org/wikipedia/commons/5/5e/Carnegie_library_ballinger.jpg?utm_source=commons.wikimedia.org&utm_campaign=imageinfo&utm_content=thumbnail_unscaled,Larry D. Moore,CC BY 4.0,https://creativecommons.org/licenses/by/4.0,https://commons.wikimedia.org/wiki/File:Carnegie_library_ballinger.jpg,yes
Belton,public,Belton,Texas,United States,"Feb 2, 1903","$10,000",201 N Main St,,,,wikipedia-list,File:Carnegie_library_belton_2008.jpg,https://upload.wikimedia.org/wikipedia/commons/thumb/6/60/Carnegie_library_belton_2008.jpg/1920px-Carnegie_library_belton_2008.jpg?utm_source=commons.wikimedia.org&utm_campaign=imageinfo&utm_content=thumbnail,Larry D. Moore,CC BY 4.0,https://creativecommons.org/licenses/by/4.0,https://commons.wikimedia.org/wiki/File:Carnegie_library_belton_2008.jpg,yes
Brownwood,public,Brownwood,Texas,United States,"Mar 27, 1903","$15,000",,,,,,,,,,,,no
Bryan,public,Bryan,Texas,United States,"Apr 11, 1902","$10,000",111 S Main St,,,,wikipedia-list,"File:Bryan,_Texas_Carnegie_Public_Library.jpg",https://upload.wikimedia.org/wikipedia/commons/thumb/5/53/Bryan%2C_Texas_Carnegie_Public_Library.jpg/1920px-Bryan%2C_Texas_Carnegie_Public_Library.jpg?utm_source=commons.wikimedia.org&utm_campaign=imageinfo&utm_content=thumbnail,phototram,CC BY 2.0,https://creativecommons.org/licenses/by/2.0,"https://commons.wikimedia.org/wiki/File:Bryan,_Texas_Carnegie_Public_Library.jpg",yes
Clarksville,public,Clarksville,Texas,United States,"Sep 5, 1902","$10,000",,,,,,,,,,,,no
Cleburne,public,Cleburne,Texas,United States,"Apr 13, 1903","$20,000",201 N Caddo St,,,,wikipedia-list,File:Carnegie_library_cleburne_2010.jpg,https://upload.wikimedia.org/wikipedia/commons/1/10/Carnegie_library_cleburne_2010.jpg?utm_source=commons.wikimedia.org&utm_campaign=imageinfo&utm_content=thumbnail_unscaled,Larry D. Moore,CC BY 4.0,https://creativecommons.org/licenses/by/4.0,https://commons.wikimedia.org/wiki/File:Carnegie_library_cleburne_2010.jpg,yes
Corsicana,public,Corsicana,Texas,United States,"Mar 16, 1904","$25,000",,,,,,,,,,,,no
Dallas Main,public,Dallas,Texas,United States,"Aug 23, 1899","$76,000",Commerce & Harwood Streets,,,,wikipedia-list,"File:Dallas,_Texas._Carnegie_Library_-_photograph_between_1903_and_1907.jpg",https://upload.wikimedia.org/wikipedia/commons/8/81/Dallas%2C_Texas._Carnegie_Library_-_photograph_between_1903_and_1907.jpg?utm_source=commons.wikimedia.org&utm_campaign=imageinfo&utm_content=thumbnail_unscaled,University of Houston Digital Library,Public domain,,"https://commons.wikimedia.org/wiki/File:Dallas,_Texas._Carnegie_Library_-_photograph_between_1903_and_1907.jpg",yes
Dallas Branch,public,Dallas,Texas,United States,"Aug 23, 1899",—,,,,,,,,,,,,no
El Paso,public,El Paso,Texas,United States,"Jan 9, 1902","$37,500",,,,https://en.wikipedia.org/wiki/El_Paso_Public_Library,wikipedia-list,File:El_Paso_Public_Library_Carnegie_Building.jpg,https://upload.wikimedia.org/wikipedia/commons/a/ac/El_Paso_Public_Library_Carnegie_Building.jpg?utm_source=commons.wikimedia.org&utm_campaign=imageinfo&utm_content=thumbnail_unscaled,Border Heritage Center,Public domain,,https://commons.wikimedia.org/wiki/File:El_Paso_Public_Library_Carnegie_Building.jpg,yes
Fort Worth,public,Fort Worth,Texas,United States,"Jun 30, 1899","$50,000",W 9th St and Throckmorton St,,,,wikipedia-list,File:CarnegieLibrary_web.jpg,https://upload.wikimedia.org/wikipedia/commons/2/25/CarnegieLibrary_web.jpg?utm_source=commons.wikimedia.org&utm_campaign=imageinfo&utm_content=thumbnail_unscaled,Unknown authorUnknown author,Public domain,,https://commons.wikimedia.org/wiki/File:CarnegieLibrary_web.jpg,yes
Franklin,public,Franklin,Texas,United States,"Apr 2, 1913","$7,500",315 E Decherd,,,https://en.wikipedia.org/wiki/Franklin_Carnegie_Library,wikipedia-list,File:Franklin_carnegie_library.jpg,https://upload.wikimedia.org/wikipedia/commons/thumb/2/2b/Franklin_carnegie_library.jpg/1920px-Franklin_carnegie_library.jpg?utm_source=commons.wikimedia.org&utm_campaign=imageinfo&utm_content=thumbnail,Larry D. Moore,CC BY 4.0,https://creativecommons.org/licenses/by/4.0,https://commons.wikimedia.org/wiki/File:Franklin_carnegie_library.jpg,yes
Gainesville,public,Gainesville,Texas,United States,"Apr 3, 1912","$15,000",201 S Denton St,,,,wikipedia-list,File:Gainesville_June_2017_33_(Butterfield_Stage).jpg,https://upload.wikimedia.org/wikipedia/commons/thumb/a/ad/Gainesville_June_2017_33_%28Butterfield_Stage%29.jpg/1920px-Gainesville_June_2017_33_%28Butterfield_Stage%29.jpg?utm_source=commons.wikimedia.org&utm_campaign=imageinfo&utm_content=thumbnail,Michael Barera,CC BY-SA 4.0,https://creativecommons.org/licenses/by-sa/4.0,https://commons.wikimedia.org/wiki/File:Gainesville_June_2017_33_(Butterfield_Stage).jpg,yes
Greenville,public,Greenville,Texas,United States,"Apr 13, 1903","$15,000",,,,,wikipedia-list,"File:Carnegie_Library,_Greenville,_Tx_(6329246435).jpg",https://upload.wikimedia.org/wikipedia/commons/2/2e/Carnegie_Library%2C_Greenville%2C_Tx_%286329246435%29.jpg?utm_source=commons.wikimedia.org&utm_campaign=imageinfo&utm_content=thumbnail_unscaled,SMU Central University Libraries,No restrictions,https://www.flickr.com/commons/usage/,"https://commons.wikimedia.org/wiki/File:Carnegie_Library,_Greenville,_Tx_(6329246435).jpg",yes
Houston Main,public,Houston,Texas,United States,"Oct 28, 1899","$65,000",,,,,wikipedia-list,File:Houston_Carnegie_Library_1904.jpg,https://upload.wikimedia.org/wikipedia/commons/thumb/c/c0/Houston_Carnegie_Library_1904.jpg/1920px-Houston_Carnegie_Library_1904.jpg?utm_source=commons.wikimedia.org&utm_campaign=imageinfo&utm_content=thumbnail,University of Houston Digital Library,Public domain,,https://commons.wikimedia.org/wiki/File:Houston_Carnegie_Library_1904.jpg,yes
Houston Segregated,public,Houston,Texas,United States,"Oct 28, 1899","$15,000","Frederick St. and Robin St. (later replatted, the area is now Two Allen Center)",,,,,,,,,,,no
Jefferson,public,Jefferson,Texas,United States,"May 15, 1906","$10,000",301 W Lafayette,,,https://en.wikipedia.org/wiki/Jefferson_Carnegie_Library,wikipedia-list,File:Jefferson.Carnegie.Library.TX.2010.jpg,https://upload.wikimedia.org/wikipedia/commons/thumb/d/da/Jefferson.Carnegie.Library.TX.2010.jpg/1920px-Jefferson.Carnegie.Library.TX.2010.jpg?utm_source=commons.wikimedia.org&utm_campaign=imageinfo&utm_content=thumbnail,Truthnhistory,CC BY 3.0,https://creativecommons.org/licenses/by/3.0,https://commons.wikimedia.org/wiki/File:Jefferson.Carnegie.Library.TX.2010.jpg,yes
Memphis,public,Memphis,Texas,United States,"Jan 27, 1912","$10,000",,,,,,,,,,,,no
Palestine,public,Palestine,Texas,United States,"Sep 27, 1912","$15,000",502 N Queen St,,,,wikipedia-list,File:Palestine_carnegie_library.jpg,https://upload.wikimedia.org/wikipedia/commons/thumb/9/9c/Palestine_carnegie_library.jpg/1920px-Palestine_carnegie_library.jpg?utm_source=commons.wikimedia.org&utm_campaign=imageinfo&utm_content=thumbnail,Larry D. Moore,CC BY 4.0,https://creativecommons.org/licenses/by/4.0,https://commons.wikimedia.org/wiki/File:Palestine_carnegie_library.jpg,yes
Pecos,public,Pecos,Texas,United States,"Jun 25, 1911","$9,000",,,,,,,,,,,,no
Pittsburg,public,Pittsburg,Texas,United States,"Apr 30, 1898","$5,000",,,,,,,,,,,,no
San Antonio,public,San Antonio,Texas,United States,"Jan 6, 1900","$70,000",,,,,wikipedia-list,"File:San_Antonio,_Texas._Carnegie_Library.jpg",https://upload.wikimedia.org/wikipedia/commons/9/95/San_Antonio%2C_Texas._Carnegie_Library.jpg?utm_source=commons.wikimedia.org&utm_campaign=imageinfo&utm_content=thumbnail_unscaled,University of Houston Digital Library,Public domain,,"https://commons.wikimedia.org/wiki/File:San_Antonio,_Texas._Carnegie_Library.jpg",yes
Sherman,public,Sherman,Texas,United States,"Apr 3, 1912","$20,000",301 S Walnut,,,,wikipedia-list,File:Shermanpubliclibrary.jpg,https://upload.wikimedia.org/wikipedia/commons/thumb/d/d1/Shermanpubliclibrary.jpg/1920px-Shermanpubliclibrary.jpg?utm_source=commons.wikimedia.org&utm_campaign=imageinfo&utm_content=thumbnail,Renelibrary,CC BY-SA 3.0,https://creativecommons.org/licenses/by-sa/3.0,https://commons.wikimedia.org/wiki/File:Shermanpubliclibrary.jpg,yes
Stamford,public,Stamford,Texas,United States,"Jun 29, 1908","$15,000",600 E McHarg St,,,,,,,,,,,no
Sulphur Springs,public,Sulphur Springs,Texas,United States,"Apr 10, 1909","$12,000",100 Jefferson St W,,,,,,,,,,,no
Temple,public,Temple,Texas,United States,"Jan 22, 1902","$15,000",,,,,,,,,,,,no
Terrell,public,Terrell,Texas,United States,"Feb 20, 1903","$10,000",207 N Frances St,,,,wikipedia-list,File:CarnegieLibraryTerrell1.JPG,https://upload.wikimedia.org/wikipedia/commons/thumb/e/ee/CarnegieLibraryTerrell1.JPG/1920px-CarnegieLibraryTerrell1.JPG?utm_source=commons.wikimedia.org&utm_campaign=imageinfo&utm_content=thumbnail,Renelibrary,CC BY-SA 3.0,https://creativecommons.org/licenses/by-sa/3.0,https://commons.wikimedia.org/wiki/File:CarnegieLibraryTerrell1.JPG,yes
Tyler,public,Tyler,Texas,United States,"Mar 20, 1903","$15,000",125 S College St,,,"https://en.wikipedia.org/wiki/Carnegie_Public_Library_(Tyler,_Texas)",wikipedia-list,File:Tyler_carnegie_library.jpg,https://upload.wikimedia.org/wikipedia/commons/thumb/4/44/Tyler_carnegie_library.jpg/1920px-Tyler_carnegie_library.jpg?utm_source=commons.wikimedia.org&utm_campaign=imageinfo&utm_content=thumbnail,Larry D. Moore,CC BY 4.0,https://creativecommons.org/licenses/by/4.0,https://commons.wikimedia.org/wiki/File:Tyler_carnegie_library.jpg,yes
Vernon,public,Vernon,Texas,United States,"Apr 19, 1915","$12,500",,,,,,,,,,,,no
Waco,public,Waco,Texas,United States,"Apr 28, 1902","$30,000",,,,,,,,,,,,no
Winnsboro,public,Winnsboro,Texas,United States,"Apr 6, 1908","$10,000",,,,,,,,,,,,no
American Fork,public,American Fork,Utah,United States,"Sep 26, 1919","$10,000",54 E. Main St.,,,,,,,,,,,no
Beaver,public,Beaver,Utah,United States,"Dec 8, 1913","$10,000",55 W. Center St.,38.27333,-112.64139,,wikipedia-list,File:Beaver_Utah_Library.jpeg,https://upload.wikimedia.org/wikipedia/commons/thumb/4/45/Beaver_Utah_Library.jpeg/1920px-Beaver_Utah_Library.jpeg?utm_source=commons.wikimedia.org&utm_campaign=imageinfo&utm_content=thumbnail,Tricia Simpson,CC BY-SA 3.0,https://creativecommons.org/licenses/by-sa/3.0,https://commons.wikimedia.org/wiki/File:Beaver_Utah_Library.jpeg,yes
Brigham City,public,Brigham City,Utah,United States,"Jun 11, 1914","$12,500",26 E. Forest St.,41.51083,-112.01417,,wikipedia-list,File:Carnegie_Library_Brigham_City_Utah.jpeg,https://upload.wikimedia.org/wikipedia/commons/thumb/a/ad/Carnegie_Library_Brigham_City_Utah.jpeg/1920px-Carnegie_Library_Brigham_City_Utah.jpeg?utm_source=commons.wikimedia.org&utm_campaign=imageinfo&utm_content=thumbnail,Tricia Simpson,CC BY-SA 3.0,https://creativecommons.org/licenses/by-sa/3.0,https://commons.wikimedia.org/wiki/File:Carnegie_Library_Brigham_City_Utah.jpeg,yes
Cedar City,public,Cedar City,Utah,United States,"Apr 3, 1912","$10,000",Near 20 N. Main St.,,,,,,,,,,,no
Chapman Branch,public,Salt Lake City,Utah,United States,"Mar 31, 1916","$25,000",577 S. 900 West,40.75667,-111.91611,https://en.wikipedia.org/wiki/Chapman_Branch_Library,wikipedia-list,File:Chapman_Branch_Library_SLC.jpeg,https://upload.wikimedia.org/wikipedia/commons/thumb/7/78/Chapman_Branch_Library_SLC.jpeg/1920px-Chapman_Branch_Library_SLC.jpeg?utm_source=commons.wikimedia.org&utm_campaign=imageinfo&utm_content=thumbnail,Tricia Simpson,CC BY-SA 3.0,https://creativecommons.org/licenses/by-sa/3.0,https://commons.wikimedia.org/wiki/File:Chapman_Branch_Library_SLC.jpeg,yes
Ephraim,public,Ephraim,Utah,United States,"Jan 14, 1914","$10,000",30 S. Main St.,39.36806,-111.58667,,wikipedia-list,File:Ephraim_Utah_Carnegie_Library.jpeg,https://upload.wikimedia.org/wikipedia/commons/thumb/c/c8/Ephraim_Utah_Carnegie_Library.jpeg/1920px-Ephraim_Utah_Carnegie_Library.jpeg?utm_source=commons.wikimedia.org&utm_campaign=imageinfo&utm_content=thumbnail,Tricia Simpson,CC BY-SA 3.0,https://creativecommons.org/licenses/by-sa/3.0,https://commons.wikimedia.org/wiki/File:Ephraim_Utah_Carnegie_Library.jpeg,yes
Eureka,public,Eureka,Utah,United States,"Dec 24, 1907","$11,000",263 W. Main St.,39.95417,-112.12028,,wikipedia-list,File:Memorial_Building_Eureka_Utah.jpeg,https://upload.wikimedia.org/wikipedia/commons/thumb/e/e9/Memorial_Building_Eureka_Utah.jpeg/1920px-Memorial_Building_Eureka_Utah.jpeg?utm_source=commons.wikimedia.org&utm_campaign=imageinfo&utm_content=thumbnail,Tricia Simpson,CC BY-SA 3.0,https://creativecommons.org/licenses/by-sa/3.0,https://commons.wikimedia.org/wiki/File:Memorial_Building_Eureka_Utah.jpeg,yes
Garland,public,Garland,Utah,United States,"Jan 17, 1912","$8,000",86 W. Factory St.,41.74139,-112.16278,,wikipedia-list,File:Carnegie_Library_Garland_Utah.jpeg,https://upload.wikimedia.org/wikipedia/commons/thumb/5/5d/Carnegie_Library_Garland_Utah.jpeg/1920px-Carnegie_Library_Garland_Utah.jpeg?utm_source=commons.wikimedia.org&utm_campaign=imageinfo&utm_content=thumbnail,Tricia Simpson,CC BY-SA 3.0,https://creativecommons.org/licenses/by-sa/3.0,https://commons.wikimedia.org/wiki/File:Carnegie_Library_Garland_Utah.jpeg,yes
Lehi,public,Lehi,Utah,United States,"Nov 7, 1917","$10,000",51 N. Center St.,40.38861,-111.84889,,wikipedia-list,File:Lehi_Utah_Carnegie_library.jpeg,https://upload.wikimedia.org/wikipedia/commons/thumb/6/64/Lehi_Utah_Carnegie_library.jpeg/1920px-Lehi_Utah_Carnegie_library.jpeg?utm_source=commons.wikimedia.org&utm_campaign=imageinfo&utm_content=thumbnail,Ntsimp,Public domain,,https://commons.wikimedia.org/wiki/File:Lehi_Utah_Carnegie_library.jpeg,yes
Manti,public,Manti,Utah,United States,"Mar 21, 1910","$11,470",2 S. Main St.,39.26528,-111.63306,,wikipedia-list,File:Manti_Utah_Carnegie_Library.jpeg,https://upload.wikimedia.org/wikipedia/commons/thumb/e/e9/Manti_Utah_Carnegie_Library.jpeg/1920px-Manti_Utah_Carnegie_Library.jpeg?utm_source=commons.wikimedia.org&utm_campaign=imageinfo&utm_content=thumbnail,Tricia Simpson,CC BY-SA 3.0,https://creativecommons.org/licenses/by-sa/3.0,https://commons.wikimedia.org/wiki/File:Manti_Utah_Carnegie_Library.jpeg,yes
Mount Pleasant,public,Mount Pleasant,Utah,United States,"May 15, 1916","$10,000",24 E. Main St.,39.54667,-111.45389,,wikipedia-list,File:Mt_Pleasant_Utah_Carnegie_Library.jpeg,https://upload.wikimedia.org/wikipedia/commons/thumb/1/12/Mt_Pleasant_Utah_Carnegie_Library.jpeg/1920px-Mt_Pleasant_Utah_Carnegie_Library.jpeg?utm_source=commons.wikimedia.org&utm_campaign=imageinfo&utm_content=thumbnail,Tricia Simpson,CC BY-SA 3.0,https://creativecommons.org/licenses/by-sa/3.0,https://commons.wikimedia.org/wiki/File:Mt_Pleasant_Utah_Carnegie_Library.jpeg,yes
Murray,public,Murray,Utah,United States,"Jan 6, 1911","$10,000",184 E. Vine St.,40.66361,-111.88667,,wikipedia-list,File:Murray_City_Library.JPG,https://upload.wikimedia.org/wikipedia/commons/8/88/Murray_City_Library.JPG?utm_source=commons.wikimedia.org&utm_campaign=imageinfo&utm_content=thumbnail_unscaled,Unknown authorUnknown author,Public domain,,https://commons.wikimedia.org/wiki/File:Murray_City_Library.JPG,yes
Ogden,public,Ogden,Utah,United States,"Mar 9, 1901","$25,000",26th St. and Washington Blvd.,,,,,,,,,,,no
Panguitch,public,Panguitch,Utah,United States,"Dec 3, 1915","$6,000",75 E. Center St.,37.82306,-112.43361,,wikipedia-list,File:Carnegie_Library_Panguitch_Utah.jpeg,https://upload.wikimedia.org/wikipedia/commons/thumb/5/55/Carnegie_Library_Panguitch_Utah.jpeg/1920px-Carnegie_Library_Panguitch_Utah.jpeg?utm_source=commons.wikimedia.org&utm_campaign=imageinfo&utm_content=thumbnail,Tricia Simpson,CC BY-SA 3.0,https://creativecommons.org/licenses/by-sa/3.0,https://commons.wikimedia.org/wiki/File:Carnegie_Library_Panguitch_Utah.jpeg,yes
Parowan,public,Parowan,Utah,United States,"Jan 31, 1913","$6,000",,,,,,,,,,,,no
Price,public,Price,Utah,United States,"Jan 2, 1913","$10,000",159 E. Main St.,,,,,,,,,,,no
Provo,public,Provo,Utah,United States,"Apr 8, 1907","$17,500",15 N. 100 East,40.23389,-111.657083,,,,,,,,,no
Richfield,public,Richfield,Utah,United States,"Jan 6, 1911","$10,000",83 E. Center St.,38.76833,-112.08250,https://en.wikipedia.org/wiki/Richfield_Carnegie_Library,wikipedia-list,File:Carnegie_Library_Richfield_Utah.jpeg,https://upload.wikimedia.org/wikipedia/commons/thumb/d/de/Carnegie_Library_Richfield_Utah.jpeg/1920px-Carnegie_Library_Richfield_Utah.jpeg?utm_source=commons.wikimedia.org&utm_campaign=imageinfo&utm_content=thumbnail,Tricia Simpson,CC BY-SA 3.0,https://creativecommons.org/licenses/by-sa/3.0,https://commons.wikimedia.org/wiki/File:Carnegie_Library_Richfield_Utah.jpeg,yes
Richmond,public,Richmond,Utah,United States,"Sep 27, 1912","$8,000",38 W. Main St.,41.92306,-111.80889,,wikipedia-list,File:Richmond_Utah_Carnegie_Library.jpeg,https://upload.wikimedia.org/wikipedia/commons/thumb/f/fc/Richmond_Utah_Carnegie_Library.jpeg/1920px-Richmond_Utah_Carnegie_Library.jpeg?utm_source=commons.wikimedia.org&utm_campaign=imageinfo&utm_content=thumbnail,Ntsimp,Public domain,,https://commons.wikimedia.org/wiki/File:Richmond_Utah_Carnegie_Library.jpeg,yes
Smithfield,public,Smithfield,Utah,United States,"Jan 7, 1918","$12,000",25 N. Main St.,41.83722,-111.82028,,wikipedia-list,File:Smithfield_Utah_Carnegie_Library.jpeg,https://upload.wikimedia.org/wikipedia/commons/thumb/e/e1/Smithfield_Utah_Carnegie_Library.jpeg/1920px-Smithfield_Utah_Carnegie_Library.jpeg?utm_source=commons.wikimedia.org&utm_campaign=imageinfo&utm_content=thumbnail,Tricia Simpson,CC BY-SA 3.0,https://creativecommons.org/licenses/by-sa/3.0,https://commons.wikimedia.org/wiki/File:Smithfield_Utah_Carnegie_Library.jpeg,yes
Springville,public,Springville,Utah,United States,"Nov 9, 1916","$10,000",175 S. Main St.,40.16417,-111.61000,https://en.wikipedia.org/wiki/Springville_Carnegie_Library,wikipedia-list,File:Springville_Utah_Carnegie_Library.jpeg,https://upload.wikimedia.org/wikipedia/commons/thumb/4/44/Springville_Utah_Carnegie_Library.jpeg/1920px-Springville_Utah_Carnegie_Library.jpeg?utm_source=commons.wikimedia.org&utm_campaign=imageinfo&utm_content=thumbnail,Ntsimp,CC0,http://creativecommons.org/publicdomain/zero/1.0/deed.en,https://commons.wikimedia.org/wiki/File:Springville_Utah_Carnegie_Library.jpeg,yes
St. George,public,St. George,Utah,United States,"Jan 31, 1913","$8,000",,,,,,,,,,,,no
Tooele,public,Tooele,Utah,United States,"Jan 5, 1909","$5,000",47 E. Vine St.,40.53111,-112.29667,https://en.wikipedia.org/wiki/Tooele_Carnegie_Library,wikipedia-list,File:Tooele_Utah_Carnegie_Library.jpeg,https://upload.wikimedia.org/wikipedia/commons/thumb/7/74/Tooele_Utah_Carnegie_Library.jpeg/1920px-Tooele_Utah_Carnegie_Library.jpeg?utm_source=commons.wikimedia.org&utm_campaign=imageinfo&utm_content=thumbnail,Tricia Simpson,CC BY-SA 3.0,https://creativecommons.org/licenses/by-sa/3.0,https://commons.wikimedia.org/wiki/File:Tooele_Utah_Carnegie_Library.jpeg,yes
Fletcher Free Library,public,Burlington,Vermont,United States,"Jul 25, 1901","$50,000",235 College St.,44.477462,-73.210080,https://en.wikipedia.org/wiki/Fletcher_Free_Library,wikipedia-list,File:BurlingtonVTCarnegie.JPG,https://upload.wikimedia.org/wikipedia/commons/thumb/d/d3/BurlingtonVTCarnegie.JPG/1920px-BurlingtonVTCarnegie.JPG?utm_source=commons.wikimedia.org&utm_campaign=imageinfo&utm_content=thumbnail,Mfwills,CC BY-SA 3.0,https://creativecommons.org/licenses/by-sa/3.0,https://commons.wikimedia.org/wiki/File:BurlingtonVTCarnegie.JPG,yes
Fair Haven Public Library,public,Fair Haven,Vermont,United States,"Jan 19, 1905","$8,000",107 N. Main St.,43.597425,-73.262157,,wikipedia-list,File:2004_library_Fair_Haven_Vermont_113906084.jpg,https://upload.wikimedia.org/wikipedia/commons/thumb/e/ec/2004_library_Fair_Haven_Vermont_113906084.jpg/1920px-2004_library_Fair_Haven_Vermont_113906084.jpg?utm_source=commons.wikimedia.org&utm_campaign=imageinfo&utm_content=thumbnail,Jared and Corin,CC BY-SA 2.0,https://creativecommons.org/licenses/by-sa/2.0,https://commons.wikimedia.org/wiki/File:2004_library_Fair_Haven_Vermont_113906084.jpg,yes
Morristown Centennial Library,public,Morristown,Vermont,United States,"Mar 18, 1911","$7,000",7 Richmond St.,44.563047,-72.595575,,,,,,,,,no
Rockingham Free Public Library,public,Rockingham,Vermont,United States,"Jun 1, 1903","$15,000",65 Westminster St.,43.168128,-72.445221,https://en.wikipedia.org/wiki/Rockingham_Free_Public_Library,wikipedia-list,File:2003_library_Rockingham_Vermont_113820737.jpg,https://upload.wikimedia.org/wikipedia/commons/thumb/7/74/2003_library_Rockingham_Vermont_113820737.jpg/1920px-2003_library_Rockingham_Vermont_113820737.jpg?utm_source=commons.wikimedia.org&utm_campaign=imageinfo&utm_content=thumbnail,Jared and Corin,CC BY-SA 2.0,https://creativecommons.org/licenses/by-sa/2.0,https://commons.wikimedia.org/wiki/File:2003_library_Rockingham_Vermont_113820737.jpg,yes
Norfolk Main,public,Norfolk,Virginia,United States,"Mar 8, 1901","$50,000",345 W. Freemason St.,36.851806,-76.295417,,wikipedia-list,File:Old_Norfolk_Public_Library.jpg,https://upload.wikimedia.org/wikipedia/commons/thumb/1/11/Old_Norfolk_Public_Library.jpg/1920px-Old_Norfolk_Public_Library.jpg?utm_source=commons.wikimedia.org&utm_campaign=imageinfo&utm_content=thumbnail,Toohool,CC BY-SA 4.0,https://creativecommons.org/licenses/by-sa/4.0,https://commons.wikimedia.org/wiki/File:Old_Norfolk_Public_Library.jpg,yes
Norfolk Van Wyck,public,Norfolk,Virginia,United States,"Mar 8, 1901","$20,000",345 Shirley Ave.,36.874403,-76.290436,,,,,,,,,no
Waynesboro,public,Waynesboro,Virginia,United States,"Feb 26, 1914","$8,000",301 Walnut Ave.,38.067222,-78.892917,,,,,,,,,no
Aberdeen,public,Aberdeen,Washington (state),United States,"January 18, 1907","$15,000","121 E. Market Street, Aberdeen, WA. 98520-5292",,,,wikipedia-list,"File:Public_Library,_Aberdeen,_Wash.jpg",https://upload.wikimedia.org/wikipedia/commons/4/48/Public_Library%2C_Aberdeen%2C_Wash.jpg?utm_source=commons.wikimedia.org&utm_campaign=imageinfo&utm_content=thumbnail_unscaled,Publichall,Public domain,,"https://commons.wikimedia.org/wiki/File:Public_Library,_Aberdeen,_Wash.jpg",yes
Anacortes,public,Anacortes,Washington (state),United States,"December 14, 1908","$10,000","1305 8th Street, Anacortes, WA. 98221-1833",,,,wikipedia-list,File:Anacortes_Public_Library_(now_museum)_03.jpg,https://upload.wikimedia.org/wikipedia/commons/thumb/5/53/Anacortes_Public_Library_%28now_museum%29_03.jpg/1920px-Anacortes_Public_Library_%28now_museum%29_03.jpg?utm_source=commons.wikimedia.org&utm_campaign=imageinfo&utm_content=thumbnail,Joe Mabel,CC BY-SA 3.0,https://creativecommons.org/licenses/by-sa/3.0,https://commons.wikimedia.org/wiki/File:Anacortes_Public_Library_(now_museum)_03.jpg,yes
Auburn,public,Auburn,Washington (state),United States,"May 17, 1912","$9,000","306 Auburn Avenue, Auburn, WA. 98002-5013",,,,wikipedia-list,"File:Auburn,_WA_-_Auburn_Dance_Center_02.jpg",https://upload.wikimedia.org/wikipedia/commons/thumb/a/a8/Auburn%2C_WA_-_Auburn_Dance_Center_02.jpg/1920px-Auburn%2C_WA_-_Auburn_Dance_Center_02.jpg?utm_source=commons.wikimedia.org&utm_campaign=imageinfo&utm_content=thumbnail,Joe Mabel,CC BY-SA 3.0,http://creativecommons.org/licenses/by-sa/3.0/,"https://commons.wikimedia.org/wiki/File:Auburn,_WA_-_Auburn_Dance_Center_02.jpg",yes
Bellingham Central,public,Bellingham,Washington (state),United States,"March 27, 1903","$36,000","Champion & Commercial Streets, Bellingham, WA. 98225",,,,wikipedia-list,File:Bellingham_Carnegie_Library.jpg,https://upload.wikimedia.org/wikipedia/commons/c/cc/Bellingham_Carnegie_Library.jpg?utm_source=commons.wikimedia.org&utm_campaign=imageinfo&utm_content=thumbnail_unscaled,Publichall,CC BY-SA 3.0,https://creativecommons.org/licenses/by-sa/3.0,https://commons.wikimedia.org/wiki/File:Bellingham_Carnegie_Library.jpg,yes
Bellingham Fairhaven,public,Bellingham,Washington (state),United States,"March 27, 1903",—,"1117 12th Street, Bellingham, WA. 98225-6617",,,,wikipedia-list,File:B'ham_Fairhaven_Library_02.jpg,https://upload.wikimedia.org/wikipedia/commons/thumb/8/82/B%27ham_Fairhaven_Library_02.jpg/1920px-B%27ham_Fairhaven_Library_02.jpg?utm_source=commons.wikimedia.org&utm_campaign=imageinfo&utm_content=thumbnail,Joe Mabel,CC BY-SA 3.0,http://creativecommons.org/licenses/by-sa/3.0/,https://commons.wikimedia.org/wiki/File:B%27ham_Fairhaven_Library_02.jpg,yes
Burlington,public,Burlington,Washington (state),United States,"April 13, 1914","$5,000","901 E. Fairhaven Ave., Burlington, WA. 98233-1900",,,,wikipedia-list,File:Carnegie_Libray_Burlington.jpg,https://upload.wikimedia.org/wikipedia/commons/b/b2/Carnegie_Libray_Burlington.jpg?utm_source=commons.wikimedia.org&utm_campaign=imageinfo&utm_content=thumbnail_unscaled,Jon Roanhaus,CC BY-SA 3.0,https://creativecommons.org/licenses/by-sa/3.0,https://commons.wikimedia.org/wiki/File:Carnegie_Libray_Burlington.jpg,yes
Centralia,public,Centralia,Washington (state),United States,"January 6, 1911","$15,000","110 South Silver Street, Centralia, WA. 98531-4296",,,,wikipedia-list,"File:Centralia,_WA_library.jpg",https://upload.wikimedia.org/wikipedia/commons/5/52/Centralia%2C_WA_library.jpg?utm_source=commons.wikimedia.org&utm_campaign=imageinfo&utm_content=thumbnail_unscaled,Publichall,CC BY-SA 3.0,https://creativecommons.org/licenses/by-sa/3.0,"https://commons.wikimedia.org/wiki/File:Centralia,_WA_library.jpg",yes
Chehalis,public,Chehalis,Washington (state),United States,"May 8, 1908","$10,000","400 N. Market Blvd., Chehalis, WA. 98532-0419",,,,wikipedia-list,File:Chehalis_Carnegie_Library.jpg,https://upload.wikimedia.org/wikipedia/commons/8/88/Chehalis_Carnegie_Library.jpg?utm_source=commons.wikimedia.org&utm_campaign=imageinfo&utm_content=thumbnail_unscaled,Pacific Novelty Company,Public domain,,https://commons.wikimedia.org/wiki/File:Chehalis_Carnegie_Library.jpg,yes
Clarkston Public Library,public,Clarkston,Washington (state),United States,"January 17, 1912","$10,000","6th & Chestnut Streets, Clarkston, WA. 99403-2644",,,https://en.wikipedia.org/wiki/Clarkston_Public_Library,wikipedia-list,File:Clarkston_Public_Library_1_-_Clarkston_Washington.jpg,https://upload.wikimedia.org/wikipedia/commons/thumb/d/d6/Clarkston_Public_Library_1_-_Clarkston_Washington.jpg/1920px-Clarkston_Public_Library_1_-_Clarkston_Washington.jpg?utm_source=commons.wikimedia.org&utm_campaign=imageinfo&utm_content=thumbnail,Ian Poellet,CC BY-SA 4.0,https://creativecommons.org/licenses/by-sa/4.0,https://commons.wikimedia.org/wiki/File:Clarkston_Public_Library_1_-_Clarkston_Washington.jpg,yes
Edmonds,public,Edmonds,Washington (state),United States,"January 31, 1910","$5,000","118 5th Avenue North, Edmonds, WA. 98020-3145",,,"https://en.wikipedia.org/wiki/Andrew_Carnegie_Library_(Edmonds,_Washington)",wikipedia-list,File:Edmonds_WA_museum_02.jpg,https://upload.wikimedia.org/wikipedia/commons/thumb/f/f0/Edmonds_WA_museum_02.jpg/1920px-Edmonds_WA_museum_02.jpg?utm_source=commons.wikimedia.org&utm_campaign=imageinfo&utm_content=thumbnail,Joe Mabel,CC BY-SA 3.0,http://creativecommons.org/licenses/by-sa/3.0/,https://commons.wikimedia.org/wiki/File:Edmonds_WA_museum_02.jpg,yes
Ellensburg,public,Ellensburg,Washington (state),United States,"January 8, 1908","$10,000","209 North Ruby Street, Ellensburg, WA. 98926-3338",,,,wikipedia-list,File:Ellensburg_Library.jpg,https://upload.wikimedia.org/wikipedia/commons/6/68/Ellensburg_Library.jpg?utm_source=commons.wikimedia.org&utm_campaign=imageinfo&utm_content=thumbnail_unscaled,Publichall,CC BY-SA 3.0,https://creativecommons.org/licenses/by-sa/3.0,https://commons.wikimedia.org/wiki/File:Ellensburg_Library.jpg,yes
Everett,public,Everett,Washington (state),United States,"January 6, 1903","$25,000","3001 Oakes Avenue, Everett, WA. 98201",,,https://en.wikipedia.org/wiki/Everett_Carnegie_Library,wikipedia-list,File:Everett_-_Carnegie_Library_03.jpg,https://upload.wikimedia.org/wikipedia/commons/thumb/8/8c/Everett_-_Carnegie_Library_03.jpg/1920px-Everett_-_Carnegie_Library_03.jpg?utm_source=commons.wikimedia.org&utm_campaign=imageinfo&utm_content=thumbnail,Joe Mabel,CC BY-SA 3.0,http://creativecommons.org/licenses/by-sa/3.0/,https://commons.wikimedia.org/wiki/File:Everett_-_Carnegie_Library_03.jpg,yes
Goldendale,public,Goldendale,Washington (state),United States,"November 3, 1913","$8,000","131 West Burgen Street, Goldendale, WA. 98620-9544",,,,wikipedia-list,File:Goldendale_Free_Public_Library_-_Goldendale_Washington.jpg,https://upload.wikimedia.org/wikipedia/commons/4/4b/Goldendale_Free_Public_Library_-_Goldendale_Washington.jpg?utm_source=commons.wikimedia.org&utm_campaign=imageinfo&utm_content=thumbnail_unscaled,Ian Poellet,CC BY-SA 3.0,https://creativecommons.org/licenses/by-sa/3.0,https://commons.wikimedia.org/wiki/File:Goldendale_Free_Public_Library_-_Goldendale_Washington.jpg,yes
Hoquiam,public,Hoquiam,Washington (state),United States,"December 2, 1909","$20,000","420 7th Street, Hoquiam, WA. 98550-3616",,,,wikipedia-list,File:Hoquiam_Timberland_Library_01.jpg,https://upload.wikimedia.org/wikipedia/commons/thumb/8/80/Hoquiam_Timberland_Library_01.jpg/1920px-Hoquiam_Timberland_Library_01.jpg?utm_source=commons.wikimedia.org&utm_campaign=imageinfo&utm_content=thumbnail,Joe Mabel,CC BY-SA 3.0,https://creativecommons.org/licenses/by-sa/3.0,https://commons.wikimedia.org/wiki/File:Hoquiam_Timberland_Library_01.jpg,yes
North Yakima,public,North Yakima,Washington (state),United States,"December 14, 1903","$15,000","104 N. 3rd Street, Yakima, WA",,,,wikipedia-list,File:North_Yakima_Library.jpg,https://upload.wikimedia.org/wikipedia/commons/e/e3/North_Yakima_Library.jpg?utm_source=commons.wikimedia.org&utm_campaign=imageinfo&utm_content=thumbnail_unscaled,Publichall,CC BY-SA 3.0,https://creativecommons.org/licenses/by-sa/3.0,https://commons.wikimedia.org/wiki/File:North_Yakima_Library.jpg,yes
Olympia,public,Olympia,Washington (state),United States,"March 20, 1903","$25,000","620 Franklin St. SE, Olympia, WA. 98501-1359",,,,wikipedia-list,File:Olympia_Public_Library.jpg,https://upload.wikimedia.org/wikipedia/commons/thumb/d/d1/Olympia_Public_Library.jpg/1920px-Olympia_Public_Library.jpg?utm_source=commons.wikimedia.org&utm_campaign=imageinfo&utm_content=thumbnail,Murderbike,Public domain,,https://commons.wikimedia.org/wiki/File:Olympia_Public_Library.jpg,yes
Pasco,public,Pasco,Washington (state),United States,"December 13, 1909","$10,000","305 North 4th Avenue, Pasco, WA 99301-5324",,,,wikipedia-list,File:Pasco_Carnegie_Library.jpg,https://upload.wikimedia.org/wikipedia/commons/thumb/e/eb/Pasco_Carnegie_Library.jpg/1920px-Pasco_Carnegie_Library.jpg?utm_source=commons.wikimedia.org&utm_campaign=imageinfo&utm_content=thumbnail,Allen4names,CC BY-SA 3.0,https://creativecommons.org/licenses/by-sa/3.0,https://commons.wikimedia.org/wiki/File:Pasco_Carnegie_Library.jpg,yes
Port Angeles,public,Port Angeles,Washington (state),United States,"November 9, 1916","$12,500","207 South Lincoln Street, Port Angeles, WA 98362-3002",,,,wikipedia-list,File:Port_Angeles_-_Carnegie_Library.jpg,https://upload.wikimedia.org/wikipedia/commons/thumb/0/03/Port_Angeles_-_Carnegie_Library.jpg/1920px-Port_Angeles_-_Carnegie_Library.jpg?utm_source=commons.wikimedia.org&utm_campaign=imageinfo&utm_content=thumbnail,Publichall,CC BY-SA 3.0,https://creativecommons.org/licenses/by-sa/3.0,https://commons.wikimedia.org/wiki/File:Port_Angeles_-_Carnegie_Library.jpg,yes
Port Townsend,public,Port Townsend,Washington (state),United States,"July 13, 1912","$12,500","1220 Lawrence Street, Port Townsend, WA. 98368",,,,wikipedia-list,File:Port_Townsend_Library.JPG,https://upload.wikimedia.org/wikipedia/commons/thumb/f/f0/Port_Townsend_Library.JPG/1920px-Port_Townsend_Library.JPG?utm_source=commons.wikimedia.org&utm_campaign=imageinfo&utm_content=thumbnail,Murderbike,Public domain,,https://commons.wikimedia.org/wiki/File:Port_Townsend_Library.JPG,yes
Prosser,public,Prosser,Washington (state),United States,"April 28, 1909","$5,000","902 7th Street, Prosser, WA. 99350-1454",,,,wikipedia-list,"File:Prosser,_WA_-_Carnegie_Library.jpg",https://upload.wikimedia.org/wikipedia/commons/6/68/Prosser%2C_WA_-_Carnegie_Library.jpg?utm_source=commons.wikimedia.org&utm_campaign=imageinfo&utm_content=thumbnail_unscaled,Publichall,CC BY-SA 3.0,https://creativecommons.org/licenses/by-sa/3.0,"https://commons.wikimedia.org/wiki/File:Prosser,_WA_-_Carnegie_Library.jpg",yes
Puyallup,public,Puyallup,Washington (state),United States,"February 15, 1912","$12,500","330 South Meridian, Puyallup, WA. 98371-5914",,,https://en.wikipedia.org/wiki/Puyallup_Public_Library#Carnegie_Library,wikipedia-list,File:Puyallup_-_Carnegie_Library.JPG,https://upload.wikimedia.org/wikipedia/commons/9/9b/Puyallup_-_Carnegie_Library.JPG?utm_source=commons.wikimedia.org&utm_campaign=imageinfo&utm_content=thumbnail_unscaled,Publichall,CC BY-SA 3.0,https://creativecommons.org/licenses/by-sa/3.0,https://commons.wikimedia.org/wiki/File:Puyallup_-_Carnegie_Library.JPG,yes
Renton,public,Renton,Washington (state),United States,"May 21, 1913","$10,000","Bronson Way N. near Park Ave. N., Renton, WA 98057-2163",,,,wikipedia-list,File:TransparentPlaceholder.png,https://upload.wikimedia.org/wikipedia/commons/3/3a/TransparentPlaceholder.png?utm_source=commons.wikimedia.org&utm_campaign=imageinfo&utm_content=thumbnail_unscaled,The original uploader was GHe at English Wikipedia.,Public domain,,https://commons.wikimedia.org/wiki/File:TransparentPlaceholder.png,yes
Ritzville,public,Ritzville,Washington (state),United States,"December 24, 1906","$10,500","302 W. Main St., Ritzville, WA. 99169",,,,wikipedia-list,"File:Ritzville,_WA_-_Carnegie_Library.JPG",https://upload.wikimedia.org/wikipedia/commons/thumb/8/8b/Ritzville%2C_WA_-_Carnegie_Library.JPG/1920px-Ritzville%2C_WA_-_Carnegie_Library.JPG?utm_source=commons.wikimedia.org&utm_campaign=imageinfo&utm_content=thumbnail,Publichall,CC BY-SA 3.0,https://creativecommons.org/licenses/by-sa/3.0,"https://commons.wikimedia.org/wiki/File:Ritzville,_WA_-_Carnegie_Library.JPG",yes
Seattle Main,public,Seattle,Washington (state),United States,"January 6, 1901","$430,000","1000 Fourth Avenue, Seattle, WA 98104",,,,wikipedia-list,File:Seattle_-_Carnegie_Library_01.jpg,https://upload.wikimedia.org/wikipedia/commons/c/c9/Seattle_-_Carnegie_Library_01.jpg?utm_source=commons.wikimedia.org&utm_campaign=imageinfo&utm_content=thumbnail_unscaled,Frank H. Nowell,Public domain,,https://commons.wikimedia.org/wiki/File:Seattle_-_Carnegie_Library_01.jpg,yes
Seattle Ballard,public,Seattle,Washington (state),United States,"March 27, 1903","$15,000","2026 Northwest Market Street, Seattle, WA. 98107-4080",,,https://en.wikipedia.org/wiki/Ballard_Carnegie_Library,wikipedia-list,File:Ballard_Carnegie_04.jpg,https://upload.wikimedia.org/wikipedia/commons/thumb/0/09/Ballard_Carnegie_04.jpg/1920px-Ballard_Carnegie_04.jpg?utm_source=commons.wikimedia.org&utm_campaign=imageinfo&utm_content=thumbnail,Joe Mabel,CC BY-SA 3.0,http://creativecommons.org/licenses/by-sa/3.0/,https://commons.wikimedia.org/wiki/File:Ballard_Carnegie_04.jpg,yes
Seattle Columbia,public,Seattle,Washington (state),United States,"January 6, 1901",—,"4721 Rainier Avenue South, Seattle, WA 98118-1696",,,,wikipedia-list,File:Seattle_-_Columbia_City_Library_10.jpg,https://upload.wikimedia.org/wikipedia/commons/thumb/8/8c/Seattle_-_Columbia_City_Library_10.jpg/1920px-Seattle_-_Columbia_City_Library_10.jpg?utm_source=commons.wikimedia.org&utm_campaign=imageinfo&utm_content=thumbnail,Joe Mabel,CC BY-SA 3.0,http://creativecommons.org/licenses/by-sa/3.0/,https://commons.wikimedia.org/wiki/File:Seattle_-_Columbia_City_Library_10.jpg,yes
Seattle Fremont,public,Seattle,Washington (state),United States,"January 6, 1901",—,"1501 North 45th Street, Seattle, WA 98103-6708",,,,wikipedia-list,File:Seattle_Fremont_Library_01.jpg,https://upload.wikimedia.org/wikipedia/commons/thumb/d/db/Seattle_Fremont_Library_01.jpg/1920px-Seattle_Fremont_Library_01.jpg?utm_source=commons.wikimedia.org&utm_campaign=imageinfo&utm_content=thumbnail,Joe Mabel,CC BY-SA 3.0,http://creativecommons.org/licenses/by-sa/3.0/,https://commons.wikimedia.org/wiki/File:Seattle_Fremont_Library_01.jpg,yes
Seattle Green Lake,public,Seattle,Washington (state),United States,"January 6, 1901",—,"7364 East Green Lake Dr. N., Seattle, WA 98115",,,,wikipedia-list,File:Green_Lake_Library-1.jpg,https://upload.wikimedia.org/wikipedia/commons/thumb/d/db/Green_Lake_Library-1.jpg/1920px-Green_Lake_Library-1.jpg?utm_source=commons.wikimedia.org&utm_campaign=imageinfo&utm_content=thumbnail,Shakespeare at English Wikipedia,CC BY-SA 3.0,https://creativecommons.org/licenses/by-sa/3.0,https://commons.wikimedia.org/wiki/File:Green_Lake_Library-1.jpg,yes
Seattle Queen Anne,public,Seattle,Washington (state),United States,"January 6, 1901",—,"400 West Garfield St., Seattle, WA 98119",,,,wikipedia-list,File:Seattle_Public_Library_Queen_Anne_Branch_01.jpg,https://upload.wikimedia.org/wikipedia/commons/thumb/3/39/Seattle_Public_Library_Queen_Anne_Branch_01.jpg/1920px-Seattle_Public_Library_Queen_Anne_Branch_01.jpg?utm_source=commons.wikimedia.org&utm_campaign=imageinfo&utm_content=thumbnail,Joe Mabel,CC BY-SA 3.0,http://creativecommons.org/licenses/by-sa/3.0/,https://commons.wikimedia.org/wiki/File:Seattle_Public_Library_Queen_Anne_Branch_01.jpg,yes
Seattle West Seattle,public,Seattle,Washington (state),United States,"January 6, 1901",—,"2306 42nd Ave. S.W., Seattle, WA 98116",,,,wikipedia-list,File:West_Seattle_Library_01.jpg,https://upload.wikimedia.org/wikipedia/commons/thumb/9/90/West_Seattle_Library_01.jpg/1920px-West_Seattle_Library_01.jpg?utm_source=commons.wikimedia.org&utm_campaign=imageinfo&utm_content=thumbnail,Joe Mabel,CC BY-SA 3.0,http://creativecommons.org/licenses/by-sa/3.0/,https://commons.wikimedia.org/wiki/File:West_Seattle_Library_01.jpg,yes
Sedro-Woolley,public,Sedro-Woolley,Washington (state),United States,"July 9, 1913","$10,000","226 Bennett Street, Sedro-Woolley, WA 98284-1607",,,,wikipedia-list,File:TransparentPlaceholder.png,https://upload.wikimedia.org/wikipedia/commons/3/3a/TransparentPlaceholder.png?utm_source=commons.wikimedia.org&utm_campaign=imageinfo&utm_content=thumbnail_unscaled,The original uploader was GHe at English Wikipedia.,Public domain,,https://commons.wikimedia.org/wiki/File:TransparentPlaceholder.png,yes
Snohomish,public,Snohomish,Washington (state),United States,"March 13, 1909","$10,000","105 Cedar Avenue, Snohomish, WA. 98290",,,,wikipedia-list,"File:Snohomish,_WA_-_Carnegie_Library_and_war_memorial.jpg",https://upload.wikimedia.org/wikipedia/commons/thumb/d/d1/Snohomish%2C_WA_-_Carnegie_Library_and_war_memorial.jpg/1920px-Snohomish%2C_WA_-_Carnegie_Library_and_war_memorial.jpg?utm_source=commons.wikimedia.org&utm_campaign=imageinfo&utm_content=thumbnail,Joe Mabel,CC BY-SA 3.0,http://creativecommons.org/licenses/by-sa/3.0/,"https://commons.wikimedia.org/wiki/File:Snohomish,_WA_-_Carnegie_Library_and_war_memorial.jpg",yes
South Bend,public,South Bend,Washington (state),United States,"January 20, 1908","$10,000","1216 1st Street, South Bend, WA 98586",,,,wikipedia-list,File:South_Bend_Carnegie_Library_NRHP_82004269.jpg,https://upload.wikimedia.org/wikipedia/commons/e/e5/South_Bend_Carnegie_Library_NRHP_82004269.jpg?utm_source=commons.wikimedia.org&utm_campaign=imageinfo&utm_content=thumbnail_unscaled,Jon Roanhaus,CC BY-SA 3.0,https://creativecommons.org/licenses/by-sa/3.0,https://commons.wikimedia.org/wiki/File:South_Bend_Carnegie_Library_NRHP_82004269.jpg,yes
Spokane Main,public,Spokane,Washington (state),United States,"March 27, 1903","$155,000","10 S. Cedar Street, Spokane, WA. 99201-6823",,,,wikipedia-list,File:Spokane_Public_Library.JPG,https://upload.wikimedia.org/wikipedia/commons/thumb/1/1f/Spokane_Public_Library.JPG/1920px-Spokane_Public_Library.JPG?utm_source=commons.wikimedia.org&utm_campaign=imageinfo&utm_content=thumbnail,Murderbike,Public domain,,https://commons.wikimedia.org/wiki/File:Spokane_Public_Library.JPG,yes
Spokane Altamont,public,Spokane,Washington (state),United States,"March 27, 1903",—,"25 South Altamont Street, Spokane, WA 99202-3952",,,,wikipedia-list,"File:Spokane_Public_Library_NRHP_82004290_Spokane_County,_WA.jpg",https://upload.wikimedia.org/wikipedia/commons/f/f9/Spokane_Public_Library_NRHP_82004290_Spokane_County%2C_WA.jpg?utm_source=commons.wikimedia.org&utm_campaign=imageinfo&utm_content=thumbnail_unscaled,Jon Roanhaus,CC BY-SA 4.0,https://creativecommons.org/licenses/by-sa/4.0,"https://commons.wikimedia.org/wiki/File:Spokane_Public_Library_NRHP_82004290_Spokane_County,_WA.jpg",yes
Spokane Heath,public,Spokane,Washington (state),United States,"March 27, 1903",—,"527 East Mission Avenue, Spokane, WA 99202-1917",,,,wikipedia-list,File:Spokane_Public_Library_-_Heath_Branch.JPG,https://upload.wikimedia.org/wikipedia/commons/thumb/c/c9/Spokane_Public_Library_-_Heath_Branch.JPG/1920px-Spokane_Public_Library_-_Heath_Branch.JPG?utm_source=commons.wikimedia.org&utm_campaign=imageinfo&utm_content=thumbnail,Murderbike,Public domain,,https://commons.wikimedia.org/wiki/File:Spokane_Public_Library_-_Heath_Branch.JPG,yes
Spokane North Hill,public,Spokane,Washington (state),United States,"March 27, 1903",—,"925 W. Montgomery Avenue, Spokane, WA 99205-1186",,,,wikipedia-list,"File:Library_Branch_at_Montgomery_and_Monroe,_Spokane,_WA.jpg",https://upload.wikimedia.org/wikipedia/commons/thumb/b/b5/Library_Branch_at_Montgomery_and_Monroe%2C_Spokane%2C_WA.jpg/1920px-Library_Branch_at_Montgomery_and_Monroe%2C_Spokane%2C_WA.jpg?utm_source=commons.wikimedia.org&utm_campaign=imageinfo&utm_content=thumbnail,Voyagerheim,CC BY-SA 3.0,https://creativecommons.org/licenses/by-sa/3.0,"https://commons.wikimedia.org/wiki/File:Library_Branch_at_Montgomery_and_Monroe,_Spokane,_WA.jpg",yes
Sunnyside,public,Sunnyside,Washington (state),United States,"April 16, 1910","$5,000","621 Grant Avenue, Sunnyside, WA 98944",,,,wikipedia-list,"File:Carnegie_Library,_Sunnyside,_WA.jpg",https://upload.wikimedia.org/wikipedia/commons/4/4f/Carnegie_Library%2C_Sunnyside%2C_WA.jpg?utm_source=commons.wikimedia.org&utm_campaign=imageinfo&utm_content=thumbnail_unscaled,"Wesley Andrews, Inc.",Public domain,,"https://commons.wikimedia.org/wiki/File:Carnegie_Library,_Sunnyside,_WA.jpg",yes
Tacoma,public,Tacoma,Washington (state),United States,"March 8, 1901","$75,000",S 12th St & Tacoma Ave S,,,,wikipedia-list,File:Tacoma_Public_Library.jpg,https://upload.wikimedia.org/wikipedia/commons/9/96/Tacoma_Public_Library.jpg?utm_source=commons.wikimedia.org&utm_campaign=imageinfo&utm_content=thumbnail_unscaled,Publichall,CC BY-SA 3.0,https://creativecommons.org/licenses/by-sa/3.0,https://commons.wikimedia.org/wiki/File:Tacoma_Public_Library.jpg,yes
Vancouver,public,Vancouver,Washington (state),United States,"January 20, 1908","$10,000","1511 Main St., Vancouver, Wa. 98660-2945",,,,wikipedia-list,File:Clark_County_Museum_after_Makeover.jpg,https://upload.wikimedia.org/wikipedia/commons/8/82/Clark_County_Museum_after_Makeover.jpg?utm_source=commons.wikimedia.org&utm_campaign=imageinfo&utm_content=thumbnail_unscaled,Carnegiequeen at en.wikipedia,Public domain,,https://commons.wikimedia.org/wiki/File:Clark_County_Museum_after_Makeover.jpg,yes
Walla Walla,public,Walla Walla,Washington (state),United States,"November 18, 1903","$25,000","109 S. Palouse St., Walla Walla, WA 99362-3247",,,,wikipedia-list,File:Walla_Walla_Library.jpg,https://upload.wikimedia.org/wikipedia/commons/8/89/Walla_Walla_Library.jpg?utm_source=commons.wikimedia.org&utm_campaign=imageinfo&utm_content=thumbnail_unscaled,Publichall,CC BY-SA 3.0,https://creativecommons.org/licenses/by-sa/3.0,https://commons.wikimedia.org/wiki/File:Walla_Walla_Library.jpg,yes
Wenatchee,public,Wenatchee,Washington (state),United States,"March 27, 1909","$10,000","Douglas Street and South Chelan Avenue, Wenatchee, WA 98801-2202",,,,wikipedia-list,"File:Wenatchee,_WA_-_Carnegie_Library_02.jpg",https://upload.wikimedia.org/wikipedia/commons/thumb/4/45/Wenatchee%2C_WA_-_Carnegie_Library_02.jpg/1920px-Wenatchee%2C_WA_-_Carnegie_Library_02.jpg?utm_source=commons.wikimedia.org&utm_campaign=imageinfo&utm_content=thumbnail,Joe Mabel,CC BY-SA 3.0,http://creativecommons.org/licenses/by-sa/3.0/,"https://commons.wikimedia.org/wiki/File:Wenatchee,_WA_-_Carnegie_Library_02.jpg",yes
Main,public,,"Washington, D.C.",United States,,,Mt. Vernon Square,38.9026,-77.0229,https://en.wikipedia.org/wiki/Carnegie_Library_of_Washington_D.C.,wikipedia-list,File:2008-0601-DC-CityMuseumCarnegieLibrary.jpg,https://upload.wikimedia.org/wikipedia/commons/thumb/9/95/2008-0601-DC-CityMuseumCarnegieLibrary.jpg/1920px-2008-0601-DC-CityMuseumCarnegieLibrary.jpg?utm_source=commons.wikimedia.org&utm_campaign=imageinfo&utm_content=thumbnail,Bobak Ha'Eri,CC BY 3.0,https://creativecommons.org/licenses/by/3.0,https://commons.wikimedia.org/wiki/File:2008-0601-DC-CityMuseumCarnegieLibrary.jpg,yes
Mount Pleasant,public,,"Washington, D.C.",United States,,,"1600 Lamont St., NW",38.930558,-77.037176,"https://en.wikipedia.org/wiki/Mount_Pleasant_Library_(Washington,_D.C.)",wikipedia-list,File:Mount_Pleasant_library_(4356776281).jpg,https://upload.wikimedia.org/wikipedia/commons/9/92/Mount_Pleasant_library_%284356776281%29.jpg?utm_source=commons.wikimedia.org&utm_campaign=imageinfo&utm_content=thumbnail_unscaled,"JuliaC2006 from Rochester, UK",CC BY 2.0,https://creativecommons.org/licenses/by/2.0,https://commons.wikimedia.org/wiki/File:Mount_Pleasant_library_(4356776281).jpg,yes
Southeast,public,,"Washington, D.C.",United States,,,"403 7th St., SE",38.8840750,-76.9964583,https://en.wikipedia.org/wiki/Southeast_Neighborhood_Library,wikipedia-list,File:Southeast_Neighborhood_Library.jpg,https://upload.wikimedia.org/wikipedia/commons/thumb/b/bb/Southeast_Neighborhood_Library.jpg/1920px-Southeast_Neighborhood_Library.jpg?utm_source=commons.wikimedia.org&utm_campaign=imageinfo&utm_content=thumbnail,APK,CC BY 4.0,https://creativecommons.org/licenses/by/4.0,https://commons.wikimedia.org/wiki/File:Southeast_Neighborhood_Library.jpg,yes
Takoma Park,public,,"Washington, D.C.",United States,,,"416 Cedar St., NW",38.9747194,-77.0186333,https://en.wikipedia.org/wiki/Takoma_Park_Neighborhood_Library,wikipedia-list,"File:Takoma_Park_neighborhood_branch_of_the_D.C._Public_Library_System,_416_Cedar_St.,_N.W.,_Washington,_D.C_LCCN2012630213.jpg",https://upload.wikimedia.org/wikipedia/commons/thumb/c/cb/Takoma_Park_neighborhood_branch_of_the_D.C._Public_Library_System%2C_416_Cedar_St.%2C_N.W.%2C_Washington%2C_D.C_LCCN2012630213.jpg/1920px-Takoma_Park_neighborhood_branch_of_the_D.C._Public_Library_System%2C_416_Cedar_St.%2C_N.W.%2C_Washington%2C_D.C_LCCN2012630213.jpg?utm_source=commons.wikimedia.org&utm_campaign=imageinfo&utm_content=thumbnail,Carol M. Highsmith,Public domain,,"https://commons.wikimedia.org/wiki/File:Takoma_Park_neighborhood_branch_of_the_D.C._Public_Library_System,_416_Cedar_St.,_N.W.,_Washington,_D.C_LCCN2012630213.jpg",yes
Hinton,public,Hinton,West Virginia,United States,"Apr 8, 1907","$12,500",419 Ballengee St.,37.674888,-80.887120,,commons-geosearch,File:Hinton Carnegie Library 2022a.jpg,https://upload.wikimedia.org/wikipedia/commons/thumb/e/e4/Hinton_Carnegie_Library_2022a.jpg/1920px-Hinton_Carnegie_Library_2022a.jpg?utm_source=commons.wikimedia.org&utm_campaign=imageinfo&utm_content=thumbnail,Antony-22,CC BY-SA 4.0,https://creativecommons.org/licenses/by-sa/4.0,https://commons.wikimedia.org/wiki/File:Hinton_Carnegie_Library_2022a.jpg,yes
Huntington,public,Huntington,West Virginia,United States,"Dec 30, 1901","$35,000",900 5th Ave.,38.419721,-82.443531,"https://en.wikipedia.org/wiki/Carnegie_Public_Library_(Huntington,_West_Virginia)",wikipedia-list,File:Carnegie_Public_Library_2012-10-14_15-18-12.jpg,https://upload.wikimedia.org/wikipedia/commons/a/a0/Carnegie_Public_Library_2012-10-14_15-18-12.jpg?utm_source=commons.wikimedia.org&utm_campaign=imageinfo&utm_content=thumbnail_unscaled,Jrappold,CC BY-SA 3.0,https://creativecommons.org/licenses/by-sa/3.0,https://commons.wikimedia.org/wiki/File:Carnegie_Public_Library_2012-10-14_15-18-12.jpg,yes
Parkersburg,public,Parkersburg,West Virginia,United States,"Dec 29, 1903","$34,000",725 Green St.,39.265886,-81.556213,"https://en.wikipedia.org/wiki/Carnegie_Library_(Parkersburg,_West_Virginia)",wikipedia-list,File:Parkersburg_Carnegie_Library.jpg,https://upload.wikimedia.org/wikipedia/commons/thumb/d/da/Parkersburg_Carnegie_Library.jpg/1920px-Parkersburg_Carnegie_Library.jpg?utm_source=commons.wikimedia.org&utm_campaign=imageinfo&utm_content=thumbnail,Nyttend,Public domain,,https://commons.wikimedia.org/wiki/File:Parkersburg_Carnegie_Library.jpg,yes
Antigo,public,Antigo,Wisconsin,United States,"Mar 20, 1903","$15,000",404 Superior St.,45.13806,-89.15278,https://en.wikipedia.org/wiki/Antigo_Public_Library_and_Deleglise_Cabin,wikipedia-list,File:Antigo_public_museum.jpg,https://upload.wikimedia.org/wikipedia/commons/thumb/2/25/Antigo_public_museum.jpg/1920px-Antigo_public_museum.jpg?utm_source=commons.wikimedia.org&utm_campaign=imageinfo&utm_content=thumbnail,Jeff the quiet,Public domain,,https://commons.wikimedia.org/wiki/File:Antigo_public_museum.jpg,yes
Arcadia,public,Arcadia,Wisconsin,United States,"Mar 14, 1905","$5,000",406 E. Main St.,45.25222,-91.49556,https://en.wikipedia.org/wiki/Arcadia_Free_Public_Library,wikipedia-list,"File:Arcadia_Free_Public_Library_NRHP_94000388_Trempeleau_County,_WI.jpg",https://upload.wikimedia.org/wikipedia/commons/thumb/0/00/Arcadia_Free_Public_Library_NRHP_94000388_Trempeleau_County%2C_WI.jpg/1920px-Arcadia_Free_Public_Library_NRHP_94000388_Trempeleau_County%2C_WI.jpg?utm_source=commons.wikimedia.org&utm_campaign=imageinfo&utm_content=thumbnail,Jon Roanhaus,CC BY-SA 3.0,https://creativecommons.org/licenses/by-sa/3.0,"https://commons.wikimedia.org/wiki/File:Arcadia_Free_Public_Library_NRHP_94000388_Trempeleau_County,_WI.jpg",yes
Baraboo,public,Baraboo,Wisconsin,United States,"Mar 14, 1902","$15,000",230 4th Ave.,43.47111,-89.74556,https://en.wikipedia.org/wiki/Baraboo_Public_Library,wikipedia-list,File:Baraboo_Public_Library.jpg,https://upload.wikimedia.org/wikipedia/commons/thumb/4/43/Baraboo_Public_Library.jpg/1920px-Baraboo_Public_Library.jpg?utm_source=commons.wikimedia.org&utm_campaign=imageinfo&utm_content=thumbnail,Jeff the quiet,CC0,http://creativecommons.org/publicdomain/zero/1.0/deed.en,https://commons.wikimedia.org/wiki/File:Baraboo_Public_Library.jpg,yes
Barron,public,Barron,Wisconsin,United States,"May 17, 1912","$7,000",10 N. 3rd St.,,,,,,,,,,,no
Bayfield,public,Bayfield,Wisconsin,United States,"Feb 2, 1903","$10,000",37 N. Broad St.,,,,wikipedia-list,File:18BayfieldLibrary.jpg,https://upload.wikimedia.org/wikipedia/commons/f/fd/18BayfieldLibrary.jpg?utm_source=commons.wikimedia.org&utm_campaign=imageinfo&utm_content=thumbnail_unscaled,McGhiever,CC BY-SA 3.0,https://creativecommons.org/licenses/by-sa/3.0,https://commons.wikimedia.org/wiki/File:18BayfieldLibrary.jpg,yes
Beloit,public,Beloit,Wisconsin,United States,"Jul 16, 1901","$25,000",,,,,,,,,,,,no
Berlin,public,Berlin,Wisconsin,United States,"Feb 2, 1903","$12,250",121 W. Park Ave.,,,,wikipedia-list,File:Berlin_(Wisconsin)_Public_Library.jpg,https://upload.wikimedia.org/wikipedia/commons/4/4f/Berlin_%28Wisconsin%29_Public_Library.jpg?utm_source=commons.wikimedia.org&utm_campaign=imageinfo&utm_content=thumbnail_unscaled,2cooljohn,CC0,http://creativecommons.org/publicdomain/zero/1.0/deed.en,https://commons.wikimedia.org/wiki/File:Berlin_(Wisconsin)_Public_Library.jpg,yes
Black River Falls,public,Black River Falls,Wisconsin,United States,"Mar 11, 1914","$10,000",321 Main St.,44.29528,-90.85139,https://en.wikipedia.org/wiki/Black_River_Falls_Public_Library,wikipedia-list,File:Black_River_Falls_Wisconsin_Public_Library_Carnegie.jpg,https://upload.wikimedia.org/wikipedia/commons/thumb/7/72/Black_River_Falls_Wisconsin_Public_Library_Carnegie.jpg/1920px-Black_River_Falls_Wisconsin_Public_Library_Carnegie.jpg?utm_source=commons.wikimedia.org&utm_campaign=imageinfo&utm_content=thumbnail,Royalbroil,CC BY-SA 3.0,https://creativecommons.org/licenses/by-sa/3.0,https://commons.wikimedia.org/wiki/File:Black_River_Falls_Wisconsin_Public_Library_Carnegie.jpg,yes
Chippewa Falls,public,Chippewa Falls,Wisconsin,United States,"Feb 15, 1902","$20,000",,,,,,,,,,,,no
Clintonville,public,Clintonville,Wisconsin,United States,"Apr 19, 1915","$9,000",95 S. Main St.,,,,,,,,,,,no
Columbus,public,Columbus,Wisconsin,United States,"Mar 27, 1903","$10,000",112 S. Dickason Blvd.,43.33889,-89.01611,"https://en.wikipedia.org/wiki/Columbus_Public_Library_(Columbus,_Wisconsin)",wikipedia-list,File:ColumbusWisconsinPublicLibrarySign.jpg,https://upload.wikimedia.org/wikipedia/commons/thumb/8/8e/ColumbusWisconsinPublicLibrarySign.jpg/1920px-ColumbusWisconsinPublicLibrarySign.jpg?utm_source=commons.wikimedia.org&utm_campaign=imageinfo&utm_content=thumbnail,Royalbroil,CC BY-SA 3.0,https://creativecommons.org/licenses/by-sa/3.0,https://commons.wikimedia.org/wiki/File:ColumbusWisconsinPublicLibrarySign.jpg,yes
Cumberland,public,Cumberland,Wisconsin,United States,"Jan 19, 1905","$10,000",1305 2nd Ave.,45.53417,-91.73861,https://en.wikipedia.org/wiki/Cumberland_Public_Library,wikipedia-list,File:Cumberland_Public_Library.JPG,https://upload.wikimedia.org/wikipedia/commons/b/b9/Cumberland_Public_Library.JPG?utm_source=commons.wikimedia.org&utm_campaign=imageinfo&utm_content=thumbnail_unscaled,Appraiser,CC BY-SA 3.0,https://creativecommons.org/licenses/by-sa/3.0,https://commons.wikimedia.org/wiki/File:Cumberland_Public_Library.JPG,yes
Darlington,public,Darlington,Wisconsin,United States,"Feb 5, 1904","$10,000",525 N. Main St.,,,,,,,,,,,no
Durand,public,Durand,Wisconsin,United States,"Dec 23, 1905","$7,500",315 W. 2nd Ave.,44.62778,-91.96667,,wikipedia-list,"File:Durand_Free_Library_NRHP_80000173_Pepin_County,_WI.jpg",https://upload.wikimedia.org/wikipedia/commons/thumb/0/0d/Durand_Free_Library_NRHP_80000173_Pepin_County%2C_WI.jpg/1920px-Durand_Free_Library_NRHP_80000173_Pepin_County%2C_WI.jpg?utm_source=commons.wikimedia.org&utm_campaign=imageinfo&utm_content=thumbnail,Jon Roanhaus,CC BY-SA 3.0,https://creativecommons.org/licenses/by-sa/3.0,"https://commons.wikimedia.org/wiki/File:Durand_Free_Library_NRHP_80000173_Pepin_County,_WI.jpg",yes
Eau Claire,public,Eau Claire,Wisconsin,United States,"Feb 4, 1902","$40,000",217 S. Farwell St.,44.81194,-91.49806,https://en.wikipedia.org/wiki/Eau_Claire_Public_Library,wikipedia-list,"File:217_South_Farwell_Street,_Eau_Claire,_WI.jpg",https://upload.wikimedia.org/wikipedia/commons/thumb/5/5b/217_South_Farwell_Street%2C_Eau_Claire%2C_WI.jpg/1920px-217_South_Farwell_Street%2C_Eau_Claire%2C_WI.jpg?utm_source=commons.wikimedia.org&utm_campaign=imageinfo&utm_content=thumbnail,Maarten Daams,CC BY-SA 3.0,https://creativecommons.org/licenses/by-sa/3.0,"https://commons.wikimedia.org/wiki/File:217_South_Farwell_Street,_Eau_Claire,_WI.jpg",yes
Edgerton,public,Edgerton,Wisconsin,United States,"Mar 14, 1905","$10,000",101 Albion St.,,,,,,,,,,,no
Elroy,public,Elroy,Wisconsin,United States,"Nov 24, 1905","$10,000",501 2nd Main St.,,,,,,,,,,,no
Fond du Lac,public,Fond du Lac,Wisconsin,United States,"Feb 4, 1902","$30,000",,,,,,,,,,,,no
Green Bay,public,Green Bay,Wisconsin,United States,"Feb 13, 1901","$45,000",125 S. Jefferson St.,44.51222,-88.01361,https://en.wikipedia.org/wiki/Kellogg_Public_Library_and_Neville_Public_Museum,wikipedia-list,File:Kellogg_Public_Library.jpg,https://upload.wikimedia.org/wikipedia/commons/thumb/f/f3/Kellogg_Public_Library.jpg/1920px-Kellogg_Public_Library.jpg?utm_source=commons.wikimedia.org&utm_campaign=imageinfo&utm_content=thumbnail,Chris Rand,CC BY-SA 3.0,https://creativecommons.org/licenses/by-sa/3.0,https://commons.wikimedia.org/wiki/File:Kellogg_Public_Library.jpg,yes
Hayward,public,Hayward,Wisconsin,United States,"Dec 14, 1903","$10,000",Main St. and U.S. Route 63,,,,,,,,,,,no
Hudson,public,Hudson,Wisconsin,United States,"Mar 20, 1903","$12,000",304 Locust St.,44.97583,-92.75528,https://en.wikipedia.org/wiki/Hudson_Public_Library,wikipedia-list,"File:Hudson,_WI_Public_Library_1.jpg",https://upload.wikimedia.org/wikipedia/commons/4/4e/Hudson%2C_WI_Public_Library_1.jpg?utm_source=commons.wikimedia.org&utm_campaign=imageinfo&utm_content=thumbnail_unscaled,AlexiusHoratius,CC BY-SA 3.0,https://creativecommons.org/licenses/by-sa/3.0,"https://commons.wikimedia.org/wiki/File:Hudson,_WI_Public_Library_1.jpg",yes
Janesville,public,Janesville,Wisconsin,United States,"Mar 7, 1901","$30,000",64 S. Main St.,42.68139,-89.02083,"https://en.wikipedia.org/wiki/Janesville_Public_Library_(Janesville,_Wisconsin)",wikipedia-list,File:Janesville_Public_Library.JPG,https://upload.wikimedia.org/wikipedia/commons/thumb/e/e2/Janesville_Public_Library.JPG/1920px-Janesville_Public_Library.JPG?utm_source=commons.wikimedia.org&utm_campaign=imageinfo&utm_content=thumbnail,Skye Marthaler,CC BY-SA 4.0,https://creativecommons.org/licenses/by-sa/4.0,https://commons.wikimedia.org/wiki/File:Janesville_Public_Library.JPG,yes
Jefferson,public,Jefferson,Wisconsin,United States,"Jan 23, 1911","$10,000",305 S. Main St.,43.00333,-88.80750,"https://en.wikipedia.org/wiki/Jefferson_Public_Library_(Jefferson,_Wisconsin)",wikipedia-list,File:Jefferson_Public_Library.jpg,https://upload.wikimedia.org/wikipedia/commons/thumb/3/31/Jefferson_Public_Library.jpg/1920px-Jefferson_Public_Library.jpg?utm_source=commons.wikimedia.org&utm_campaign=imageinfo&utm_content=thumbnail,James Steakley,CC BY-SA 3.0,https://creativecommons.org/licenses/by-sa/3.0,https://commons.wikimedia.org/wiki/File:Jefferson_Public_Library.jpg,yes
Kaukauna,public,Kaukauna,Wisconsin,United States,"Dec 27, 1902","$12,000",111 Main Ave.,44.27972,-88.27056,https://en.wikipedia.org/wiki/Free_Public_Library_of_Kaukauna,wikipedia-list,File:KaukaunaFreePublicLibrary.jpg,https://upload.wikimedia.org/wikipedia/commons/thumb/a/a1/KaukaunaFreePublicLibrary.jpg/1920px-KaukaunaFreePublicLibrary.jpg?utm_source=commons.wikimedia.org&utm_campaign=imageinfo&utm_content=thumbnail,Royalbroil,CC BY-SA 3.0,https://creativecommons.org/licenses/by-sa/3.0,https://commons.wikimedia.org/wiki/File:KaukaunaFreePublicLibrary.jpg,yes
Kilbourn,public,Kilbourn,Wisconsin,United States,"Feb 15, 1912","$6,000",429 Broadway,43.62806,-89.77083,https://en.wikipedia.org/wiki/Kilbourn_Public_Library,wikipedia-list,File:OldKilbournLibrary.jpg,https://upload.wikimedia.org/wikipedia/commons/thumb/2/28/OldKilbournLibrary.jpg/1920px-OldKilbournLibrary.jpg?utm_source=commons.wikimedia.org&utm_campaign=imageinfo&utm_content=thumbnail,Jonathunder,GFDL 1.2,http://www.gnu.org/licenses/old-licenses/fdl-1.2.html,https://commons.wikimedia.org/wiki/File:OldKilbournLibrary.jpg,yes
Ladysmith,public,Ladysmith,Wisconsin,United States,"Feb 6, 1907","$10,000",101 Lake Avenue E.,,,,wikipedia-list,File:Ladysmith_Carnegie_Library.jpg,https://upload.wikimedia.org/wikipedia/commons/thumb/4/4f/Ladysmith_Carnegie_Library.jpg/1920px-Ladysmith_Carnegie_Library.jpg?utm_source=commons.wikimedia.org&utm_campaign=imageinfo&utm_content=thumbnail,Jeff the quiet,CC0,http://creativecommons.org/publicdomain/zero/1.0/deed.en,https://commons.wikimedia.org/wiki/File:Ladysmith_Carnegie_Library.jpg,yes
Madison Main,public,Madison,Wisconsin,United States,"Aug 16, 1901","$90,000",,,,,,,,,,,,no
Madison 6th Ward,public,Madison,Wisconsin,United States,1911,"$15,000",1249 Williamson St.,,,,,,,,,,,no
Manitowoc,public,Manitowoc,Wisconsin,United States,"Dec 27, 1902","$25,000",,,,,,,,,,,,no
Medford,public,Medford,Wisconsin,United States,"May 21, 1913","$6,000",104 E. Perkins St.,45.13389,-90.34167,https://en.wikipedia.org/wiki/Medford_Free_Public_Library,wikipedia-list,File:Medford_Wisconsin_Public_Library.jpg,https://upload.wikimedia.org/wikipedia/commons/thumb/7/7e/Medford_Wisconsin_Public_Library.jpg/1920px-Medford_Wisconsin_Public_Library.jpg?utm_source=commons.wikimedia.org&utm_campaign=imageinfo&utm_content=thumbnail,Jeff the quiet,CC0,http://creativecommons.org/publicdomain/zero/1.0/deed.en,https://commons.wikimedia.org/wiki/File:Medford_Wisconsin_Public_Library.jpg,yes
Merrill,public,Merrill,Wisconsin,United States,"Dec 13, 1907","$17,500",106 W. 1st St.,45.17972,-89.70139,https://en.wikipedia.org/wiki/T.B._Scott_Free_Library,wikipedia-list,File:TB_Scott_Free_Library_Merrill_Wisconsin.jpg,https://upload.wikimedia.org/wikipedia/commons/thumb/a/ae/TB_Scott_Free_Library_Merrill_Wisconsin.jpg/1920px-TB_Scott_Free_Library_Merrill_Wisconsin.jpg?utm_source=commons.wikimedia.org&utm_campaign=imageinfo&utm_content=thumbnail,Royalbroil,CC BY-SA 3.0,https://creativecommons.org/licenses/by-sa/3.0,https://commons.wikimedia.org/wiki/File:TB_Scott_Free_Library_Merrill_Wisconsin.jpg,yes
Neenah,public,Neenah,Wisconsin,United States,"Oct 3, 1901","$12,500",,,,,,,,,,,,no
Neillsville,public,Neillsville,Wisconsin,United States,"Nov 3, 1913","$10,000",409 Hewett St.,,,,,,,,,,,no
New London,public,New London,Wisconsin,United States,"Nov 25, 1903","$10,000",406 S. Pearl St.,,,,,,,,,,,no
Platteville,public,Platteville,Wisconsin,United States,"Jan 14, 1914","$12,500",190 Market St.,,,,wikipedia-list,File:Former_Historic_Library_Building.jpg,https://upload.wikimedia.org/wikipedia/commons/thumb/4/44/Former_Historic_Library_Building.jpg/1920px-Former_Historic_Library_Building.jpg?utm_source=commons.wikimedia.org&utm_campaign=imageinfo&utm_content=thumbnail,Downspec,CC BY-SA 4.0,https://creativecommons.org/licenses/by-sa/4.0,https://commons.wikimedia.org/wiki/File:Former_Historic_Library_Building.jpg,yes
Plymouth,public,Plymouth,Wisconsin,United States,"Apr 6, 1908","$10,000",130 Division St.,,,,,,,,,,,no
Racine Main,public,Racine,Wisconsin,United States,"Jul 16, 1901","$50,000",701 S. Main St.,42.72583,-87.78222,https://en.wikipedia.org/wiki/Racine_Public_Library,wikipedia-list,File:Racine_Heritage_Museum.jpg,https://upload.wikimedia.org/wikipedia/commons/3/3f/Racine_Heritage_Museum.jpg?utm_source=commons.wikimedia.org&utm_campaign=imageinfo&utm_content=thumbnail_unscaled,David Wilson,CC BY 2.0,https://creativecommons.org/licenses/by/2.0,https://commons.wikimedia.org/wiki/File:Racine_Heritage_Museum.jpg,yes
Racine Uptown,public,Racine,Wisconsin,United States,1914,"$10,000",1407 S. Memorial Dr.,,,,wikipedia-list,File:Racine_Uptown_Carnegie_Library.jpg,https://upload.wikimedia.org/wikipedia/commons/thumb/b/b1/Racine_Uptown_Carnegie_Library.jpg/1920px-Racine_Uptown_Carnegie_Library.jpg?utm_source=commons.wikimedia.org&utm_campaign=imageinfo&utm_content=thumbnail,Jimohagan1,CC BY-SA 4.0,https://creativecommons.org/licenses/by-sa/4.0,https://commons.wikimedia.org/wiki/File:Racine_Uptown_Carnegie_Library.jpg,yes
Reedsburg,public,Reedsburg,Wisconsin,United States,"Jan 23, 1911","$10,000",345 Vine St.,,,,wikipedia-list,File:Reedsburg_Vine_Street_Building_2023_(cropped).jpg,https://upload.wikimedia.org/wikipedia/commons/thumb/4/4c/Reedsburg_Vine_Street_Building_2023_%28cropped%29.jpg/1920px-Reedsburg_Vine_Street_Building_2023_%28cropped%29.jpg?utm_source=commons.wikimedia.org&utm_campaign=imageinfo&utm_content=thumbnail,JackFromWisconsin,CC0,http://creativecommons.org/publicdomain/zero/1.0/deed.en,https://commons.wikimedia.org/wiki/File:Reedsburg_Vine_Street_Building_2023_(cropped).jpg,yes
Rhinelander,public,Rhinelander,Wisconsin,United States,"Jan 2, 1903","$15,000",106 N. Stevens St.,,,,wikipedia-list,File:Rhinelander_Wisconsin_Public_Library.jpg,https://upload.wikimedia.org/wikipedia/commons/b/b5/Rhinelander_Wisconsin_Public_Library.jpg?utm_source=commons.wikimedia.org&utm_campaign=imageinfo&utm_content=thumbnail_unscaled,Royalbroil,CC BY-SA 3.0,https://creativecommons.org/licenses/by-sa/3.0,https://commons.wikimedia.org/wiki/File:Rhinelander_Wisconsin_Public_Library.jpg,yes
Rice Lake,public,Rice Lake,Wisconsin,United States,"Dec 22, 1903","$10,000",16 S. Main St.,45.50111,-91.73389,https://en.wikipedia.org/wiki/Rice_Lake_Carnegie_Library,,,,,,,,no
Richland Center,public,Richland Center,Wisconsin,United States,"Dec 22, 1903","$10,000",,,,,,,,,,,,no
Ripon,public,Ripon,Wisconsin,United States,"Apr 11, 1902","$12,000",401 Watson St.,,,,wikipedia-list,File:RiponPublicLibraryCarnegieWisconsin.jpg,https://upload.wikimedia.org/wikipedia/commons/thumb/f/ff/RiponPublicLibraryCarnegieWisconsin.jpg/1920px-RiponPublicLibraryCarnegieWisconsin.jpg?utm_source=commons.wikimedia.org&utm_campaign=imageinfo&utm_content=thumbnail,Royalbroil,CC BY-SA 3.0,https://creativecommons.org/licenses/by-sa/3.0,https://commons.wikimedia.org/wiki/File:RiponPublicLibraryCarnegieWisconsin.jpg,yes
Shawano,public,Shawano,Wisconsin,United States,"Jun 11, 1914","$10,000",121 E. Green Bay St.,,,,,,,,,,,no
Sheboygan,public,Sheboygan,Wisconsin,United States,"Mar 6, 1901","$35,000",705 N. 8th St.,,,https://en.wikipedia.org/wiki/Mead_Public_Library,,,,,,,,no
South Milwaukee,public,South Milwaukee,Wisconsin,United States,"Sep 29, 1915","$15,000",,,,,,,,,,,,no
Sparta,public,Sparta,Wisconsin,United States,"Feb 4, 1902","$12,000",124 W. Main St.,43.94417,-90.81139,https://en.wikipedia.org/wiki/Sparta_Free_Library,wikipedia-list,File:SpartaFreeLibrary.jpg,https://upload.wikimedia.org/wikipedia/commons/thumb/6/64/SpartaFreeLibrary.jpg/1920px-SpartaFreeLibrary.jpg?utm_source=commons.wikimedia.org&utm_campaign=imageinfo&utm_content=thumbnail,Jonathunder,GFDL 1.2,http://www.gnu.org/licenses/old-licenses/fdl-1.2.html,https://commons.wikimedia.org/wiki/File:SpartaFreeLibrary.jpg,yes
Stevens Point,public,Stevens Point,Wisconsin,United States,"Apr 26, 1902","$21,859",,,,,,,,,,,,no
Stoughton,public,Stoughton,Wisconsin,United States,"Dec 23, 1905","$13,000",304 S. 4th St.,,,,wikipedia-list,File:StoughtonWisconsinPublicLibraryUS51.jpg,https://upload.wikimedia.org/wikipedia/commons/thumb/0/07/StoughtonWisconsinPublicLibraryUS51.jpg/1920px-StoughtonWisconsinPublicLibraryUS51.jpg?utm_source=commons.wikimedia.org&utm_campaign=imageinfo&utm_content=thumbnail,Royalbroil,CC BY-SA 3.0,https://creativecommons.org/licenses/by-sa/3.0,https://commons.wikimedia.org/wiki/File:StoughtonWisconsinPublicLibraryUS51.jpg,yes
Sturgeon Bay,public,Sturgeon Bay,Wisconsin,United States,"Apr 25, 1911","$12,500",354 Michigan St.,44.83500,-87.37556,"https://en.wikipedia.org/wiki/Carnegie_Free_Library_(Sturgeon_Bay,_Wisconsin)",wikipedia-list,File:CarnegieFreeLibrarySturgeonBayWisconsin.jpg,https://upload.wikimedia.org/wikipedia/commons/c/cf/CarnegieFreeLibrarySturgeonBayWisconsin.jpg?utm_source=commons.wikimedia.org&utm_campaign=imageinfo&utm_content=thumbnail_unscaled,Royalbroil,CC BY-SA 3.0,https://creativecommons.org/licenses/by-sa/3.0,https://commons.wikimedia.org/wiki/File:CarnegieFreeLibrarySturgeonBayWisconsin.jpg,yes
Superior Main,public,Superior,Wisconsin,United States,"Mar 7, 1901","$70,000",1204 Hammond Ave.,,,,wikipedia-list,File:2009-0617-Superior-CarnegieLibrary1.jpg,https://upload.wikimedia.org/wikipedia/commons/thumb/1/1e/2009-0617-Superior-CarnegieLibrary1.jpg/1920px-2009-0617-Superior-CarnegieLibrary1.jpg?utm_source=commons.wikimedia.org&utm_campaign=imageinfo&utm_content=thumbnail,Bobak Ha'Eri,CC BY 3.0,https://creativecommons.org/licenses/by/3.0,https://commons.wikimedia.org/wiki/File:2009-0617-Superior-CarnegieLibrary1.jpg,yes
Superior East End,public,Superior,Wisconsin,United States,1917,"$20,000",2306 E. 5th St.,,,,,,,,,,,no
Tomah,public,Tomah,Wisconsin,United States,"Mar 16, 1915","$10,000",716 Superior Ave.,43.97972,-90.50389,https://en.wikipedia.org/wiki/Tomah_Public_Library,wikipedia-list,File:PublicLibraryTomahWI.JPG,https://upload.wikimedia.org/wikipedia/commons/thumb/e/e6/PublicLibraryTomahWI.JPG/1920px-PublicLibraryTomahWI.JPG?utm_source=commons.wikimedia.org&utm_campaign=imageinfo&utm_content=thumbnail,Jonathunder,CC BY-SA 3.0,https://creativecommons.org/licenses/by-sa/3.0,https://commons.wikimedia.org/wiki/File:PublicLibraryTomahWI.JPG,yes
Two Rivers,public,Two Rivers,Wisconsin,United States,"Jan 9, 1913","$12,500",1516 16th St.,,,,,,,,,,,no
Viroqua,public,Viroqua,Wisconsin,United States,"Feb 5, 1904","$10,000",118 E. Jefferson St.,,,,,,,,,,,no
Washburn,public,Washburn,Wisconsin,United States,"Feb 12, 1903","$18,000",307 Washington Ave.,46.67278,-90.89528,https://en.wikipedia.org/wiki/Washburn_Public_Library,wikipedia-list,File:Washburn_Public_Library.JPG,https://upload.wikimedia.org/wikipedia/commons/thumb/2/2f/Washburn_Public_Library.JPG/1920px-Washburn_Public_Library.JPG?utm_source=commons.wikimedia.org&utm_campaign=imageinfo&utm_content=thumbnail,Billertl,CC BY-SA 3.0,https://creativecommons.org/licenses/by-sa/3.0,https://commons.wikimedia.org/wiki/File:Washburn_Public_Library.JPG,yes
Watertown,public,Watertown,Wisconsin,United States,"Apr 20, 1905","$20,000",100 S. Water St.,,,,wikipedia-list,File:Watertown_Public_Library.jpg,https://upload.wikimedia.org/wikipedia/commons/thumb/7/72/Watertown_Public_Library.jpg/1920px-Watertown_Public_Library.jpg?utm_source=commons.wikimedia.org&utm_campaign=imageinfo&utm_content=thumbnail,2cooljohn,CC BY-SA 4.0,https://creativecommons.org/licenses/by-sa/4.0,https://commons.wikimedia.org/wiki/File:Watertown_Public_Library.jpg,yes
Waukesha,public,Waukesha,Wisconsin,United States,"Mar 14, 1902","$15,000",321 W. Wisconsin Ave.,,,,,,,,,,,no
Waupaca,public,Waupaca,Wisconsin,United States,"Apr 28, 1913","$10,000",321 S. Main St.,44.35528,-89.08472,https://en.wikipedia.org/wiki/Waupaca_Free_Public_Library,wikipedia-list,File:WaupacaHistoricalSocietyWaupacaFreeLibraryFront.jpg,https://upload.wikimedia.org/wikipedia/commons/thumb/7/73/WaupacaHistoricalSocietyWaupacaFreeLibraryFront.jpg/1920px-WaupacaHistoricalSocietyWaupacaFreeLibraryFront.jpg?utm_source=commons.wikimedia.org&utm_campaign=imageinfo&utm_content=thumbnail,Royalbroil,CC BY-SA 3.0,https://creativecommons.org/licenses/by-sa/3.0,https://commons.wikimedia.org/wiki/File:WaupacaHistoricalSocietyWaupacaFreeLibraryFront.jpg,yes
Waupun,public,Waupun,Wisconsin,United States,"Mar 8, 1904","$11,653",22 S. Madison St.,43.63250,-88.73000,https://en.wikipedia.org/wiki/Waupun_Public_Library,wikipedia-list,"File:Carnegie_Library,_Waupun_Wisconsin.jpg",https://upload.wikimedia.org/wikipedia/commons/thumb/1/16/Carnegie_Library%2C_Waupun_Wisconsin.jpg/1920px-Carnegie_Library%2C_Waupun_Wisconsin.jpg?utm_source=commons.wikimedia.org&utm_campaign=imageinfo&utm_content=thumbnail,TRACY KITTELL,CC BY-SA 2.0,https://creativecommons.org/licenses/by-sa/2.0,"https://commons.wikimedia.org/wiki/File:Carnegie_Library,_Waupun_Wisconsin.jpg",yes
Wausau,public,Wausau,Wisconsin,United States,"Jan 6, 1903","$29,000",,,,,,,,,,,,no
Wauwatosa,public,Wauwatosa,Wisconsin,United States,"Feb 7, 1905","$6,000",,,,,,,,,,,,no
West Allis,public,West Allis,Wisconsin,United States,"Mar 14, 1913","$15,000",1508 S. 75th St.,,,,,,,,,,,no
Basin,public,Basin,Wyoming,United States,"Jun 29, 1908","$17,500",,,,,,,,,,,,no
Buffalo,public,Buffalo,Wyoming,United States,"Jan 14, 1909","$12,500",90 North Main Street,44.34806,-106.69944,"https://en.wikipedia.org/wiki/Carnegie_Public_Library_(Buffalo,_Wyoming)",wikipedia-list,File:OldLibraryBuffaloWY.jpg,https://upload.wikimedia.org/wikipedia/commons/thumb/0/0c/OldLibraryBuffaloWY.jpg/1920px-OldLibraryBuffaloWY.jpg?utm_source=commons.wikimedia.org&utm_campaign=imageinfo&utm_content=thumbnail,Jonathunder,GFDL 1.2,http://www.gnu.org/licenses/old-licenses/fdl-1.2.html,https://commons.wikimedia.org/wiki/File:OldLibraryBuffaloWY.jpg,yes
Casper,public,Casper,Wyoming,United States,"Feb 13, 1906","$13,000",2nd and Durban Streets,,,,,,,,,,,no
Cheyenne,public,Cheyenne,Wyoming,United States,"Dec 27, 1899","$50,000",22nd Street and Capitol Avenue,,,,,,,,,,,no
Cody,public,Cody,Wyoming,United States,"Apr 13, 1914","$15,000",,,,,,,,,,,,no
Douglas,public,Douglas,Wyoming,United States,"Jul 20, 1908","$10,000",300 Walnut Street,,,,,,,,,,,no
Evanston,public,Evanston,Wyoming,United States,"Feb 20, 1903","$11,000",1020 Front Street,41.26861,-110.965139,,wikipedia-list,File:Evanston_Wyoming_Carnegie_Library.jpeg,https://upload.wikimedia.org/wikipedia/commons/thumb/1/1e/Evanston_Wyoming_Carnegie_Library.jpeg/1920px-Evanston_Wyoming_Carnegie_Library.jpeg?utm_source=commons.wikimedia.org&utm_campaign=imageinfo&utm_content=thumbnail,Ntsimp,Public domain,,https://commons.wikimedia.org/wiki/File:Evanston_Wyoming_Carnegie_Library.jpeg,yes
Green River,public,Green River,Wyoming,United States,"Dec 8, 1905","$20,000",177 North Center Street,41.52917,-109.46750,,,,,,,,,no
Lander,public,Lander,Wyoming,United States,"Nov 27, 1906","$15,000",451 North 2nd Street,42.83639,-108.72806,,wikipedia-list,"File:Carnegie_Library,_Lander,_WY_(Front).JPG",https://upload.wikimedia.org/wikipedia/commons/thumb/d/dc/Carnegie_Library%2C_Lander%2C_WY_%28Front%29.JPG/1920px-Carnegie_Library%2C_Lander%2C_WY_%28Front%29.JPG?utm_source=commons.wikimedia.org&utm_campaign=imageinfo&utm_content=thumbnail,Chevsapher,CC BY-SA 3.0,https://creativecommons.org/licenses/by-sa/3.0,"https://commons.wikimedia.org/wiki/File:Carnegie_Library,_Lander,_WY_(Front).JPG",yes
Laramie,public,Laramie,Wyoming,United States,"Jan 2, 1903","$20,000",405 East Grand Avenue,41.31111,-105.59194,,wikipedia-list,File:Carnegie_Library_2016-10-15_2790.jpg,https://upload.wikimedia.org/wikipedia/commons/thumb/6/63/Carnegie_Library_2016-10-15_2790.jpg/1920px-Carnegie_Library_2016-10-15_2790.jpg?utm_source=commons.wikimedia.org&utm_campaign=imageinfo&utm_content=thumbnail,Chris Light,CC BY-SA 4.0,https://creativecommons.org/licenses/by-sa/4.0,https://commons.wikimedia.org/wiki/File:Carnegie_Library_2016-10-15_2790.jpg,yes
Lusk,public,Lusk,Wyoming,United States,"May 8, 1914","$11,000",425 South Main Street,42.76000,-104.45167,,wikipedia-list,File:LuskWY_CarnegieLibrary.jpg,https://upload.wikimedia.org/wikipedia/commons/b/be/LuskWY_CarnegieLibrary.jpg?utm_source=commons.wikimedia.org&utm_campaign=imageinfo&utm_content=thumbnail_unscaled,User:Magicpiano,CC BY-SA 4.0,https://creativecommons.org/licenses/by-sa/4.0,https://commons.wikimedia.org/wiki/File:LuskWY_CarnegieLibrary.jpg,yes
Newcastle,public,Newcastle,Wyoming,United States,"Feb 20, 1911","$12,500",23 West Main Street,43.85556,-104.20306,,wikipedia-list,File:NewcastleWY_Library.jpg,https://upload.wikimedia.org/wikipedia/commons/f/fa/NewcastleWY_Library.jpg?utm_source=commons.wikimedia.org&utm_campaign=imageinfo&utm_content=thumbnail_unscaled,User:Magicpiano,CC BY-SA 4.0,https://creativecommons.org/licenses/by-sa/4.0,https://commons.wikimedia.org/wiki/File:NewcastleWY_Library.jpg,yes
Rock Springs,public,Rock Springs,Wyoming,United States,"Dec 13, 1907","$12,500",400 C Street,41.58361,-109.218750,,wikipedia-list,File:1910postcardLibraryRockSpringsWY.jpg,https://upload.wikimedia.org/wikipedia/commons/2/21/1910postcardLibraryRockSpringsWY.jpg?utm_source=commons.wikimedia.org&utm_campaign=imageinfo&utm_content=thumbnail_unscaled,W. X. Osborn,Public domain,,https://commons.wikimedia.org/wiki/File:1910postcardLibraryRockSpringsWY.jpg,yes
Sheridan,public,Sheridan,Wyoming,United States,"Mar 18, 1904","$12,500",,,,,,,,,,,,no
Thermopolis,public,Thermopolis,Wyoming,United States,"Apr 3, 1917","$12,500",328 Arapahoe Street,43.64722,-108.20722,,wikipedia-list,File:CarnegieLibraryThermopolisWY.jpg,https://upload.wikimedia.org/wikipedia/commons/thumb/d/d5/CarnegieLibraryThermopolisWY.jpg/1920px-CarnegieLibraryThermopolisWY.jpg?utm_source=commons.wikimedia.org&utm_campaign=imageinfo&utm_content=thumbnail,Jonathunder,GFDL 1.2,http://www.gnu.org/licenses/old-licenses/fdl-1.2.html,https://commons.wikimedia.org/wiki/File:CarnegieLibraryThermopolisWY.jpg,yes
Wheatland,public,Wheatland,Wyoming,United States,"May 15, 1916","$12,500",904 9th Street,42.05667,-104.95306,,,,,,,,,no
"Bridgetown, (St. Michael)",public,"Bridgetown, (St. Michael)",the Caribbean,Barbados,"Aug 22, 1903","$23,330",Coleridge St.,,,,wikipedia-list,"File:National_Library_Service_of_Barbados,_Bridgetown-2.jpg",https://upload.wikimedia.org/wikipedia/commons/4/45/National_Library_Service_of_Barbados%2C_Bridgetown-2.jpg?utm_source=commons.wikimedia.org&utm_campaign=imageinfo&utm_content=thumbnail_unscaled,CaribDigita,Public domain,,"https://commons.wikimedia.org/wiki/File:National_Library_Service_of_Barbados,_Bridgetown-2.jpg",yes
Roseau,public,Roseau,the Caribbean,Dominica,"Mar 14, 1905","$7,500",,,,,,,,,,,,no
Georgetown,public,Georgetown,the Caribbean,Guyana,"Oct 15, 1906","$34,100",,,,,,,,,,,,no
San Juan,public,San Juan,the Caribbean,Puerto Rico,c. 1914,"$100,000",,,,,wikipedia-list,"File:Biblioteca_Carnegie,_San_Juan,_Puerto_Rico._(02).jpg",https://upload.wikimedia.org/wikipedia/commons/thumb/b/b0/Biblioteca_Carnegie%2C_San_Juan%2C_Puerto_Rico._%2802%29.jpg/1920px-Biblioteca_Carnegie%2C_San_Juan%2C_Puerto_Rico._%2802%29.jpg?utm_source=commons.wikimedia.org&utm_campaign=imageinfo&utm_content=thumbnail,Moebiusuibeom-en,CC BY-SA 4.0,https://creativecommons.org/licenses/by-sa/4.0,"https://commons.wikimedia.org/wiki/File:Biblioteca_Carnegie,_San_Juan,_Puerto_Rico._(02).jpg",yes
Castries,public,Castries,the Caribbean,Saint Lucia,"May 15, 1916","$10,400",,,,,,,,,,,,no
Kingstown,public,Kingstown,the Caribbean,Saint Vincent,"Oct 15, 1906","$9,825",,,,,,,,,,,,no
Carapichaima,public,Carapichaima,the Caribbean,Trinidad and Tobago,c. 1919,,,,,,wikipedia-list,File:Indian_Caribbean_Historical_Museum.jpg,https://upload.wikimedia.org/wikipedia/commons/thumb/6/6f/Indian_Caribbean_Historical_Museum.jpg/1920px-Indian_Caribbean_Historical_Museum.jpg?utm_source=commons.wikimedia.org&utm_campaign=imageinfo&utm_content=thumbnail,Kalamazadkhan,CC BY-SA 3.0,https://creativecommons.org/licenses/by-sa/3.0,https://commons.wikimedia.org/wiki/File:Indian_Caribbean_Historical_Museum.jpg,yes
San Fernando,public,San Fernando,the Caribbean,Trinidad and Tobago,"Sep 25, 1914","$12,200",,,,,wikipedia-list,File:STAPP_018_San_Fernando_Carnegie_Free_Library_(cropped).jpg,https://upload.wikimedia.org/wikipedia/commons/c/cb/STAPP_018_San_Fernando_Carnegie_Free_Library_%28cropped%29.jpg?utm_source=commons.wikimedia.org&utm_campaign=imageinfo&utm_content=thumbnail_unscaled,Grueslayer,CC BY-SA 4.0,https://creativecommons.org/licenses/by-sa/4.0,https://commons.wikimedia.org/wiki/File:STAPP_018_San_Fernando_Carnegie_Free_Library_(cropped).jpg,yes
